{
   "n_download_no_trigger" : 1,
   "start_activity" : "download_0",
   "name" : "modified.testbed.localhost_www.xvideos.com_",
   "load_activity" : -1,
   "objs" : [
      {
         "when_comp_start" : 1,
         "url" : "http://modified.testbed.localhost/www.xvideos.com/",
         "id" : "r1",
         "comps" : [
            {
               "s_time" : 93.7290000729263,
               "time" : 6.13100035116071,
               "id" : "r1_c1",
               "type" : "evalhtml",
               "e_time" : 99.860000424087
            },
            {
               "s_time" : 328.599000349641,
               "time" : -3490934261.456,
               "id" : "r1_c2",
               "type" : "evalhtml",
               "e_time" : -3490933932.857
            },
            {
               "s_time" : 334.915000014007,
               "time" : 302.484000101686,
               "id" : "r1_c3",
               "type" : "evalhtml",
               "e_time" : 637.399000115693
            },
            {
               "s_time" : 673.551000189036,
               "time" : -3490934606.408,
               "id" : "r1_c4",
               "type" : "evalhtml",
               "e_time" : -3490933932.857
            },
            {
               "s_time" : 790.945000015199,
               "time" : -3490934723.802,
               "id" : "r1_c5",
               "type" : "evalhtml",
               "e_time" : -3490933932.857
            },
            {
               "s_time" : 804.640999995172,
               "time" : 4.232000093907,
               "type" : "evalhtml",
               "id" : "r1_c6",
               "e_time" : 808.873000089079
            }
         ],
         "download" : {
            "receiveFirst" : 44,
            "len" : 50955,
            "dns" : 0,
            "dnsEnd" : -1,
            "receiveHeadersEnd" : 56,
            "sslEnd" : -1,
            "connectEnd" : 11,
            "connectStart" : 0,
            "id" : "download_0",
            "receivedTime" : "137.867000419647",
            "sslStart" : -1,
            "dnsStart" : -1,
            "receiveLast" : 81.8670004196465,
            "s_time" : 0,
            "sendEnd" : 12,
            "sendStart" : 11,
            "type" : "text/html"
         }
      },
      {
         "when_comp_start" : -1,
         "url" : "http://modified.testbed.localhost/static-hw.xvideos.com/v3/css/default/front.css%3Fv=c4b1ebfeb86.css",
         "id" : "r2",
         "comps" : [
            {
               "s_time" : 294.525000266731,
               "time" : 52.751000039279,
               "type" : 4,
               "id" : "comp_5",
               "e_time" : 347.27600030601
            }
         ],
         "download" : {
            "receiveFirst" : 44,
            "len" : 167098,
            "dns" : 0,
            "dnsEnd" : -1,
            "receiveHeadersEnd" : 51,
            "sslEnd" : -1,
            "connectEnd" : 7,
            "connectStart" : 0,
            "id" : "download_1",
            "receivedTime" : "293.934999965131",
            "sslStart" : -1,
            "dnsStart" : -1,
            "receiveLast" : 242.934999965131,
            "s_time" : 95.2540002763271,
            "sendEnd" : 7,
            "sendStart" : 7,
            "type" : "text/css"
         }
      },
      {
         "when_comp_start" : -1,
         "url" : "http://modified.testbed.localhost/static-hw.xvideos.com/v3/js/static/test/include.js",
         "id" : "r3",
         "comps" : [
            {
               "s_time" : 328.32600036636,
               "time" : 0.272999983281011,
               "type" : 1,
               "id" : "comp_6",
               "e_time" : 328.599000349641
            }
         ],
         "download" : {
            "receiveFirst" : 48,
            "len" : 20,
            "dns" : 0,
            "dnsEnd" : -1,
            "receiveHeadersEnd" : 55,
            "sslEnd" : -1,
            "connectEnd" : 6,
            "connectStart" : 0,
            "id" : "download_2",
            "receivedTime" : "152.920000255108",
            "sslStart" : -1,
            "dnsStart" : -1,
            "receiveLast" : 97.9200002551079,
            "s_time" : 96.136000007391,
            "sendEnd" : 7,
            "sendStart" : 6,
            "type" : "application/javascript"
         }
      },
      {
         "when_comp_start" : -1,
         "url" : "http://modified.testbed.localhost/static-hw.xvideos.com/v3/js/skins/min/default.header.static.js%3Fv=244a2666fb0",
         "id" : "r4",
         "comps" : [
            {
               "s_time" : 329.060000367463,
               "time" : 5.854999646544,
               "type" : 1,
               "id" : "comp_8",
               "e_time" : 334.915000014007
            }
         ],
         "download" : {
            "receiveFirst" : 49,
            "len" : 18743,
            "dns" : 0,
            "dnsEnd" : -1,
            "receiveHeadersEnd" : 55,
            "sslEnd" : -1,
            "connectEnd" : 6,
            "connectStart" : 0,
            "id" : "download_3",
            "receivedTime" : "200.124999973923",
            "sslStart" : -1,
            "dnsStart" : -1,
            "receiveLast" : 145.124999973923,
            "s_time" : 96.839000005275,
            "sendEnd" : 6,
            "sendStart" : 6,
            "type" : "text/plain"
         }
      },
      {
         "when_comp_start" : -1,
         "url" : "http://modified.testbed.localhost/img100.xvideos.com/videos/thumbs/xvideos.gif",
         "id" : "r5",
         "comps" : [],
         "download" : {
            "receiveFirst" : 54,
            "len" : 1386,
            "dns" : 0,
            "dnsEnd" : -1,
            "receiveHeadersEnd" : 59,
            "sslEnd" : -1,
            "connectEnd" : 5,
            "connectStart" : 0,
            "id" : "download_4",
            "receivedTime" : "160.491000395268",
            "sslStart" : -1,
            "dnsStart" : -1,
            "receiveLast" : 101.491000395268,
            "s_time" : 99.860000424087,
            "sendEnd" : 5,
            "sendStart" : 5,
            "type" : "image/gif"
         }
      },
      {
         "when_comp_start" : 1,
         "url" : "http://modified.testbed.localhost/img100-877.xvideos.com/videos/thumbsl/d4/a0/04/d4a004ef83deb9eabbc0350f6eae56b4/d4a004ef83deb9eabbc0350f6eae56b4.8.jpg",
         "id" : "r9",
         "comps" : [],
         "download" : {
            "receiveFirst" : 44,
            "len" : 408,
            "dns" : 0,
            "dnsEnd" : -1,
            "receiveHeadersEnd" : 51,
            "sslEnd" : -1,
            "connectEnd" : 6,
            "connectStart" : 0,
            "id" : "download_5",
            "receivedTime" : "442.518000025302",
            "sslStart" : -1,
            "dnsStart" : -1,
            "receiveLast" : 391.518000025302,
            "s_time" : 345.554000232369,
            "sendEnd" : 7,
            "sendStart" : 6,
            "type" : "text/html"
         }
      },
      {
         "when_comp_start" : 1,
         "url" : "http://modified.testbed.localhost/img100-594.xvideos.com/videos/thumbsl/55/17/fd/5517fd16aa94bd433242621131834b83/5517fd16aa94bd433242621131834b83.16.jpg",
         "id" : "r10",
         "comps" : [],
         "download" : {
            "receiveFirst" : 50,
            "len" : 409,
            "dns" : 0,
            "dnsEnd" : -1,
            "receiveHeadersEnd" : 55,
            "sslEnd" : -1,
            "connectEnd" : 5,
            "connectStart" : 0,
            "id" : "download_6",
            "receivedTime" : "443.243000190705",
            "sslStart" : -1,
            "dnsStart" : -1,
            "receiveLast" : 388.243000190705,
            "s_time" : 346.943000331521,
            "sendEnd" : 5,
            "sendStart" : 5,
            "type" : "text/html"
         }
      },
      {
         "when_comp_start" : 1,
         "url" : "http://modified.testbed.localhost/img100-477.xvideos.com/videos/thumbsl/37/c8/e4/37c8e46dea278c741eaadbeae887d4da/37c8e46dea278c741eaadbeae887d4da.2.jpg",
         "id" : "r11",
         "comps" : [],
         "download" : {
            "receiveFirst" : 49,
            "len" : 408,
            "dns" : 0,
            "dnsEnd" : -1,
            "receiveHeadersEnd" : 56,
            "sslEnd" : -1,
            "connectEnd" : 7,
            "connectStart" : 0,
            "id" : "download_7",
            "receivedTime" : "443.66000033915",
            "sslStart" : -1,
            "dnsStart" : -1,
            "receiveLast" : 387.66000033915,
            "s_time" : 348.125000018626,
            "sendEnd" : 7,
            "sendStart" : 7,
            "type" : "text/html"
         }
      },
      {
         "when_comp_start" : -1,
         "url" : "http://modified.testbed.localhost/static-hw.xvideos.com/v3/img/skins/default/xv-icons-sprite2.png",
         "id" : "r12",
         "comps" : [],
         "download" : {
            "receiveFirst" : 49,
            "len" : 4189,
            "dns" : 0,
            "dnsEnd" : -1,
            "receiveHeadersEnd" : 54,
            "sslEnd" : -1,
            "connectEnd" : 4,
            "connectStart" : 0,
            "id" : "download_8",
            "receivedTime" : "444.217000156641",
            "sslStart" : -1,
            "dnsStart" : -1,
            "receiveLast" : 390.217000156641,
            "s_time" : 353.325000032783,
            "sendEnd" : 5,
            "sendStart" : 4,
            "type" : "image/png"
         }
      },
      {
         "when_comp_start" : -1,
         "url" : "http://modified.testbed.localhost/static-hw.xvideos.com/v3/img/langs.png",
         "id" : "r13",
         "comps" : [],
         "download" : {
            "receiveFirst" : 51,
            "len" : 15571,
            "dns" : 0,
            "dnsEnd" : -1,
            "receiveHeadersEnd" : 56,
            "sslEnd" : -1,
            "connectEnd" : 3,
            "connectStart" : 0,
            "id" : "download_9",
            "receivedTime" : "498.846000060439",
            "sslStart" : -1,
            "dnsStart" : -1,
            "receiveLast" : 442.846000060439,
            "s_time" : 354.5540003106,
            "sendEnd" : 5,
            "sendStart" : 3,
            "type" : "image/png"
         }
      },
      {
         "when_comp_start" : 1,
         "url" : "http://modified.testbed.localhost/img100-755.xvideos.com/videos/thumbsl/66/34/6c/66346ce1194c5aca7d8bd87ce37218ab/66346ce1194c5aca7d8bd87ce37218ab.15.jpg",
         "id" : "r14",
         "comps" : [],
         "download" : {
            "receiveFirst" : 43,
            "len" : 409,
            "dns" : 0,
            "dnsEnd" : -1,
            "receiveHeadersEnd" : 52,
            "sslEnd" : -1,
            "connectEnd" : 8,
            "connectStart" : 0,
            "id" : "download_10",
            "receivedTime" : "499.626000411808",
            "sslStart" : -1,
            "dnsStart" : -1,
            "receiveLast" : 447.626000411808,
            "s_time" : 370.397000107914,
            "sendEnd" : 9,
            "sendStart" : 8,
            "type" : "text/html"
         }
      },
      {
         "when_comp_start" : 1,
         "url" : "http://modified.testbed.localhost/img100-109.xvideos.com/videos/thumbsl/76/26/38/762638e8c568f072c6aedd042d43f1e6/762638e8c568f072c6aedd042d43f1e6.8.jpg",
         "id" : "r15",
         "comps" : [],
         "download" : {
            "receiveFirst" : 44,
            "len" : 408,
            "dns" : 0,
            "dnsEnd" : -1,
            "receiveHeadersEnd" : 74,
            "sslEnd" : -1,
            "connectEnd" : 30,
            "connectStart" : 0,
            "id" : "download_11",
            "receivedTime" : "570.703000295907",
            "sslStart" : -1,
            "dnsStart" : -1,
            "receiveLast" : 496.703000295907,
            "s_time" : 371.491000056267,
            "sendEnd" : 30,
            "sendStart" : 30,
            "type" : "text/html"
         }
      },
      {
         "when_comp_start" : 1,
         "url" : "http://modified.testbed.localhost/img100-913.xvideos.com/videos/thumbsl/67/c6/5e/67c65e668244e481d36d233c324a13e1/67c65e668244e481d36d233c324a13e1.9.jpg",
         "id" : "r16",
         "comps" : [],
         "download" : {
            "receiveFirst" : 46,
            "len" : 408,
            "dns" : 0,
            "dnsEnd" : -1,
            "receiveHeadersEnd" : 78,
            "sslEnd" : -1,
            "connectEnd" : 32,
            "connectStart" : 0,
            "id" : "download_12",
            "receivedTime" : "571.203000377864",
            "sslStart" : -1,
            "dnsStart" : -1,
            "receiveLast" : 493.203000377864,
            "s_time" : 372.426000423729,
            "sendEnd" : 32,
            "sendStart" : 32,
            "type" : "text/html"
         }
      },
      {
         "when_comp_start" : 1,
         "url" : "http://modified.testbed.localhost/img100-773.xvideos.com/videos/thumbsl/5a/46/b2/5a46b2f78ddb466fc96ad726c915afad/5a46b2f78ddb466fc96ad726c915afad.2.jpg",
         "id" : "r17",
         "comps" : [],
         "download" : {
            "receiveFirst" : 48,
            "len" : 408,
            "dns" : 0,
            "dnsEnd" : -1,
            "receiveHeadersEnd" : 81,
            "sslEnd" : -1,
            "connectEnd" : 33,
            "connectStart" : 0,
            "id" : "download_13",
            "receivedTime" : "571.559000294656",
            "sslStart" : -1,
            "dnsStart" : -1,
            "receiveLast" : 490.559000294656,
            "s_time" : 373.313000425696,
            "sendEnd" : 33,
            "sendStart" : 33,
            "type" : "text/html"
         }
      },
      {
         "when_comp_start" : 1,
         "url" : "http://modified.testbed.localhost/img100-693.xvideos.com/videos/thumbsl/e4/ef/bf/e4efbf57b6235c7b947172fc4d03c28d/e4efbf57b6235c7b947172fc4d03c28d.23.jpg",
         "id" : "r18",
         "comps" : [],
         "download" : {
            "receiveFirst" : 47,
            "len" : 409,
            "dns" : 0,
            "dnsEnd" : -1,
            "receiveHeadersEnd" : 83,
            "sslEnd" : -1,
            "connectEnd" : 36,
            "connectStart" : 0,
            "id" : "download_14",
            "receivedTime" : "572.013000026345",
            "sslStart" : -1,
            "dnsStart" : -1,
            "receiveLast" : 489.013000026345,
            "s_time" : 374.187000095844,
            "sendEnd" : 36,
            "sendStart" : 36,
            "type" : "text/html"
         }
      },
      {
         "when_comp_start" : 1,
         "url" : "http://modified.testbed.localhost/img100-647.xvideos.com/videos/thumbsl/b3/c1/24/b3c12476d6a447cb18ce2eb236463143/b3c12476d6a447cb18ce2eb236463143.4.jpg",
         "id" : "r19",
         "comps" : [],
         "download" : {
            "receiveFirst" : 44,
            "len" : 408,
            "dns" : 0,
            "dnsEnd" : -1,
            "receiveHeadersEnd" : 60,
            "sslEnd" : -1,
            "connectEnd" : 16,
            "connectStart" : 0,
            "id" : "download_15",
            "receivedTime" : "572.35400006175",
            "sslStart" : -1,
            "dnsStart" : -1,
            "receiveLast" : 512.35400006175,
            "s_time" : 399.903000332415,
            "sendEnd" : 16,
            "sendStart" : 16,
            "type" : "text/html"
         }
      },
      {
         "when_comp_start" : 1,
         "url" : "http://modified.testbed.localhost/img100-381.xvideos.com/videos/thumbsl/24/62/e0/2462e067dac4ec18f79e0179e7387c78/2462e067dac4ec18f79e0179e7387c78.14.jpg",
         "id" : "r20",
         "comps" : [],
         "download" : {
            "receiveFirst" : 43,
            "len" : 409,
            "dns" : 0,
            "dnsEnd" : -1,
            "receiveHeadersEnd" : 64,
            "sslEnd" : -1,
            "connectEnd" : 20,
            "connectStart" : 0,
            "id" : "download_16",
            "receivedTime" : "572.686000261456",
            "sslStart" : -1,
            "dnsStart" : -1,
            "receiveLast" : 508.686000261456,
            "s_time" : 403.495999984443,
            "sendEnd" : 21,
            "sendStart" : 20,
            "type" : "text/html"
         }
      },
      {
         "when_comp_start" : 1,
         "url" : "http://modified.testbed.localhost/img100-761.xvideos.com/videos/thumbsl/1c/f6/5a/1cf65aed33c440f0e779a7b22c19460b/1cf65aed33c440f0e779a7b22c19460b.9.jpg",
         "id" : "r21",
         "comps" : [],
         "download" : {
            "receiveFirst" : 43,
            "len" : 408,
            "dns" : 0,
            "dnsEnd" : -1,
            "receiveHeadersEnd" : 87,
            "sslEnd" : -1,
            "connectEnd" : 44,
            "connectStart" : 0,
            "id" : "download_17",
            "receivedTime" : "573.624000418931",
            "sslStart" : -1,
            "dnsStart" : -1,
            "receiveLast" : 486.624000418931,
            "s_time" : 406.063999980688,
            "sendEnd" : 44,
            "sendStart" : 44,
            "type" : "text/html"
         }
      },
      {
         "when_comp_start" : 1,
         "url" : "http://modified.testbed.localhost/img100-023.xvideos.com/videos/thumbsl/2c/ea/d4/2cead46a07e98c8d1d38f4c2291c0f39/2cead46a07e98c8d1d38f4c2291c0f39.18.jpg",
         "id" : "r22",
         "comps" : [],
         "download" : {
            "receiveFirst" : 44,
            "len" : 409,
            "dns" : 0,
            "dnsEnd" : -1,
            "receiveHeadersEnd" : 88,
            "sslEnd" : -1,
            "connectEnd" : 44,
            "connectStart" : 0,
            "id" : "download_18",
            "receivedTime" : "573.980000335723",
            "sslStart" : -1,
            "dnsStart" : -1,
            "receiveLast" : 485.980000335723,
            "s_time" : 409.545000176877,
            "sendEnd" : 44,
            "sendStart" : 44,
            "type" : "text/html"
         }
      },
      {
         "when_comp_start" : 1,
         "url" : "http://modified.testbed.localhost/img100-113.xvideos.com/videos/thumbsl/5f/dc/20/5fdc20267c3d385da72d85ced61677e7/5fdc20267c3d385da72d85ced61677e7.25.jpg",
         "id" : "r23",
         "comps" : [],
         "download" : {
            "receiveFirst" : 43,
            "len" : 409,
            "dns" : 0,
            "dnsEnd" : -1,
            "receiveHeadersEnd" : 85,
            "sslEnd" : -1,
            "connectEnd" : 41,
            "connectStart" : 0,
            "id" : "download_19",
            "receivedTime" : "574.336000252515",
            "sslStart" : -1,
            "dnsStart" : -1,
            "receiveLast" : 489.336000252515,
            "s_time" : 415.548000019044,
            "sendEnd" : 42,
            "sendStart" : 41,
            "type" : "text/html"
         }
      },
      {
         "when_comp_start" : 1,
         "url" : "http://modified.testbed.localhost/img100-587.xvideos.com/videos/thumbsl/d5/6c/1e/d56c1ed87ca7f0a58607092c92bb66a4/d56c1ed87ca7f0a58607092c92bb66a4.4.jpg",
         "id" : "r24",
         "comps" : [],
         "download" : {
            "receiveFirst" : 45,
            "len" : 408,
            "dns" : 0,
            "dnsEnd" : -1,
            "receiveHeadersEnd" : 70,
            "sslEnd" : -1,
            "connectEnd" : 25,
            "connectStart" : 0,
            "id" : "download_20",
            "receivedTime" : "574.746000114828",
            "sslStart" : -1,
            "dnsStart" : -1,
            "receiveLast" : 504.746000114828,
            "s_time" : 434.226999990642,
            "sendEnd" : 25,
            "sendStart" : 25,
            "type" : "text/html"
         }
      },
      {
         "when_comp_start" : 1,
         "url" : "http://modified.testbed.localhost/img100-239.xvideos.com/videos/thumbsl/b3/e7/ce/b3e7ce5f743b1472b9a17cd32e94958e/b3e7ce5f743b1472b9a17cd32e94958e.7.jpg",
         "id" : "r25",
         "comps" : [],
         "download" : {
            "receiveFirst" : 46,
            "len" : 408,
            "dns" : 0,
            "dnsEnd" : -1,
            "receiveHeadersEnd" : 60,
            "sslEnd" : -1,
            "connectEnd" : 14,
            "connectStart" : 0,
            "id" : "download_21",
            "receivedTime" : "575.10200003162",
            "sslStart" : -1,
            "dnsStart" : -1,
            "receiveLast" : 515.10200003162,
            "s_time" : 448.037000373006,
            "sendEnd" : 14,
            "sendStart" : 14,
            "type" : "text/html"
         }
      },
      {
         "when_comp_start" : 1,
         "url" : "http://modified.testbed.localhost/img100-219.xvideos.com/videos/thumbsl/27/0c/db/270cdb5f334556c67637eee503ed078b/270cdb5f334556c67637eee503ed078b.8.jpg",
         "id" : "r26",
         "comps" : [],
         "download" : {
            "receiveFirst" : 44,
            "len" : 408,
            "dns" : 0,
            "dnsEnd" : -1,
            "receiveHeadersEnd" : 62,
            "sslEnd" : -1,
            "connectEnd" : 18,
            "connectStart" : 0,
            "id" : "download_22",
            "receivedTime" : "575.930000282824",
            "sslStart" : -1,
            "dnsStart" : -1,
            "receiveLast" : 513.930000282824,
            "s_time" : 451.934000011533,
            "sendEnd" : 18,
            "sendStart" : 18,
            "type" : "text/html"
         }
      },
      {
         "when_comp_start" : 1,
         "url" : "http://modified.testbed.localhost/img100-969.xvideos.com/videos/thumbsl/f6/99/a6/f699a6623a931154e93eb8aec39905cc/f699a6623a931154e93eb8aec39905cc.30.jpg",
         "id" : "r27",
         "comps" : [],
         "download" : {
            "receiveFirst" : 43,
            "len" : 409,
            "dns" : 0,
            "dnsEnd" : -1,
            "receiveHeadersEnd" : 82,
            "sslEnd" : -1,
            "connectEnd" : 39,
            "connectStart" : 0,
            "id" : "download_23",
            "receivedTime" : "603.325000032783",
            "sslStart" : -1,
            "dnsStart" : -1,
            "receiveLast" : 521.325000032783,
            "s_time" : 456.286000087857,
            "sendEnd" : 39,
            "sendStart" : 39,
            "type" : "text/html"
         }
      },
      {
         "when_comp_start" : 1,
         "url" : "http://modified.testbed.localhost/img100-483.xvideos.com/videos/thumbsl/5e/37/96/5e379685659796bc387d8c9a6313854c/5e379685659796bc387d8c9a6313854c.16.jpg",
         "id" : "r28",
         "comps" : [],
         "download" : {
            "receiveFirst" : 44,
            "len" : 409,
            "dns" : 0,
            "dnsEnd" : -1,
            "receiveHeadersEnd" : 84,
            "sslEnd" : -1,
            "connectEnd" : 40,
            "connectStart" : 0,
            "id" : "download_24",
            "receivedTime" : "603.789000306278",
            "sslStart" : -1,
            "dnsStart" : -1,
            "receiveLast" : 519.789000306278,
            "s_time" : 458.868999965489,
            "sendEnd" : 40,
            "sendStart" : 40,
            "type" : "text/html"
         }
      },
      {
         "when_comp_start" : 1,
         "url" : "http://modified.testbed.localhost/img100-833.xvideos.com/videos/thumbsl/8c/c4/6d/8cc46d203687e566f067f03b8678004c/8cc46d203687e566f067f03b8678004c.29.jpg",
         "id" : "r29",
         "comps" : [],
         "download" : {
            "receiveFirst" : 43,
            "len" : 409,
            "dns" : 0,
            "dnsEnd" : -1,
            "receiveHeadersEnd" : 84,
            "sslEnd" : -1,
            "connectEnd" : 41,
            "connectStart" : 0,
            "id" : "download_25",
            "receivedTime" : "604.156000073999",
            "sslStart" : -1,
            "dnsStart" : -1,
            "receiveLast" : 520.156000073999,
            "s_time" : 461.659000255167,
            "sendEnd" : 41,
            "sendStart" : 41,
            "type" : "text/html"
         }
      },
      {
         "when_comp_start" : 1,
         "url" : "http://modified.testbed.localhost/img100-559.xvideos.com/videos/thumbsl/35/6d/a0/356da02269a07be619ef52bab1172c80/356da02269a07be619ef52bab1172c80.24.jpg",
         "id" : "r30",
         "comps" : [],
         "download" : {
            "receiveFirst" : 44,
            "len" : 409,
            "dns" : 0,
            "dnsEnd" : -1,
            "receiveHeadersEnd" : 80,
            "sslEnd" : -1,
            "connectEnd" : 36,
            "connectStart" : 0,
            "id" : "download_26",
            "receivedTime" : "604.546000249684",
            "sslStart" : -1,
            "dnsStart" : -1,
            "receiveLast" : 524.546000249684,
            "s_time" : 469.487000256777,
            "sendEnd" : 36,
            "sendStart" : 36,
            "type" : "text/html"
         }
      },
      {
         "when_comp_start" : 1,
         "url" : "http://modified.testbed.localhost/img100-505.xvideos.com/videos/thumbsl/93/28/4f/93284fc9e782f6e0680736dcbcc97708/93284fc9e782f6e0680736dcbcc97708.3.jpg",
         "id" : "r31",
         "comps" : [],
         "download" : {
            "receiveFirst" : 44,
            "len" : 408,
            "dns" : 0,
            "dnsEnd" : -1,
            "receiveHeadersEnd" : 58,
            "sslEnd" : -1,
            "connectEnd" : 14,
            "connectStart" : 0,
            "id" : "download_27",
            "receivedTime" : "604.946000035852",
            "sslStart" : -1,
            "dnsStart" : -1,
            "receiveLast" : 546.946000035852,
            "s_time" : 494.596000295132,
            "sendEnd" : 14,
            "sendStart" : 14,
            "type" : "text/html"
         }
      },
      {
         "when_comp_start" : 1,
         "url" : "http://modified.testbed.localhost/img100-007.xvideos.com/videos/thumbsl/2b/97/fd/2b97fdb3ea978ecc884d41f3bae09aa4/2b97fdb3ea978ecc884d41f3bae09aa4.9.jpg",
         "id" : "r32",
         "comps" : [],
         "download" : {
            "receiveFirst" : 44,
            "len" : 408,
            "dns" : 0,
            "dnsEnd" : -1,
            "receiveHeadersEnd" : 60,
            "sslEnd" : -1,
            "connectEnd" : 16,
            "connectStart" : 0,
            "id" : "download_28",
            "receivedTime" : "605.305999983102",
            "sslStart" : -1,
            "dnsStart" : -1,
            "receiveLast" : 545.305999983102,
            "s_time" : 498.386000283062,
            "sendEnd" : 16,
            "sendStart" : 16,
            "type" : "text/html"
         }
      },
      {
         "when_comp_start" : 1,
         "url" : "http://modified.testbed.localhost/img100-245.xvideos.com/videos/thumbsl/a3/5f/ac/a35fac9af8c4c2a57d723d4466e18678/a35fac9af8c4c2a57d723d4466e18678.5.jpg",
         "id" : "r33",
         "comps" : [],
         "download" : {
            "receiveFirst" : 43,
            "len" : 408,
            "dns" : 0,
            "dnsEnd" : -1,
            "receiveHeadersEnd" : 81,
            "sslEnd" : -1,
            "connectEnd" : 38,
            "connectStart" : 0,
            "id" : "download_29",
            "receivedTime" : "613.46899997443",
            "sslStart" : -1,
            "dnsStart" : -1,
            "receiveLast" : 532.46899997443,
            "s_time" : 502.02800007537,
            "sendEnd" : 38,
            "sendStart" : 38,
            "type" : "text/html"
         }
      },
      {
         "when_comp_start" : 1,
         "url" : "http://modified.testbed.localhost/img100-305.xvideos.com/videos/thumbsl/b2/f2/46/b2f2466e748f29356f9bca526cd3906b/b2f2466e748f29356f9bca526cd3906b.7.jpg",
         "id" : "r34",
         "comps" : [],
         "download" : {
            "receiveFirst" : 43,
            "len" : 408,
            "dns" : 0,
            "dnsEnd" : -1,
            "receiveHeadersEnd" : 69,
            "sslEnd" : -1,
            "connectEnd" : 25,
            "connectStart" : 0,
            "id" : "download_30",
            "receivedTime" : "614.302000030875",
            "sslStart" : -1,
            "dnsStart" : -1,
            "receiveLast" : 545.302000030875,
            "s_time" : 518.31700000912,
            "sendEnd" : 26,
            "sendStart" : 25,
            "type" : "text/html"
         }
      },
      {
         "when_comp_start" : 1,
         "url" : "http://modified.testbed.localhost/img100-319.xvideos.com/videos/thumbsl/71/62/36/7162365d6d02583b2b3ebc969a47c0ca/7162365d6d02583b2b3ebc969a47c0ca.7.jpg",
         "id" : "r35",
         "comps" : [],
         "download" : {
            "receiveFirst" : 46,
            "len" : 408,
            "dns" : 0,
            "dnsEnd" : -1,
            "receiveHeadersEnd" : 73,
            "sslEnd" : -1,
            "connectEnd" : 27,
            "connectStart" : 0,
            "id" : "download_31",
            "receivedTime" : "634.328000247478",
            "sslStart" : -1,
            "dnsStart" : -1,
            "receiveLast" : 561.328000247478,
            "s_time" : 519.800000358373,
            "sendEnd" : 27,
            "sendStart" : 27,
            "type" : "text/html"
         }
      },
      {
         "when_comp_start" : 1,
         "url" : "http://modified.testbed.localhost/img100-429.xvideos.com/videos/thumbsl/85/cd/54/85cd54ba985ddb0a1055e20d3a40b4d9/85cd54ba985ddb0a1055e20d3a40b4d9.29.jpg",
         "id" : "r36",
         "comps" : [],
         "download" : {
            "receiveFirst" : 45,
            "len" : 409,
            "dns" : 0,
            "dnsEnd" : -1,
            "receiveHeadersEnd" : 62,
            "sslEnd" : -1,
            "connectEnd" : 16,
            "connectStart" : 0,
            "id" : "download_32",
            "receivedTime" : "635.14000037685",
            "sslStart" : -1,
            "dnsStart" : -1,
            "receiveLast" : 573.14000037685,
            "s_time" : 533.941000234336,
            "sendEnd" : 17,
            "sendStart" : 16,
            "type" : "text/html"
         }
      },
      {
         "when_comp_start" : 1,
         "url" : "http://modified.testbed.localhost/img100-595.xvideos.com/videos/thumbsl/a3/fe/ff/a3fefff5ee47c3438c04af072bc34130/a3fefff5ee47c3438c04af072bc34130.27.jpg",
         "id" : "r37",
         "comps" : [],
         "download" : {
            "receiveFirst" : 45,
            "len" : 409,
            "dns" : 0,
            "dnsEnd" : -1,
            "receiveHeadersEnd" : 56,
            "sslEnd" : -1,
            "connectEnd" : 11,
            "connectStart" : 0,
            "id" : "download_33",
            "receivedTime" : "638.974000234157",
            "sslStart" : -1,
            "dnsStart" : -1,
            "receiveLast" : 582.974000234157,
            "s_time" : 563.338000327349,
            "sendEnd" : 11,
            "sendStart" : 11,
            "type" : "text/html"
         }
      },
      {
         "when_comp_start" : 1,
         "url" : "http://modified.testbed.localhost/img100-619.xvideos.com/videos/thumbsl/1b/6a/74/1b6a74e2fe9d5b37d2fdbdba1dc55f58/1b6a74e2fe9d5b37d2fdbdba1dc55f58.26.jpg",
         "id" : "r38",
         "comps" : [],
         "download" : {
            "receiveFirst" : 47,
            "len" : 409,
            "dns" : 0,
            "dnsEnd" : -1,
            "receiveHeadersEnd" : 58,
            "sslEnd" : -1,
            "connectEnd" : 10,
            "connectStart" : 0,
            "id" : "download_34",
            "receivedTime" : "640.174000058323",
            "sslStart" : -1,
            "dnsStart" : -1,
            "receiveLast" : 582.174000058323,
            "s_time" : 564.546999987215,
            "sendEnd" : 11,
            "sendStart" : 10,
            "type" : "text/html"
         }
      },
      {
         "when_comp_start" : 1,
         "url" : "http://modified.testbed.localhost/img100-937.xvideos.com/videos/thumbsl/30/0e/b6/300eb686c36c35d301e6dde25a575b7b/300eb686c36c35d301e6dde25a575b7b.8.jpg",
         "id" : "r39",
         "comps" : [],
         "download" : {
            "receiveFirst" : 43,
            "len" : 408,
            "dns" : 0,
            "dnsEnd" : -1,
            "receiveHeadersEnd" : 63,
            "sslEnd" : -1,
            "connectEnd" : 19,
            "connectStart" : 0,
            "id" : "download_35",
            "receivedTime" : "641.119000036269",
            "sslStart" : -1,
            "dnsStart" : -1,
            "receiveLast" : 578.119000036269,
            "s_time" : 565.668000373989,
            "sendEnd" : 20,
            "sendStart" : 19,
            "type" : "text/html"
         }
      },
      {
         "when_comp_start" : 1,
         "url" : "http://modified.testbed.localhost/img100-105.xvideos.com/videos/thumbsl/a7/95/57/a79557c8d3c5ddeedf185bd9f1937014/a79557c8d3c5ddeedf185bd9f1937014.9.jpg",
         "id" : "r40",
         "comps" : [],
         "download" : {
            "receiveFirst" : 43,
            "len" : 408,
            "dns" : 0,
            "dnsEnd" : -1,
            "receiveHeadersEnd" : 64,
            "sslEnd" : -1,
            "connectEnd" : 20,
            "connectStart" : 0,
            "id" : "download_36",
            "receivedTime" : "647.113000042737",
            "sslStart" : -1,
            "dnsStart" : -1,
            "receiveLast" : 583.113000042737,
            "s_time" : 568.704000208527,
            "sendEnd" : 21,
            "sendStart" : 20,
            "type" : "text/html"
         }
      },
      {
         "when_comp_start" : 1,
         "url" : "http://modified.testbed.localhost/static-hw.xvideos.com/v3/css/default/front.css.map",
         "id" : "r45",
         "comps" : [],
         "download" : {
            "receiveFirst" : 44,
            "len" : 340,
            "dns" : 0,
            "dnsEnd" : -1,
            "receiveHeadersEnd" : 48,
            "sslEnd" : -1,
            "connectEnd" : 3,
            "connectStart" : 0,
            "id" : "download_37",
            "receivedTime" : "648.125000298023",
            "sslStart" : -1,
            "dnsStart" : -1,
            "receiveLast" : 600.125000298023,
            "s_time" : 591.361000202596,
            "sendEnd" : 4,
            "sendStart" : 3,
            "type" : "text/html"
         }
      },
      {
         "when_comp_start" : 1,
         "url" : "http://modified.testbed.localhost/img100-061.xvideos.com/videos/thumbsl/43/f1/95/43f195cead57bd67d03afc262f3e9328/43f195cead57bd67d03afc262f3e9328.1.jpg",
         "id" : "r41",
         "comps" : [],
         "download" : {
            "receiveFirst" : 44,
            "len" : 408,
            "dns" : 0,
            "dnsEnd" : -1,
            "receiveHeadersEnd" : 73,
            "sslEnd" : -1,
            "connectEnd" : 28,
            "connectStart" : 0,
            "id" : "download_38",
            "receivedTime" : "650.190000422299",
            "sslStart" : -1,
            "dnsStart" : -1,
            "receiveLast" : 577.190000422299,
            "s_time" : 568.898000288755,
            "sendEnd" : 29,
            "sendStart" : 28,
            "type" : "text/html"
         }
      },
      {
         "when_comp_start" : -1,
         "url" : "http://modified.testbed.localhost/static-hw.xvideos.com/v3/js/skins/min/default.footer.static.js%3Fv=4329f0770ab",
         "id" : "r52",
         "comps" : [
            {
               "s_time" : 667.913000099361,
               "time" : 5.63800008967496,
               "type" : 1,
               "id" : "comp_63",
               "e_time" : 673.551000189036
            }
         ],
         "download" : {
            "receiveFirst" : 43,
            "len" : 3272,
            "dns" : 0,
            "dnsEnd" : -1,
            "receiveHeadersEnd" : 52,
            "sslEnd" : -1,
            "connectEnd" : 8,
            "connectStart" : 0,
            "id" : "download_39",
            "receivedTime" : "667.735000140965",
            "sslStart" : -1,
            "dnsStart" : -1,
            "receiveLast" : 615.735000140965,
            "s_time" : 613.181000109762,
            "sendEnd" : 9,
            "sendStart" : 8,
            "type" : "text/plain"
         }
      },
      {
         "when_comp_start" : -1,
         "url" : "http://modified.testbed.localhost/static-hw.xvideos.com/v3/js/libs/jquery.min.js",
         "id" : "r53",
         "comps" : [
            {
               "s_time" : 734.31900003925,
               "time" : 56.625999975949,
               "type" : 1,
               "id" : "comp_69",
               "e_time" : 790.945000015199
            }
         ],
         "download" : {
            "receiveFirst" : 45,
            "len" : 95992,
            "dns" : 0,
            "dnsEnd" : -1,
            "receiveHeadersEnd" : 55,
            "sslEnd" : -1,
            "connectEnd" : 10,
            "connectStart" : 0,
            "id" : "download_40",
            "receivedTime" : "733.911000192165",
            "sslStart" : -1,
            "dnsStart" : -1,
            "receiveLast" : 678.911000192165,
            "s_time" : 613.983000162989,
            "sendEnd" : 10,
            "sendStart" : 10,
            "type" : "application/javascript"
         }
      },
      {
         "when_comp_start" : 1,
         "url" : "http://modified.testbed.localhost/pics-error/1/20/283/-/0",
         "id" : "r54",
         "comps" : [],
         "download" : {
            "receiveFirst" : 54,
            "len" : 313,
            "dns" : 0,
            "dnsEnd" : -1,
            "receiveHeadersEnd" : 67,
            "sslEnd" : -1,
            "connectEnd" : 12,
            "connectStart" : 0,
            "id" : "download_41",
            "receivedTime" : "688.293999992311",
            "sslStart" : -1,
            "dnsStart" : -1,
            "receiveLast" : 621.293999992311,
            "s_time" : 618.488000240177,
            "sendEnd" : 13,
            "sendStart" : 12,
            "type" : "text/html"
         }
      },
      {
         "when_comp_start" : 1,
         "url" : "http://modified.testbed.localhost/img100-167.xvideos.com/videos/thumbsl/c1/4e/c1/c14ec1ce98068e22848b55d3ed20a956/c14ec1ce98068e22848b55d3ed20a956.4.jpg",
         "id" : "r42",
         "comps" : [],
         "download" : {
            "receiveFirst" : 47,
            "len" : 408,
            "dns" : 0,
            "dnsEnd" : -1,
            "receiveHeadersEnd" : 116,
            "sslEnd" : -1,
            "connectEnd" : 69,
            "connectStart" : 0,
            "id" : "download_42",
            "receivedTime" : "688.843000214547",
            "sslStart" : -1,
            "dnsStart" : -1,
            "receiveLast" : 572.843000214547,
            "s_time" : 569.821000099182,
            "sendEnd" : 69,
            "sendStart" : 69,
            "type" : "text/html"
         }
      },
      {
         "when_comp_start" : -1,
         "url" : "http://modified.testbed.localhost/static-hw.xvideos.com/v3/js/skins/min/require.static.js",
         "id" : "r55",
         "comps" : [
            {
               "s_time" : 792.476000264287,
               "time" : 12.164999730885,
               "type" : 1,
               "id" : "comp_72",
               "e_time" : 804.640999995172
            }
         ],
         "download" : {
            "receiveFirst" : 46,
            "len" : 25708,
            "dns" : 0,
            "dnsEnd" : -1,
            "receiveHeadersEnd" : 52,
            "sslEnd" : -1,
            "connectEnd" : 5,
            "connectStart" : 0,
            "id" : "download_43",
            "receivedTime" : "792.296000290662",
            "sslStart" : -1,
            "dnsStart" : -1,
            "receiveLast" : 740.296000290662,
            "s_time" : 634.898000396788,
            "sendEnd" : 6,
            "sendStart" : 5,
            "type" : "application/javascript"
         }
      },
      {
         "when_comp_start" : 1,
         "url" : "http://modified.testbed.localhost/img100-849.xvideos.com/videos/thumbsl/8e/c7/58/8ec758732e9e1b4692632f4812dfefa6/8ec758732e9e1b4692632f4812dfefa6.1.jpg",
         "id" : "r43",
         "comps" : [],
         "download" : {
            "receiveFirst" : 49,
            "len" : 408,
            "dns" : 0,
            "dnsEnd" : -1,
            "receiveHeadersEnd" : 108,
            "sslEnd" : -1,
            "connectEnd" : 59,
            "connectStart" : 0,
            "id" : "download_44",
            "receivedTime" : "693.824999965727",
            "sslStart" : -1,
            "dnsStart" : -1,
            "receiveLast" : 585.824999965727,
            "s_time" : 583.880000282079,
            "sendEnd" : 59,
            "sendStart" : 59,
            "type" : "text/html"
         }
      },
      {
         "when_comp_start" : 1,
         "url" : "http://modified.testbed.localhost/img100-619.xvideos.com/videos/thumbsl/ee/48/57/ee4857f07858fa2b36168fa7668e979d/ee4857f07858fa2b36168fa7668e979d.30.jpg",
         "id" : "r44",
         "comps" : [],
         "download" : {
            "receiveFirst" : 43,
            "len" : 409,
            "dns" : 0,
            "dnsEnd" : -1,
            "receiveHeadersEnd" : 120,
            "sslEnd" : -1,
            "connectEnd" : 76,
            "connectStart" : 0,
            "id" : "download_45",
            "receivedTime" : "712.715000379831",
            "sslStart" : -1,
            "dnsStart" : -1,
            "receiveLast" : 592.715000379831,
            "s_time" : 590.664000250399,
            "sendEnd" : 77,
            "sendStart" : 76,
            "type" : "text/html"
         }
      },
      {
         "when_comp_start" : 1,
         "url" : "http://modified.testbed.localhost/img100-141.xvideos.com/videos/thumbsl/89/56/02/895602e61a92a3182f37c35eb86a02ff/895602e61a92a3182f37c35eb86a02ff.2.jpg",
         "id" : "r46",
         "comps" : [],
         "download" : {
            "receiveFirst" : 53,
            "len" : 408,
            "dns" : 0,
            "dnsEnd" : -1,
            "receiveHeadersEnd" : 147,
            "sslEnd" : -1,
            "connectEnd" : 93,
            "connectStart" : 0,
            "id" : "download_46",
            "receivedTime" : "815.944000147283",
            "sslStart" : -1,
            "dnsStart" : -1,
            "receiveLast" : 668.944000147283,
            "s_time" : 594.080000184476,
            "sendEnd" : 94,
            "sendStart" : 93,
            "type" : "text/html"
         }
      },
      {
         "when_comp_start" : 1,
         "url" : "http://modified.testbed.localhost/img100-911.xvideos.com/videos/thumbsl/cc/f2/7e/ccf27eb551149ac2f0688d21d91e224e/ccf27eb551149ac2f0688d21d91e224e.23.jpg",
         "id" : "r47",
         "comps" : [],
         "download" : {
            "receiveFirst" : 52,
            "len" : 409,
            "dns" : 0,
            "dnsEnd" : -1,
            "receiveHeadersEnd" : 145,
            "sslEnd" : -1,
            "connectEnd" : 92,
            "connectStart" : 0,
            "id" : "download_47",
            "receivedTime" : "816.20500003919",
            "sslStart" : -1,
            "dnsStart" : -1,
            "receiveLast" : 671.20500003919,
            "s_time" : 596.709000412375,
            "sendEnd" : 93,
            "sendStart" : 92,
            "type" : "text/html"
         }
      },
      {
         "when_comp_start" : 1,
         "url" : "http://modified.testbed.localhost/img100-193.xvideos.com/videos/thumbsl/d7/83/24/d783248c273a8003c6b908ecfb1f2054/d783248c273a8003c6b908ecfb1f2054.28.jpg",
         "id" : "r48",
         "comps" : [],
         "download" : {
            "receiveFirst" : 48,
            "len" : 409,
            "dns" : 0,
            "dnsEnd" : -1,
            "receiveHeadersEnd" : 121,
            "sslEnd" : -1,
            "connectEnd" : 73,
            "connectStart" : 0,
            "id" : "download_48",
            "receivedTime" : "816.400000359863",
            "sslStart" : -1,
            "dnsStart" : -1,
            "receiveLast" : 695.400000359863,
            "s_time" : 620.930000208318,
            "sendEnd" : 73,
            "sendStart" : 73,
            "type" : "text/html"
         }
      },
      {
         "when_comp_start" : 1,
         "url" : "http://modified.testbed.localhost/img100-207.xvideos.com/videos/thumbsl/27/b1/bc/27b1bc4838da6955026d184fb9da6068/27b1bc4838da6955026d184fb9da6068.29.jpg",
         "id" : "r49",
         "comps" : [],
         "download" : {
            "receiveFirst" : 44,
            "len" : 409,
            "dns" : 0,
            "dnsEnd" : -1,
            "receiveHeadersEnd" : 133,
            "sslEnd" : -1,
            "connectEnd" : 89,
            "connectStart" : 0,
            "id" : "download_49",
            "receivedTime" : "817.1910000965",
            "sslStart" : -1,
            "dnsStart" : -1,
            "receiveLast" : 684.1910000965,
            "s_time" : 624.002000316978,
            "sendEnd" : 89,
            "sendStart" : 89,
            "type" : "text/html"
         }
      },
      {
         "when_comp_start" : 1,
         "url" : "http://modified.testbed.localhost/img100-103.xvideos.com/videos/thumbsl/e9/cd/c4/e9cdc45fdaad1d305e0b46cca12e4d9a/e9cdc45fdaad1d305e0b46cca12e4d9a.7.jpg",
         "id" : "r50",
         "comps" : [],
         "download" : {
            "receiveFirst" : 44,
            "len" : 408,
            "dns" : 0,
            "dnsEnd" : -1,
            "receiveHeadersEnd" : 148,
            "sslEnd" : -1,
            "connectEnd" : 104,
            "connectStart" : 0,
            "id" : "download_50",
            "receivedTime" : "817.979000043124",
            "sslStart" : -1,
            "dnsStart" : -1,
            "receiveLast" : 669.979000043124,
            "s_time" : 630.200000014156,
            "sendEnd" : 104,
            "sendStart" : 104,
            "type" : "text/html"
         }
      },
      {
         "when_comp_start" : 1,
         "url" : "http://modified.testbed.localhost/img100-133.xvideos.com/videos/thumbsl/4b/61/71/4b61713d562ce24ed193de4c4148de0d/4b61713d562ce24ed193de4c4148de0d.20.jpg",
         "id" : "r51",
         "comps" : [],
         "download" : {
            "receiveFirst" : 43,
            "len" : 409,
            "dns" : 0,
            "dnsEnd" : -1,
            "receiveHeadersEnd" : 146,
            "sslEnd" : -1,
            "connectEnd" : 103,
            "connectStart" : 0,
            "id" : "download_51",
            "receivedTime" : "818.787000142038",
            "sslStart" : -1,
            "dnsStart" : -1,
            "receiveLast" : 672.787000142038,
            "s_time" : 637.399000115693,
            "sendEnd" : 103,
            "sendStart" : 103,
            "type" : "text/html"
         }
      }
   ],
   "deps" : [
      {
         "a2" : "r1_c2",
         "time" : -1,
         "id" : "dep1",
         "a1" : "comp_6"
      },
      {
         "a2" : "r1_c3",
         "time" : -1,
         "id" : "dep2",
         "a1" : "comp_8"
      },
      {
         "a2" : "r1_c4",
         "time" : -1,
         "id" : "dep3",
         "a1" : "comp_63"
      },
      {
         "a2" : "r1_c5",
         "time" : -1,
         "id" : "dep4",
         "a1" : "comp_69"
      },
      {
         "a2" : "r1_c6",
         "time" : -1,
         "id" : "dep5",
         "a1" : "comp_72"
      },
      {
         "a2" : "comp_6",
         "time" : -1,
         "id" : "dep6",
         "a1" : "comp_5"
      },
      {
         "a2" : "comp_69",
         "time" : -1,
         "id" : "dep7",
         "a1" : "comp_63"
      },
      {
         "a2" : "download_51",
         "time" : -1,
         "id" : "dep8",
         "a1" : "r1_c3"
      },
      {
         "a2" : "download_50",
         "time" : 295.285000000149,
         "id" : "dep9",
         "a1" : "r1_c3"
      },
      {
         "a2" : "download_49",
         "time" : 289.087000302971,
         "id" : "dep10",
         "a1" : "r1_c3"
      },
      {
         "a2" : "download_48",
         "time" : 286.015000194311,
         "id" : "dep11",
         "a1" : "r1_c3"
      },
      {
         "a2" : "download_47",
         "time" : 261.794000398368,
         "id" : "dep12",
         "a1" : "r1_c3"
      },
      {
         "a2" : "download_46",
         "time" : 259.165000170469,
         "id" : "dep13",
         "a1" : "r1_c3"
      },
      {
         "a2" : "download_45",
         "time" : 255.749000236392,
         "id" : "dep14",
         "a1" : "r1_c3"
      },
      {
         "a2" : "download_44",
         "time" : 248.965000268072,
         "id" : "dep15",
         "a1" : "r1_c3"
      },
      {
         "a2" : "download_43",
         "time" : 299.983000382781,
         "id" : "dep16",
         "a1" : "r1_c3"
      },
      {
         "a2" : "download_42",
         "time" : 234.906000085175,
         "id" : "dep17",
         "a1" : "r1_c3"
      },
      {
         "a2" : "download_41",
         "time" : 283.57300022617,
         "id" : "dep18",
         "a1" : "r1_c3"
      },
      {
         "a2" : "download_40",
         "time" : 279.068000148982,
         "id" : "dep19",
         "a1" : "r1_c3"
      },
      {
         "a2" : "download_40",
         "time" : 279.068000148982,
         "id" : "dep20",
         "a1" : "r1_c3"
      },
      {
         "a2" : "download_39",
         "time" : 278.266000095755,
         "id" : "dep21",
         "a1" : "r1_c3"
      },
      {
         "a2" : "download_38",
         "time" : 233.983000274748,
         "id" : "dep22",
         "a1" : "r1_c3"
      },
      {
         "a2" : "download_37",
         "time" : 256.446000188589,
         "id" : "dep23",
         "a1" : "r1_c3"
      },
      {
         "a2" : "download_36",
         "time" : 233.78900019452,
         "id" : "dep24",
         "a1" : "r1_c3"
      },
      {
         "a2" : "download_35",
         "time" : 230.753000359982,
         "id" : "dep25",
         "a1" : "r1_c3"
      },
      {
         "a2" : "download_34",
         "time" : 229.631999973208,
         "id" : "dep26",
         "a1" : "r1_c3"
      },
      {
         "a2" : "download_33",
         "time" : 228.423000313342,
         "id" : "dep27",
         "a1" : "r1_c3"
      },
      {
         "a2" : "download_32",
         "time" : 199.026000220329,
         "id" : "dep28",
         "a1" : "r1_c3"
      },
      {
         "a2" : "download_31",
         "time" : 184.885000344366,
         "id" : "dep29",
         "a1" : "r1_c3"
      },
      {
         "a2" : "download_30",
         "time" : 183.401999995113,
         "id" : "dep30",
         "a1" : "r1_c3"
      },
      {
         "a2" : "download_29",
         "time" : 167.113000061363,
         "id" : "dep31",
         "a1" : "r1_c3"
      },
      {
         "a2" : "download_28",
         "time" : 163.471000269055,
         "id" : "dep32",
         "a1" : "r1_c3"
      },
      {
         "a2" : "download_27",
         "time" : 159.681000281125,
         "id" : "dep33",
         "a1" : "r1_c3"
      },
      {
         "a2" : "download_26",
         "time" : 134.57200024277,
         "id" : "dep34",
         "a1" : "r1_c3"
      },
      {
         "a2" : "download_25",
         "time" : 126.74400024116,
         "id" : "dep35",
         "a1" : "r1_c3"
      },
      {
         "a2" : "download_24",
         "time" : 123.953999951482,
         "id" : "dep36",
         "a1" : "r1_c3"
      },
      {
         "a2" : "download_23",
         "time" : 121.37100007385,
         "id" : "dep37",
         "a1" : "r1_c3"
      },
      {
         "a2" : "download_22",
         "time" : 117.018999997526,
         "id" : "dep38",
         "a1" : "r1_c3"
      },
      {
         "a2" : "download_21",
         "time" : 113.122000358999,
         "id" : "dep39",
         "a1" : "r1_c3"
      },
      {
         "a2" : "download_20",
         "time" : 99.311999976635,
         "id" : "dep40",
         "a1" : "r1_c3"
      },
      {
         "a2" : "download_19",
         "time" : 80.633000005037,
         "id" : "dep41",
         "a1" : "r1_c3"
      },
      {
         "a2" : "download_18",
         "time" : 74.63000016287,
         "id" : "dep42",
         "a1" : "r1_c3"
      },
      {
         "a2" : "download_17",
         "time" : 71.148999966681,
         "id" : "dep43",
         "a1" : "r1_c3"
      },
      {
         "a2" : "download_16",
         "time" : 68.580999970436,
         "id" : "dep44",
         "a1" : "r1_c3"
      },
      {
         "a2" : "download_15",
         "time" : 64.988000318408,
         "id" : "dep45",
         "a1" : "r1_c3"
      },
      {
         "a2" : "download_14",
         "time" : 39.272000081837,
         "id" : "dep46",
         "a1" : "r1_c3"
      },
      {
         "a2" : "download_13",
         "time" : 38.398000411689,
         "id" : "dep47",
         "a1" : "r1_c3"
      },
      {
         "a2" : "download_12",
         "time" : 37.511000409722,
         "id" : "dep48",
         "a1" : "r1_c3"
      },
      {
         "a2" : "download_11",
         "time" : 36.57600004226,
         "id" : "dep49",
         "a1" : "r1_c3"
      },
      {
         "a2" : "download_10",
         "time" : 35.482000093907,
         "id" : "dep50",
         "a1" : "r1_c3"
      },
      {
         "a2" : "download_9",
         "time" : 19.639000296593,
         "id" : "dep51",
         "a1" : "r1_c3"
      },
      {
         "a2" : "download_8",
         "time" : 18.410000018776,
         "id" : "dep52",
         "a1" : "r1_c3"
      },
      {
         "a2" : "download_7",
         "time" : 13.210000004619,
         "id" : "dep53",
         "a1" : "r1_c3"
      },
      {
         "a2" : "download_6",
         "time" : 12.028000317514,
         "id" : "dep54",
         "a1" : "r1_c3"
      },
      {
         "a2" : "download_5",
         "time" : 10.639000218362,
         "id" : "dep55",
         "a1" : "r1_c3"
      },
      {
         "a2" : "download_4",
         "time" : -1,
         "id" : "dep56",
         "a1" : "r1_c1"
      },
      {
         "a2" : "download_4",
         "time" : 6.13100035116071,
         "id" : "dep57",
         "a1" : "r1_c1"
      },
      {
         "a2" : "download_3",
         "time" : 3.1099999323487,
         "id" : "dep58",
         "a1" : "r1_c1"
      },
      {
         "a2" : "download_2",
         "time" : 2.40699993446471,
         "id" : "dep59",
         "a1" : "r1_c1"
      },
      {
         "a2" : "download_1",
         "time" : 1.52500020340081,
         "id" : "dep60",
         "a1" : "r1_c1"
      }
   ]
}
