{
   "n_download_no_trigger" : 1,
   "start_activity" : "download_0",
   "name" : "modified.testbed.localhost_www.fc2.com_",
   "load_activity" : -1,
   "objs" : [
      {
         "when_comp_start" : 1,
         "url" : "http://modified.testbed.localhost/www.fc2.com/",
         "id" : "r1",
         "comps" : [
            {
               "s_time" : 21.7769998125732,
               "time" : 3.7099998444319,
               "id" : "r1_c1",
               "type" : "evalhtml",
               "e_time" : 25.4869996570051
            },
            {
               "s_time" : 58.0969997681677,
               "time" : -3491087280.965,
               "id" : "r1_c2",
               "type" : "evalhtml",
               "e_time" : -3491087222.868
            },
            {
               "s_time" : 58.9169999584556,
               "time" : -3491087281.785,
               "id" : "r1_c3",
               "type" : "evalhtml",
               "e_time" : -3491087222.868
            },
            {
               "s_time" : 61.4729998633265,
               "time" : -3491087284.341,
               "id" : "r1_c4",
               "type" : "evalhtml",
               "e_time" : -3491087222.868
            },
            {
               "s_time" : 62.6309998333454,
               "time" : -3491087285.499,
               "id" : "r1_c5",
               "type" : "evalhtml",
               "e_time" : -3491087222.868
            },
            {
               "s_time" : 64.43199981004,
               "time" : -3491087287.3,
               "id" : "r1_c6",
               "type" : "evalhtml",
               "e_time" : -3491087222.868
            },
            {
               "s_time" : 65.4549999162555,
               "time" : 524.933000095189,
               "type" : "evalhtml",
               "id" : "r1_c7",
               "e_time" : 590.388000011444
            }
         ],
         "download" : {
            "receiveFirst" : 4,
            "len" : 35264,
            "dns" : 0,
            "dnsEnd" : -1,
            "receiveHeadersEnd" : 4,
            "sslEnd" : -1,
            "connectEnd" : 0,
            "connectStart" : 0,
            "id" : "download_0",
            "receivedTime" : "21.5960000641644",
            "sslStart" : -1,
            "dnsStart" : -1,
            "receiveLast" : 17.5960000641644,
            "s_time" : 0,
            "sendEnd" : 0,
            "sendStart" : 0,
            "type" : "text/html"
         }
      },
      {
         "when_comp_start" : -1,
         "url" : "http://modified.testbed.localhost/static.fc2.com/share/css/common.css",
         "id" : "r2",
         "comps" : [
            {
               "s_time" : 34.7070000134408,
               "time" : 0.261999666690905,
               "type" : 4,
               "id" : "comp_0",
               "e_time" : 34.9689996801317
            }
         ],
         "download" : {
            "receiveFirst" : 4,
            "len" : 1852,
            "dns" : 0,
            "dnsEnd" : -1,
            "receiveHeadersEnd" : 10,
            "sslEnd" : -1,
            "connectEnd" : 6,
            "connectStart" : 0,
            "id" : "download_1",
            "receivedTime" : "34.3100000172853",
            "sslStart" : -1,
            "dnsStart" : -1,
            "receiveLast" : 24.3100000172853,
            "s_time" : 22.4699997343123,
            "sendEnd" : 6,
            "sendStart" : 6,
            "type" : "text/css"
         }
      },
      {
         "when_comp_start" : -1,
         "url" : "http://modified.testbed.localhost/static.fc2.com/share/fc2parts/css/share.css",
         "id" : "r3",
         "comps" : [
            {
               "s_time" : 37.7969997934997,
               "time" : 1.5139998868108,
               "type" : 4,
               "id" : "comp_1",
               "e_time" : 39.3109996803105
            }
         ],
         "download" : {
            "receiveFirst" : 5,
            "len" : 18123,
            "dns" : 0,
            "dnsEnd" : -1,
            "receiveHeadersEnd" : 11,
            "sslEnd" : -1,
            "connectEnd" : 6,
            "connectStart" : 0,
            "id" : "download_2",
            "receivedTime" : "37.6569996587932",
            "sslStart" : -1,
            "dnsStart" : -1,
            "receiveLast" : 26.6569996587932,
            "s_time" : 22.9629999957979,
            "sendEnd" : 6,
            "sendStart" : 6,
            "type" : "text/css"
         }
      },
      {
         "when_comp_start" : -1,
         "url" : "http://modified.testbed.localhost/static.fc2.com/fc2com/css/fc2com_default_140313.css",
         "id" : "r4",
         "comps" : [
            {
               "s_time" : 39.6509999409318,
               "time" : 2.3679998703301,
               "type" : 4,
               "id" : "comp_2",
               "e_time" : 42.0189998112619
            }
         ],
         "download" : {
            "receiveFirst" : 5,
            "len" : 22324,
            "dns" : 0,
            "dnsEnd" : -1,
            "receiveHeadersEnd" : 12,
            "sslEnd" : -1,
            "connectEnd" : 7,
            "connectStart" : 0,
            "id" : "download_3",
            "receivedTime" : "39.61499966681",
            "sslStart" : -1,
            "dnsStart" : -1,
            "receiveLast" : 27.61499966681,
            "s_time" : 23.2629999518394,
            "sendEnd" : 7,
            "sendStart" : 7,
            "type" : "text/css"
         }
      },
      {
         "when_comp_start" : -1,
         "url" : "http://modified.testbed.localhost/static.fc2.com/fc2com/js/jquery-1.2.6.min.js",
         "id" : "r5",
         "comps" : [
            {
               "s_time" : 45.3229998238385,
               "time" : 12.7739999443292,
               "type" : 1,
               "id" : "comp_3",
               "e_time" : 58.0969997681677
            }
         ],
         "download" : {
            "receiveFirst" : 5,
            "len" : 55774,
            "dns" : 0,
            "dnsEnd" : -1,
            "receiveHeadersEnd" : 12,
            "sslEnd" : -1,
            "connectEnd" : 7,
            "connectStart" : 0,
            "id" : "download_4",
            "receivedTime" : "45.1899999752641",
            "sslStart" : -1,
            "dnsStart" : -1,
            "receiveLast" : 33.1899999752641,
            "s_time" : 23.5830000601709,
            "sendEnd" : 7,
            "sendStart" : 7,
            "type" : "application/javascript"
         }
      },
      {
         "when_comp_start" : -1,
         "url" : "http://modified.testbed.localhost/static.fc2.com/fc2com/js/tab_panel.js",
         "id" : "r6",
         "comps" : [
            {
               "s_time" : 58.2109997048974,
               "time" : 0.706000253558202,
               "type" : 1,
               "id" : "comp_4",
               "e_time" : 58.9169999584556
            }
         ],
         "download" : {
            "receiveFirst" : 5,
            "len" : 439,
            "dns" : 0,
            "dnsEnd" : -1,
            "receiveHeadersEnd" : 12,
            "sslEnd" : -1,
            "connectEnd" : 6,
            "connectStart" : 0,
            "id" : "download_5",
            "receivedTime" : "39.527999702841",
            "sslStart" : -1,
            "dnsStart" : -1,
            "receiveLast" : 27.527999702841,
            "s_time" : 23.9009996876121,
            "sendEnd" : 7,
            "sendStart" : 6,
            "type" : "application/javascript"
         }
      },
      {
         "when_comp_start" : -1,
         "url" : "http://modified.testbed.localhost/static.fc2.com/share/fc2parts/js/common_design.js",
         "id" : "r7",
         "comps" : [
            {
               "s_time" : 58.9779997244477,
               "time" : 2.4950001388788,
               "type" : 1,
               "id" : "comp_6",
               "e_time" : 61.4729998633265
            }
         ],
         "download" : {
            "receiveFirst" : 6,
            "len" : 3330,
            "dns" : 0,
            "dnsEnd" : -1,
            "receiveHeadersEnd" : 12,
            "sslEnd" : -1,
            "connectEnd" : 6,
            "connectStart" : 0,
            "id" : "download_6",
            "receivedTime" : "42.0639999210835",
            "sslStart" : -1,
            "dnsStart" : -1,
            "receiveLast" : 30.0639999210835,
            "s_time" : 24.2429999634624,
            "sendEnd" : 6,
            "sendStart" : 6,
            "type" : "application/javascript"
         }
      },
      {
         "when_comp_start" : -1,
         "url" : "http://modified.testbed.localhost/static.fc2.com/fc2com/css/sp.css",
         "id" : "r9",
         "comps" : [
            {
               "s_time" : 61.9810000061989,
               "time" : 0.00299979001280093,
               "type" : 4,
               "id" : "comp_8",
               "e_time" : 61.9839997962117
            }
         ],
         "download" : {
            "receiveFirst" : 9,
            "len" : 424,
            "dns" : 0,
            "dnsEnd" : -1,
            "receiveHeadersEnd" : 18,
            "sslEnd" : -1,
            "connectEnd" : 9,
            "connectStart" : 0,
            "id" : "download_7",
            "receivedTime" : "61.9299998506904",
            "sslStart" : -1,
            "dnsStart" : -1,
            "receiveLast" : 43.9299998506904,
            "s_time" : 24.9149999581277,
            "sendEnd" : 9,
            "sendStart" : 9,
            "type" : "text/css"
         }
      },
      {
         "when_comp_start" : -1,
         "url" : "http://modified.testbed.localhost/fc2.com/ja/notice.js",
         "id" : "r10",
         "comps" : [
            {
               "s_time" : 63.7920000590384,
               "time" : 0.639999751001596,
               "type" : 1,
               "id" : "comp_11",
               "e_time" : 64.43199981004
            }
         ],
         "download" : {
            "receiveFirst" : 6,
            "len" : 2968,
            "dns" : 0,
            "dnsEnd" : -1,
            "receiveHeadersEnd" : 18,
            "sslEnd" : -1,
            "connectEnd" : 12,
            "connectStart" : 0,
            "id" : "download_8",
            "receivedTime" : "63.718999736011",
            "sslStart" : -1,
            "dnsStart" : -1,
            "receiveLast" : 45.718999736011,
            "s_time" : 25.1969997771084,
            "sendEnd" : 12,
            "sendStart" : 12,
            "type" : "application/javascript"
         }
      },
      {
         "when_comp_start" : -1,
         "url" : "http://modified.testbed.localhost/fc2.com/ja/newentry.js",
         "id" : "r11",
         "comps" : [
            {
               "s_time" : 64.6150000393391,
               "time" : 0.839999876916409,
               "type" : 1,
               "id" : "comp_13",
               "e_time" : 65.4549999162555
            }
         ],
         "download" : {
            "receiveFirst" : 6,
            "len" : 3558,
            "dns" : 0,
            "dnsEnd" : -1,
            "receiveHeadersEnd" : 18,
            "sslEnd" : -1,
            "connectEnd" : 12,
            "connectStart" : 0,
            "id" : "download_9",
            "receivedTime" : "64.5439997315407",
            "sslStart" : -1,
            "dnsStart" : -1,
            "receiveLast" : 46.5439997315407,
            "s_time" : 25.4869996570051,
            "sendEnd" : 12,
            "sendStart" : 12,
            "type" : "application/javascript"
         }
      },
      {
         "when_comp_start" : -1,
         "url" : "http://modified.testbed.localhost/static.fc2.com/fc2com/js/sp.js%3F130128",
         "id" : "r8",
         "comps" : [
            {
               "s_time" : 62.2099996544421,
               "time" : 0.421000178903299,
               "type" : 1,
               "id" : "comp_9",
               "e_time" : 62.6309998333454
            }
         ],
         "download" : {
            "receiveFirst" : 7,
            "len" : 1316,
            "dns" : 0,
            "dnsEnd" : -1,
            "receiveHeadersEnd" : 19,
            "sslEnd" : -1,
            "connectEnd" : 12,
            "connectStart" : 0,
            "id" : "download_10",
            "receivedTime" : "62.1769996359944",
            "sslStart" : -1,
            "dnsStart" : -1,
            "receiveLast" : 43.1769996359944,
            "s_time" : 24.5339996181428,
            "sendEnd" : 12,
            "sendStart" : 12,
            "type" : "text/plain"
         }
      },
      {
         "when_comp_start" : -1,
         "url" : "http://modified.testbed.localhost/static.fc2.com/share/fc2footermenu/blank.gif",
         "id" : "r13",
         "comps" : [],
         "download" : {
            "receiveFirst" : 3,
            "len" : 43,
            "dns" : 0,
            "dnsEnd" : -1,
            "receiveHeadersEnd" : 7,
            "sslEnd" : -1,
            "connectEnd" : 4,
            "connectStart" : 0,
            "id" : "download_11",
            "receivedTime" : "92.9849999956787",
            "sslStart" : -1,
            "dnsStart" : -1,
            "receiveLast" : 85.9849999956787,
            "s_time" : 68.673999980092,
            "sendEnd" : 4,
            "sendStart" : 4,
            "type" : "image/gif"
         }
      },
      {
         "when_comp_start" : -1,
         "url" : "http://modified.testbed.localhost/static.fc2.com/fc2com/img/bnr_careers/bnr_careers_b1_ja.png",
         "id" : "r14",
         "comps" : [],
         "download" : {
            "receiveFirst" : 4,
            "len" : 9146,
            "dns" : 0,
            "dnsEnd" : -1,
            "receiveHeadersEnd" : 8,
            "sslEnd" : -1,
            "connectEnd" : 4,
            "connectStart" : 0,
            "id" : "download_12",
            "receivedTime" : "93.4449997730553",
            "sslStart" : -1,
            "dnsStart" : -1,
            "receiveLast" : 85.4449997730553,
            "s_time" : 68.9519997686148,
            "sendEnd" : 4,
            "sendStart" : 4,
            "type" : "image/png"
         }
      },
      {
         "when_comp_start" : -1,
         "url" : "http://modified.testbed.localhost/static.fc2.com/share/image/banner_talk/fc2talk-120x600.png",
         "id" : "r15",
         "comps" : [],
         "download" : {
            "receiveFirst" : 5,
            "len" : 9402,
            "dns" : 0,
            "dnsEnd" : -1,
            "receiveHeadersEnd" : 9,
            "sslEnd" : -1,
            "connectEnd" : 4,
            "connectStart" : 0,
            "id" : "download_13",
            "receivedTime" : "93.6320000328124",
            "sslStart" : -1,
            "dnsStart" : -1,
            "receiveLast" : 84.6320000328124,
            "s_time" : 69.1929999738932,
            "sendEnd" : 4,
            "sendStart" : 4,
            "type" : "image/png"
         }
      },
      {
         "when_comp_start" : -1,
         "url" : "http://modified.testbed.localhost/static.fc2.com/share/fc2parts/image/fc2logo.png",
         "id" : "r18",
         "comps" : [],
         "download" : {
            "receiveFirst" : 6,
            "len" : 660,
            "dns" : 0,
            "dnsEnd" : -1,
            "receiveHeadersEnd" : 9,
            "sslEnd" : -1,
            "connectEnd" : 3,
            "connectStart" : 0,
            "id" : "download_14",
            "receivedTime" : "93.9380000345409",
            "sslStart" : -1,
            "dnsStart" : -1,
            "receiveLast" : 84.9380000345409,
            "s_time" : 70.0010000728071,
            "sendEnd" : 3,
            "sendStart" : 3,
            "type" : "image/png"
         }
      },
      {
         "when_comp_start" : -1,
         "url" : "http://modified.testbed.localhost/media.fc2.com/counter_img.php%3Fid=3761",
         "id" : "r17",
         "comps" : [],
         "download" : {
            "receiveFirst" : 7,
            "len" : 43,
            "dns" : 0,
            "dnsEnd" : -1,
            "receiveHeadersEnd" : 10,
            "sslEnd" : -1,
            "connectEnd" : 3,
            "connectStart" : 0,
            "id" : "download_15",
            "receivedTime" : "93.83499994874",
            "sslStart" : -1,
            "dnsStart" : -1,
            "receiveLast" : 83.83499994874,
            "s_time" : 69.6879997849464,
            "sendEnd" : 3,
            "sendStart" : 3,
            "type" : "image/gif"
         }
      },
      {
         "when_comp_start" : -1,
         "url" : "http://modified.testbed.localhost/static.fc2.com/share/fc2parts/image/sh_help_icon.gif",
         "id" : "r19",
         "comps" : [],
         "download" : {
            "receiveFirst" : 7,
            "len" : 726,
            "dns" : 0,
            "dnsEnd" : -1,
            "receiveHeadersEnd" : 10,
            "sslEnd" : -1,
            "connectEnd" : 3,
            "connectStart" : 0,
            "id" : "download_16",
            "receivedTime" : "94.1069996915758",
            "sslStart" : -1,
            "dnsStart" : -1,
            "receiveLast" : 84.1069996915758,
            "s_time" : 70.2299997210503,
            "sendEnd" : 3,
            "sendStart" : 3,
            "type" : "image/gif"
         }
      },
      {
         "when_comp_start" : 1,
         "url" : "http://modified.testbed.localhost/assys01.fc2.com/1271.html",
         "id" : "r12",
         "comps" : [
            {
               "s_time" : 108.231999911368,
               "time" : 232.247000094503,
               "type" : "evalhtml",
               "id" : "r12_c1",
               "e_time" : 340.479000005871
            }
         ],
         "download" : {
            "receiveFirst" : 4,
            "len" : 1430,
            "dns" : 0,
            "dnsEnd" : -1,
            "receiveHeadersEnd" : 9,
            "sslEnd" : -1,
            "connectEnd" : 5,
            "connectStart" : 0,
            "id" : "download_17",
            "receivedTime" : "94.269999768585",
            "sslStart" : -1,
            "dnsStart" : -1,
            "receiveLast" : 85.269999768585,
            "s_time" : 71.8869999982417,
            "sendEnd" : 5,
            "sendStart" : 5,
            "type" : "text/html"
         }
      },
      {
         "when_comp_start" : 1,
         "url" : "http://modified.testbed.localhost/assys01.fc2.com/1302.html",
         "id" : "r16",
         "comps" : [
            {
               "s_time" : 110.350999981165,
               "time" : -3491087333.219,
               "id" : "r16_c1",
               "type" : "evalhtml",
               "e_time" : -3491087222.868
            },
            {
               "s_time" : 340.020999778062,
               "time" : 1.35400006547599,
               "type" : "evalhtml",
               "id" : "r16_c2",
               "e_time" : 341.374999843538
            }
         ],
         "download" : {
            "receiveFirst" : 4,
            "len" : 1430,
            "dns" : 0,
            "dnsEnd" : -1,
            "receiveHeadersEnd" : 10,
            "sslEnd" : -1,
            "connectEnd" : 6,
            "connectStart" : 0,
            "id" : "download_18",
            "receivedTime" : "98.6099997535348",
            "sslStart" : -1,
            "dnsStart" : -1,
            "receiveLast" : 88.6099997535348,
            "s_time" : 71.9329998828471,
            "sendEnd" : 6,
            "sendStart" : 6,
            "type" : "text/html"
         }
      },
      {
         "when_comp_start" : -1,
         "url" : "http://modified.testbed.localhost/static.fc2.com/share/fc2parts/image/header_bar.png",
         "id" : "r22",
         "comps" : [],
         "download" : {
            "receiveFirst" : 3,
            "len" : 150,
            "dns" : 0,
            "dnsEnd" : -1,
            "receiveHeadersEnd" : 11,
            "sslEnd" : -1,
            "connectEnd" : 8,
            "connectStart" : 0,
            "id" : "download_19",
            "receivedTime" : "104.776999913156",
            "sslStart" : -1,
            "dnsStart" : -1,
            "receiveLast" : 93.776999913156,
            "s_time" : 71.0009997710586,
            "sendEnd" : 8,
            "sendStart" : 8,
            "type" : "image/png"
         }
      },
      {
         "when_comp_start" : -1,
         "url" : "http://modified.testbed.localhost/media.fc2.com/counter_img.php%3Fid=1512",
         "id" : "r21",
         "comps" : [],
         "download" : {
            "receiveFirst" : 3,
            "len" : 43,
            "dns" : 0,
            "dnsEnd" : -1,
            "receiveHeadersEnd" : 12,
            "sslEnd" : -1,
            "connectEnd" : 9,
            "connectStart" : 0,
            "id" : "download_20",
            "receivedTime" : "105.004000011832",
            "sslStart" : -1,
            "dnsStart" : -1,
            "receiveLast" : 93.0040000118315,
            "s_time" : 70.696999784559,
            "sendEnd" : 9,
            "sendStart" : 9,
            "type" : "image/gif"
         }
      },
      {
         "when_comp_start" : -1,
         "url" : "http://modified.testbed.localhost/static.fc2.com/fc2com/img/fc2_logo.gif.png",
         "id" : "r23",
         "comps" : [],
         "download" : {
            "receiveFirst" : 3,
            "len" : 4377,
            "dns" : 0,
            "dnsEnd" : -1,
            "receiveHeadersEnd" : 4,
            "sslEnd" : -1,
            "connectEnd" : 1,
            "connectStart" : 0,
            "id" : "download_21",
            "receivedTime" : "105.238999705762",
            "sslStart" : -1,
            "dnsStart" : -1,
            "receiveLast" : 101.238999705762,
            "s_time" : 86.3059996627271,
            "sendEnd" : 1,
            "sendStart" : 1,
            "type" : "image/png"
         }
      },
      {
         "when_comp_start" : -1,
         "url" : "http://modified.testbed.localhost/static.fc2.com/fc2com/img/header_menu-back.jpg",
         "id" : "r24",
         "comps" : [],
         "download" : {
            "receiveFirst" : 5,
            "len" : 20436,
            "dns" : 0,
            "dnsEnd" : -1,
            "receiveHeadersEnd" : 5,
            "sslEnd" : -1,
            "connectEnd" : 0,
            "connectStart" : 0,
            "id" : "download_22",
            "receivedTime" : "107.379999943078",
            "sslStart" : -1,
            "dnsStart" : -1,
            "receiveLast" : 102.379999943078,
            "s_time" : 86.8730000220239,
            "sendEnd" : 0,
            "sendStart" : 0,
            "type" : "image/jpeg"
         }
      },
      {
         "when_comp_start" : -1,
         "url" : "http://modified.testbed.localhost/static.fc2.com/fc2com/img/fc2_service_icon.png",
         "id" : "r25",
         "comps" : [],
         "download" : {
            "receiveFirst" : 5,
            "len" : 41252,
            "dns" : 0,
            "dnsEnd" : -1,
            "receiveHeadersEnd" : 5,
            "sslEnd" : -1,
            "connectEnd" : 0,
            "connectStart" : 0,
            "id" : "download_23",
            "receivedTime" : "109.751999843866",
            "sslStart" : -1,
            "dnsStart" : -1,
            "receiveLast" : 104.751999843866,
            "s_time" : 87.7109998837113,
            "sendEnd" : 0,
            "sendStart" : 0,
            "type" : "image/png"
         }
      },
      {
         "when_comp_start" : -1,
         "url" : "http://modified.testbed.localhost/static.fc2.com/share/fc2parts/image/share_parts.png",
         "id" : "r26",
         "comps" : [],
         "download" : {
            "receiveFirst" : 4,
            "len" : 131649,
            "dns" : 0,
            "dnsEnd" : -1,
            "receiveHeadersEnd" : 5,
            "sslEnd" : -1,
            "connectEnd" : 1,
            "connectStart" : 0,
            "id" : "download_24",
            "receivedTime" : "206.528999842703",
            "sslStart" : -1,
            "dnsStart" : -1,
            "receiveLast" : 201.528999842703,
            "s_time" : 91.3809998892248,
            "sendEnd" : 1,
            "sendStart" : 1,
            "type" : "image/png"
         }
      },
      {
         "when_comp_start" : -1,
         "url" : "http://modified.testbed.localhost/j.microad.net/js/compass.js",
         "id" : "r27",
         "comps" : [
            {
               "s_time" : 364.078999962658,
               "time" : 20.651999861002,
               "type" : null,
               "id" : "comp_51",
               "e_time" : 384.73099982366
            },
            {
               "s_time" : 397.489999886602,
               "time" : 4.36799973249498,
               "type" : null,
               "id" : "comp_61",
               "e_time" : 401.857999619097
            }
         ],
         "download" : {
            "receiveFirst" : 4,
            "len" : 69844,
            "dns" : 0,
            "dnsEnd" : -1,
            "receiveHeadersEnd" : 7,
            "sslEnd" : -1,
            "connectEnd" : 3,
            "connectStart" : 0,
            "id" : "download_25",
            "receivedTime" : "341.866999864578",
            "sslStart" : -1,
            "dnsStart" : -1,
            "receiveLast" : 334.866999864578,
            "s_time" : 109.661999624223,
            "sendEnd" : 3,
            "sendStart" : 3,
            "type" : "application/javascript"
         }
      },
      {
         "when_comp_start" : -1,
         "url" : "http://modified.testbed.localhost/assys01.fc2.com/js/ajax.module.js",
         "id" : "r28",
         "comps" : [
            {
               "s_time" : 339.226000010967,
               "time" : 0.794999767094964,
               "type" : 1,
               "id" : "comp_38",
               "e_time" : 340.020999778062
            },
            {
               "s_time" : 340.794999618083,
               "time" : 0.11200038716197,
               "type" : null,
               "id" : "comp_42",
               "e_time" : 340.907000005245
            }
         ],
         "download" : {
            "receiveFirst" : 6,
            "len" : 1594,
            "dns" : 0,
            "dnsEnd" : -1,
            "receiveHeadersEnd" : 8,
            "sslEnd" : -1,
            "connectEnd" : 2,
            "connectStart" : 0,
            "id" : "download_26",
            "receivedTime" : "339.082999620587",
            "sslStart" : -1,
            "dnsStart" : -1,
            "receiveLast" : 331.082999620587,
            "s_time" : 110.276999883354,
            "sendEnd" : 2,
            "sendStart" : 2,
            "type" : "application/javascript"
         }
      },
      {
         "when_comp_start" : -1,
         "url" : "http://modified.testbed.localhost/static.fc2.com/fc2com/img/info_title_back.gif.png",
         "id" : "r30",
         "comps" : [],
         "download" : {
            "receiveFirst" : 3,
            "len" : 996,
            "dns" : 0,
            "dnsEnd" : -1,
            "receiveHeadersEnd" : 5,
            "sslEnd" : -1,
            "connectEnd" : 1,
            "connectStart" : 0,
            "id" : "download_27",
            "receivedTime" : "416.169999632984",
            "sslStart" : -1,
            "dnsStart" : -1,
            "receiveLast" : 411.169999632984,
            "s_time" : 363.493999931961,
            "sendEnd" : 2,
            "sendStart" : 1,
            "type" : "image/png"
         }
      },
      {
         "when_comp_start" : -1,
         "url" : "https://www.google-analytics.com/ga.js",
         "id" : "r29",
         "comps" : [],
         "download" : {
            "receiveFirst" : 1,
            "len" : 43082,
            "dns" : 0,
            "dnsEnd" : -1,
            "receiveHeadersEnd" : 1,
            "sslEnd" : -1,
            "connectEnd" : 0,
            "connectStart" : 0,
            "id" : "download_28",
            "receivedTime" : "421.430999878794",
            "sslStart" : -1,
            "dnsStart" : -1,
            "receiveLast" : 420.430999878794,
            "s_time" : 416.04599962011,
            "sendEnd" : 0,
            "sendStart" : 0,
            "type" : "text/javascript"
         }
      },
      {
         "when_comp_start" : 1,
         "url" : "http://cache.send.microadinc.com/js/cookie_enabled_get_apac.html",
         "id" : "r31",
         "comps" : [
            {
               "s_time" : 592.489999718964,
               "time" : 6.619000341743,
               "type" : "evalhtml",
               "id" : "r31_c1",
               "e_time" : 599.109000060707
            }
         ],
         "download" : {
            "receiveFirst" : 0,
            "len" : 1243,
            "dns" : 0,
            "dnsEnd" : -1,
            "receiveHeadersEnd" : 0,
            "sslEnd" : -1,
            "connectEnd" : 0,
            "connectStart" : 0,
            "id" : "download_29",
            "receivedTime" : "559.320000000298",
            "sslStart" : -1,
            "dnsStart" : -1,
            "receiveLast" : 559.320000000298,
            "s_time" : 421.815000008792,
            "sendEnd" : 0,
            "sendStart" : 0,
            "type" : "text/html"
         }
      },
      {
         "when_comp_start" : 1,
         "url" : "http://cache.send.microadinc.com/js/cookie_enabled_get_apac.html",
         "id" : "r32",
         "comps" : [],
         "download" : {
            "receiveFirst" : 1,
            "len" : 1243,
            "dns" : 0,
            "dnsEnd" : -1,
            "receiveHeadersEnd" : 1,
            "sslEnd" : -1,
            "connectEnd" : 0,
            "connectStart" : 0,
            "id" : "download_30",
            "receivedTime" : "571.155000012368",
            "sslStart" : -1,
            "dnsStart" : -1,
            "receiveLast" : 570.155000012368,
            "s_time" : 421.974999830127,
            "sendEnd" : 0,
            "sendStart" : 0,
            "type" : "text/html"
         }
      },
      {
         "when_comp_start" : 1,
         "url" : "http://modified.testbed.localhost/assys01.fc2.com/",
         "id" : "r34",
         "comps" : [],
         "download" : {
            "receiveFirst" : 4,
            "len" : 306,
            "dns" : 0,
            "dnsEnd" : -1,
            "receiveHeadersEnd" : 5,
            "sslEnd" : -1,
            "connectEnd" : 1,
            "connectStart" : 0,
            "id" : "download_31",
            "receivedTime" : "616.790999658406",
            "sslStart" : -1,
            "dnsStart" : -1,
            "receiveLast" : 611.790999658406,
            "s_time" : 590.388000011444,
            "sendEnd" : 1,
            "sendStart" : 1,
            "type" : "text/html"
         }
      },
      {
         "when_comp_start" : 1,
         "url" : "http://modified.testbed.localhost/assys01.fc2.com/",
         "id" : "r35",
         "comps" : [],
         "download" : {
            "receiveFirst" : 4,
            "len" : 306,
            "dns" : 0,
            "dnsEnd" : -1,
            "receiveHeadersEnd" : 5,
            "sslEnd" : -1,
            "connectEnd" : 1,
            "connectStart" : 0,
            "id" : "download_32",
            "receivedTime" : "618.074999656528",
            "sslStart" : -1,
            "dnsStart" : -1,
            "receiveLast" : 613.074999656528,
            "s_time" : 593.343999702483,
            "sendEnd" : 1,
            "sendStart" : 1,
            "type" : "text/html"
         }
      },
      {
         "when_comp_start" : -1,
         "url" : "https://www.google-analytics.com/__utm.gif?utmwv=5.6.7&utms=3&utmn=1743530500&utmhn=modified.testbed.localhost&utme=8(isMember*4!JoinedOn)9(0*4!0)11(1*4!1)&utmcs=UTF-8&utmsr=1024x768&utmvp=989x748&utmsc=24-bit&utmul=en-us&utmje=1&utmfl=-&utmdt=FC2%20-%E7%84%A1%E6%96%99%E3%83%96%E3%83%AD%E3%82%B0%20%",
         "id" : "r33",
         "comps" : [],
         "download" : {
            "receiveFirst" : 6,
            "len" : 35,
            "dns" : 0,
            "dnsEnd" : 4,
            "receiveHeadersEnd" : 34,
            "sslEnd" : 25,
            "connectEnd" : 26,
            "connectStart" : 0,
            "id" : "download_33",
            "receivedTime" : "625.031000003219",
            "sslStart" : 10,
            "dnsStart" : 4,
            "receiveLast" : 591.031000003219,
            "s_time" : 589.408999774605,
            "sendEnd" : 28,
            "sendStart" : 26,
            "type" : "image/gif"
         }
      }
   ],
   "deps" : [
      {
         "a2" : "r1_c2",
         "time" : -1,
         "id" : "dep1",
         "a1" : "comp_3"
      },
      {
         "a2" : "r1_c3",
         "time" : -1,
         "id" : "dep2",
         "a1" : "comp_4"
      },
      {
         "a2" : "r1_c4",
         "time" : -1,
         "id" : "dep3",
         "a1" : "comp_6"
      },
      {
         "a2" : "r1_c5",
         "time" : -1,
         "id" : "dep4",
         "a1" : "comp_9"
      },
      {
         "a2" : "r1_c6",
         "time" : -1,
         "id" : "dep5",
         "a1" : "comp_11"
      },
      {
         "a2" : "r1_c7",
         "time" : -1,
         "id" : "dep6",
         "a1" : "comp_13"
      },
      {
         "a2" : "comp_3",
         "time" : -1,
         "id" : "dep7",
         "a1" : "comp_0"
      },
      {
         "a2" : "comp_3",
         "time" : -1,
         "id" : "dep8",
         "a1" : "comp_1"
      },
      {
         "a2" : "comp_3",
         "time" : -1,
         "id" : "dep9",
         "a1" : "comp_2"
      },
      {
         "a2" : "comp_4",
         "time" : -1,
         "id" : "dep10",
         "a1" : "comp_3"
      },
      {
         "a2" : "comp_6",
         "time" : -1,
         "id" : "dep11",
         "a1" : "comp_4"
      },
      {
         "a2" : "comp_9",
         "time" : -1,
         "id" : "dep12",
         "a1" : "comp_6"
      },
      {
         "a2" : "comp_11",
         "time" : -1,
         "id" : "dep13",
         "a1" : "comp_9"
      },
      {
         "a2" : "comp_11",
         "time" : -1,
         "id" : "dep14",
         "a1" : "comp_8"
      },
      {
         "a2" : "comp_13",
         "time" : -1,
         "id" : "dep15",
         "a1" : "comp_11"
      },
      {
         "a2" : "r16_c2",
         "time" : -1,
         "id" : "dep16",
         "a1" : "comp_38"
      },
      {
         "a2" : "download_33",
         "time" : -1,
         "id" : "dep17",
         "a1" : "r1_c7"
      },
      {
         "a2" : "download_32",
         "time" : 0.853999983518975,
         "id" : "dep18",
         "a1" : "r31_c1"
      },
      {
         "a2" : "download_31",
         "time" : -1,
         "id" : "dep19",
         "a1" : "r1_c7"
      },
      {
         "a2" : "download_30",
         "time" : 356.519999913872,
         "id" : "dep20",
         "a1" : "r1_c7"
      },
      {
         "a2" : "download_29",
         "time" : 356.360000092537,
         "id" : "dep21",
         "a1" : "r1_c7"
      },
      {
         "a2" : "download_28",
         "time" : 350.590999703855,
         "id" : "dep22",
         "a1" : "r1_c7"
      },
      {
         "a2" : "download_27",
         "time" : 298.039000015705,
         "id" : "dep23",
         "a1" : "r1_c7"
      },
      {
         "a2" : "download_26",
         "time" : 2.04499997198599,
         "id" : "dep24",
         "a1" : "r12_c1"
      },
      {
         "a2" : "download_26",
         "time" : 44.8219999670985,
         "id" : "dep25",
         "a1" : "r1_c7"
      },
      {
         "a2" : "download_25",
         "time" : 1.42999971285499,
         "id" : "dep26",
         "a1" : "r12_c1"
      },
      {
         "a2" : "download_25",
         "time" : 44.2069997079675,
         "id" : "dep27",
         "a1" : "r1_c7"
      },
      {
         "a2" : "download_24",
         "time" : 25.9259999729693,
         "id" : "dep28",
         "a1" : "r1_c7"
      },
      {
         "a2" : "download_23",
         "time" : 22.2559999674558,
         "id" : "dep29",
         "a1" : "r1_c7"
      },
      {
         "a2" : "download_22",
         "time" : 21.4180001057684,
         "id" : "dep30",
         "a1" : "r1_c7"
      },
      {
         "a2" : "download_21",
         "time" : 20.8509997464716,
         "id" : "dep31",
         "a1" : "r1_c7"
      },
      {
         "a2" : "download_20",
         "time" : 5.24199986830349,
         "id" : "dep32",
         "a1" : "r1_c7"
      },
      {
         "a2" : "download_20",
         "time" : 5.24199986830349,
         "id" : "dep33",
         "a1" : "r1_c7"
      },
      {
         "a2" : "download_19",
         "time" : 5.5459998548031,
         "id" : "dep34",
         "a1" : "r1_c7"
      },
      {
         "a2" : "download_18",
         "time" : 6.4779999665916,
         "id" : "dep35",
         "a1" : "r1_c7"
      },
      {
         "a2" : "download_17",
         "time" : 6.4320000819862,
         "id" : "dep36",
         "a1" : "r1_c7"
      },
      {
         "a2" : "download_16",
         "time" : 4.7749998047948,
         "id" : "dep37",
         "a1" : "r1_c7"
      },
      {
         "a2" : "download_15",
         "time" : 4.2329998686909,
         "id" : "dep38",
         "a1" : "r1_c7"
      },
      {
         "a2" : "download_14",
         "time" : 4.5460001565516,
         "id" : "dep39",
         "a1" : "r1_c7"
      },
      {
         "a2" : "download_13",
         "time" : 3.73800005763769,
         "id" : "dep40",
         "a1" : "r1_c7"
      },
      {
         "a2" : "download_12",
         "time" : 3.49699985235929,
         "id" : "dep41",
         "a1" : "r1_c7"
      },
      {
         "a2" : "download_11",
         "time" : 3.2190000638365,
         "id" : "dep42",
         "a1" : "r1_c7"
      },
      {
         "a2" : "download_10",
         "time" : -1,
         "id" : "dep43",
         "a1" : "r1_c1"
      },
      {
         "a2" : "download_9",
         "time" : -1,
         "id" : "dep44",
         "a1" : "r1_c1"
      },
      {
         "a2" : "download_8",
         "time" : 3.4199999645352,
         "id" : "dep45",
         "a1" : "r1_c1"
      },
      {
         "a2" : "download_7",
         "time" : 3.1380001455545,
         "id" : "dep46",
         "a1" : "r1_c1"
      },
      {
         "a2" : "download_6",
         "time" : 2.4660001508892,
         "id" : "dep47",
         "a1" : "r1_c1"
      },
      {
         "a2" : "download_5",
         "time" : 2.1239998750389,
         "id" : "dep48",
         "a1" : "r1_c1"
      },
      {
         "a2" : "download_4",
         "time" : 1.8060002475977,
         "id" : "dep49",
         "a1" : "r1_c1"
      },
      {
         "a2" : "download_3",
         "time" : 1.4860001392662,
         "id" : "dep50",
         "a1" : "r1_c1"
      },
      {
         "a2" : "download_2",
         "time" : 1.1860001832247,
         "id" : "dep51",
         "a1" : "r1_c1"
      },
      {
         "a2" : "download_1",
         "time" : 0.692999921739098,
         "id" : "dep52",
         "a1" : "r1_c1"
      }
   ]
}
