{
   "n_download_no_trigger" : 1,
   "start_activity" : "download_0",
   "name" : "modified.testbed.localhost_www.google.fr_",
   "load_activity" : -1,
   "objs" : [
      {
         "when_comp_start" : 1,
         "url" : "http://modified.testbed.localhost/www.google.fr/",
         "id" : "r1",
         "comps" : [
            {
               "s_time" : 86.0080001875758,
               "time" : 25.5009997636082,
               "type" : "evalhtml",
               "id" : "r1_c1",
               "e_time" : 111.508999951184
            }
         ],
         "download" : {
            "receiveFirst" : 43,
            "len" : 11409,
            "dns" : 0,
            "dnsEnd" : -1,
            "receiveHeadersEnd" : 47,
            "sslEnd" : -1,
            "connectEnd" : 4,
            "connectStart" : 0,
            "id" : "download_0",
            "receivedTime" : "85.6949998997152",
            "sslStart" : -1,
            "dnsStart" : -1,
            "receiveLast" : 38.6949998997152,
            "s_time" : 0,
            "sendEnd" : 4,
            "sendStart" : 4,
            "type" : "text/html"
         }
      },
      {
         "when_comp_start" : -1,
         "url" : "http://modified.testbed.localhost/www.google.fr/logos/doodles/2016/48th-anniversary-of-first-tv-broadcasting-of-les-shadoks-6231897669632000-5669283816275968-ror.gif",
         "id" : "r2",
         "comps" : [],
         "download" : {
            "receiveFirst" : 44,
            "len" : 152022,
            "dns" : 0,
            "dnsEnd" : -1,
            "receiveHeadersEnd" : 46,
            "sslEnd" : -1,
            "connectEnd" : 1,
            "connectStart" : 0,
            "id" : "download_1",
            "receivedTime" : "308.550999965519",
            "sslStart" : -1,
            "dnsStart" : -1,
            "receiveLast" : 262.550999965519,
            "s_time" : 93.745999969542,
            "sendEnd" : 2,
            "sendStart" : 1,
            "type" : "image/gif"
         }
      },
      {
         "when_comp_start" : 1,
         "url" : "http://modified.testbed.localhost/client_204?&atyp=i&biw=1004&bih=716&ei=pI8iV7OrLMqr-AGGyo2gAQ",
         "id" : "r3",
         "comps" : [],
         "download" : {
            "receiveFirst" : 48,
            "len" : 300,
            "dns" : 0,
            "dnsEnd" : -1,
            "receiveHeadersEnd" : 49,
            "sslEnd" : -1,
            "connectEnd" : 1,
            "connectStart" : 0,
            "id" : "download_2",
            "receivedTime" : "148.616999853402",
            "sslStart" : -1,
            "dnsStart" : -1,
            "receiveLast" : 99.6169998534024,
            "s_time" : 98.5909998416901,
            "sendEnd" : 1,
            "sendStart" : 1,
            "type" : "text/html"
         }
      },
      {
         "when_comp_start" : -1,
         "url" : "http://modified.testbed.localhost/www.google.fr/images/nav_logo229.png",
         "id" : "r4",
         "comps" : [],
         "download" : {
            "receiveFirst" : 45,
            "len" : 17284,
            "dns" : 0,
            "dnsEnd" : -1,
            "receiveHeadersEnd" : 46,
            "sslEnd" : -1,
            "connectEnd" : 1,
            "connectStart" : 0,
            "id" : "download_3",
            "receivedTime" : "198.904999997467",
            "sslStart" : -1,
            "dnsStart" : -1,
            "receiveLast" : 152.904999997467,
            "s_time" : 111.508999951184,
            "sendEnd" : 1,
            "sendStart" : 1,
            "type" : "image/png"
         }
      }
   ],
   "deps" : [
      {
         "a2" : "download_3",
         "time" : -1,
         "id" : "dep1",
         "a1" : "r1_c1"
      },
      {
         "a2" : "download_2",
         "time" : 12.5829996541143,
         "id" : "dep2",
         "a1" : "r1_c1"
      },
      {
         "a2" : "download_1",
         "time" : 7.7379997819662,
         "id" : "dep3",
         "a1" : "r1_c1"
      }
   ]
}
