{
   "n_download_no_trigger" : 1,
   "start_activity" : "download_0",
   "name" : "modified.testbed.localhost_www.tumblr.com_",
   "load_activity" : -1,
   "objs" : [
      {
         "when_comp_start" : 1,
         "url" : "http://modified.testbed.localhost/www.tumblr.com/",
         "id" : "r1",
         "comps" : [
            {
               "s_time" : 44.2820000462234,
               "time" : -957708030.027,
               "id" : "r1_c1",
               "type" : "evalhtml",
               "e_time" : -957707985.745
            },
            {
               "s_time" : 65.8410000614822,
               "time" : -957708051.586,
               "id" : "r1_c2",
               "type" : "evalhtml",
               "e_time" : -957707985.745
            },
            {
               "s_time" : 67.4870000220835,
               "time" : -957708053.232,
               "id" : "r1_c3",
               "type" : "evalhtml",
               "e_time" : -957707985.745
            },
            {
               "s_time" : 67.6190000958741,
               "time" : -957708053.364,
               "id" : "r1_c4",
               "type" : "evalhtml",
               "e_time" : -957707985.745
            },
            {
               "s_time" : 174.560000072233,
               "time" : -957708160.305,
               "id" : "r1_c5",
               "type" : "evalhtml",
               "e_time" : -957707985.745
            },
            {
               "s_time" : 200.854000053369,
               "time" : -957708186.599,
               "id" : "r1_c6",
               "type" : "evalhtml",
               "e_time" : -957707985.745
            },
            {
               "s_time" : 201.047000009567,
               "time" : -957708186.792,
               "id" : "r1_c7",
               "type" : "evalhtml",
               "e_time" : -957707985.745
            },
            {
               "s_time" : 201.274999999441,
               "time" : -957708187.02,
               "id" : "r1_c8",
               "type" : "evalhtml",
               "e_time" : -957707985.745
            },
            {
               "s_time" : 201.446000020951,
               "time" : -957708187.191,
               "id" : "r1_c9",
               "type" : "evalhtml",
               "e_time" : -957707985.745
            },
            {
               "s_time" : 201.662000035867,
               "time" : 0.281000044196986,
               "type" : "evalhtml",
               "id" : "r1_c10",
               "e_time" : 201.943000080064
            }
         ],
         "download" : {
            "receiveFirst" : 3,
            "len" : 73121,
            "dns" : 0,
            "dnsEnd" : -1,
            "receiveHeadersEnd" : 4,
            "sslEnd" : -1,
            "connectEnd" : 1,
            "connectStart" : 0,
            "id" : "download_0",
            "receivedTime" : "43.7950000632554",
            "sslStart" : -1,
            "dnsStart" : -1,
            "receiveLast" : 39.7950000632554,
            "s_time" : 0,
            "sendEnd" : 1,
            "sendStart" : 1,
            "type" : "text/html"
         }
      }
   ],
   "deps" : [
      {
         "a2" : "r1_c2",
         "time" : -1,
         "id" : "dep1",
         "a1" : "comp_12"
      },
      {
         "a2" : "r1_c3",
         "time" : -1,
         "id" : "dep2",
         "a1" : "comp_15"
      },
      {
         "a2" : "r1_c4",
         "time" : -1,
         "id" : "dep3",
         "a1" : "comp_16"
      },
      {
         "a2" : "r1_c5",
         "time" : -1,
         "id" : "dep4",
         "a1" : "comp_40"
      },
      {
         "a2" : "r1_c6",
         "time" : -1,
         "id" : "dep5",
         "a1" : "comp_56"
      },
      {
         "a2" : "r1_c7",
         "time" : -1,
         "id" : "dep6",
         "a1" : "comp_57"
      },
      {
         "a2" : "r1_c8",
         "time" : -1,
         "id" : "dep7",
         "a1" : "comp_58"
      },
      {
         "a2" : "r1_c9",
         "time" : -1,
         "id" : "dep8",
         "a1" : "comp_59"
      },
      {
         "a2" : "r1_c10",
         "time" : -1,
         "id" : "dep9",
         "a1" : "comp_60"
      }
   ]
}
