{
   "n_download_no_trigger" : 1,
   "start_activity" : "download_0",
   "name" : "modified.testbed.localhost_www.pinterest.com_",
   "load_activity" : -1,
   "objs" : [
      {
         "when_comp_start" : 1,
         "url" : "http://modified.testbed.localhost/www.pinterest.com/",
         "id" : "r1",
         "comps" : [
            {
               "s_time" : 55.1210000412539,
               "time" : 244.37199998647,
               "type" : "evalhtml",
               "id" : "r1_c1",
               "e_time" : 299.493000027724
            }
         ],
         "download" : {
            "receiveFirst" : 3,
            "len" : 224389,
            "dns" : 0,
            "dnsEnd" : -1,
            "receiveHeadersEnd" : 3,
            "sslEnd" : -1,
            "connectEnd" : 0,
            "connectStart" : 0,
            "id" : "download_0",
            "receivedTime" : "54.6710001071915",
            "sslStart" : -1,
            "dnsStart" : -1,
            "receiveLast" : 51.6710001071915,
            "s_time" : 0,
            "sendEnd" : 0,
            "sendStart" : 0,
            "type" : "text/html"
         }
      },
      {
         "when_comp_start" : -1,
         "url" : "http://modified.testbed.localhost/s-passets-cache-ak0.pinimg.com/webapp/style/sprites/webapp-common-above_the_fold-1x-7b1b4267.png",
         "id" : "r3",
         "comps" : [],
         "download" : {
            "receiveFirst" : 4,
            "len" : 16778,
            "dns" : 0,
            "dnsEnd" : -1,
            "receiveHeadersEnd" : 5,
            "sslEnd" : -1,
            "connectEnd" : 1,
            "connectStart" : 0,
            "id" : "download_1",
            "receivedTime" : "72.3490000236779",
            "sslStart" : -1,
            "dnsStart" : -1,
            "receiveLast" : 67.3490000236779,
            "s_time" : 56.3900000415742,
            "sendEnd" : 1,
            "sendStart" : 1,
            "type" : "image/png"
         }
      },
      {
         "when_comp_start" : -1,
         "url" : "http://modified.testbed.localhost/s-passets-cache-ak0.pinimg.com/webapp/js/external-core-1-c54ae669.js",
         "id" : "r4",
         "comps" : [],
         "download" : {
            "receiveFirst" : 3,
            "len" : 125431,
            "dns" : 0,
            "dnsEnd" : -1,
            "receiveHeadersEnd" : 10,
            "sslEnd" : -1,
            "connectEnd" : 7,
            "connectStart" : 0,
            "id" : "download_2",
            "receivedTime" : "121.117000002414",
            "sslStart" : -1,
            "dnsStart" : -1,
            "receiveLast" : 111.117000002414,
            "s_time" : 62.720000045374,
            "sendEnd" : 7,
            "sendStart" : 7,
            "type" : "application/javascript"
         }
      },
      {
         "when_comp_start" : -1,
         "url" : "http://modified.testbed.localhost/s-passets-cache-ak0.pinimg.com/webapp/js/external-core-2-3522fe5e.js",
         "id" : "r5",
         "comps" : [],
         "download" : {
            "receiveFirst" : 5,
            "len" : 173798,
            "dns" : 0,
            "dnsEnd" : -1,
            "receiveHeadersEnd" : 12,
            "sslEnd" : -1,
            "connectEnd" : 7,
            "connectStart" : 0,
            "id" : "download_3",
            "receivedTime" : "351.997000048868",
            "sslStart" : -1,
            "dnsStart" : -1,
            "receiveLast" : 339.997000048868,
            "s_time" : 63.0580000579357,
            "sendEnd" : 7,
            "sendStart" : 7,
            "type" : "application/javascript"
         }
      },
      {
         "when_comp_start" : -1,
         "url" : "http://modified.testbed.localhost/s-passets-cache-ak0.pinimg.com/webapp/js/entryChunk-core-3de52796.js",
         "id" : "r6",
         "comps" : [],
         "download" : {
            "receiveFirst" : 8,
            "len" : 804053,
            "dns" : 0,
            "dnsEnd" : -1,
            "receiveHeadersEnd" : 15,
            "sslEnd" : -1,
            "connectEnd" : 7,
            "connectStart" : 0,
            "id" : "download_4",
            "receivedTime" : "885.380000108853",
            "sslStart" : -1,
            "dnsStart" : -1,
            "receiveLast" : 870.380000108853,
            "s_time" : 63.4710000595078,
            "sendEnd" : 7,
            "sendStart" : 7,
            "type" : "application/javascript"
         }
      },
      {
         "when_comp_start" : -1,
         "url" : "http://modified.testbed.localhost/s-passets-cache-ak0.pinimg.com/webapp/js/vendor-react-0129350c.js",
         "id" : "r7",
         "comps" : [],
         "download" : {
            "receiveFirst" : 14,
            "len" : 181119,
            "dns" : 0,
            "dnsEnd" : -1,
            "receiveHeadersEnd" : 21,
            "sslEnd" : -1,
            "connectEnd" : 7,
            "connectStart" : 0,
            "id" : "download_5",
            "receivedTime" : "468.328000046313",
            "sslStart" : -1,
            "dnsStart" : -1,
            "receiveLast" : 447.328000046313,
            "s_time" : 63.7770000612363,
            "sendEnd" : 7,
            "sendStart" : 7,
            "type" : "application/javascript"
         }
      },
      {
         "when_comp_start" : -1,
         "url" : "http://modified.testbed.localhost/s-passets-cache-ak0.pinimg.com/webapp/js/entryChunk-react-common-6c163842.js",
         "id" : "r8",
         "comps" : [],
         "download" : {
            "receiveFirst" : 16,
            "len" : 1508861,
            "dns" : 0,
            "dnsEnd" : -1,
            "receiveHeadersEnd" : 23,
            "sslEnd" : -1,
            "connectEnd" : 6,
            "connectStart" : 0,
            "id" : "download_6",
            "receivedTime" : "1426.82400008198",
            "sslStart" : -1,
            "dnsStart" : -1,
            "receiveLast" : 1403.82400008198,
            "s_time" : 64.1350001096725,
            "sendEnd" : 7,
            "sendStart" : 6,
            "type" : "application/javascript"
         }
      },
      {
         "when_comp_start" : -1,
         "url" : "http://modified.testbed.localhost/s-passets-cache-ak0.pinimg.com/webapp/style/app/common/scss/bundle-desktop-main-3c299bab.css",
         "id" : "r9",
         "comps" : [
            {
               "s_time" : 100.171000114642,
               "time" : 6.78399996832,
               "type" : 4,
               "id" : "comp_4",
               "e_time" : 106.955000082962
            }
         ],
         "download" : {
            "receiveFirst" : 18,
            "len" : 35772,
            "dns" : 0,
            "dnsEnd" : -1,
            "receiveHeadersEnd" : 24,
            "sslEnd" : -1,
            "connectEnd" : 6,
            "connectStart" : 0,
            "id" : "download_7",
            "receivedTime" : "99.6220000088215",
            "sslStart" : -1,
            "dnsStart" : -1,
            "receiveLast" : 75.6220000088215,
            "s_time" : 64.5510000176728,
            "sendEnd" : 6,
            "sendStart" : 6,
            "type" : "text/css"
         }
      },
      {
         "when_comp_start" : -1,
         "url" : "http://modified.testbed.localhost/s-passets-cache-ak0.pinimg.com/webapp/style/app/common/scss/bundle-desktop-modules0-30688aa1.css",
         "id" : "r10",
         "comps" : [
            {
               "s_time" : 518.261000048369,
               "time" : 70.7849999889729,
               "type" : null,
               "id" : "comp_20",
               "e_time" : 589.046000037342
            }
         ],
         "download" : {
            "receiveFirst" : 22,
            "len" : 383434,
            "dns" : 0,
            "dnsEnd" : -1,
            "receiveHeadersEnd" : 57,
            "sslEnd" : -1,
            "connectEnd" : 35,
            "connectStart" : 0,
            "id" : "download_8",
            "receivedTime" : "517.954000039026",
            "sslStart" : -1,
            "dnsStart" : -1,
            "receiveLast" : 460.954000039026,
            "s_time" : 64.8849999997765,
            "sendEnd" : 35,
            "sendStart" : 35,
            "type" : "text/css"
         }
      },
      {
         "when_comp_start" : -1,
         "url" : "http://modified.testbed.localhost/s-passets-cache-ak0.pinimg.com/webapp/style/app/common/scss/bundle-desktop-modules1-4ad1ed57.css",
         "id" : "r11",
         "comps" : [
            {
               "s_time" : 591.774000087753,
               "time" : 57.5909999897699,
               "type" : null,
               "id" : "comp_21",
               "e_time" : 649.365000077523
            }
         ],
         "download" : {
            "receiveFirst" : 23,
            "len" : 329433,
            "dns" : 0,
            "dnsEnd" : -1,
            "receiveHeadersEnd" : 79,
            "sslEnd" : -1,
            "connectEnd" : 56,
            "connectStart" : 0,
            "id" : "download_9",
            "receivedTime" : "591.482000076212",
            "sslStart" : -1,
            "dnsStart" : -1,
            "receiveLast" : 512.482000076212,
            "s_time" : 65.1740001048893,
            "sendEnd" : 56,
            "sendStart" : 56,
            "type" : "text/css"
         }
      },
      {
         "when_comp_start" : -1,
         "url" : "http://modified.testbed.localhost/s-passets-cache-ak0.pinimg.com/webapp/style/app/common/scss/bundle-desktop-modules2-c82d0ec7.css",
         "id" : "r12",
         "comps" : [
            {
               "s_time" : 650.748000014573,
               "time" : 81.835000077263,
               "type" : null,
               "id" : "comp_22",
               "e_time" : 732.583000091836
            }
         ],
         "download" : {
            "receiveFirst" : 21,
            "len" : 298908,
            "dns" : 0,
            "dnsEnd" : -1,
            "receiveHeadersEnd" : 113,
            "sslEnd" : -1,
            "connectEnd" : 92,
            "connectStart" : 0,
            "id" : "download_10",
            "receivedTime" : "650.502000004053",
            "sslStart" : -1,
            "dnsStart" : -1,
            "receiveLast" : 537.502000004053,
            "s_time" : 65.5980000738055,
            "sendEnd" : 92,
            "sendStart" : 92,
            "type" : "text/css"
         }
      },
      {
         "when_comp_start" : -1,
         "url" : "http://modified.testbed.localhost/s-passets-cache-ak0.pinimg.com/webapp/style/app/common/scss/bundle-desktop-modules3-f2372421.css",
         "id" : "r13",
         "comps" : [
            {
               "s_time" : 483.439000090584,
               "time" : 34.244999988005,
               "type" : null,
               "id" : "comp_19",
               "e_time" : 517.684000078589
            }
         ],
         "download" : {
            "receiveFirst" : 24,
            "len" : 197533,
            "dns" : 0,
            "dnsEnd" : -1,
            "receiveHeadersEnd" : 122,
            "sslEnd" : -1,
            "connectEnd" : 97,
            "connectStart" : 0,
            "id" : "download_11",
            "receivedTime" : "483.264000038616",
            "sslStart" : -1,
            "dnsStart" : -1,
            "receiveLast" : 361.264000038616,
            "s_time" : 65.9450000384822,
            "sendEnd" : 98,
            "sendStart" : 97,
            "type" : "text/css"
         }
      },
      {
         "when_comp_start" : -1,
         "url" : "http://modified.testbed.localhost/s-passets-cache-ak0.pinimg.com/webapp/style/app/common/images/inspired-desktop/bg_collect_grid-67cf3749.jpg",
         "id" : "r14",
         "comps" : [],
         "download" : {
            "receiveFirst" : 23,
            "len" : 88344,
            "dns" : 0,
            "dnsEnd" : -1,
            "receiveHeadersEnd" : 238,
            "sslEnd" : -1,
            "connectEnd" : 215,
            "connectStart" : 0,
            "id" : "download_12",
            "receivedTime" : "733.0480000237",
            "sslStart" : -1,
            "dnsStart" : -1,
            "receiveLast" : 495.0480000237,
            "s_time" : 67.3570000799373,
            "sendEnd" : 215,
            "sendStart" : 215,
            "type" : "image/jpeg"
         }
      },
      {
         "when_comp_start" : -1,
         "url" : "http://modified.testbed.localhost/s-passets-cache-ak0.pinimg.com/webapp/style/app/common/images/inspired-desktop/bg_collect-c2d27202.jpg",
         "id" : "r15",
         "comps" : [],
         "download" : {
            "receiveFirst" : 29,
            "len" : 25714,
            "dns" : 0,
            "dnsEnd" : -1,
            "receiveHeadersEnd" : 247,
            "sslEnd" : -1,
            "connectEnd" : 218,
            "connectStart" : 0,
            "id" : "download_13",
            "receivedTime" : "649.888000101782",
            "sslStart" : -1,
            "dnsStart" : -1,
            "receiveLast" : 402.888000101782,
            "s_time" : 67.7630000282079,
            "sendEnd" : 218,
            "sendStart" : 218,
            "type" : "image/jpeg"
         }
      },
      {
         "when_comp_start" : -1,
         "url" : "http://modified.testbed.localhost/s-passets-cache-ak0.pinimg.com/webapp/style/sprites/webapp-common-desktop-1x-c5ba9c3c.png",
         "id" : "r17",
         "comps" : [],
         "download" : {
            "receiveFirst" : 4,
            "len" : 44330,
            "dns" : 0,
            "dnsEnd" : -1,
            "receiveHeadersEnd" : 5,
            "sslEnd" : -1,
            "connectEnd" : 1,
            "connectStart" : 0,
            "id" : "download_14",
            "receivedTime" : "1192.65700003598",
            "sslStart" : -1,
            "dnsStart" : -1,
            "receiveLast" : 1187.65700003598,
            "s_time" : 717.539000092074,
            "sendEnd" : 1,
            "sendStart" : 1,
            "type" : "image/png"
         }
      },
      {
         "when_comp_start" : -1,
         "url" : "http://modified.testbed.localhost/s-passets-cache-ak0.pinimg.com/webapp/style/sprites/webapp-common-above_the_fold-1x-7b1b4267.png",
         "id" : "r16",
         "comps" : [],
         "download" : {
            "receiveFirst" : 5,
            "len" : 16778,
            "dns" : 0,
            "dnsEnd" : -1,
            "receiveHeadersEnd" : 7,
            "sslEnd" : -1,
            "connectEnd" : 2,
            "connectStart" : 0,
            "id" : "download_15",
            "receivedTime" : "1192.34600011259",
            "sslStart" : -1,
            "dnsStart" : -1,
            "receiveLast" : 1185.34600011259,
            "s_time" : 716.329000075348,
            "sendEnd" : 2,
            "sendStart" : 2,
            "type" : "image/png"
         }
      },
      {
         "when_comp_start" : -1,
         "url" : "http://modified.testbed.localhost/s-passets-cache-ak0.pinimg.com/webapp/style/sprites/webapp-common-main-1x-391fb06e.png",
         "id" : "r18",
         "comps" : [],
         "download" : {
            "receiveFirst" : 3,
            "len" : 17620,
            "dns" : 0,
            "dnsEnd" : -1,
            "receiveHeadersEnd" : 3,
            "sslEnd" : -1,
            "connectEnd" : 0,
            "connectStart" : 0,
            "id" : "download_16",
            "receivedTime" : "1193.36000003386",
            "sslStart" : -1,
            "dnsStart" : -1,
            "receiveLast" : 1190.36000003386,
            "s_time" : 728.992000105791,
            "sendEnd" : 0,
            "sendStart" : 0,
            "type" : "image/png"
         }
      }
   ],
   "deps" : [
      {
         "a2" : "download_16",
         "time" : 78.244000091218,
         "id" : "dep1",
         "a1" : "comp_22"
      },
      {
         "a2" : "download_15",
         "time" : 65.581000060775,
         "id" : "dep2",
         "a1" : "comp_22"
      },
      {
         "a2" : "download_14",
         "time" : 66.7910000775011,
         "id" : "dep3",
         "a1" : "comp_22"
      },
      {
         "a2" : "download_13",
         "time" : 12.641999986954,
         "id" : "dep4",
         "a1" : "r1_c1"
      },
      {
         "a2" : "download_12",
         "time" : 12.2360000386834,
         "id" : "dep5",
         "a1" : "r1_c1"
      },
      {
         "a2" : "download_11",
         "time" : 10.8239999972283,
         "id" : "dep6",
         "a1" : "r1_c1"
      },
      {
         "a2" : "download_10",
         "time" : 10.4770000325516,
         "id" : "dep7",
         "a1" : "r1_c1"
      },
      {
         "a2" : "download_9",
         "time" : 10.0530000636354,
         "id" : "dep8",
         "a1" : "r1_c1"
      },
      {
         "a2" : "download_8",
         "time" : 9.7639999585226,
         "id" : "dep9",
         "a1" : "r1_c1"
      },
      {
         "a2" : "download_7",
         "time" : 9.42999997641891,
         "id" : "dep10",
         "a1" : "r1_c1"
      },
      {
         "a2" : "download_6",
         "time" : 9.0140000684186,
         "id" : "dep11",
         "a1" : "r1_c1"
      },
      {
         "a2" : "download_5",
         "time" : 8.6560000199824,
         "id" : "dep12",
         "a1" : "r1_c1"
      },
      {
         "a2" : "download_4",
         "time" : 8.3500000182539,
         "id" : "dep13",
         "a1" : "r1_c1"
      },
      {
         "a2" : "download_3",
         "time" : 7.9370000166818,
         "id" : "dep14",
         "a1" : "r1_c1"
      },
      {
         "a2" : "download_2",
         "time" : 7.5990000041201,
         "id" : "dep15",
         "a1" : "r1_c1"
      },
      {
         "a2" : "download_1",
         "time" : 1.2690000003203,
         "id" : "dep16",
         "a1" : "r1_c1"
      }
   ]
}
