{
   "n_download_no_trigger" : 1,
   "start_activity" : "download_0",
   "name" : "modified.testbed.localhost_www.nwupukkiverblyf.co.za_",
   "load_activity" : -1,
   "objs" : [
      {
         "when_comp_start" : 1,
         "url" : "http://modified.testbed.localhost/www.nwupukkiverblyf.co.za/",
         "id" : "r1",
         "comps" : [
            {
               "s_time" : 47.9879998601973,
               "time" : 65.8570001833137,
               "id" : "r1_c1",
               "type" : "evalhtml",
               "e_time" : 113.845000043511
            },
            {
               "s_time" : 170.17799988389,
               "time" : -3381528690.075,
               "id" : "r1_c2",
               "type" : "evalhtml",
               "e_time" : -3381528519.897
            },
            {
               "s_time" : 287.959000095725,
               "time" : -3381528807.856,
               "id" : "r1_c3",
               "type" : "evalhtml",
               "e_time" : -3381528519.897
            },
            {
               "s_time" : 345.960999839008,
               "time" : -3381528865.858,
               "id" : "r1_c4",
               "type" : "evalhtml",
               "e_time" : -3381528519.897
            },
            {
               "s_time" : 346.357999835163,
               "time" : 124.760000035167,
               "type" : "evalhtml",
               "id" : "r1_c5",
               "e_time" : 471.11799987033
            }
         ],
         "download" : {
            "receiveFirst" : 6,
            "len" : 28343,
            "dns" : 0,
            "dnsEnd" : -1,
            "receiveHeadersEnd" : 8,
            "sslEnd" : -1,
            "connectEnd" : 1,
            "connectStart" : 0,
            "id" : "download_0",
            "receivedTime" : "47.3159998655319",
            "sslStart" : -1,
            "dnsStart" : -1,
            "receiveLast" : 39.3159998655319,
            "s_time" : 0,
            "sendEnd" : 2,
            "sendStart" : 1,
            "type" : "text/html"
         }
      },
      {
         "when_comp_start" : -1,
         "url" : "http://modified.testbed.localhost/www.nwupukkiverblyf.co.za/js/jquery-ui-1.11.4.custom/jquery-ui.css",
         "id" : "r2",
         "comps" : [
            {
               "s_time" : 69.9249999597669,
               "time" : 6.08099997043611,
               "type" : 4,
               "id" : "comp_0",
               "e_time" : 76.005999930203
            }
         ],
         "download" : {
            "receiveFirst" : 7,
            "len" : 35212,
            "dns" : 0,
            "dnsEnd" : -1,
            "receiveHeadersEnd" : 18,
            "sslEnd" : -1,
            "connectEnd" : 11,
            "connectStart" : 0,
            "id" : "download_1",
            "receivedTime" : "69.7280000895262",
            "sslStart" : -1,
            "dnsStart" : -1,
            "receiveLast" : 51.7280000895262,
            "s_time" : 49.3230000138283,
            "sendEnd" : 11,
            "sendStart" : 11,
            "type" : "text/css"
         }
      },
      {
         "when_comp_start" : -1,
         "url" : "http://modified.testbed.localhost/www.nwupukkiverblyf.co.za/js/jquery.js",
         "id" : "r3",
         "comps" : [
            {
               "s_time" : 93.2960002683103,
               "time" : 76.8819996155797,
               "type" : 1,
               "id" : "comp_4",
               "e_time" : 170.17799988389
            }
         ],
         "download" : {
            "receiveFirst" : 4,
            "len" : 92629,
            "dns" : 0,
            "dnsEnd" : -1,
            "receiveHeadersEnd" : 18,
            "sslEnd" : -1,
            "connectEnd" : 13,
            "connectStart" : 0,
            "id" : "download_2",
            "receivedTime" : "93.042999971658",
            "sslStart" : -1,
            "dnsStart" : -1,
            "receiveLast" : 75.042999971658,
            "s_time" : 49.8379999771714,
            "sendEnd" : 14,
            "sendStart" : 13,
            "type" : "application/javascript"
         }
      },
      {
         "when_comp_start" : -1,
         "url" : "http://modified.testbed.localhost/www.nwupukkiverblyf.co.za/js/jquery-ui-1.11.4.custom/jquery-ui.min.js",
         "id" : "r4",
         "comps" : [
            {
               "s_time" : 175.129999872297,
               "time" : 112.829000223428,
               "type" : 1,
               "id" : "comp_8",
               "e_time" : 287.959000095725
            }
         ],
         "download" : {
            "receiveFirst" : 7,
            "len" : 240427,
            "dns" : 0,
            "dnsEnd" : -1,
            "receiveHeadersEnd" : 20,
            "sslEnd" : -1,
            "connectEnd" : 13,
            "connectStart" : 0,
            "id" : "download_3",
            "receivedTime" : "174.940000288188",
            "sslStart" : -1,
            "dnsStart" : -1,
            "receiveLast" : 154.940000288188,
            "s_time" : 50.3469998948276,
            "sendEnd" : 13,
            "sendStart" : 13,
            "type" : "application/javascript"
         }
      },
      {
         "when_comp_start" : -1,
         "url" : "http://modified.testbed.localhost/www.nwupukkiverblyf.co.za/css/bootstrap.css",
         "id" : "r5",
         "comps" : [
            {
               "s_time" : 173.97900018841,
               "time" : 0.523999799042997,
               "type" : 4,
               "id" : "comp_7",
               "e_time" : 174.502999987453
            }
         ],
         "download" : {
            "receiveFirst" : 8,
            "len" : 132425,
            "dns" : 0,
            "dnsEnd" : -1,
            "receiveHeadersEnd" : 21,
            "sslEnd" : -1,
            "connectEnd" : 13,
            "connectStart" : 0,
            "id" : "download_4",
            "receivedTime" : "173.834000248462",
            "sslStart" : -1,
            "dnsStart" : -1,
            "receiveLast" : 152.834000248462,
            "s_time" : 50.933999940753,
            "sendEnd" : 13,
            "sendStart" : 13,
            "type" : "text/css"
         }
      },
      {
         "when_comp_start" : -1,
         "url" : "http://modified.testbed.localhost/www.nwupukkiverblyf.co.za/css/bootstrap-responsive.css",
         "id" : "r6",
         "comps" : [
            {
               "s_time" : 81.8590000271797,
               "time" : 0.103999860584793,
               "type" : 4,
               "id" : "comp_1",
               "e_time" : 81.9629998877645
            }
         ],
         "download" : {
            "receiveFirst" : 8,
            "len" : 21709,
            "dns" : 0,
            "dnsEnd" : -1,
            "receiveHeadersEnd" : 20,
            "sslEnd" : -1,
            "connectEnd" : 12,
            "connectStart" : 0,
            "id" : "download_5",
            "receivedTime" : "81.5679999068379",
            "sslStart" : -1,
            "dnsStart" : -1,
            "receiveLast" : 61.5679999068379,
            "s_time" : 51.638999953866,
            "sendEnd" : 12,
            "sendStart" : 12,
            "type" : "text/css"
         }
      },
      {
         "when_comp_start" : -1,
         "url" : "http://modified.testbed.localhost/www.nwupukkiverblyf.co.za/css/font-awesome.min.css",
         "id" : "r7",
         "comps" : [
            {
               "s_time" : 85.0789998658001,
               "time" : 0.0579999759793992,
               "type" : 4,
               "id" : "comp_2",
               "e_time" : 85.1369998417795
            }
         ],
         "download" : {
            "receiveFirst" : 9,
            "len" : 15716,
            "dns" : 0,
            "dnsEnd" : -1,
            "receiveHeadersEnd" : 20,
            "sslEnd" : -1,
            "connectEnd" : 11,
            "connectStart" : 0,
            "id" : "download_6",
            "receivedTime" : "84.8550000227988",
            "sslStart" : -1,
            "dnsStart" : -1,
            "receiveLast" : 64.8550000227988,
            "s_time" : 52.3169999942183,
            "sendEnd" : 11,
            "sendStart" : 11,
            "type" : "text/css"
         }
      },
      {
         "when_comp_start" : -1,
         "url" : "http://modified.testbed.localhost/www.nwupukkiverblyf.co.za/css/colors.css",
         "id" : "r8",
         "comps" : [
            {
               "s_time" : 87.3079998418689,
               "time" : 0.0320002436637878,
               "type" : 4,
               "id" : "comp_3",
               "e_time" : 87.3400000855327
            }
         ],
         "download" : {
            "receiveFirst" : 13,
            "len" : 5265,
            "dns" : 0,
            "dnsEnd" : -1,
            "receiveHeadersEnd" : 28,
            "sslEnd" : -1,
            "connectEnd" : 15,
            "connectStart" : 0,
            "id" : "download_7",
            "receivedTime" : "87.0059998705983",
            "sslStart" : -1,
            "dnsStart" : -1,
            "receiveLast" : 59.0059998705983,
            "s_time" : 52.7280000969768,
            "sendEnd" : 15,
            "sendStart" : 15,
            "type" : "text/css"
         }
      },
      {
         "when_comp_start" : -1,
         "url" : "http://modified.testbed.localhost/www.nwupukkiverblyf.co.za/css/style.css",
         "id" : "r9",
         "comps" : [
            {
               "s_time" : 171.19299992919,
               "time" : 0.13200007379001,
               "type" : 4,
               "id" : "comp_6",
               "e_time" : 171.32500000298
            }
         ],
         "download" : {
            "receiveFirst" : 12,
            "len" : 18950,
            "dns" : 0,
            "dnsEnd" : -1,
            "receiveHeadersEnd" : 39,
            "sslEnd" : -1,
            "connectEnd" : 27,
            "connectStart" : 0,
            "id" : "download_8",
            "receivedTime" : "171.010000165552",
            "sslStart" : -1,
            "dnsStart" : -1,
            "receiveLast" : 132.010000165552,
            "s_time" : 53.1990001909435,
            "sendEnd" : 27,
            "sendStart" : 27,
            "type" : "text/css"
         }
      },
      {
         "when_comp_start" : -1,
         "url" : "http://modified.testbed.localhost/www.nwupukkiverblyf.co.za/js/bootstrap.min.js",
         "id" : "r15",
         "comps" : [
            {
               "s_time" : 331.631999928504,
               "time" : 14.328999910504,
               "type" : 1,
               "id" : "comp_13",
               "e_time" : 345.960999839008
            }
         ],
         "download" : {
            "receiveFirst" : 12,
            "len" : 28663,
            "dns" : 0,
            "dnsEnd" : -1,
            "receiveHeadersEnd" : 40,
            "sslEnd" : -1,
            "connectEnd" : 28,
            "connectStart" : 0,
            "id" : "download_9",
            "receivedTime" : "173.559000249952",
            "sslStart" : -1,
            "dnsStart" : -1,
            "receiveLast" : 133.559000249952,
            "s_time" : 54.7970002517104,
            "sendEnd" : 28,
            "sendStart" : 28,
            "type" : "application/javascript"
         }
      },
      {
         "when_comp_start" : -1,
         "url" : "http://modified.testbed.localhost/www.nwupukkiverblyf.co.za/js/custom.js",
         "id" : "r16",
         "comps" : [
            {
               "s_time" : 346.146000083536,
               "time" : 0.21199975162699,
               "type" : 1,
               "id" : "comp_15",
               "e_time" : 346.357999835163
            }
         ],
         "download" : {
            "receiveFirst" : 13,
            "len" : 202,
            "dns" : 0,
            "dnsEnd" : -1,
            "receiveHeadersEnd" : 42,
            "sslEnd" : -1,
            "connectEnd" : 29,
            "connectStart" : 0,
            "id" : "download_10",
            "receivedTime" : "172.317999880761",
            "sslStart" : -1,
            "dnsStart" : -1,
            "receiveLast" : 130.317999880761,
            "s_time" : 55.267000105232,
            "sendEnd" : 29,
            "sendStart" : 29,
            "type" : "application/javascript"
         }
      },
      {
         "when_comp_start" : -1,
         "url" : "http://modified.testbed.localhost/www.nwupukkiverblyf.co.za/images/pvlogo.png",
         "id" : "r10",
         "comps" : [],
         "download" : {
            "receiveFirst" : 11,
            "len" : 6687,
            "dns" : 0,
            "dnsEnd" : -1,
            "receiveHeadersEnd" : 48,
            "sslEnd" : -1,
            "connectEnd" : 37,
            "connectStart" : 0,
            "id" : "download_11",
            "receivedTime" : "173.233000095934",
            "sslStart" : -1,
            "dnsStart" : -1,
            "receiveLast" : 125.233000095934,
            "s_time" : 53.7220002152026,
            "sendEnd" : 37,
            "sendStart" : 37,
            "type" : "image/png"
         }
      },
      {
         "when_comp_start" : -1,
         "url" : "http://modified.testbed.localhost/www.nwupukkiverblyf.co.za/images/listings/lst2089_8800m_497938.jpg",
         "id" : "r11",
         "comps" : [],
         "download" : {
            "receiveFirst" : 8,
            "len" : 20703,
            "dns" : 0,
            "dnsEnd" : -1,
            "receiveHeadersEnd" : 12,
            "sslEnd" : -1,
            "connectEnd" : 4,
            "connectStart" : 0,
            "id" : "download_12",
            "receivedTime" : "465.088000055403",
            "sslStart" : -1,
            "dnsStart" : -1,
            "receiveLast" : 453.088000055403,
            "s_time" : 103.079000022262,
            "sendEnd" : 4,
            "sendStart" : 4,
            "type" : "image/jpeg"
         }
      },
      {
         "when_comp_start" : -1,
         "url" : "http://modified.testbed.localhost/www.nwupukkiverblyf.co.za/images/listings/lst1947_8800m_317068.jpg",
         "id" : "r12",
         "comps" : [],
         "download" : {
            "receiveFirst" : 3,
            "len" : 20703,
            "dns" : 0,
            "dnsEnd" : -1,
            "receiveHeadersEnd" : 8,
            "sslEnd" : -1,
            "connectEnd" : 5,
            "connectStart" : 0,
            "id" : "download_13",
            "receivedTime" : "465.747999958694",
            "sslStart" : -1,
            "dnsStart" : -1,
            "receiveLast" : 457.747999958694,
            "s_time" : 112.112000118941,
            "sendEnd" : 5,
            "sendStart" : 5,
            "type" : "image/jpeg"
         }
      },
      {
         "when_comp_start" : -1,
         "url" : "http://modified.testbed.localhost/www.nwupukkiverblyf.co.za/images/listings/lst1354_6384m_133345.jpg",
         "id" : "r13",
         "comps" : [],
         "download" : {
            "receiveFirst" : 5,
            "len" : 16179,
            "dns" : 0,
            "dnsEnd" : -1,
            "receiveHeadersEnd" : 9,
            "sslEnd" : -1,
            "connectEnd" : 4,
            "connectStart" : 0,
            "id" : "download_14",
            "receivedTime" : "466.227000113577",
            "sslStart" : -1,
            "dnsStart" : -1,
            "receiveLast" : 457.227000113577,
            "s_time" : 113.017000257969,
            "sendEnd" : 4,
            "sendStart" : 4,
            "type" : "image/jpeg"
         }
      },
      {
         "when_comp_start" : -1,
         "url" : "http://modified.testbed.localhost/placehold.it/370x210",
         "id" : "r14",
         "comps" : [],
         "download" : {
            "receiveFirst" : 7,
            "len" : 7084,
            "dns" : 0,
            "dnsEnd" : -1,
            "receiveHeadersEnd" : 10,
            "sslEnd" : -1,
            "connectEnd" : 3,
            "connectStart" : 0,
            "id" : "download_15",
            "receivedTime" : "469.665999989957",
            "sslStart" : -1,
            "dnsStart" : -1,
            "receiveLast" : 459.665999989957,
            "s_time" : 113.845000043511,
            "sendEnd" : 3,
            "sendStart" : 3,
            "type" : "image/png"
         }
      },
      {
         "when_comp_start" : -1,
         "url" : "http://modified.testbed.localhost/www.nwupukkiverblyf.co.za/images/potch.jpg",
         "id" : "r19",
         "comps" : [],
         "download" : {
            "receiveFirst" : 5,
            "len" : 162556,
            "dns" : 0,
            "dnsEnd" : -1,
            "receiveHeadersEnd" : 7,
            "sslEnd" : -1,
            "connectEnd" : 1,
            "connectStart" : 0,
            "id" : "download_16",
            "receivedTime" : "493.391999974847",
            "sslStart" : -1,
            "dnsStart" : -1,
            "receiveLast" : 486.391999974847,
            "s_time" : 360.983999911696,
            "sendEnd" : 2,
            "sendStart" : 1,
            "type" : "image/jpeg"
         }
      },
      {
         "when_comp_start" : -1,
         "url" : "http://modified.testbed.localhost/www.nwupukkiverblyf.co.za/images/more-icon.png",
         "id" : "r20",
         "comps" : [],
         "download" : {
            "receiveFirst" : 4,
            "len" : 56180,
            "dns" : 0,
            "dnsEnd" : -1,
            "receiveHeadersEnd" : 8,
            "sslEnd" : -1,
            "connectEnd" : 4,
            "connectStart" : 0,
            "id" : "download_17",
            "receivedTime" : "494.559000246227",
            "sslStart" : -1,
            "dnsStart" : -1,
            "receiveLast" : 486.559000246227,
            "s_time" : 375.124000012875,
            "sendEnd" : 4,
            "sendStart" : 4,
            "type" : "image/png"
         }
      },
      {
         "when_comp_start" : -1,
         "url" : "http://modified.testbed.localhost/www.nwupukkiverblyf.co.za/js/jquery-ui-1.11.4.custom/images/ui-bg_flat_75_ffffff_40x100.png",
         "id" : "r21",
         "comps" : [],
         "download" : {
            "receiveFirst" : 4,
            "len" : 208,
            "dns" : 0,
            "dnsEnd" : -1,
            "receiveHeadersEnd" : 6,
            "sslEnd" : -1,
            "connectEnd" : 2,
            "connectStart" : 0,
            "id" : "download_18",
            "receivedTime" : "494.938999880105",
            "sslStart" : -1,
            "dnsStart" : -1,
            "receiveLast" : 488.938999880105,
            "s_time" : 463.156000245363,
            "sendEnd" : 2,
            "sendStart" : 2,
            "type" : "image/png"
         }
      },
      {
         "when_comp_start" : -1,
         "url" : "http://modified.testbed.localhost/www.nwupukkiverblyf.co.za/font/fontawesome-webfont.woff%3Fv=3.0.1",
         "id" : "r17",
         "comps" : [],
         "download" : {
            "receiveFirst" : 4,
            "len" : 29380,
            "dns" : 0,
            "dnsEnd" : -1,
            "receiveHeadersEnd" : 5,
            "sslEnd" : -1,
            "connectEnd" : 1,
            "connectStart" : 0,
            "id" : "download_19",
            "receivedTime" : "495.525999926031",
            "sslStart" : -1,
            "dnsStart" : -1,
            "receiveLast" : 490.525999926031,
            "s_time" : 471.11799987033,
            "sendEnd" : 1,
            "sendStart" : 1,
            "type" : "application/octet-stream"
         }
      }
   ],
   "deps" : [
      {
         "a2" : "r1_c2",
         "time" : -1,
         "id" : "dep1",
         "a1" : "comp_4"
      },
      {
         "a2" : "r1_c3",
         "time" : -1,
         "id" : "dep2",
         "a1" : "comp_8"
      },
      {
         "a2" : "r1_c4",
         "time" : -1,
         "id" : "dep3",
         "a1" : "comp_13"
      },
      {
         "a2" : "r1_c5",
         "time" : -1,
         "id" : "dep4",
         "a1" : "comp_15"
      },
      {
         "a2" : "comp_4",
         "time" : -1,
         "id" : "dep5",
         "a1" : "comp_0"
      },
      {
         "a2" : "comp_8",
         "time" : -1,
         "id" : "dep6",
         "a1" : "comp_4"
      },
      {
         "a2" : "comp_15",
         "time" : -1,
         "id" : "dep7",
         "a1" : "comp_13"
      },
      {
         "a2" : "download_19",
         "time" : -1,
         "id" : "dep8",
         "a1" : "r1_c5"
      },
      {
         "a2" : "download_18",
         "time" : 116.7980004102,
         "id" : "dep9",
         "a1" : "r1_c5"
      },
      {
         "a2" : "download_17",
         "time" : 28.766000177712,
         "id" : "dep10",
         "a1" : "r1_c5"
      },
      {
         "a2" : "download_16",
         "time" : 14.626000076533,
         "id" : "dep11",
         "a1" : "r1_c5"
      },
      {
         "a2" : "download_15",
         "time" : -1,
         "id" : "dep12",
         "a1" : "r1_c1"
      },
      {
         "a2" : "download_14",
         "time" : 65.0290003977717,
         "id" : "dep13",
         "a1" : "r1_c1"
      },
      {
         "a2" : "download_13",
         "time" : 64.1240002587437,
         "id" : "dep14",
         "a1" : "r1_c1"
      },
      {
         "a2" : "download_12",
         "time" : 55.0910001620647,
         "id" : "dep15",
         "a1" : "r1_c1"
      },
      {
         "a2" : "download_11",
         "time" : 5.7340003550053,
         "id" : "dep16",
         "a1" : "r1_c1"
      },
      {
         "a2" : "download_10",
         "time" : 7.2790002450347,
         "id" : "dep17",
         "a1" : "r1_c1"
      },
      {
         "a2" : "download_9",
         "time" : 6.8090003915131,
         "id" : "dep18",
         "a1" : "r1_c1"
      },
      {
         "a2" : "download_8",
         "time" : 5.2110003307462,
         "id" : "dep19",
         "a1" : "r1_c1"
      },
      {
         "a2" : "download_7",
         "time" : 4.7400002367795,
         "id" : "dep20",
         "a1" : "r1_c1"
      },
      {
         "a2" : "download_6",
         "time" : 4.329000134021,
         "id" : "dep21",
         "a1" : "r1_c1"
      },
      {
         "a2" : "download_5",
         "time" : 3.6510000936687,
         "id" : "dep22",
         "a1" : "r1_c1"
      },
      {
         "a2" : "download_4",
         "time" : 2.9460000805557,
         "id" : "dep23",
         "a1" : "r1_c1"
      },
      {
         "a2" : "download_3",
         "time" : 2.3590000346303,
         "id" : "dep24",
         "a1" : "r1_c1"
      },
      {
         "a2" : "download_2",
         "time" : 1.8500001169741,
         "id" : "dep25",
         "a1" : "r1_c1"
      },
      {
         "a2" : "download_1",
         "time" : 1.335000153631,
         "id" : "dep26",
         "a1" : "r1_c1"
      }
   ]
}
