{
   "n_download_no_trigger" : 1,
   "start_activity" : "download_0",
   "name" : "modified.testbed.localhost_www.google.ru_",
   "load_activity" : -1,
   "objs" : [
      {
         "when_comp_start" : 1,
         "url" : "http://modified.testbed.localhost/www.google.ru/",
         "id" : "r1",
         "comps" : [
            {
               "s_time" : 21.3359999470413,
               "time" : 14.1659998334944,
               "type" : "evalhtml",
               "id" : "r1_c1",
               "e_time" : 35.5019997805357
            }
         ],
         "download" : {
            "receiveFirst" : 4,
            "len" : 11209,
            "dns" : 0,
            "dnsEnd" : -1,
            "receiveHeadersEnd" : 4,
            "sslEnd" : -1,
            "connectEnd" : 0,
            "connectStart" : 0,
            "id" : "download_0",
            "receivedTime" : "21.0179998539388",
            "sslStart" : -1,
            "dnsStart" : -1,
            "receiveLast" : 17.0179998539388,
            "s_time" : 0,
            "sendEnd" : 0,
            "sendStart" : 0,
            "type" : "text/html"
         }
      },
      {
         "when_comp_start" : -1,
         "url" : "http://modified.testbed.localhost/www.google.ru/textinputassistant/tia.png",
         "id" : "r2",
         "comps" : [],
         "download" : {
            "receiveFirst" : 2,
            "len" : 387,
            "dns" : 0,
            "dnsEnd" : -1,
            "receiveHeadersEnd" : 3,
            "sslEnd" : -1,
            "connectEnd" : 0,
            "connectStart" : 0,
            "id" : "download_1",
            "receivedTime" : "36.6709996014833",
            "sslStart" : -1,
            "dnsStart" : -1,
            "receiveLast" : 33.6709996014833,
            "s_time" : 27.1169999614358,
            "sendEnd" : 1,
            "sendStart" : 0,
            "type" : "image/png"
         }
      },
      {
         "when_comp_start" : 1,
         "url" : "http://modified.testbed.localhost/client_204?&atyp=i&biw=1004&bih=686&ei=NDUhV5vzJMimepmguIAF",
         "id" : "r3",
         "comps" : [],
         "download" : {
            "receiveFirst" : 3,
            "len" : 300,
            "dns" : 0,
            "dnsEnd" : -1,
            "receiveHeadersEnd" : 3,
            "sslEnd" : -1,
            "connectEnd" : 0,
            "connectStart" : 0,
            "id" : "download_2",
            "receivedTime" : "36.9939999654889",
            "sslStart" : -1,
            "dnsStart" : -1,
            "receiveLast" : 33.9939999654889,
            "s_time" : 28.3519998192787,
            "sendEnd" : 0,
            "sendStart" : 0,
            "type" : "text/html"
         }
      },
      {
         "when_comp_start" : -1,
         "url" : "http://modified.testbed.localhost/www.google.ru/images/branding/googlelogo/1x/googlelogo_white_background_color_272x92dp.png",
         "id" : "r4",
         "comps" : [],
         "download" : {
            "receiveFirst" : 3,
            "len" : 5482,
            "dns" : 0,
            "dnsEnd" : -1,
            "receiveHeadersEnd" : 3,
            "sslEnd" : -1,
            "connectEnd" : 0,
            "connectStart" : 0,
            "id" : "download_3",
            "receivedTime" : "37.1789997443557",
            "sslStart" : -1,
            "dnsStart" : -1,
            "receiveLast" : 34.1789997443557,
            "s_time" : 29.5619997195899,
            "sendEnd" : 0,
            "sendStart" : 0,
            "type" : "image/png"
         }
      },
      {
         "when_comp_start" : -1,
         "url" : "http://modified.testbed.localhost/www.google.ru/images/nav_logo229.png",
         "id" : "r5",
         "comps" : [],
         "download" : {
            "receiveFirst" : 3,
            "len" : 17284,
            "dns" : 0,
            "dnsEnd" : -1,
            "receiveHeadersEnd" : 3,
            "sslEnd" : -1,
            "connectEnd" : 0,
            "connectStart" : 0,
            "id" : "download_4",
            "receivedTime" : "41.6719997301698",
            "sslStart" : -1,
            "dnsStart" : -1,
            "receiveLast" : 38.6719997301698,
            "s_time" : 35.5019997805357,
            "sendEnd" : 0,
            "sendStart" : 0,
            "type" : "image/png"
         }
      }
   ],
   "deps" : [
      {
         "a2" : "download_4",
         "time" : -1,
         "id" : "dep1",
         "a1" : "r1_c1"
      },
      {
         "a2" : "download_3",
         "time" : 8.2259997725486,
         "id" : "dep2",
         "a1" : "r1_c1"
      },
      {
         "a2" : "download_2",
         "time" : 7.0159998722374,
         "id" : "dep3",
         "a1" : "r1_c1"
      },
      {
         "a2" : "download_1",
         "time" : 5.7810000143945,
         "id" : "dep4",
         "a1" : "r1_c1"
      }
   ]
}
