{
   "n_download_no_trigger" : 1,
   "start_activity" : "download_0",
   "name" : "modified.testbed.localhost_www.google.co.in_",
   "load_activity" : -1,
   "objs" : [
      {
         "when_comp_start" : 1,
         "url" : "http://modified.testbed.localhost/www.google.co.in/",
         "id" : "r1",
         "comps" : [
            {
               "s_time" : 46.0190000012517,
               "time" : 77.2700002416973,
               "type" : "evalhtml",
               "id" : "r1_c1",
               "e_time" : 123.289000242949
            }
         ],
         "download" : {
            "receiveFirst" : 4,
            "len" : 152025,
            "dns" : 0,
            "dnsEnd" : -1,
            "receiveHeadersEnd" : 5,
            "sslEnd" : -1,
            "connectEnd" : 1,
            "connectStart" : 0,
            "id" : "download_0",
            "receivedTime" : "45.460999943316",
            "sslStart" : -1,
            "dnsStart" : -1,
            "receiveLast" : 40.460999943316,
            "s_time" : 0,
            "sendEnd" : 1,
            "sendStart" : 1,
            "type" : "text/html"
         }
      },
      {
         "when_comp_start" : -1,
         "url" : "http://modified.testbed.localhost/www.google.co.in/images/branding/googlelogo/1x/googlelogo_white_background_color_272x92dp.png",
         "id" : "r2",
         "comps" : [],
         "download" : {
            "receiveFirst" : 4,
            "len" : 5482,
            "dns" : 0,
            "dnsEnd" : -1,
            "receiveHeadersEnd" : 5,
            "sslEnd" : -1,
            "connectEnd" : 1,
            "connectStart" : 0,
            "id" : "download_1",
            "receivedTime" : "122.996000107378",
            "sslStart" : -1,
            "dnsStart" : -1,
            "receiveLast" : 117.996000107378,
            "s_time" : 61.1270000226796,
            "sendEnd" : 1,
            "sendStart" : 1,
            "type" : "image/png"
         }
      },
      {
         "when_comp_start" : -1,
         "url" : "http://modified.testbed.localhost/www.google.co.in/images/nav_logo229.png",
         "id" : "r3",
         "comps" : [],
         "download" : {
            "receiveFirst" : 4,
            "len" : 17284,
            "dns" : 0,
            "dnsEnd" : -1,
            "receiveHeadersEnd" : 5,
            "sslEnd" : -1,
            "connectEnd" : 1,
            "connectStart" : 0,
            "id" : "download_2",
            "receivedTime" : "126.727000344545",
            "sslStart" : -1,
            "dnsStart" : -1,
            "receiveLast" : 121.727000344545,
            "s_time" : 72.5300000049174,
            "sendEnd" : 1,
            "sendStart" : 1,
            "type" : "image/png"
         }
      },
      {
         "when_comp_start" : 1,
         "url" : "http://modified.testbed.localhost/client_204?&atyp=i&biw=1004&bih=686&ei=YjQhV_bBKoLXeKOpmoAM",
         "id" : "r4",
         "comps" : [],
         "download" : {
            "receiveFirst" : 4,
            "len" : 300,
            "dns" : 0,
            "dnsEnd" : -1,
            "receiveHeadersEnd" : 6,
            "sslEnd" : -1,
            "connectEnd" : 2,
            "connectStart" : 0,
            "id" : "download_3",
            "receivedTime" : "129.511000122875",
            "sslStart" : -1,
            "dnsStart" : -1,
            "receiveLast" : 123.511000122875,
            "s_time" : 121.612000279129,
            "sendEnd" : 2,
            "sendStart" : 2,
            "type" : "text/html"
         }
      }
   ],
   "deps" : [
      {
         "a2" : "download_3",
         "time" : 75.5930002778773,
         "id" : "dep1",
         "a1" : "r1_c1"
      },
      {
         "a2" : "download_2",
         "time" : 26.5110000036657,
         "id" : "dep2",
         "a1" : "r1_c1"
      },
      {
         "a2" : "download_1",
         "time" : 15.1080000214279,
         "id" : "dep3",
         "a1" : "r1_c1"
      }
   ]
}
