{
   "n_download_no_trigger" : 1,
   "start_activity" : "download_0",
   "name" : "modified.testbed.localhost_www.blogspot.com_",
   "load_activity" : -1,
   "objs" : [
      {
         "when_comp_start" : 1,
         "url" : "http://modified.testbed.localhost/www.blogspot.com/",
         "id" : "r1",
         "comps" : [
            {
               "s_time" : 44.4240001961589,
               "time" : 187.969000078738,
               "type" : "evalhtml",
               "id" : "r1_c1",
               "e_time" : 232.393000274897
            }
         ],
         "download" : {
            "receiveFirst" : 4,
            "len" : 54353,
            "dns" : 0,
            "dnsEnd" : -1,
            "receiveHeadersEnd" : 5,
            "sslEnd" : -1,
            "connectEnd" : 1,
            "connectStart" : 0,
            "id" : "download_0",
            "receivedTime" : "44.0520001575351",
            "sslStart" : -1,
            "dnsStart" : -1,
            "receiveLast" : 39.0520001575351,
            "s_time" : 0,
            "sendEnd" : 1,
            "sendStart" : 1,
            "type" : "text/html"
         }
      },
      {
         "when_comp_start" : -1,
         "url" : "http://modified.testbed.localhost/ssl.gstatic.com/accounts/ui/avatar_2x.png",
         "id" : "r4",
         "comps" : [],
         "download" : {
            "receiveFirst" : 4,
            "len" : 626,
            "dns" : 0,
            "dnsEnd" : -1,
            "receiveHeadersEnd" : 5,
            "sslEnd" : -1,
            "connectEnd" : 1,
            "connectStart" : 0,
            "id" : "download_1",
            "receivedTime" : "179.465000052005",
            "sslStart" : -1,
            "dnsStart" : -1,
            "receiveLast" : 174.465000052005,
            "s_time" : 57.1210002526641,
            "sendEnd" : 1,
            "sendStart" : 1,
            "type" : "image/png"
         }
      },
      {
         "when_comp_start" : -1,
         "url" : "http://modified.testbed.localhost/ssl.gstatic.com/images/branding/googlelogo/1x/googlelogo_color_112x36dp.png",
         "id" : "r5",
         "comps" : [],
         "download" : {
            "receiveFirst" : 4,
            "len" : 2449,
            "dns" : 0,
            "dnsEnd" : -1,
            "receiveHeadersEnd" : 5,
            "sslEnd" : -1,
            "connectEnd" : 1,
            "connectStart" : 0,
            "id" : "download_2",
            "receivedTime" : "230.99200008437",
            "sslStart" : -1,
            "dnsStart" : -1,
            "receiveLast" : 225.99200008437,
            "s_time" : 148.003000300378,
            "sendEnd" : 1,
            "sendStart" : 1,
            "type" : "image/png"
         }
      },
      {
         "when_comp_start" : -1,
         "url" : "http://modified.testbed.localhost/ssl.gstatic.com/accounts/ui/wlogostrip_230x17_1x.png",
         "id" : "r6",
         "comps" : [],
         "download" : {
            "receiveFirst" : 4,
            "len" : 4285,
            "dns" : 0,
            "dnsEnd" : -1,
            "receiveHeadersEnd" : 5,
            "sslEnd" : -1,
            "connectEnd" : 1,
            "connectStart" : 0,
            "id" : "download_3",
            "receivedTime" : "232.176000252366",
            "sslStart" : -1,
            "dnsStart" : -1,
            "receiveLast" : 227.176000252366,
            "s_time" : 171.988000161946,
            "sendEnd" : 1,
            "sendStart" : 1,
            "type" : "image/png"
         }
      },
      {
         "when_comp_start" : -1,
         "url" : "http://modified.testbed.localhost/fonts.gstatic.com/s/opensans/v13/DXI1ORHCpsQm3Vp6mXoaTYnF5uFdDttMLvmWuJdhhgs.ttf",
         "id" : "r2",
         "comps" : [],
         "download" : {
            "receiveFirst" : 4,
            "len" : 35340,
            "dns" : 0,
            "dnsEnd" : -1,
            "receiveHeadersEnd" : 6,
            "sslEnd" : -1,
            "connectEnd" : 2,
            "connectStart" : 0,
            "id" : "download_4",
            "receivedTime" : "246.232999954373",
            "sslStart" : -1,
            "dnsStart" : -1,
            "receiveLast" : 240.232999954373,
            "s_time" : 231.952000409365,
            "sendEnd" : 2,
            "sendStart" : 2,
            "type" : "application/octet-stream"
         }
      },
      {
         "when_comp_start" : -1,
         "url" : "http://modified.testbed.localhost/fonts.gstatic.com/s/opensans/v13/cJZKeOuBrn4kERxqtaUH3aCWcynf_cDxXwCLxiixG1c.ttf",
         "id" : "r3",
         "comps" : [],
         "download" : {
            "receiveFirst" : 5,
            "len" : 34156,
            "dns" : 0,
            "dnsEnd" : -1,
            "receiveHeadersEnd" : 7,
            "sslEnd" : -1,
            "connectEnd" : 1,
            "connectStart" : 0,
            "id" : "download_5",
            "receivedTime" : "1240.44000031427",
            "sslStart" : -1,
            "dnsStart" : -1,
            "receiveLast" : 1233.44000031427,
            "s_time" : 232.393000274897,
            "sendEnd" : 2,
            "sendStart" : 1,
            "type" : "application/octet-stream"
         }
      }
   ],
   "deps" : [
      {
         "a2" : "download_5",
         "time" : -1,
         "id" : "dep1",
         "a1" : "r1_c1"
      },
      {
         "a2" : "download_4",
         "time" : 187.528000213206,
         "id" : "dep2",
         "a1" : "r1_c1"
      },
      {
         "a2" : "download_3",
         "time" : 127.563999965787,
         "id" : "dep3",
         "a1" : "r1_c1"
      },
      {
         "a2" : "download_2",
         "time" : 103.579000104219,
         "id" : "dep4",
         "a1" : "r1_c1"
      },
      {
         "a2" : "download_1",
         "time" : 12.6970000565052,
         "id" : "dep5",
         "a1" : "r1_c1"
      }
   ]
}
