{
   "n_download_no_trigger" : 1,
   "start_activity" : "download_0",
   "name" : "modified.testbed.localhost_www.google.fr_",
   "load_activity" : -1,
   "objs" : [
      {
         "when_comp_start" : 1,
         "url" : "http://modified.testbed.localhost/www.google.fr/",
         "id" : "r1",
         "comps" : [
            {
               "s_time" : 45.3230002894998,
               "time" : 31.332999933511,
               "type" : "evalhtml",
               "id" : "r1_c1",
               "e_time" : 76.6560002230108
            }
         ],
         "download" : {
            "receiveFirst" : 5,
            "len" : 10821,
            "dns" : 0,
            "dnsEnd" : -1,
            "receiveHeadersEnd" : 6,
            "sslEnd" : -1,
            "connectEnd" : 1,
            "connectStart" : 0,
            "id" : "download_0",
            "receivedTime" : "44.6750000119209",
            "sslStart" : -1,
            "dnsStart" : -1,
            "receiveLast" : 38.6750000119209,
            "s_time" : 0,
            "sendEnd" : 1,
            "sendStart" : 1,
            "type" : "text/html"
         }
      },
      {
         "when_comp_start" : 1,
         "url" : "http://modified.testbed.localhost/client_204?&atyp=i&biw=1004&bih=686&ei=5TQhV6HHF4HReIOFvcgD",
         "id" : "r2",
         "comps" : [],
         "download" : {
            "receiveFirst" : 4,
            "len" : 300,
            "dns" : 0,
            "dnsEnd" : -1,
            "receiveHeadersEnd" : 8,
            "sslEnd" : -1,
            "connectEnd" : 4,
            "connectStart" : 0,
            "id" : "download_1",
            "receivedTime" : "79.268999863416",
            "sslStart" : -1,
            "dnsStart" : -1,
            "receiveLast" : 71.268999863416,
            "s_time" : 61.4220001734793,
            "sendEnd" : 4,
            "sendStart" : 4,
            "type" : "text/html"
         }
      },
      {
         "when_comp_start" : -1,
         "url" : "http://modified.testbed.localhost/www.google.fr/images/branding/googlelogo/1x/googlelogo_white_background_color_272x92dp.png",
         "id" : "r3",
         "comps" : [],
         "download" : {
            "receiveFirst" : 4,
            "len" : 5482,
            "dns" : 0,
            "dnsEnd" : -1,
            "receiveHeadersEnd" : 6,
            "sslEnd" : -1,
            "connectEnd" : 2,
            "connectStart" : 0,
            "id" : "download_2",
            "receivedTime" : "79.8140000551939",
            "sslStart" : -1,
            "dnsStart" : -1,
            "receiveLast" : 73.8140000551939,
            "s_time" : 64.3020002171397,
            "sendEnd" : 2,
            "sendStart" : 2,
            "type" : "image/png"
         }
      },
      {
         "when_comp_start" : -1,
         "url" : "http://modified.testbed.localhost/www.google.fr/images/nav_logo229.png",
         "id" : "r4",
         "comps" : [],
         "download" : {
            "receiveFirst" : 6,
            "len" : 17284,
            "dns" : 0,
            "dnsEnd" : -1,
            "receiveHeadersEnd" : 7,
            "sslEnd" : -1,
            "connectEnd" : 1,
            "connectStart" : 0,
            "id" : "download_3",
            "receivedTime" : "86.1510001122952",
            "sslStart" : -1,
            "dnsStart" : -1,
            "receiveLast" : 79.1510001122952,
            "s_time" : 76.6560002230108,
            "sendEnd" : 1,
            "sendStart" : 1,
            "type" : "image/png"
         }
      }
   ],
   "deps" : [
      {
         "a2" : "download_3",
         "time" : -1,
         "id" : "dep1",
         "a1" : "r1_c1"
      },
      {
         "a2" : "download_2",
         "time" : 18.9789999276399,
         "id" : "dep2",
         "a1" : "r1_c1"
      },
      {
         "a2" : "download_1",
         "time" : 16.0989998839795,
         "id" : "dep3",
         "a1" : "r1_c1"
      }
   ]
}
