{
   "n_download_no_trigger" : 1,
   "start_activity" : "download_0",
   "name" : "modified.testbed.localhost_www.msn.com_",
   "load_activity" : -1,
   "objs" : [
      {
         "when_comp_start" : 1,
         "url" : "http://modified.testbed.localhost/www.msn.com/",
         "id" : "r1",
         "comps" : [
            {
               "s_time" : 53.6779998801649,
               "time" : 66.2770001217721,
               "id" : "r1_c1",
               "type" : "evalhtml",
               "e_time" : 119.955000001937
            },
            {
               "s_time" : 174.877000041306,
               "time" : -3375818927.157,
               "id" : "r1_c2",
               "type" : "evalhtml",
               "e_time" : -3375818752.28
            },
            {
               "s_time" : 184.539999812841,
               "time" : 11.299999896437,
               "type" : "evalhtml",
               "id" : "r1_c3",
               "e_time" : 195.839999709278
            }
         ],
         "download" : {
            "receiveFirst" : 5,
            "len" : 41828,
            "dns" : 0,
            "dnsEnd" : -1,
            "receiveHeadersEnd" : 8,
            "sslEnd" : -1,
            "connectEnd" : 3,
            "connectStart" : 0,
            "id" : "download_0",
            "receivedTime" : "49.256999976933",
            "sslStart" : -1,
            "dnsStart" : -1,
            "receiveLast" : 41.256999976933,
            "s_time" : 0,
            "sendEnd" : 3,
            "sendStart" : 3,
            "type" : "text/html"
         }
      },
      {
         "when_comp_start" : -1,
         "url" : "http://modified.testbed.localhost/static-hp-cus-s-msn-com.akamaized.net/en-us/homepage/_sc/css/6670b51d-8b551b9/direction=ltr.locales=en-us.themes=start.dpi=resolution1x/bc-31f301-4e3b0a9b/71-02c155-ee5f2b10/58-337e27-536df121/df-27aa83-f94d3276/ba-8306bd-a648eab2/89-c8531a-63b61fa3/90-692796-68ddb2",
         "id" : "r2",
         "comps" : [],
         "download" : {
            "receiveFirst" : 4,
            "len" : 27817,
            "dns" : 0,
            "dnsEnd" : -1,
            "receiveHeadersEnd" : 13,
            "sslEnd" : -1,
            "connectEnd" : 9,
            "connectStart" : 0,
            "id" : "download_1",
            "receivedTime" : "72.2119999118149",
            "sslStart" : -1,
            "dnsStart" : -1,
            "receiveLast" : 59.2119999118149,
            "s_time" : 55.1120000891387,
            "sendEnd" : 9,
            "sendStart" : 9,
            "type" : "text/css"
         }
      },
      {
         "when_comp_start" : -1,
         "url" : "http://modified.testbed.localhost/static-hp-cus-s-msn-com.akamaized.net/_h/804ff984/webcore/externalscripts/jquery/jquery-1.11.1.min.js",
         "id" : "r3",
         "comps" : [
            {
               "s_time" : 96.8089997768402,
               "time" : 78.0680002644658,
               "type" : 1,
               "id" : "comp_8",
               "e_time" : 174.877000041306
            }
         ],
         "download" : {
            "receiveFirst" : 7,
            "len" : 95786,
            "dns" : 0,
            "dnsEnd" : -1,
            "receiveHeadersEnd" : 16,
            "sslEnd" : -1,
            "connectEnd" : 8,
            "connectStart" : 0,
            "id" : "download_2",
            "receivedTime" : "96.6379996389151",
            "sslStart" : -1,
            "dnsStart" : -1,
            "receiveLast" : 80.6379996389151,
            "s_time" : 55.9189999476075,
            "sendEnd" : 9,
            "sendStart" : 8,
            "type" : "application/javascript"
         }
      },
      {
         "when_comp_start" : -1,
         "url" : "http://modified.testbed.localhost/ads1.msads.net/library/8.4/dapmsn.js",
         "id" : "r4",
         "comps" : [
            {
               "s_time" : 175.054999999702,
               "time" : 9.48499981313898,
               "type" : 1,
               "id" : "comp_10",
               "e_time" : 184.539999812841
            }
         ],
         "download" : {
            "receiveFirst" : 10,
            "len" : 25578,
            "dns" : 0,
            "dnsEnd" : -1,
            "receiveHeadersEnd" : 18,
            "sslEnd" : -1,
            "connectEnd" : 8,
            "connectStart" : 0,
            "id" : "download_3",
            "receivedTime" : "95.8010000176728",
            "sslStart" : -1,
            "dnsStart" : -1,
            "receiveLast" : 77.8010000176728,
            "s_time" : 56.3809997402132,
            "sendEnd" : 8,
            "sendStart" : 8,
            "type" : "application/javascript"
         }
      },
      {
         "when_comp_start" : -1,
         "url" : "http://modified.testbed.localhost/static-hp-cus-s-msn-com.akamaized.net/sc/82/c22c7d.gif",
         "id" : "r5",
         "comps" : [],
         "download" : {
            "receiveFirst" : 11,
            "len" : 1177,
            "dns" : 0,
            "dnsEnd" : -1,
            "receiveHeadersEnd" : 19,
            "sslEnd" : -1,
            "connectEnd" : 7,
            "connectStart" : 0,
            "id" : "download_4",
            "receivedTime" : "96.0389999672771",
            "sslStart" : -1,
            "dnsStart" : -1,
            "receiveLast" : 77.0389999672771,
            "s_time" : 56.851000059396,
            "sendEnd" : 8,
            "sendStart" : 7,
            "type" : "image/gif"
         }
      },
      {
         "when_comp_start" : -1,
         "url" : "http://modified.testbed.localhost/static-hp-cus-s-msn-com.akamaized.net/sc/6a/a62410.gif",
         "id" : "r6",
         "comps" : [],
         "download" : {
            "receiveFirst" : 8,
            "len" : 1258,
            "dns" : 0,
            "dnsEnd" : -1,
            "receiveHeadersEnd" : 18,
            "sslEnd" : -1,
            "connectEnd" : 10,
            "connectStart" : 0,
            "id" : "download_5",
            "receivedTime" : "270.957000087947",
            "sslStart" : -1,
            "dnsStart" : -1,
            "receiveLast" : 252.957000087947,
            "s_time" : 78.1910000368953,
            "sendEnd" : 10,
            "sendStart" : 10,
            "type" : "image/gif"
         }
      },
      {
         "when_comp_start" : -1,
         "url" : "http://modified.testbed.localhost/static-hp-cus-s-msn-com.akamaized.net/sc/57/a49b8d.gif",
         "id" : "r7",
         "comps" : [],
         "download" : {
            "receiveFirst" : 9,
            "len" : 1125,
            "dns" : 0,
            "dnsEnd" : -1,
            "receiveHeadersEnd" : 18,
            "sslEnd" : -1,
            "connectEnd" : 9,
            "connectStart" : 0,
            "id" : "download_6",
            "receivedTime" : "271.388999652117",
            "sslStart" : -1,
            "dnsStart" : -1,
            "receiveLast" : 253.388999652117,
            "s_time" : 82.1579997427762,
            "sendEnd" : 9,
            "sendStart" : 9,
            "type" : "image/gif"
         }
      },
      {
         "when_comp_start" : -1,
         "url" : "http://modified.testbed.localhost/img-s-msn-com.akamaized.net/tenant/amp/entityid/BB8MKSg.img%3Fm=6&o=true&u=true&n=true&w=40&h=40",
         "id" : "r8",
         "comps" : [],
         "download" : {
            "receiveFirst" : 8,
            "len" : 1538,
            "dns" : 0,
            "dnsEnd" : -1,
            "receiveHeadersEnd" : 17,
            "sslEnd" : -1,
            "connectEnd" : 9,
            "connectStart" : 0,
            "id" : "download_7",
            "receivedTime" : "271.772999782115",
            "sslStart" : -1,
            "dnsStart" : -1,
            "receiveLast" : 254.772999782115,
            "s_time" : 82.7819998376071,
            "sendEnd" : 9,
            "sendStart" : 9,
            "type" : "image/png"
         }
      },
      {
         "when_comp_start" : -1,
         "url" : "http://modified.testbed.localhost/img-s-msn-com.akamaized.net/tenant/amp/entityid/BBslmNm.img%3Fh=194&w=300&m=6&q=60&u=t&o=t&l=f&x=1173&y=910",
         "id" : "r9",
         "comps" : [],
         "download" : {
            "receiveFirst" : 8,
            "len" : 11226,
            "dns" : 0,
            "dnsEnd" : -1,
            "receiveHeadersEnd" : 17,
            "sslEnd" : -1,
            "connectEnd" : 8,
            "connectStart" : 0,
            "id" : "download_8",
            "receivedTime" : "272.5789998658",
            "sslStart" : -1,
            "dnsStart" : -1,
            "receiveLast" : 255.5789998658,
            "s_time" : 83.3469997160137,
            "sendEnd" : 9,
            "sendStart" : 8,
            "type" : "image/jpeg"
         }
      },
      {
         "when_comp_start" : -1,
         "url" : "http://modified.testbed.localhost/img-s-msn-com.akamaized.net/tenant/amp/entityid/BBshzze.img%3Fh=194&w=300&m=6&q=60&u=t&o=t&l=f&x=156&y=208",
         "id" : "r10",
         "comps" : [],
         "download" : {
            "receiveFirst" : 10,
            "len" : 8290,
            "dns" : 0,
            "dnsEnd" : 6,
            "receiveHeadersEnd" : 20,
            "sslEnd" : -1,
            "connectEnd" : 10,
            "connectStart" : 0,
            "id" : "download_9",
            "receivedTime" : "273.418999742717",
            "sslStart" : -1,
            "dnsStart" : 6,
            "receiveLast" : 253.418999742717,
            "s_time" : 83.8799998164177,
            "sendEnd" : 10,
            "sendStart" : 10,
            "type" : "image/jpeg"
         }
      },
      {
         "when_comp_start" : -1,
         "url" : "http://modified.testbed.localhost/img-s-msn-com.akamaized.net/tenant/amp/entityid/BBrNXX1.img%3Fh=194&w=300&m=6&q=60&u=t&o=t&l=f",
         "id" : "r11",
         "comps" : [],
         "download" : {
            "receiveFirst" : 10,
            "len" : 5783,
            "dns" : 0,
            "dnsEnd" : 6,
            "receiveHeadersEnd" : 21,
            "sslEnd" : -1,
            "connectEnd" : 11,
            "connectStart" : 0,
            "id" : "download_10",
            "receivedTime" : "273.606000002474",
            "sslStart" : -1,
            "dnsStart" : 6,
            "receiveLast" : 252.606000002474,
            "s_time" : 84.5009996555746,
            "sendEnd" : 11,
            "sendStart" : 11,
            "type" : "image/jpeg"
         }
      },
      {
         "when_comp_start" : -1,
         "url" : "http://modified.testbed.localhost/img-s-msn-com.akamaized.net/tenant/amp/entityid/BBrLin4.img%3Fh=194&w=300&m=6&q=60&u=t&o=t&l=f",
         "id" : "r12",
         "comps" : [],
         "download" : {
            "receiveFirst" : 8,
            "len" : 7070,
            "dns" : 0,
            "dnsEnd" : -1,
            "receiveHeadersEnd" : 24,
            "sslEnd" : -1,
            "connectEnd" : 16,
            "connectStart" : 0,
            "id" : "download_11",
            "receivedTime" : "274.142999667674",
            "sslStart" : -1,
            "dnsStart" : -1,
            "receiveLast" : 250.142999667674,
            "s_time" : 84.8199999891222,
            "sendEnd" : 16,
            "sendStart" : 16,
            "type" : "image/jpeg"
         }
      },
      {
         "when_comp_start" : -1,
         "url" : "http://modified.testbed.localhost/img.s-msn.com/tenant/amp/entityid/AAb3aDe.img%3Fh=194&w=300&m=6&q=60&u=t&o=t&l=f&x=1278&y=944",
         "id" : "r13",
         "comps" : [],
         "download" : {
            "receiveFirst" : 8,
            "len" : 7954,
            "dns" : 0,
            "dnsEnd" : -1,
            "receiveHeadersEnd" : 29,
            "sslEnd" : -1,
            "connectEnd" : 20,
            "connectStart" : 0,
            "id" : "download_12",
            "receivedTime" : "274.903999641538",
            "sslStart" : -1,
            "dnsStart" : -1,
            "receiveLast" : 245.903999641538,
            "s_time" : 85.4159998707473,
            "sendEnd" : 21,
            "sendStart" : 20,
            "type" : "image/jpeg"
         }
      },
      {
         "when_comp_start" : -1,
         "url" : "http://modified.testbed.localhost/img-s-msn-com.akamaized.net/tenant/amp/entityid/BBqcXi1.img%3Fh=194&w=300&m=6&q=60&u=t&o=t&l=f&x=195&y=146",
         "id" : "r14",
         "comps" : [],
         "download" : {
            "receiveFirst" : 10,
            "len" : 8840,
            "dns" : 0,
            "dnsEnd" : -1,
            "receiveHeadersEnd" : 30,
            "sslEnd" : -1,
            "connectEnd" : 20,
            "connectStart" : 0,
            "id" : "download_13",
            "receivedTime" : "275.368999689817",
            "sslStart" : -1,
            "dnsStart" : -1,
            "receiveLast" : 245.368999689817,
            "s_time" : 86.0250000841916,
            "sendEnd" : 20,
            "sendStart" : 20,
            "type" : "image/jpeg"
         }
      },
      {
         "when_comp_start" : -1,
         "url" : "http://modified.testbed.localhost/img-s-msn-com.akamaized.net/tenant/amp/entityid/AAgFJsQ.img%3Fh=194&w=300&m=6&q=60&u=t&o=t&l=f&x=867&y=772",
         "id" : "r15",
         "comps" : [],
         "download" : {
            "receiveFirst" : 8,
            "len" : 9388,
            "dns" : 0,
            "dnsEnd" : -1,
            "receiveHeadersEnd" : 30,
            "sslEnd" : -1,
            "connectEnd" : 22,
            "connectStart" : 0,
            "id" : "download_14",
            "receivedTime" : "275.549999903888",
            "sslStart" : -1,
            "dnsStart" : -1,
            "receiveLast" : 245.549999903888,
            "s_time" : 86.6549997590482,
            "sendEnd" : 22,
            "sendStart" : 22,
            "type" : "image/jpeg"
         }
      },
      {
         "when_comp_start" : -1,
         "url" : "http://modified.testbed.localhost/img-s-msn-com.akamaized.net/tenant/amp/entityid/BBsiCdL.img%3Fh=194&w=300&m=6&q=60&u=t&o=t&l=f&x=1392&y=538",
         "id" : "r16",
         "comps" : [],
         "download" : {
            "receiveFirst" : 8,
            "len" : 6440,
            "dns" : 0,
            "dnsEnd" : -1,
            "receiveHeadersEnd" : 22,
            "sslEnd" : -1,
            "connectEnd" : 14,
            "connectStart" : 0,
            "id" : "download_15",
            "receivedTime" : "276.064999867231",
            "sslStart" : -1,
            "dnsStart" : -1,
            "receiveLast" : 254.064999867231,
            "s_time" : 98.1870000250638,
            "sendEnd" : 14,
            "sendStart" : 14,
            "type" : "image/jpeg"
         }
      },
      {
         "when_comp_start" : -1,
         "url" : "http://modified.testbed.localhost/img-s-msn-com.akamaized.net/tenant/amp/entityid/BBshNE7.img%3Fh=194&w=300&m=6&q=60&u=t&o=t&l=f&x=445&y=421",
         "id" : "r17",
         "comps" : [],
         "download" : {
            "receiveFirst" : 8,
            "len" : 14053,
            "dns" : 0,
            "dnsEnd" : -1,
            "receiveHeadersEnd" : 21,
            "sslEnd" : -1,
            "connectEnd" : 12,
            "connectStart" : 0,
            "id" : "download_16",
            "receivedTime" : "276.5589999035",
            "sslStart" : -1,
            "dnsStart" : -1,
            "receiveLast" : 255.5589999035,
            "s_time" : 101.396999787539,
            "sendEnd" : 13,
            "sendStart" : 12,
            "type" : "image/jpeg"
         }
      },
      {
         "when_comp_start" : -1,
         "url" : "http://modified.testbed.localhost/img-s-msn-com.akamaized.net/tenant/amp/entityid/BBslya1.img%3Fh=194&w=300&m=6&q=60&u=t&o=t&l=f&x=1167&y=1106",
         "id" : "r18",
         "comps" : [],
         "download" : {
            "receiveFirst" : 9,
            "len" : 9207,
            "dns" : 0,
            "dnsEnd" : -1,
            "receiveHeadersEnd" : 23,
            "sslEnd" : -1,
            "connectEnd" : 14,
            "connectStart" : 0,
            "id" : "download_17",
            "receivedTime" : "277.071999851614",
            "sslStart" : -1,
            "dnsStart" : -1,
            "receiveLast" : 254.071999851614,
            "s_time" : 102.605999913067,
            "sendEnd" : 14,
            "sendStart" : 14,
            "type" : "image/jpeg"
         }
      },
      {
         "when_comp_start" : -1,
         "url" : "http://modified.testbed.localhost/img-s-msn-com.akamaized.net/tenant/amp/entityid/BBrQYLp.img%3Fh=194&w=300&m=6&q=60&u=t&o=t&l=f&x=986&y=355",
         "id" : "r19",
         "comps" : [],
         "download" : {
            "receiveFirst" : 6,
            "len" : 9286,
            "dns" : 0,
            "dnsEnd" : -1,
            "receiveHeadersEnd" : 23,
            "sslEnd" : -1,
            "connectEnd" : 16,
            "connectStart" : 0,
            "id" : "download_18",
            "receivedTime" : "277.86700008437",
            "sslStart" : -1,
            "dnsStart" : -1,
            "receiveLast" : 254.86700008437,
            "s_time" : 105.229999870062,
            "sendEnd" : 17,
            "sendStart" : 16,
            "type" : "image/jpeg"
         }
      },
      {
         "when_comp_start" : -1,
         "url" : "http://modified.testbed.localhost/img-s-msn-com.akamaized.net/tenant/amp/entityid/BBsk0ve.img%3Fh=194&w=300&m=6&q=60&u=t&o=t&l=f&x=995&y=1024",
         "id" : "r20",
         "comps" : [],
         "download" : {
            "receiveFirst" : 6,
            "len" : 7026,
            "dns" : 0,
            "dnsEnd" : -1,
            "receiveHeadersEnd" : 21,
            "sslEnd" : -1,
            "connectEnd" : 14,
            "connectStart" : 0,
            "id" : "download_19",
            "receivedTime" : "278.05499965325",
            "sslStart" : -1,
            "dnsStart" : -1,
            "receiveLast" : 257.05499965325,
            "s_time" : 108.000000007451,
            "sendEnd" : 15,
            "sendStart" : 14,
            "type" : "image/jpeg"
         }
      },
      {
         "when_comp_start" : -1,
         "url" : "http://modified.testbed.localhost/img-s-msn-com.akamaized.net/tenant/amp/entityid/BBsjzP2.img%3Fh=194&w=300&m=6&q=60&u=t&o=t&l=f&x=186&y=51",
         "id" : "r21",
         "comps" : [],
         "download" : {
            "receiveFirst" : 6,
            "len" : 8076,
            "dns" : 0,
            "dnsEnd" : -1,
            "receiveHeadersEnd" : 19,
            "sslEnd" : -1,
            "connectEnd" : 13,
            "connectStart" : 0,
            "id" : "download_20",
            "receivedTime" : "278.593999799341",
            "sslStart" : -1,
            "dnsStart" : -1,
            "receiveLast" : 259.593999799341,
            "s_time" : 110.704999882728,
            "sendEnd" : 13,
            "sendStart" : 13,
            "type" : "image/jpeg"
         }
      },
      {
         "when_comp_start" : -1,
         "url" : "http://modified.testbed.localhost/c.msn.com/c.gif%3Fudc=true&rid=96e505496f664e3ab4829038a049aaa3&rnd=635973905360616831&rf=&tp=http%253A%252F%252Fwww.msn.com%252F&di=340&lng=en-us&cv.product=prime&pn=startpage&activityId=96e505496f664e3ab4829038a049aaa3&d.dgk=downlevel.pc&d.imd=0",
         "id" : "r22",
         "comps" : [],
         "download" : {
            "receiveFirst" : 4,
            "len" : 42,
            "dns" : 0,
            "dnsEnd" : -1,
            "receiveHeadersEnd" : 18,
            "sslEnd" : -1,
            "connectEnd" : 14,
            "connectStart" : 0,
            "id" : "download_21",
            "receivedTime" : "278.988999780267",
            "sslStart" : -1,
            "dnsStart" : -1,
            "receiveLast" : 260.988999780267,
            "s_time" : 113.222999963909,
            "sendEnd" : 14,
            "sendStart" : 14,
            "type" : "image/gif"
         }
      },
      {
         "when_comp_start" : -1,
         "url" : "http://modified.testbed.localhost/b.scorecardresearch.com/p%3Fc1=2&c2=3000001&rn=635973905360616831&c7=http%253A%252F%252Fwww.msn.com%252F&c8=&c9=",
         "id" : "r23",
         "comps" : [],
         "download" : {
            "receiveFirst" : 7,
            "len" : 43,
            "dns" : 0,
            "dnsEnd" : -1,
            "receiveHeadersEnd" : 16,
            "sslEnd" : -1,
            "connectEnd" : 9,
            "connectStart" : 0,
            "id" : "download_22",
            "receivedTime" : "279.358999803662",
            "sslStart" : -1,
            "dnsStart" : -1,
            "receiveLast" : 263.358999803662,
            "s_time" : 118.381999898702,
            "sendEnd" : 9,
            "sendStart" : 9,
            "type" : "image/gif"
         }
      },
      {
         "when_comp_start" : -1,
         "url" : "http://otf.msn.com/c.gif?js=0&evt=impr&di=340&pi=&ps=&su=http%253A%252F%252Fwww.msn.com%252F&pageid=startpage&mkt=en-us&pn=startpage&mv=15&pp=False&cv.product=prime&cv.partner=&cv.publcat=&st.dpt=&st.sdpt=&dv.Title1=&cts=635973905360616831&rf=&rid=96e505496f664e3ab4829038a049aaa3&cvs=Browser&subcvs=",
         "id" : "r24",
         "comps" : [],
         "download" : {
            "receiveFirst" : 45,
            "len" : 42,
            "dns" : 7,
            "dnsEnd" : 10,
            "receiveHeadersEnd" : 99,
            "sslEnd" : -1,
            "connectEnd" : 54,
            "connectStart" : 0,
            "id" : "download_23",
            "receivedTime" : "300.462999846786",
            "sslStart" : -1,
            "dnsStart" : 3,
            "receiveLast" : 201.462999846786,
            "s_time" : 119.955000001937,
            "sendEnd" : 54,
            "sendStart" : 54,
            "type" : "image/gif"
         }
      }
   ],
   "deps" : [
      {
         "a2" : "r1_c2",
         "time" : -1,
         "id" : "dep1",
         "a1" : "comp_8"
      },
      {
         "a2" : "r1_c3",
         "time" : -1,
         "id" : "dep2",
         "a1" : "comp_10"
      },
      {
         "a2" : "comp_10",
         "time" : -1,
         "id" : "dep3",
         "a1" : "comp_8"
      },
      {
         "a2" : "download_23",
         "time" : -1,
         "id" : "dep4",
         "a1" : "r1_c1"
      },
      {
         "a2" : "download_22",
         "time" : 64.7040000185371,
         "id" : "dep5",
         "a1" : "r1_c1"
      },
      {
         "a2" : "download_21",
         "time" : 59.5450000837441,
         "id" : "dep6",
         "a1" : "r1_c1"
      },
      {
         "a2" : "download_20",
         "time" : 57.0270000025631,
         "id" : "dep7",
         "a1" : "r1_c1"
      },
      {
         "a2" : "download_19",
         "time" : 54.3220001272861,
         "id" : "dep8",
         "a1" : "r1_c1"
      },
      {
         "a2" : "download_18",
         "time" : 51.5519999898971,
         "id" : "dep9",
         "a1" : "r1_c1"
      },
      {
         "a2" : "download_17",
         "time" : 48.9280000329021,
         "id" : "dep10",
         "a1" : "r1_c1"
      },
      {
         "a2" : "download_16",
         "time" : 47.7189999073741,
         "id" : "dep11",
         "a1" : "r1_c1"
      },
      {
         "a2" : "download_15",
         "time" : 44.5090001448989,
         "id" : "dep12",
         "a1" : "r1_c1"
      },
      {
         "a2" : "download_14",
         "time" : 32.9769998788833,
         "id" : "dep13",
         "a1" : "r1_c1"
      },
      {
         "a2" : "download_13",
         "time" : 32.3470002040267,
         "id" : "dep14",
         "a1" : "r1_c1"
      },
      {
         "a2" : "download_12",
         "time" : 31.7379999905824,
         "id" : "dep15",
         "a1" : "r1_c1"
      },
      {
         "a2" : "download_11",
         "time" : 31.1420001089573,
         "id" : "dep16",
         "a1" : "r1_c1"
      },
      {
         "a2" : "download_10",
         "time" : 30.8229997754097,
         "id" : "dep17",
         "a1" : "r1_c1"
      },
      {
         "a2" : "download_9",
         "time" : 30.2019999362528,
         "id" : "dep18",
         "a1" : "r1_c1"
      },
      {
         "a2" : "download_8",
         "time" : 29.6689998358488,
         "id" : "dep19",
         "a1" : "r1_c1"
      },
      {
         "a2" : "download_7",
         "time" : 29.1039999574422,
         "id" : "dep20",
         "a1" : "r1_c1"
      },
      {
         "a2" : "download_6",
         "time" : 28.4799998626113,
         "id" : "dep21",
         "a1" : "r1_c1"
      },
      {
         "a2" : "download_5",
         "time" : 24.5130001567304,
         "id" : "dep22",
         "a1" : "r1_c1"
      },
      {
         "a2" : "download_4",
         "time" : 3.1730001792311,
         "id" : "dep23",
         "a1" : "r1_c1"
      },
      {
         "a2" : "download_3",
         "time" : 2.7029998600483,
         "id" : "dep24",
         "a1" : "r1_c1"
      },
      {
         "a2" : "download_3",
         "time" : 2.7029998600483,
         "id" : "dep25",
         "a1" : "r1_c1"
      },
      {
         "a2" : "download_2",
         "time" : 2.24100006744261,
         "id" : "dep26",
         "a1" : "r1_c1"
      },
      {
         "a2" : "download_2",
         "time" : 2.24100006744261,
         "id" : "dep27",
         "a1" : "r1_c1"
      },
      {
         "a2" : "download_1",
         "time" : 1.4340002089738,
         "id" : "dep28",
         "a1" : "r1_c1"
      }
   ]
}
