{
   "n_download_no_trigger" : 1,
   "start_activity" : "download_0",
   "name" : "modified.testbed.localhost_www.xvideos.com_",
   "load_activity" : -1,
   "objs" : [
      {
         "when_comp_start" : 1,
         "url" : "http://modified.testbed.localhost/www.xvideos.com/",
         "id" : "r1",
         "comps" : [
            {
               "s_time" : 59.576999861747,
               "time" : 3.2159998081625,
               "id" : "r1_c1",
               "type" : "evalhtml",
               "e_time" : 62.7929996699095
            },
            {
               "s_time" : 124.38299972564,
               "time" : -3378133715.651,
               "id" : "r1_c2",
               "type" : "evalhtml",
               "e_time" : -3378133591.268
            },
            {
               "s_time" : 130.628999788314,
               "time" : 321.163999848068,
               "id" : "r1_c3",
               "type" : "evalhtml",
               "e_time" : 451.792999636382
            },
            {
               "s_time" : 464.335999917239,
               "time" : 32.412999775261,
               "id" : "r1_c4",
               "type" : "evalhtml",
               "e_time" : 496.7489996925
            },
            {
               "s_time" : 541.957999579608,
               "time" : -3378134133.226,
               "id" : "r1_c5",
               "type" : "evalhtml",
               "e_time" : -3378133591.268
            },
            {
               "s_time" : 557.847999967635,
               "time" : 28.5539999604219,
               "type" : "evalhtml",
               "id" : "r1_c6",
               "e_time" : 586.401999928057
            }
         ],
         "download" : {
            "receiveFirst" : 5,
            "len" : 51276,
            "dns" : 0,
            "dnsEnd" : -1,
            "receiveHeadersEnd" : 7,
            "sslEnd" : -1,
            "connectEnd" : 1,
            "connectStart" : 0,
            "id" : "download_0",
            "receivedTime" : "59.1619997285306",
            "sslStart" : -1,
            "dnsStart" : -1,
            "receiveLast" : 52.1619997285306,
            "s_time" : 0,
            "sendEnd" : 2,
            "sendStart" : 1,
            "type" : "text/html"
         }
      },
      {
         "when_comp_start" : -1,
         "url" : "http://modified.testbed.localhost/static-hw.xvideos.com/v3/css/default/front.css%3Fv=c4b1ebfeb86.css",
         "id" : "r2",
         "comps" : [
            {
               "s_time" : 90.3739999048412,
               "time" : 52.1080000326038,
               "type" : 4,
               "id" : "comp_0",
               "e_time" : 142.481999937445
            }
         ],
         "download" : {
            "receiveFirst" : 3,
            "len" : 167098,
            "dns" : 0,
            "dnsEnd" : -1,
            "receiveHeadersEnd" : 8,
            "sslEnd" : -1,
            "connectEnd" : 5,
            "connectStart" : 0,
            "id" : "download_1",
            "receivedTime" : "90.1109999977052",
            "sslStart" : -1,
            "dnsStart" : -1,
            "receiveLast" : 82.1109999977052,
            "s_time" : 60.9239996410906,
            "sendEnd" : 5,
            "sendStart" : 5,
            "type" : "text/css"
         }
      },
      {
         "when_comp_start" : -1,
         "url" : "http://modified.testbed.localhost/static-hw.xvideos.com/v3/js/static/test/include.js",
         "id" : "r3",
         "comps" : [
            {
               "s_time" : 124.070999678224,
               "time" : 0.312000047416007,
               "type" : 1,
               "id" : "comp_1",
               "e_time" : 124.38299972564
            }
         ],
         "download" : {
            "receiveFirst" : 7,
            "len" : 20,
            "dns" : 0,
            "dnsEnd" : -1,
            "receiveHeadersEnd" : 11,
            "sslEnd" : -1,
            "connectEnd" : 4,
            "connectStart" : 0,
            "id" : "download_2",
            "receivedTime" : "74.583999812603",
            "sslStart" : -1,
            "dnsStart" : -1,
            "receiveLast" : 63.583999812603,
            "s_time" : 61.5689996629953,
            "sendEnd" : 4,
            "sendStart" : 4,
            "type" : "application/javascript"
         }
      },
      {
         "when_comp_start" : -1,
         "url" : "http://modified.testbed.localhost/static-hw.xvideos.com/v3/js/skins/min/default.header.static.js%3Fv=244a2666fb0",
         "id" : "r4",
         "comps" : [
            {
               "s_time" : 124.887999612838,
               "time" : 5.74100017547599,
               "type" : 1,
               "id" : "comp_3",
               "e_time" : 130.628999788314
            }
         ],
         "download" : {
            "receiveFirst" : 7,
            "len" : 18743,
            "dns" : 0,
            "dnsEnd" : -1,
            "receiveHeadersEnd" : 10,
            "sslEnd" : -1,
            "connectEnd" : 3,
            "connectStart" : 0,
            "id" : "download_3",
            "receivedTime" : "76.0249998420477",
            "sslStart" : -1,
            "dnsStart" : -1,
            "receiveLast" : 66.0249998420477,
            "s_time" : 62.1009999886155,
            "sendEnd" : 3,
            "sendStart" : 3,
            "type" : "text/plain"
         }
      },
      {
         "when_comp_start" : -1,
         "url" : "http://modified.testbed.localhost/img100.xvideos.com/videos/thumbs/xvideos.gif",
         "id" : "r5",
         "comps" : [],
         "download" : {
            "receiveFirst" : 8,
            "len" : 1386,
            "dns" : 0,
            "dnsEnd" : -1,
            "receiveHeadersEnd" : 11,
            "sslEnd" : -1,
            "connectEnd" : 3,
            "connectStart" : 0,
            "id" : "download_4",
            "receivedTime" : "76.706999912858",
            "sslStart" : -1,
            "dnsStart" : -1,
            "receiveLast" : 65.706999912858,
            "s_time" : 62.7929996699095,
            "sendEnd" : 3,
            "sendStart" : 3,
            "type" : "image/gif"
         }
      },
      {
         "when_comp_start" : 1,
         "url" : "http://modified.testbed.localhost/img-l3.xvideos.com/videos/thumbsl/7e/d0/8b/7ed08be42cd431fa8132007c3fec8001/7ed08be42cd431fa8132007c3fec8001.11.jpg",
         "id" : "r9",
         "comps" : [],
         "download" : {
            "receiveFirst" : 8,
            "len" : 405,
            "dns" : 0,
            "dnsEnd" : -1,
            "receiveHeadersEnd" : 15,
            "sslEnd" : -1,
            "connectEnd" : 6,
            "connectStart" : 0,
            "id" : "download_5",
            "receivedTime" : "233.933999668807",
            "sslStart" : -1,
            "dnsStart" : -1,
            "receiveLast" : 218.933999668807,
            "s_time" : 138.421999756247,
            "sendEnd" : 7,
            "sendStart" : 6,
            "type" : "text/html"
         }
      },
      {
         "when_comp_start" : 1,
         "url" : "http://modified.testbed.localhost/img-l3.xvideos.com/videos/thumbsl/f9/5f/02/f95f027b261481a41946a7138cef9f94/f95f027b261481a41946a7138cef9f94.6.jpg",
         "id" : "r10",
         "comps" : [],
         "download" : {
            "receiveFirst" : 9,
            "len" : 404,
            "dns" : 0,
            "dnsEnd" : -1,
            "receiveHeadersEnd" : 15,
            "sslEnd" : -1,
            "connectEnd" : 6,
            "connectStart" : 0,
            "id" : "download_6",
            "receivedTime" : "234.465999994427",
            "sslStart" : -1,
            "dnsStart" : -1,
            "receiveLast" : 219.465999994427,
            "s_time" : 139.33699997142,
            "sendEnd" : 6,
            "sendStart" : 6,
            "type" : "text/html"
         }
      },
      {
         "when_comp_start" : 1,
         "url" : "http://modified.testbed.localhost/img-l3.xvideos.com/videos/thumbsl/51/49/34/51493473d74b37b7891e8cf2610c40db/51493473d74b37b7891e8cf2610c40db.3.jpg",
         "id" : "r11",
         "comps" : [],
         "download" : {
            "receiveFirst" : 10,
            "len" : 404,
            "dns" : 0,
            "dnsEnd" : -1,
            "receiveHeadersEnd" : 15,
            "sslEnd" : -1,
            "connectEnd" : 5,
            "connectStart" : 0,
            "id" : "download_7",
            "receivedTime" : "234.776000026613",
            "sslStart" : -1,
            "dnsStart" : -1,
            "receiveLast" : 219.776000026613,
            "s_time" : 140.135999768972,
            "sendEnd" : 5,
            "sendStart" : 5,
            "type" : "text/html"
         }
      },
      {
         "when_comp_start" : 1,
         "url" : "http://modified.testbed.localhost/img-l3.xvideos.com/videos/thumbsl/6b/fc/7d/6bfc7daaa6efcc7ee22e0db55e106374/6bfc7daaa6efcc7ee22e0db55e106374.8.jpg",
         "id" : "r12",
         "comps" : [],
         "download" : {
            "receiveFirst" : 9,
            "len" : 404,
            "dns" : 0,
            "dnsEnd" : -1,
            "receiveHeadersEnd" : 14,
            "sslEnd" : -1,
            "connectEnd" : 5,
            "connectStart" : 0,
            "id" : "download_8",
            "receivedTime" : "235.020999796689",
            "sslStart" : -1,
            "dnsStart" : -1,
            "receiveLast" : 221.020999796689,
            "s_time" : 140.956999734044,
            "sendEnd" : 5,
            "sendStart" : 5,
            "type" : "text/html"
         }
      },
      {
         "when_comp_start" : 1,
         "url" : "http://modified.testbed.localhost/img-l3.xvideos.com/videos/thumbsl/9e/27/25/9e27252dce5650582db902e1981ebdf7/9e27252dce5650582db902e1981ebdf7.3.jpg",
         "id" : "r13",
         "comps" : [],
         "download" : {
            "receiveFirst" : 8,
            "len" : 404,
            "dns" : 0,
            "dnsEnd" : 3,
            "receiveHeadersEnd" : 14,
            "sslEnd" : -1,
            "connectEnd" : 5,
            "connectStart" : 0,
            "id" : "download_9",
            "receivedTime" : "235.260999761522",
            "sslStart" : -1,
            "dnsStart" : 3,
            "receiveLast" : 221.260999761522,
            "s_time" : 141.758000012487,
            "sendEnd" : 6,
            "sendStart" : 5,
            "type" : "text/html"
         }
      },
      {
         "when_comp_start" : 1,
         "url" : "http://modified.testbed.localhost/img-l3.xvideos.com/videos/thumbsl/be/a4/19/bea419a80f5339584e022a7bc365b78c/bea419a80f5339584e022a7bc365b78c.4.jpg",
         "id" : "r14",
         "comps" : [],
         "download" : {
            "receiveFirst" : 8,
            "len" : 404,
            "dns" : 0,
            "dnsEnd" : 2,
            "receiveHeadersEnd" : 17,
            "sslEnd" : -1,
            "connectEnd" : 9,
            "connectStart" : 0,
            "id" : "download_10",
            "receivedTime" : "235.64499989152",
            "sslStart" : -1,
            "dnsStart" : 2,
            "receiveLast" : 218.64499989152,
            "s_time" : 142.494999803603,
            "sendEnd" : 9,
            "sendStart" : 9,
            "type" : "text/html"
         }
      },
      {
         "when_comp_start" : -1,
         "url" : "http://modified.testbed.localhost/static-hw.xvideos.com/v3/img/skins/default/xv-icons-sprite2.png",
         "id" : "r15",
         "comps" : [],
         "download" : {
            "receiveFirst" : 4,
            "len" : 4189,
            "dns" : 0,
            "dnsEnd" : -1,
            "receiveHeadersEnd" : 14,
            "sslEnd" : -1,
            "connectEnd" : 10,
            "connectStart" : 0,
            "id" : "download_11",
            "receivedTime" : "236.416999716312",
            "sslStart" : -1,
            "dnsStart" : -1,
            "receiveLast" : 222.416999716312,
            "s_time" : 148.827999830246,
            "sendEnd" : 10,
            "sendStart" : 10,
            "type" : "image/png"
         }
      },
      {
         "when_comp_start" : -1,
         "url" : "http://modified.testbed.localhost/static-hw.xvideos.com/v3/img/langs.png",
         "id" : "r16",
         "comps" : [],
         "download" : {
            "receiveFirst" : 5,
            "len" : 15571,
            "dns" : 0,
            "dnsEnd" : -1,
            "receiveHeadersEnd" : 14,
            "sslEnd" : -1,
            "connectEnd" : 9,
            "connectStart" : 0,
            "id" : "download_12",
            "receivedTime" : "237.007999792695",
            "sslStart" : -1,
            "dnsStart" : -1,
            "receiveLast" : 223.007999792695,
            "s_time" : 149.970999918878,
            "sendEnd" : 9,
            "sendStart" : 9,
            "type" : "image/png"
         }
      },
      {
         "when_comp_start" : 1,
         "url" : "http://modified.testbed.localhost/img-l3.xvideos.com/videos/thumbsl/c9/8d/f8/c98df899caf91e46d0a3bb03397c9667/c98df899caf91e46d0a3bb03397c9667.12.jpg",
         "id" : "r17",
         "comps" : [],
         "download" : {
            "receiveFirst" : 5,
            "len" : 405,
            "dns" : 0,
            "dnsEnd" : -1,
            "receiveHeadersEnd" : 20,
            "sslEnd" : -1,
            "connectEnd" : 15,
            "connectStart" : 0,
            "id" : "download_13",
            "receivedTime" : "427.731999661773",
            "sslStart" : -1,
            "dnsStart" : -1,
            "receiveLast" : 407.731999661773,
            "s_time" : 173.95900003612,
            "sendEnd" : 15,
            "sendStart" : 15,
            "type" : "text/html"
         }
      },
      {
         "when_comp_start" : 1,
         "url" : "http://modified.testbed.localhost/img-l3.xvideos.com/videos/thumbsl/a8/de/22/a8de22a9181ecd8894cd4af3c16ee9d8/a8de22a9181ecd8894cd4af3c16ee9d8.4.jpg",
         "id" : "r18",
         "comps" : [],
         "download" : {
            "receiveFirst" : 4,
            "len" : 404,
            "dns" : 0,
            "dnsEnd" : -1,
            "receiveHeadersEnd" : 19,
            "sslEnd" : -1,
            "connectEnd" : 14,
            "connectStart" : 0,
            "id" : "download_14",
            "receivedTime" : "431.103999726474",
            "sslStart" : -1,
            "dnsStart" : -1,
            "receiveLast" : 412.103999726474,
            "s_time" : 174.787999596447,
            "sendEnd" : 15,
            "sendStart" : 14,
            "type" : "text/html"
         }
      },
      {
         "when_comp_start" : 1,
         "url" : "http://modified.testbed.localhost/img-l3.xvideos.com/videos/thumbsl/4c/b3/b5/4cb3b534973eb5c5316bda06c26d0a2a/4cb3b534973eb5c5316bda06c26d0a2a.4.jpg",
         "id" : "r19",
         "comps" : [],
         "download" : {
            "receiveFirst" : 4,
            "len" : 404,
            "dns" : 0,
            "dnsEnd" : -1,
            "receiveHeadersEnd" : 20,
            "sslEnd" : -1,
            "connectEnd" : 16,
            "connectStart" : 0,
            "id" : "download_15",
            "receivedTime" : "432.905999943614",
            "sslStart" : -1,
            "dnsStart" : -1,
            "receiveLast" : 412.905999943614,
            "s_time" : 175.638000015169,
            "sendEnd" : 16,
            "sendStart" : 16,
            "type" : "text/html"
         }
      },
      {
         "when_comp_start" : 1,
         "url" : "http://modified.testbed.localhost/img-l3.xvideos.com/videos/thumbsl/6c/ec/2a/6cec2af42b4a67ab4617580c35c11800/6cec2af42b4a67ab4617580c35c11800.1.jpg",
         "id" : "r20",
         "comps" : [],
         "download" : {
            "receiveFirst" : 4,
            "len" : 404,
            "dns" : 0,
            "dnsEnd" : -1,
            "receiveHeadersEnd" : 19,
            "sslEnd" : -1,
            "connectEnd" : 15,
            "connectStart" : 0,
            "id" : "download_16",
            "receivedTime" : "433.090999722481",
            "sslStart" : -1,
            "dnsStart" : -1,
            "receiveLast" : 414.090999722481,
            "s_time" : 176.421999931335,
            "sendEnd" : 15,
            "sendStart" : 15,
            "type" : "text/html"
         }
      },
      {
         "when_comp_start" : 1,
         "url" : "http://modified.testbed.localhost/img-l3.xvideos.com/videos/thumbsl/ee/8e/ee/ee8eee65ad1a0ab13a73cbea3d0582ea/ee8eee65ad1a0ab13a73cbea3d0582ea.7.jpg",
         "id" : "r21",
         "comps" : [],
         "download" : {
            "receiveFirst" : 4,
            "len" : 404,
            "dns" : 0,
            "dnsEnd" : -1,
            "receiveHeadersEnd" : 19,
            "sslEnd" : -1,
            "connectEnd" : 14,
            "connectStart" : 0,
            "id" : "download_17",
            "receivedTime" : "434.79699967429",
            "sslStart" : -1,
            "dnsStart" : -1,
            "receiveLast" : 415.79699967429,
            "s_time" : 177.319999784231,
            "sendEnd" : 15,
            "sendStart" : 14,
            "type" : "text/html"
         }
      },
      {
         "when_comp_start" : 1,
         "url" : "http://modified.testbed.localhost/img-l3.xvideos.com/videos/thumbsl/fb/5f/74/fb5f74de83b544e93afdd473fa96904a/fb5f74de83b544e93afdd473fa96904a.14.jpg",
         "id" : "r22",
         "comps" : [],
         "download" : {
            "receiveFirst" : 4,
            "len" : 405,
            "dns" : 0,
            "dnsEnd" : -1,
            "receiveHeadersEnd" : 18,
            "sslEnd" : -1,
            "connectEnd" : 13,
            "connectStart" : 0,
            "id" : "download_18",
            "receivedTime" : "437.146999873221",
            "sslStart" : -1,
            "dnsStart" : -1,
            "receiveLast" : 419.146999873221,
            "s_time" : 178.535999730229,
            "sendEnd" : 14,
            "sendStart" : 13,
            "type" : "text/html"
         }
      },
      {
         "when_comp_start" : 1,
         "url" : "http://modified.testbed.localhost/img-l3.xvideos.com/videos/thumbsl/06/08/ef/0608ef21d27d41d2a1adf890ab789083/0608ef21d27d41d2a1adf890ab789083.4.jpg",
         "id" : "r23",
         "comps" : [],
         "download" : {
            "receiveFirst" : 6,
            "len" : 404,
            "dns" : 0,
            "dnsEnd" : -1,
            "receiveHeadersEnd" : 263,
            "sslEnd" : -1,
            "connectEnd" : 257,
            "connectStart" : 0,
            "id" : "download_19",
            "receivedTime" : "446.292999666184",
            "sslStart" : -1,
            "dnsStart" : -1,
            "receiveLast" : 183.292999666184,
            "s_time" : 179.511999711394,
            "sendEnd" : 257,
            "sendStart" : 257,
            "type" : "text/html"
         }
      },
      {
         "when_comp_start" : 1,
         "url" : "http://modified.testbed.localhost/img-l3.xvideos.com/videos/thumbsl/16/a9/20/16a920f61ee793103d6fe6f976d6af01/16a920f61ee793103d6fe6f976d6af01.23.jpg",
         "id" : "r24",
         "comps" : [],
         "download" : {
            "receiveFirst" : 6,
            "len" : 405,
            "dns" : 0,
            "dnsEnd" : -1,
            "receiveHeadersEnd" : 258,
            "sslEnd" : -1,
            "connectEnd" : 252,
            "connectStart" : 0,
            "id" : "download_20",
            "receivedTime" : "448.36699962616",
            "sslStart" : -1,
            "dnsStart" : -1,
            "receiveLast" : 190.36699962616,
            "s_time" : 182.622999884188,
            "sendEnd" : 252,
            "sendStart" : 252,
            "type" : "text/html"
         }
      },
      {
         "when_comp_start" : 1,
         "url" : "http://modified.testbed.localhost/img-l3.xvideos.com/videos/thumbsl/a5/a0/11/a5a0114e79b02c0115fed71ca673a645/a5a0114e79b02c0115fed71ca673a645.30.jpg",
         "id" : "r25",
         "comps" : [],
         "download" : {
            "receiveFirst" : 7,
            "len" : 405,
            "dns" : 0,
            "dnsEnd" : -1,
            "receiveHeadersEnd" : 258,
            "sslEnd" : -1,
            "connectEnd" : 251,
            "connectStart" : 0,
            "id" : "download_21",
            "receivedTime" : "450.328999664634",
            "sslStart" : -1,
            "dnsStart" : -1,
            "receiveLast" : 192.328999664634,
            "s_time" : 183.579999953508,
            "sendEnd" : 251,
            "sendStart" : 251,
            "type" : "text/html"
         }
      },
      {
         "when_comp_start" : 1,
         "url" : "http://modified.testbed.localhost/img-l3.xvideos.com/videos/thumbsl/76/cf/54/76cf541f272679474977b73e2101f218/76cf541f272679474977b73e2101f218.12.jpg",
         "id" : "r26",
         "comps" : [],
         "download" : {
            "receiveFirst" : 7,
            "len" : 405,
            "dns" : 0,
            "dnsEnd" : -1,
            "receiveHeadersEnd" : 258,
            "sslEnd" : -1,
            "connectEnd" : 250,
            "connectStart" : 0,
            "id" : "download_22",
            "receivedTime" : "452.280999626964",
            "sslStart" : -1,
            "dnsStart" : -1,
            "receiveLast" : 194.280999626964,
            "s_time" : 184.411999769509,
            "sendEnd" : 251,
            "sendStart" : 250,
            "type" : "text/html"
         }
      },
      {
         "when_comp_start" : -1,
         "url" : "http://modified.testbed.localhost/static-hw.xvideos.com/v3/js/libs/jquery.min.js",
         "id" : "r52",
         "comps" : [
            {
               "s_time" : 468.357999809086,
               "time" : 73.599999770522,
               "type" : 1,
               "id" : "comp_60",
               "e_time" : 541.957999579608
            }
         ],
         "download" : {
            "receiveFirst" : 14,
            "len" : 95992,
            "dns" : 0,
            "dnsEnd" : -1,
            "receiveHeadersEnd" : 156,
            "sslEnd" : -1,
            "connectEnd" : 142,
            "connectStart" : 0,
            "id" : "download_23",
            "receivedTime" : "468.055999837816",
            "sslStart" : -1,
            "dnsStart" : -1,
            "receiveLast" : 312.055999837816,
            "s_time" : 298.963999841362,
            "sendEnd" : 142,
            "sendStart" : 142,
            "type" : "application/javascript"
         }
      },
      {
         "when_comp_start" : -1,
         "url" : "http://modified.testbed.localhost/static-hw.xvideos.com/v3/js/skins/min/default.footer.static.js%3Fv=4329f0770ab",
         "id" : "r51",
         "comps" : [
            {
               "s_time" : 458.2320000045,
               "time" : 6.10399991273903,
               "type" : 1,
               "id" : "comp_58",
               "e_time" : 464.335999917239
            }
         ],
         "download" : {
            "receiveFirst" : 14,
            "len" : 3272,
            "dns" : 0,
            "dnsEnd" : -1,
            "receiveHeadersEnd" : 156,
            "sslEnd" : -1,
            "connectEnd" : 142,
            "connectStart" : 0,
            "id" : "download_24",
            "receivedTime" : "458.083999808878",
            "sslStart" : -1,
            "dnsStart" : -1,
            "receiveLast" : 302.083999808878,
            "s_time" : 298.812999855727,
            "sendEnd" : 142,
            "sendStart" : 142,
            "type" : "text/plain"
         }
      },
      {
         "when_comp_start" : -1,
         "url" : "http://modified.testbed.localhost/static-hw.xvideos.com/v3/js/skins/min/require.static.js",
         "id" : "r53",
         "comps" : [
            {
               "s_time" : 543.226999696344,
               "time" : 14.621000271291,
               "type" : 1,
               "id" : "comp_63",
               "e_time" : 557.847999967635
            }
         ],
         "download" : {
            "receiveFirst" : 6,
            "len" : 25708,
            "dns" : 0,
            "dnsEnd" : -1,
            "receiveHeadersEnd" : 161,
            "sslEnd" : -1,
            "connectEnd" : 154,
            "connectStart" : 0,
            "id" : "download_25",
            "receivedTime" : "543.019999749959",
            "sslStart" : -1,
            "dnsStart" : -1,
            "receiveLast" : 382.019999749959,
            "s_time" : 299.180999863893,
            "sendEnd" : 155,
            "sendStart" : 154,
            "type" : "application/javascript"
         }
      },
      {
         "when_comp_start" : 1,
         "url" : "http://modified.testbed.localhost/img-l3.xvideos.com/videos/thumbsl/ac/3a/58/ac3a5896a58e98461177e09d51d464af/ac3a5896a58e98461177e09d51d464af.28.jpg",
         "id" : "r27",
         "comps" : [],
         "download" : {
            "receiveFirst" : 8,
            "len" : 405,
            "dns" : 0,
            "dnsEnd" : -1,
            "receiveHeadersEnd" : 33,
            "sslEnd" : -1,
            "connectEnd" : 25,
            "connectStart" : 0,
            "id" : "download_26",
            "receivedTime" : "568.864999804646",
            "sslStart" : -1,
            "dnsStart" : -1,
            "receiveLast" : 535.864999804646,
            "s_time" : 428.780999965966,
            "sendEnd" : 25,
            "sendStart" : 25,
            "type" : "text/html"
         }
      },
      {
         "when_comp_start" : 1,
         "url" : "http://modified.testbed.localhost/img-l3.xvideos.com/videos/thumbsl/55/e4/ff/55e4fff2934233fb9f422de75354fdf7/55e4fff2934233fb9f422de75354fdf7.22.jpg",
         "id" : "r28",
         "comps" : [],
         "download" : {
            "receiveFirst" : 9,
            "len" : 405,
            "dns" : 0,
            "dnsEnd" : -1,
            "receiveHeadersEnd" : 33,
            "sslEnd" : -1,
            "connectEnd" : 24,
            "connectStart" : 0,
            "id" : "download_27",
            "receivedTime" : "569.163999985904",
            "sslStart" : -1,
            "dnsStart" : -1,
            "receiveLast" : 536.163999985904,
            "s_time" : 430.141999851912,
            "sendEnd" : 24,
            "sendStart" : 24,
            "type" : "text/html"
         }
      },
      {
         "when_comp_start" : 1,
         "url" : "http://modified.testbed.localhost/img-l3.xvideos.com/videos/thumbsl/ba/2b/9c/ba2b9c3bde6c13e25f8fb8dcd85f3908/ba2b9c3bde6c13e25f8fb8dcd85f3908.5.jpg",
         "id" : "r29",
         "comps" : [],
         "download" : {
            "receiveFirst" : 9,
            "len" : 404,
            "dns" : 0,
            "dnsEnd" : -1,
            "receiveHeadersEnd" : 32,
            "sslEnd" : -1,
            "connectEnd" : 23,
            "connectStart" : 0,
            "id" : "download_28",
            "receivedTime" : "569.32899961248",
            "sslStart" : -1,
            "dnsStart" : -1,
            "receiveLast" : 537.32899961248,
            "s_time" : 431.63299979642,
            "sendEnd" : 23,
            "sendStart" : 23,
            "type" : "text/html"
         }
      },
      {
         "when_comp_start" : 1,
         "url" : "http://modified.testbed.localhost/img-l3.xvideos.com/videos/thumbsl/e4/ff/7a/e4ff7a15e59cb7a4ed80c6cfc1fa06ab/e4ff7a15e59cb7a4ed80c6cfc1fa06ab.28.jpg",
         "id" : "r30",
         "comps" : [],
         "download" : {
            "receiveFirst" : 12,
            "len" : 405,
            "dns" : 0,
            "dnsEnd" : -1,
            "receiveHeadersEnd" : 37,
            "sslEnd" : -1,
            "connectEnd" : 25,
            "connectStart" : 0,
            "id" : "download_29",
            "receivedTime" : "577.021999750286",
            "sslStart" : -1,
            "dnsStart" : -1,
            "receiveLast" : 540.021999750286,
            "s_time" : 432.976999785751,
            "sendEnd" : 25,
            "sendStart" : 25,
            "type" : "text/html"
         }
      },
      {
         "when_comp_start" : 1,
         "url" : "http://modified.testbed.localhost/img-l3.xvideos.com/videos/thumbsl/2f/02/8e/2f028e5b2b3473aa60e05595afe8fc5e/2f028e5b2b3473aa60e05595afe8fc5e.21.jpg",
         "id" : "r31",
         "comps" : [],
         "download" : {
            "receiveFirst" : 9,
            "len" : 405,
            "dns" : 0,
            "dnsEnd" : -1,
            "receiveHeadersEnd" : 40,
            "sslEnd" : -1,
            "connectEnd" : 31,
            "connectStart" : 0,
            "id" : "download_30",
            "receivedTime" : "578.747999854386",
            "sslStart" : -1,
            "dnsStart" : -1,
            "receiveLast" : 538.747999854386,
            "s_time" : 434.298999607563,
            "sendEnd" : 31,
            "sendStart" : 31,
            "type" : "text/html"
         }
      },
      {
         "when_comp_start" : 1,
         "url" : "http://modified.testbed.localhost/img-l3.xvideos.com/videos/thumbsl/3b/5d/1b/3b5d1b1f944f31ce99613fb9e3e3f7f6/3b5d1b1f944f31ce99613fb9e3e3f7f6.10.jpg",
         "id" : "r32",
         "comps" : [],
         "download" : {
            "receiveFirst" : 7,
            "len" : 405,
            "dns" : 0,
            "dnsEnd" : -1,
            "receiveHeadersEnd" : 42,
            "sslEnd" : -1,
            "connectEnd" : 35,
            "connectStart" : 0,
            "id" : "download_31",
            "receivedTime" : "579.440000001341",
            "sslStart" : -1,
            "dnsStart" : -1,
            "receiveLast" : 537.440000001341,
            "s_time" : 435.609999578446,
            "sendEnd" : 35,
            "sendStart" : 35,
            "type" : "text/html"
         }
      },
      {
         "when_comp_start" : 1,
         "url" : "http://modified.testbed.localhost/img-l3.xvideos.com/videos/thumbsl/67/ad/00/67ad00d45086140ddec9d9ceadbcd8c1/67ad00d45086140ddec9d9ceadbcd8c1.10.jpg",
         "id" : "r33",
         "comps" : [],
         "download" : {
            "receiveFirst" : 7,
            "len" : 405,
            "dns" : 0,
            "dnsEnd" : -1,
            "receiveHeadersEnd" : 31,
            "sslEnd" : -1,
            "connectEnd" : 24,
            "connectStart" : 0,
            "id" : "download_32",
            "receivedTime" : "579.64099990204",
            "sslStart" : -1,
            "dnsStart" : -1,
            "receiveLast" : 548.64099990204,
            "s_time" : 446.3009997271,
            "sendEnd" : 24,
            "sendStart" : 24,
            "type" : "text/html"
         }
      },
      {
         "when_comp_start" : 1,
         "url" : "http://modified.testbed.localhost/img-l3.xvideos.com/videos/thumbsl/1f/18/bd/1f18bd7f18c3d0a73eea4bfecac093f3/1f18bd7f18c3d0a73eea4bfecac093f3.6.jpg",
         "id" : "r34",
         "comps" : [],
         "download" : {
            "receiveFirst" : 7,
            "len" : 404,
            "dns" : 0,
            "dnsEnd" : -1,
            "receiveHeadersEnd" : 30,
            "sslEnd" : -1,
            "connectEnd" : 23,
            "connectStart" : 0,
            "id" : "download_33",
            "receivedTime" : "579.818999860436",
            "sslStart" : -1,
            "dnsStart" : -1,
            "receiveLast" : 549.818999860436,
            "s_time" : 448.159999679774,
            "sendEnd" : 23,
            "sendStart" : 23,
            "type" : "text/html"
         }
      },
      {
         "when_comp_start" : 1,
         "url" : "http://modified.testbed.localhost/img-l3.xvideos.com/videos/thumbsl/f0/8c/4b/f08c4b984253f80ac900426c78b5c20a/f08c4b984253f80ac900426c78b5c20a.1.jpg",
         "id" : "r35",
         "comps" : [],
         "download" : {
            "receiveFirst" : 6,
            "len" : 404,
            "dns" : 0,
            "dnsEnd" : -1,
            "receiveHeadersEnd" : 29,
            "sslEnd" : -1,
            "connectEnd" : 22,
            "connectStart" : 0,
            "id" : "download_34",
            "receivedTime" : "579.990999773145",
            "sslStart" : -1,
            "dnsStart" : -1,
            "receiveLast" : 550.990999773145,
            "s_time" : 449.980000033975,
            "sendEnd" : 23,
            "sendStart" : 22,
            "type" : "text/html"
         }
      },
      {
         "when_comp_start" : 1,
         "url" : "http://modified.testbed.localhost/img-l3.xvideos.com/videos/thumbsl/7d/5f/60/7d5f60c3550b22e563e2c0a37df5417a/7d5f60c3550b22e563e2c0a37df5417a.17.jpg",
         "id" : "r36",
         "comps" : [],
         "download" : {
            "receiveFirst" : 10,
            "len" : 405,
            "dns" : 0,
            "dnsEnd" : -1,
            "receiveHeadersEnd" : 33,
            "sslEnd" : -1,
            "connectEnd" : 23,
            "connectStart" : 0,
            "id" : "download_35",
            "receivedTime" : "580.415999982506",
            "sslStart" : -1,
            "dnsStart" : -1,
            "receiveLast" : 547.415999982506,
            "s_time" : 451.792999636382,
            "sendEnd" : 23,
            "sendStart" : 23,
            "type" : "text/html"
         }
      },
      {
         "when_comp_start" : 1,
         "url" : "http://modified.testbed.localhost/img-l3.xvideos.com/videos/thumbsl/f1/98/93/f198931f71f48f9b26dda94b5763a9dd/f198931f71f48f9b26dda94b5763a9dd.25.jpg",
         "id" : "r37",
         "comps" : [],
         "download" : {
            "receiveFirst" : 9,
            "len" : 405,
            "dns" : 0,
            "dnsEnd" : -1,
            "receiveHeadersEnd" : 20,
            "sslEnd" : -1,
            "connectEnd" : 11,
            "connectStart" : 0,
            "id" : "download_36",
            "receivedTime" : "580.600999761373",
            "sslStart" : -1,
            "dnsStart" : -1,
            "receiveLast" : 560.600999761373,
            "s_time" : 466.2009999156,
            "sendEnd" : 11,
            "sendStart" : 11,
            "type" : "text/html"
         }
      },
      {
         "when_comp_start" : 1,
         "url" : "http://modified.testbed.localhost/img-l3.xvideos.com/videos/thumbsl/d0/75/01/d07501bc35babc8c30d82b5eadd7aed6/d07501bc35babc8c30d82b5eadd7aed6.28.jpg",
         "id" : "r38",
         "comps" : [],
         "download" : {
            "receiveFirst" : 7,
            "len" : 405,
            "dns" : 0,
            "dnsEnd" : -1,
            "receiveHeadersEnd" : 23,
            "sslEnd" : -1,
            "connectEnd" : 16,
            "connectStart" : 0,
            "id" : "download_37",
            "receivedTime" : "581.338999792933",
            "sslStart" : -1,
            "dnsStart" : -1,
            "receiveLast" : 558.338999792933,
            "s_time" : 467.945999931544,
            "sendEnd" : 16,
            "sendStart" : 16,
            "type" : "text/html"
         }
      },
      {
         "when_comp_start" : 1,
         "url" : "http://modified.testbed.localhost/img-l3.xvideos.com/videos/thumbsl/f9/d5/33/f9d53336c396d88a4e1e92c57f045df6/f9d53336c396d88a4e1e92c57f045df6.7.jpg",
         "id" : "r39",
         "comps" : [],
         "download" : {
            "receiveFirst" : 8,
            "len" : 404,
            "dns" : 0,
            "dnsEnd" : -1,
            "receiveHeadersEnd" : 23,
            "sslEnd" : -1,
            "connectEnd" : 15,
            "connectStart" : 0,
            "id" : "download_38",
            "receivedTime" : "581.537999678403",
            "sslStart" : -1,
            "dnsStart" : -1,
            "receiveLast" : 558.537999678403,
            "s_time" : 469.364000018686,
            "sendEnd" : 15,
            "sendStart" : 15,
            "type" : "text/html"
         }
      },
      {
         "when_comp_start" : 1,
         "url" : "http://modified.testbed.localhost/img-l3.xvideos.com/videos/thumbsl/39/9a/d5/399ad50046b7e479f08532af9503cd3a/399ad50046b7e479f08532af9503cd3a.2.jpg",
         "id" : "r40",
         "comps" : [],
         "download" : {
            "receiveFirst" : 8,
            "len" : 404,
            "dns" : 0,
            "dnsEnd" : -1,
            "receiveHeadersEnd" : 21,
            "sslEnd" : -1,
            "connectEnd" : 13,
            "connectStart" : 0,
            "id" : "download_39",
            "receivedTime" : "581.711999606341",
            "sslStart" : -1,
            "dnsStart" : -1,
            "receiveLast" : 560.711999606341,
            "s_time" : 471.7239998281,
            "sendEnd" : 13,
            "sendStart" : 13,
            "type" : "text/html"
         }
      },
      {
         "when_comp_start" : 1,
         "url" : "http://modified.testbed.localhost/img-l3.xvideos.com/videos/thumbsl/fc/cc/08/fccc0802e7beca02d8140b84343281be/fccc0802e7beca02d8140b84343281be.1.jpg",
         "id" : "r41",
         "comps" : [],
         "download" : {
            "receiveFirst" : 8,
            "len" : 404,
            "dns" : 0,
            "dnsEnd" : -1,
            "receiveHeadersEnd" : 17,
            "sslEnd" : -1,
            "connectEnd" : 9,
            "connectStart" : 0,
            "id" : "download_40",
            "receivedTime" : "581.933999899775",
            "sslStart" : -1,
            "dnsStart" : -1,
            "receiveLast" : 564.933999899775,
            "s_time" : 476.361999753863,
            "sendEnd" : 9,
            "sendStart" : 9,
            "type" : "text/html"
         }
      },
      {
         "when_comp_start" : 1,
         "url" : "http://modified.testbed.localhost/img-l3.xvideos.com/videos/thumbsl/33/8c/3b/338c3ba0bc117f6a189d6f5d1235391e/338c3ba0bc117f6a189d6f5d1235391e.23.jpg",
         "id" : "r42",
         "comps" : [],
         "download" : {
            "receiveFirst" : 9,
            "len" : 405,
            "dns" : 0,
            "dnsEnd" : -1,
            "receiveHeadersEnd" : 19,
            "sslEnd" : -1,
            "connectEnd" : 10,
            "connectStart" : 0,
            "id" : "download_41",
            "receivedTime" : "582.347999792546",
            "sslStart" : -1,
            "dnsStart" : -1,
            "receiveLast" : 563.347999792546,
            "s_time" : 480.341999791563,
            "sendEnd" : 10,
            "sendStart" : 10,
            "type" : "text/html"
         }
      },
      {
         "when_comp_start" : 1,
         "url" : "http://modified.testbed.localhost/img-l3.xvideos.com/videos/thumbsl/05/c7/61/05c7617adc361f9ed94afbc39418158c/05c7617adc361f9ed94afbc39418158c.26.jpg",
         "id" : "r43",
         "comps" : [],
         "download" : {
            "receiveFirst" : 8,
            "len" : 405,
            "dns" : 0,
            "dnsEnd" : -1,
            "receiveHeadersEnd" : 18,
            "sslEnd" : -1,
            "connectEnd" : 10,
            "connectStart" : 0,
            "id" : "download_42",
            "receivedTime" : "582.534999586642",
            "sslStart" : -1,
            "dnsStart" : -1,
            "receiveLast" : 564.534999586642,
            "s_time" : 481.475999578834,
            "sendEnd" : 10,
            "sendStart" : 10,
            "type" : "text/html"
         }
      },
      {
         "when_comp_start" : 1,
         "url" : "http://modified.testbed.localhost/img-l3.xvideos.com/videos/thumbsl/73/27/d9/7327d93e4541aed862f3817b6d983736/7327d93e4541aed862f3817b6d983736.8.jpg",
         "id" : "r44",
         "comps" : [],
         "download" : {
            "receiveFirst" : 6,
            "len" : 404,
            "dns" : 0,
            "dnsEnd" : -1,
            "receiveHeadersEnd" : 21,
            "sslEnd" : -1,
            "connectEnd" : 15,
            "connectStart" : 0,
            "id" : "download_43",
            "receivedTime" : "583.03099963814",
            "sslStart" : -1,
            "dnsStart" : -1,
            "receiveLast" : 562.03099963814,
            "s_time" : 482.551999855787,
            "sendEnd" : 15,
            "sendStart" : 15,
            "type" : "text/html"
         }
      },
      {
         "when_comp_start" : 1,
         "url" : "http://modified.testbed.localhost/img-l3.xvideos.com/videos/thumbsl/0e/54/d9/0e54d9d81ea781d692a8f0131e168d8c/0e54d9d81ea781d692a8f0131e168d8c.14.jpg",
         "id" : "r45",
         "comps" : [],
         "download" : {
            "receiveFirst" : 6,
            "len" : 405,
            "dns" : 0,
            "dnsEnd" : -1,
            "receiveHeadersEnd" : 20,
            "sslEnd" : -1,
            "connectEnd" : 14,
            "connectStart" : 0,
            "id" : "download_44",
            "receivedTime" : "583.34599994123",
            "sslStart" : -1,
            "dnsStart" : -1,
            "receiveLast" : 563.34599994123,
            "s_time" : 483.74899988994,
            "sendEnd" : 14,
            "sendStart" : 14,
            "type" : "text/html"
         }
      },
      {
         "when_comp_start" : 1,
         "url" : "http://modified.testbed.localhost/img-l3.xvideos.com/videos/thumbsl/57/eb/d8/57ebd8461ee58de5a560e9d8900f10f4/57ebd8461ee58de5a560e9d8900f10f4.12.jpg",
         "id" : "r46",
         "comps" : [],
         "download" : {
            "receiveFirst" : 6,
            "len" : 405,
            "dns" : 0,
            "dnsEnd" : -1,
            "receiveHeadersEnd" : 16,
            "sslEnd" : -1,
            "connectEnd" : 10,
            "connectStart" : 0,
            "id" : "download_45",
            "receivedTime" : "583.525999914855",
            "sslStart" : -1,
            "dnsStart" : -1,
            "receiveLast" : 567.525999914855,
            "s_time" : 488.437999971211,
            "sendEnd" : 10,
            "sendStart" : 10,
            "type" : "text/html"
         }
      },
      {
         "when_comp_start" : 1,
         "url" : "http://modified.testbed.localhost/img-l3.xvideos.com/videos/thumbsl/44/68/0b/44680b3f63395a31660ecd178266a59f/44680b3f63395a31660ecd178266a59f.2.jpg",
         "id" : "r47",
         "comps" : [],
         "download" : {
            "receiveFirst" : 7,
            "len" : 404,
            "dns" : 0,
            "dnsEnd" : -1,
            "receiveHeadersEnd" : 15,
            "sslEnd" : -1,
            "connectEnd" : 8,
            "connectStart" : 0,
            "id" : "download_46",
            "receivedTime" : "583.704999648035",
            "sslStart" : -1,
            "dnsStart" : -1,
            "receiveLast" : 568.704999648035,
            "s_time" : 490.096000023186,
            "sendEnd" : 8,
            "sendStart" : 8,
            "type" : "text/html"
         }
      },
      {
         "when_comp_start" : 1,
         "url" : "http://modified.testbed.localhost/img-l3.xvideos.com/videos/thumbsl/3c/66/23/3c66236452d67d5ea3202e984e114246/3c66236452d67d5ea3202e984e114246.5.jpg",
         "id" : "r49",
         "comps" : [],
         "download" : {
            "receiveFirst" : 5,
            "len" : 404,
            "dns" : 0,
            "dnsEnd" : -1,
            "receiveHeadersEnd" : 12,
            "sslEnd" : -1,
            "connectEnd" : 7,
            "connectStart" : 0,
            "id" : "download_47",
            "receivedTime" : "584.105999674648",
            "sslStart" : -1,
            "dnsStart" : -1,
            "receiveLast" : 572.105999674648,
            "s_time" : 495.546999853104,
            "sendEnd" : 7,
            "sendStart" : 7,
            "type" : "text/html"
         }
      },
      {
         "when_comp_start" : 1,
         "url" : "http://modified.testbed.localhost/img-l3.xvideos.com/videos/thumbsl/a3/fe/a4/a3fea4739776828a248a402334a9d4fe/a3fea4739776828a248a402334a9d4fe.11.jpg",
         "id" : "r48",
         "comps" : [],
         "download" : {
            "receiveFirst" : 5,
            "len" : 405,
            "dns" : 0,
            "dnsEnd" : -1,
            "receiveHeadersEnd" : 14,
            "sslEnd" : -1,
            "connectEnd" : 9,
            "connectStart" : 0,
            "id" : "download_48",
            "receivedTime" : "584.287999663502",
            "sslStart" : -1,
            "dnsStart" : -1,
            "receiveLast" : 570.287999663502,
            "s_time" : 494.412999600172,
            "sendEnd" : 9,
            "sendStart" : 9,
            "type" : "text/html"
         }
      },
      {
         "when_comp_start" : 1,
         "url" : "http://modified.testbed.localhost/img-l3.xvideos.com/videos/thumbsl/db/34/2e/db342e83d2c2f94f9cd3d226d10e917c/db342e83d2c2f94f9cd3d226d10e917c.1.jpg",
         "id" : "r50",
         "comps" : [],
         "download" : {
            "receiveFirst" : 3,
            "len" : 404,
            "dns" : 0,
            "dnsEnd" : -1,
            "receiveHeadersEnd" : 14,
            "sslEnd" : -1,
            "connectEnd" : 11,
            "connectStart" : 0,
            "id" : "download_49",
            "receivedTime" : "584.589999634773",
            "sslStart" : -1,
            "dnsStart" : -1,
            "receiveLast" : 570.589999634773,
            "s_time" : 496.7489996925,
            "sendEnd" : 11,
            "sendStart" : 11,
            "type" : "text/html"
         }
      },
      {
         "when_comp_start" : -1,
         "url" : "http://static-hw.xvideos.com/v3/js/skins/min/default.en.js?v=1b99599cd82",
         "id" : "r54",
         "comps" : [
            {
               "s_time" : 596.544999629259,
               "time" : 29.752000235021,
               "type" : null,
               "id" : "comp_74",
               "e_time" : 626.29699986428
            }
         ],
         "download" : {
            "receiveFirst" : 1,
            "len" : 93459,
            "dns" : 0,
            "dnsEnd" : -1,
            "receiveHeadersEnd" : 1,
            "sslEnd" : -1,
            "connectEnd" : 0,
            "connectStart" : 0,
            "id" : "download_50",
            "receivedTime" : "595.107999630272",
            "sslStart" : -1,
            "dnsStart" : -1,
            "receiveLast" : 594.107999630272,
            "s_time" : 575.698999688029,
            "sendEnd" : 0,
            "sendStart" : 0,
            "type" : "application/javascript"
         }
      },
      {
         "when_comp_start" : 1,
         "url" : "http://modified.testbed.localhost/pics-error/3/20/456/-/0",
         "id" : "r55",
         "comps" : [],
         "download" : {
            "receiveFirst" : 3,
            "len" : 313,
            "dns" : 0,
            "dnsEnd" : -1,
            "receiveHeadersEnd" : 4,
            "sslEnd" : -1,
            "connectEnd" : 1,
            "connectStart" : 0,
            "id" : "download_51",
            "receivedTime" : "595.569999888539",
            "sslStart" : -1,
            "dnsStart" : -1,
            "receiveLast" : 591.569999888539,
            "s_time" : 586.401999928057,
            "sendEnd" : 1,
            "sendStart" : 1,
            "type" : "text/html"
         }
      }
   ],
   "deps" : [
      {
         "a2" : "r1_c2",
         "time" : -1,
         "id" : "dep1",
         "a1" : "comp_1"
      },
      {
         "a2" : "r1_c3",
         "time" : -1,
         "id" : "dep2",
         "a1" : "comp_3"
      },
      {
         "a2" : "r1_c4",
         "time" : -1,
         "id" : "dep3",
         "a1" : "comp_58"
      },
      {
         "a2" : "r1_c5",
         "time" : -1,
         "id" : "dep4",
         "a1" : "comp_60"
      },
      {
         "a2" : "r1_c6",
         "time" : -1,
         "id" : "dep5",
         "a1" : "comp_63"
      },
      {
         "a2" : "comp_1",
         "time" : -1,
         "id" : "dep6",
         "a1" : "comp_0"
      },
      {
         "a2" : "comp_60",
         "time" : -1,
         "id" : "dep7",
         "a1" : "comp_58"
      },
      {
         "a2" : "download_51",
         "time" : -1,
         "id" : "dep8",
         "a1" : "r1_c6"
      },
      {
         "a2" : "download_50",
         "time" : 17.8509997203939,
         "id" : "dep9",
         "a1" : "r1_c6"
      },
      {
         "a2" : "download_49",
         "time" : -1,
         "id" : "dep10",
         "a1" : "r1_c4"
      },
      {
         "a2" : "download_48",
         "time" : 30.076999682933,
         "id" : "dep11",
         "a1" : "r1_c4"
      },
      {
         "a2" : "download_47",
         "time" : 31.210999935865,
         "id" : "dep12",
         "a1" : "r1_c4"
      },
      {
         "a2" : "download_46",
         "time" : 25.760000105947,
         "id" : "dep13",
         "a1" : "r1_c4"
      },
      {
         "a2" : "download_45",
         "time" : 24.102000053972,
         "id" : "dep14",
         "a1" : "r1_c4"
      },
      {
         "a2" : "download_44",
         "time" : 19.412999972701,
         "id" : "dep15",
         "a1" : "r1_c4"
      },
      {
         "a2" : "download_43",
         "time" : 18.215999938548,
         "id" : "dep16",
         "a1" : "r1_c4"
      },
      {
         "a2" : "download_42",
         "time" : 17.139999661595,
         "id" : "dep17",
         "a1" : "r1_c4"
      },
      {
         "a2" : "download_41",
         "time" : 16.005999874324,
         "id" : "dep18",
         "a1" : "r1_c4"
      },
      {
         "a2" : "download_40",
         "time" : 12.025999836624,
         "id" : "dep19",
         "a1" : "r1_c4"
      },
      {
         "a2" : "download_39",
         "time" : 7.38799991086097,
         "id" : "dep20",
         "a1" : "r1_c4"
      },
      {
         "a2" : "download_38",
         "time" : 5.02800010144699,
         "id" : "dep21",
         "a1" : "r1_c4"
      },
      {
         "a2" : "download_37",
         "time" : 3.610000014305,
         "id" : "dep22",
         "a1" : "r1_c4"
      },
      {
         "a2" : "download_36",
         "time" : 1.86499999836099,
         "id" : "dep23",
         "a1" : "r1_c4"
      },
      {
         "a2" : "download_35",
         "time" : -1,
         "id" : "dep24",
         "a1" : "r1_c3"
      },
      {
         "a2" : "download_34",
         "time" : 319.351000245661,
         "id" : "dep25",
         "a1" : "r1_c3"
      },
      {
         "a2" : "download_33",
         "time" : 317.53099989146,
         "id" : "dep26",
         "a1" : "r1_c3"
      },
      {
         "a2" : "download_32",
         "time" : 315.671999938786,
         "id" : "dep27",
         "a1" : "r1_c3"
      },
      {
         "a2" : "download_31",
         "time" : 304.980999790132,
         "id" : "dep28",
         "a1" : "r1_c3"
      },
      {
         "a2" : "download_30",
         "time" : 303.669999819249,
         "id" : "dep29",
         "a1" : "r1_c3"
      },
      {
         "a2" : "download_29",
         "time" : 302.347999997437,
         "id" : "dep30",
         "a1" : "r1_c3"
      },
      {
         "a2" : "download_28",
         "time" : 301.004000008106,
         "id" : "dep31",
         "a1" : "r1_c3"
      },
      {
         "a2" : "download_27",
         "time" : 299.513000063598,
         "id" : "dep32",
         "a1" : "r1_c3"
      },
      {
         "a2" : "download_26",
         "time" : 298.152000177652,
         "id" : "dep33",
         "a1" : "r1_c3"
      },
      {
         "a2" : "download_25",
         "time" : 168.552000075579,
         "id" : "dep34",
         "a1" : "r1_c3"
      },
      {
         "a2" : "download_25",
         "time" : 168.552000075579,
         "id" : "dep35",
         "a1" : "r1_c3"
      },
      {
         "a2" : "download_24",
         "time" : 168.184000067413,
         "id" : "dep36",
         "a1" : "r1_c3"
      },
      {
         "a2" : "download_23",
         "time" : 168.335000053048,
         "id" : "dep37",
         "a1" : "r1_c3"
      },
      {
         "a2" : "download_23",
         "time" : 168.335000053048,
         "id" : "dep38",
         "a1" : "r1_c3"
      },
      {
         "a2" : "download_22",
         "time" : 53.782999981195,
         "id" : "dep39",
         "a1" : "r1_c3"
      },
      {
         "a2" : "download_21",
         "time" : 52.951000165194,
         "id" : "dep40",
         "a1" : "r1_c3"
      },
      {
         "a2" : "download_20",
         "time" : 51.994000095874,
         "id" : "dep41",
         "a1" : "r1_c3"
      },
      {
         "a2" : "download_19",
         "time" : 48.88299992308,
         "id" : "dep42",
         "a1" : "r1_c3"
      },
      {
         "a2" : "download_18",
         "time" : 47.906999941915,
         "id" : "dep43",
         "a1" : "r1_c3"
      },
      {
         "a2" : "download_17",
         "time" : 46.690999995917,
         "id" : "dep44",
         "a1" : "r1_c3"
      },
      {
         "a2" : "download_16",
         "time" : 45.793000143021,
         "id" : "dep45",
         "a1" : "r1_c3"
      },
      {
         "a2" : "download_15",
         "time" : 45.009000226855,
         "id" : "dep46",
         "a1" : "r1_c3"
      },
      {
         "a2" : "download_14",
         "time" : 44.158999808133,
         "id" : "dep47",
         "a1" : "r1_c3"
      },
      {
         "a2" : "download_13",
         "time" : 43.330000247806,
         "id" : "dep48",
         "a1" : "r1_c3"
      },
      {
         "a2" : "download_12",
         "time" : 19.342000130564,
         "id" : "dep49",
         "a1" : "r1_c3"
      },
      {
         "a2" : "download_11",
         "time" : 18.199000041932,
         "id" : "dep50",
         "a1" : "r1_c3"
      },
      {
         "a2" : "download_10",
         "time" : 11.866000015289,
         "id" : "dep51",
         "a1" : "r1_c3"
      },
      {
         "a2" : "download_9",
         "time" : 11.129000224173,
         "id" : "dep52",
         "a1" : "r1_c3"
      },
      {
         "a2" : "download_8",
         "time" : 10.32799994573,
         "id" : "dep53",
         "a1" : "r1_c3"
      },
      {
         "a2" : "download_7",
         "time" : 9.50699998065801,
         "id" : "dep54",
         "a1" : "r1_c3"
      },
      {
         "a2" : "download_6",
         "time" : 8.70800018310601,
         "id" : "dep55",
         "a1" : "r1_c3"
      },
      {
         "a2" : "download_5",
         "time" : 7.79299996793301,
         "id" : "dep56",
         "a1" : "r1_c3"
      },
      {
         "a2" : "download_4",
         "time" : -1,
         "id" : "dep57",
         "a1" : "r1_c1"
      },
      {
         "a2" : "download_3",
         "time" : 2.5240001268685,
         "id" : "dep58",
         "a1" : "r1_c1"
      },
      {
         "a2" : "download_2",
         "time" : 1.9919998012483,
         "id" : "dep59",
         "a1" : "r1_c1"
      },
      {
         "a2" : "download_1",
         "time" : 1.34699977934361,
         "id" : "dep60",
         "a1" : "r1_c1"
      }
   ]
}
