{
   "n_download_no_trigger" : 1,
   "start_activity" : "download_0",
   "name" : "modified.testbed.localhost_www.google.it_",
   "load_activity" : -1,
   "objs" : [
      {
         "when_comp_start" : 1,
         "url" : "http://modified.testbed.localhost/www.google.it/",
         "id" : "r1",
         "comps" : [
            {
               "s_time" : 51.1619998142123,
               "time" : 31.6539998166263,
               "type" : "evalhtml",
               "id" : "r1_c1",
               "e_time" : 82.8159996308386
            }
         ],
         "download" : {
            "receiveFirst" : 3,
            "len" : 10753,
            "dns" : 0,
            "dnsEnd" : -1,
            "receiveHeadersEnd" : 6,
            "sslEnd" : -1,
            "connectEnd" : 2,
            "connectStart" : 0,
            "id" : "download_0",
            "receivedTime" : "46.3479999452829",
            "sslStart" : -1,
            "dnsStart" : -1,
            "receiveLast" : 40.3479999452829,
            "s_time" : 0,
            "sendEnd" : 3,
            "sendStart" : 2,
            "type" : "text/html"
         }
      },
      {
         "when_comp_start" : 1,
         "url" : "http://modified.testbed.localhost/client_204?&atyp=i&biw=1004&bih=705&ei=bzUhV4OFJoLJesXviugC",
         "id" : "r2",
         "comps" : [],
         "download" : {
            "receiveFirst" : 4,
            "len" : 300,
            "dns" : 0,
            "dnsEnd" : -1,
            "receiveHeadersEnd" : 6,
            "sslEnd" : -1,
            "connectEnd" : 2,
            "connectStart" : 0,
            "id" : "download_1",
            "receivedTime" : "112.896000035107",
            "sslStart" : -1,
            "dnsStart" : -1,
            "receiveLast" : 106.896000035107,
            "s_time" : 62.8829998895526,
            "sendEnd" : 2,
            "sendStart" : 2,
            "type" : "text/html"
         }
      },
      {
         "when_comp_start" : -1,
         "url" : "http://modified.testbed.localhost/www.google.it/images/branding/googlelogo/1x/googlelogo_white_background_color_272x92dp.png",
         "id" : "r3",
         "comps" : [],
         "download" : {
            "receiveFirst" : 3,
            "len" : 5482,
            "dns" : 0,
            "dnsEnd" : -1,
            "receiveHeadersEnd" : 5,
            "sslEnd" : -1,
            "connectEnd" : 2,
            "connectStart" : 0,
            "id" : "download_2",
            "receivedTime" : "113.475000020117",
            "sslStart" : -1,
            "dnsStart" : -1,
            "receiveLast" : 108.475000020117,
            "s_time" : 70.7870000042021,
            "sendEnd" : 2,
            "sendStart" : 2,
            "type" : "image/png"
         }
      },
      {
         "when_comp_start" : -1,
         "url" : "http://modified.testbed.localhost/www.google.it/images/nav_logo229.png",
         "id" : "r4",
         "comps" : [],
         "download" : {
            "receiveFirst" : 4,
            "len" : 17284,
            "dns" : 0,
            "dnsEnd" : -1,
            "receiveHeadersEnd" : 5,
            "sslEnd" : -1,
            "connectEnd" : 1,
            "connectStart" : 0,
            "id" : "download_3",
            "receivedTime" : "115.057999733835",
            "sslStart" : -1,
            "dnsStart" : -1,
            "receiveLast" : 110.057999733835,
            "s_time" : 82.8159996308386,
            "sendEnd" : 1,
            "sendStart" : 1,
            "type" : "image/png"
         }
      }
   ],
   "deps" : [
      {
         "a2" : "download_3",
         "time" : -1,
         "id" : "dep1",
         "a1" : "r1_c1"
      },
      {
         "a2" : "download_2",
         "time" : 19.6250001899898,
         "id" : "dep2",
         "a1" : "r1_c1"
      },
      {
         "a2" : "download_1",
         "time" : 11.7210000753403,
         "id" : "dep3",
         "a1" : "r1_c1"
      }
   ]
}
