{
   "n_download_no_trigger" : 1,
   "start_activity" : "download_0",
   "name" : "modified.testbed.localhost_www.intecnologia.net_",
   "load_activity" : -1,
   "objs" : [
      {
         "when_comp_start" : 1,
         "url" : "http://modified.testbed.localhost/www.intecnologia.net/",
         "id" : "r1",
         "comps" : [
            {
               "s_time" : 47.0450003631413,
               "time" : 0.352999661117799,
               "type" : "evalhtml",
               "id" : "r1_c1",
               "e_time" : 47.3980000242591
            }
         ],
         "download" : {
            "receiveFirst" : 5,
            "len" : 177,
            "dns" : 0,
            "dnsEnd" : -1,
            "receiveHeadersEnd" : 7,
            "sslEnd" : -1,
            "connectEnd" : 2,
            "connectStart" : 0,
            "id" : "download_0",
            "receivedTime" : "9.41500021144748",
            "sslStart" : -1,
            "dnsStart" : -1,
            "receiveLast" : 2.41500021144748,
            "s_time" : 0,
            "sendEnd" : 2,
            "sendStart" : 2,
            "type" : "text/html"
         }
      }
   ],
   "deps" : []
}
