{
   "n_download_no_trigger" : 1,
   "start_activity" : "download_0",
   "name" : "modified.testbed.localhost_www.google.com_",
   "load_activity" : -1,
   "objs" : [
      {
         "when_comp_start" : 1,
         "url" : "http://modified.testbed.localhost/www.google.com/",
         "id" : "r1",
         "comps" : [
            {
               "s_time" : 48.5270000062883,
               "time" : 30.3520001471043,
               "type" : "evalhtml",
               "id" : "r1_c1",
               "e_time" : 78.8790001533926
            }
         ],
         "download" : {
            "receiveFirst" : 5,
            "len" : 10629,
            "dns" : 0,
            "dnsEnd" : -1,
            "receiveHeadersEnd" : 6,
            "sslEnd" : -1,
            "connectEnd" : 1,
            "connectStart" : 0,
            "id" : "download_0",
            "receivedTime" : "47.84099990502",
            "sslStart" : -1,
            "dnsStart" : -1,
            "receiveLast" : 41.84099990502,
            "s_time" : 0,
            "sendEnd" : 1,
            "sendStart" : 1,
            "type" : "text/html"
         }
      },
      {
         "when_comp_start" : -1,
         "url" : "http://modified.testbed.localhost/www.google.com/images/branding/googlelogo/1x/googlelogo_white_background_color_272x92dp.png",
         "id" : "r2",
         "comps" : [],
         "download" : {
            "receiveFirst" : 5,
            "len" : 5482,
            "dns" : 0,
            "dnsEnd" : -1,
            "receiveHeadersEnd" : 6,
            "sslEnd" : -1,
            "connectEnd" : 1,
            "connectStart" : 0,
            "id" : "download_1",
            "receivedTime" : "81.7060000263155",
            "sslStart" : -1,
            "dnsStart" : -1,
            "receiveLast" : 75.7060000263155,
            "s_time" : 60.477000195533,
            "sendEnd" : 1,
            "sendStart" : 1,
            "type" : "image/png"
         }
      },
      {
         "when_comp_start" : 1,
         "url" : "http://modified.testbed.localhost/client_204?&atyp=i&biw=1004&bih=686&ei=FjQhV-q5DMuwe9m5Cg",
         "id" : "r3",
         "comps" : [],
         "download" : {
            "receiveFirst" : 4,
            "len" : 300,
            "dns" : 0,
            "dnsEnd" : -1,
            "receiveHeadersEnd" : 6,
            "sslEnd" : -1,
            "connectEnd" : 1,
            "connectStart" : 0,
            "id" : "download_2",
            "receivedTime" : "82.1119998581707",
            "sslStart" : -1,
            "dnsStart" : -1,
            "receiveLast" : 76.1119998581707,
            "s_time" : 64.5599998533726,
            "sendEnd" : 2,
            "sendStart" : 1,
            "type" : "text/html"
         }
      },
      {
         "when_comp_start" : -1,
         "url" : "http://modified.testbed.localhost/www.google.com/images/nav_logo229.png",
         "id" : "r4",
         "comps" : [],
         "download" : {
            "receiveFirst" : 12,
            "len" : 17284,
            "dns" : 0,
            "dnsEnd" : -1,
            "receiveHeadersEnd" : 13,
            "sslEnd" : -1,
            "connectEnd" : 1,
            "connectStart" : 0,
            "id" : "download_3",
            "receivedTime" : "93.6440001241863",
            "sslStart" : -1,
            "dnsStart" : -1,
            "receiveLast" : 80.6440001241863,
            "s_time" : 78.8790001533926,
            "sendEnd" : 1,
            "sendStart" : 1,
            "type" : "image/png"
         }
      }
   ],
   "deps" : [
      {
         "a2" : "download_3",
         "time" : -1,
         "id" : "dep1",
         "a1" : "r1_c1"
      },
      {
         "a2" : "download_2",
         "time" : 16.0329998470843,
         "id" : "dep2",
         "a1" : "r1_c1"
      },
      {
         "a2" : "download_1",
         "time" : 11.9500001892447,
         "id" : "dep3",
         "a1" : "r1_c1"
      }
   ]
}
