{
   "n_download_no_trigger" : 1,
   "start_activity" : "download_0",
   "name" : "modified.testbed.localhost_www.google.de_",
   "load_activity" : -1,
   "objs" : [
      {
         "when_comp_start" : 1,
         "url" : "http://modified.testbed.localhost/www.google.de/",
         "id" : "r1",
         "comps" : [
            {
               "s_time" : 45.4680002294481,
               "time" : 30.706999823451,
               "type" : "evalhtml",
               "id" : "r1_c1",
               "e_time" : 76.1750000528991
            }
         ],
         "download" : {
            "receiveFirst" : 3,
            "len" : 10695,
            "dns" : 0,
            "dnsEnd" : -1,
            "receiveHeadersEnd" : 4,
            "sslEnd" : -1,
            "connectEnd" : 1,
            "connectStart" : 0,
            "id" : "download_0",
            "receivedTime" : "44.8810001835227",
            "sslStart" : -1,
            "dnsStart" : -1,
            "receiveLast" : 40.8810001835227,
            "s_time" : 0,
            "sendEnd" : 1,
            "sendStart" : 1,
            "type" : "text/html"
         }
      },
      {
         "when_comp_start" : 1,
         "url" : "http://modified.testbed.localhost/client_204?&atyp=i&biw=1004&bih=686&ei=tDQhV9_FMIO2eNSijJgI",
         "id" : "r2",
         "comps" : [],
         "download" : {
            "receiveFirst" : 4,
            "len" : 300,
            "dns" : 0,
            "dnsEnd" : -1,
            "receiveHeadersEnd" : 5,
            "sslEnd" : -1,
            "connectEnd" : 1,
            "connectStart" : 0,
            "id" : "download_1",
            "receivedTime" : "78.6910001188517",
            "sslStart" : -1,
            "dnsStart" : -1,
            "receiveLast" : 73.6910001188517,
            "s_time" : 56.9449998438358,
            "sendEnd" : 1,
            "sendStart" : 1,
            "type" : "text/html"
         }
      },
      {
         "when_comp_start" : -1,
         "url" : "http://modified.testbed.localhost/www.google.de/images/branding/googlelogo/1x/googlelogo_white_background_color_272x92dp.png",
         "id" : "r3",
         "comps" : [],
         "download" : {
            "receiveFirst" : 3,
            "len" : 5482,
            "dns" : 0,
            "dnsEnd" : -1,
            "receiveHeadersEnd" : 4,
            "sslEnd" : -1,
            "connectEnd" : 1,
            "connectStart" : 0,
            "id" : "download_2",
            "receivedTime" : "79.266999848187",
            "sslStart" : -1,
            "dnsStart" : -1,
            "receiveLast" : 75.266999848187,
            "s_time" : 63.9419998042285,
            "sendEnd" : 1,
            "sendStart" : 1,
            "type" : "image/png"
         }
      },
      {
         "when_comp_start" : -1,
         "url" : "http://modified.testbed.localhost/www.google.de/images/nav_logo229.png",
         "id" : "r4",
         "comps" : [],
         "download" : {
            "receiveFirst" : 4,
            "len" : 17284,
            "dns" : 0,
            "dnsEnd" : -1,
            "receiveHeadersEnd" : 5,
            "sslEnd" : -1,
            "connectEnd" : 1,
            "connectStart" : 0,
            "id" : "download_3",
            "receivedTime" : "85.0820001214743",
            "sslStart" : -1,
            "dnsStart" : -1,
            "receiveLast" : 80.0820001214743,
            "s_time" : 76.1750000528991,
            "sendEnd" : 1,
            "sendStart" : 1,
            "type" : "image/png"
         }
      }
   ],
   "deps" : [
      {
         "a2" : "download_3",
         "time" : -1,
         "id" : "dep1",
         "a1" : "r1_c1"
      },
      {
         "a2" : "download_2",
         "time" : 18.4739995747804,
         "id" : "dep2",
         "a1" : "r1_c1"
      },
      {
         "a2" : "download_1",
         "time" : 11.4769996143877,
         "id" : "dep3",
         "a1" : "r1_c1"
      }
   ]
}
