{
   "n_download_no_trigger" : 1,
   "start_activity" : "download_0",
   "name" : "modified.testbed.localhost_www.yahoo.co.jp_",
   "load_activity" : -1,
   "objs" : [
      {
         "when_comp_start" : 1,
         "url" : "http://modified.testbed.localhost/www.yahoo.co.jp/",
         "id" : "r1",
         "comps" : [
            {
               "s_time" : 44.9899998493493,
               "time" : 41.9620000757277,
               "type" : "evalhtml",
               "id" : "r1_c1",
               "e_time" : 86.951999925077
            }
         ],
         "download" : {
            "receiveFirst" : 3,
            "len" : 18599,
            "dns" : 0,
            "dnsEnd" : -1,
            "receiveHeadersEnd" : 5,
            "sslEnd" : -1,
            "connectEnd" : 1,
            "connectStart" : 0,
            "id" : "download_0",
            "receivedTime" : "44.4419998675585",
            "sslStart" : -1,
            "dnsStart" : -1,
            "receiveLast" : 39.4419998675585,
            "s_time" : 0,
            "sendEnd" : 2,
            "sendStart" : 1,
            "type" : "text/html"
         }
      },
      {
         "when_comp_start" : -1,
         "url" : "http://modified.testbed.localhost/k.yimg.jp/images/clear.gif",
         "id" : "r2",
         "comps" : [],
         "download" : {
            "receiveFirst" : 4,
            "len" : 43,
            "dns" : 0,
            "dnsEnd" : -1,
            "receiveHeadersEnd" : 7,
            "sslEnd" : -1,
            "connectEnd" : 3,
            "connectStart" : 0,
            "id" : "download_1",
            "receivedTime" : "88.9230002649128",
            "sslStart" : -1,
            "dnsStart" : -1,
            "receiveLast" : 81.9230002649128,
            "s_time" : 47.5699999369681,
            "sendEnd" : 3,
            "sendStart" : 3,
            "type" : "image/gif"
         }
      },
      {
         "when_comp_start" : -1,
         "url" : "http://modified.testbed.localhost/k.yimg.jp/images/top/sp/cgrade/logo-mh-151110.gif",
         "id" : "r3",
         "comps" : [],
         "download" : {
            "receiveFirst" : 5,
            "len" : 6135,
            "dns" : 0,
            "dnsEnd" : -1,
            "receiveHeadersEnd" : 7,
            "sslEnd" : -1,
            "connectEnd" : 2,
            "connectStart" : 0,
            "id" : "download_2",
            "receivedTime" : "89.7170002572238",
            "sslStart" : -1,
            "dnsStart" : -1,
            "receiveLast" : 82.7170002572238,
            "s_time" : 48.2530002482235,
            "sendEnd" : 2,
            "sendStart" : 2,
            "type" : "image/gif"
         }
      },
      {
         "when_comp_start" : -1,
         "url" : "http://modified.testbed.localhost/k.yimg.jp/images/top/sp/cgrade/iconPhoto_150713.gif",
         "id" : "r4",
         "comps" : [],
         "download" : {
            "receiveFirst" : 9,
            "len" : 334,
            "dns" : 0,
            "dnsEnd" : -1,
            "receiveHeadersEnd" : 12,
            "sslEnd" : -1,
            "connectEnd" : 3,
            "connectStart" : 0,
            "id" : "download_3",
            "receivedTime" : "90.0579998269677",
            "sslStart" : -1,
            "dnsStart" : -1,
            "receiveLast" : 78.0579998269677,
            "s_time" : 57.8570002689958,
            "sendEnd" : 3,
            "sendStart" : 3,
            "type" : "image/gif"
         }
      },
      {
         "when_comp_start" : -1,
         "url" : "http://modified.testbed.localhost/k.yimg.jp/images/top/sp/cgrade/iconNew_150713.gif",
         "id" : "r5",
         "comps" : [],
         "download" : {
            "receiveFirst" : 7,
            "len" : 362,
            "dns" : 0,
            "dnsEnd" : -1,
            "receiveHeadersEnd" : 14,
            "sslEnd" : -1,
            "connectEnd" : 7,
            "connectStart" : 0,
            "id" : "download_4",
            "receivedTime" : "90.6600002199411",
            "sslStart" : -1,
            "dnsStart" : -1,
            "receiveLast" : 76.6600002199411,
            "s_time" : 58.5290002636611,
            "sendEnd" : 7,
            "sendStart" : 7,
            "type" : "image/gif"
         }
      },
      {
         "when_comp_start" : -1,
         "url" : "http://modified.testbed.localhost/lpt.c.yimg.jp/im_sigg.zkH.ro7guujoGbd.gMPsA---x120-y120/amd/20160427-00000086-jijp-000-view.jpg",
         "id" : "r6",
         "comps" : [],
         "download" : {
            "receiveFirst" : 7,
            "len" : 4386,
            "dns" : 0,
            "dnsEnd" : -1,
            "receiveHeadersEnd" : 13,
            "sslEnd" : -1,
            "connectEnd" : 6,
            "connectStart" : 0,
            "id" : "download_5",
            "receivedTime" : "91.7580001987517",
            "sslStart" : -1,
            "dnsStart" : -1,
            "receiveLast" : 78.7580001987517,
            "s_time" : 59.317999985069,
            "sendEnd" : 6,
            "sendStart" : 6,
            "type" : "image/jpeg"
         }
      },
      {
         "when_comp_start" : -1,
         "url" : "http://modified.testbed.localhost/k.yimg.jp/images/top/sp/cgrade/info_btn-140325.gif",
         "id" : "r7",
         "comps" : [],
         "download" : {
            "receiveFirst" : 6,
            "len" : 229,
            "dns" : 0,
            "dnsEnd" : -1,
            "receiveHeadersEnd" : 12,
            "sslEnd" : -1,
            "connectEnd" : 6,
            "connectStart" : 0,
            "id" : "download_6",
            "receivedTime" : "91.5250000543892",
            "sslStart" : -1,
            "dnsStart" : -1,
            "receiveLast" : 79.5250000543892,
            "s_time" : 61.627000104636,
            "sendEnd" : 6,
            "sendStart" : 6,
            "type" : "image/gif"
         }
      },
      {
         "when_comp_start" : -1,
         "url" : "http://modified.testbed.localhost/k.yimg.jp/images/top/sp/cgrade/iconMail.gif",
         "id" : "r8",
         "comps" : [],
         "download" : {
            "receiveFirst" : 7,
            "len" : 209,
            "dns" : 0,
            "dnsEnd" : -1,
            "receiveHeadersEnd" : 14,
            "sslEnd" : -1,
            "connectEnd" : 6,
            "connectStart" : 0,
            "id" : "download_7",
            "receivedTime" : "92.2300000675023",
            "sslStart" : -1,
            "dnsStart" : -1,
            "receiveLast" : 78.2300000675023,
            "s_time" : 62.5209999270737,
            "sendEnd" : 7,
            "sendStart" : 6,
            "type" : "image/gif"
         }
      },
      {
         "when_comp_start" : -1,
         "url" : "http://modified.testbed.localhost/i.yimg.jp/images/sicons/box16.gif",
         "id" : "r9",
         "comps" : [],
         "download" : {
            "receiveFirst" : 7,
            "len" : 256,
            "dns" : 0,
            "dnsEnd" : -1,
            "receiveHeadersEnd" : 13,
            "sslEnd" : -1,
            "connectEnd" : 6,
            "connectStart" : 0,
            "id" : "download_8",
            "receivedTime" : "92.5719998776913",
            "sslStart" : -1,
            "dnsStart" : -1,
            "receiveLast" : 79.5719998776913,
            "s_time" : 63.1440002471209,
            "sendEnd" : 6,
            "sendStart" : 6,
            "type" : "image/gif"
         }
      },
      {
         "when_comp_start" : -1,
         "url" : "http://modified.testbed.localhost/k.yimg.jp/images/top/sp/cgrade/icon_point.gif",
         "id" : "r10",
         "comps" : [],
         "download" : {
            "receiveFirst" : 11,
            "len" : 100,
            "dns" : 0,
            "dnsEnd" : -1,
            "receiveHeadersEnd" : 18,
            "sslEnd" : -1,
            "connectEnd" : 7,
            "connectStart" : 0,
            "id" : "download_9",
            "receivedTime" : "92.786000110209",
            "sslStart" : -1,
            "dnsStart" : -1,
            "receiveLast" : 74.786000110209,
            "s_time" : 63.9769998379052,
            "sendEnd" : 7,
            "sendStart" : 7,
            "type" : "image/gif"
         }
      },
      {
         "when_comp_start" : -1,
         "url" : "http://modified.testbed.localhost/k.yimg.jp/images/top/searchbox/s_w-140325.gif",
         "id" : "r11",
         "comps" : [],
         "download" : {
            "receiveFirst" : 4,
            "len" : 264,
            "dns" : 0,
            "dnsEnd" : -1,
            "receiveHeadersEnd" : 13,
            "sslEnd" : -1,
            "connectEnd" : 9,
            "connectStart" : 0,
            "id" : "download_10",
            "receivedTime" : "93.572000041604",
            "sslStart" : -1,
            "dnsStart" : -1,
            "receiveLast" : 80.572000041604,
            "s_time" : 78.4340002574027,
            "sendEnd" : 9,
            "sendStart" : 9,
            "type" : "image/gif"
         }
      },
      {
         "when_comp_start" : -1,
         "url" : "http://modified.testbed.localhost/k.yimg.jp/images/top/searchbox/s_i-140325.gif",
         "id" : "r12",
         "comps" : [],
         "download" : {
            "receiveFirst" : 5,
            "len" : 233,
            "dns" : 0,
            "dnsEnd" : -1,
            "receiveHeadersEnd" : 13,
            "sslEnd" : -1,
            "connectEnd" : 8,
            "connectStart" : 0,
            "id" : "download_11",
            "receivedTime" : "94.1659999080002",
            "sslStart" : -1,
            "dnsStart" : -1,
            "receiveLast" : 81.1659999080002,
            "s_time" : 78.658000100404,
            "sendEnd" : 8,
            "sendStart" : 8,
            "type" : "image/gif"
         }
      },
      {
         "when_comp_start" : -1,
         "url" : "http://modified.testbed.localhost/k.yimg.jp/images/top/searchbox/s_m-140325.gif",
         "id" : "r13",
         "comps" : [],
         "download" : {
            "receiveFirst" : 7,
            "len" : 237,
            "dns" : 0,
            "dnsEnd" : -1,
            "receiveHeadersEnd" : 14,
            "sslEnd" : -1,
            "connectEnd" : 7,
            "connectStart" : 0,
            "id" : "download_12",
            "receivedTime" : "96.0599998943508",
            "sslStart" : -1,
            "dnsStart" : -1,
            "receiveLast" : 82.0599998943508,
            "s_time" : 79.3610000982881,
            "sendEnd" : 7,
            "sendStart" : 7,
            "type" : "image/gif"
         }
      },
      {
         "when_comp_start" : -1,
         "url" : "http://modified.testbed.localhost/k.yimg.jp/images/top/searchbox/s_d-140325.gif",
         "id" : "r14",
         "comps" : [],
         "download" : {
            "receiveFirst" : 7,
            "len" : 225,
            "dns" : 0,
            "dnsEnd" : -1,
            "receiveHeadersEnd" : 14,
            "sslEnd" : -1,
            "connectEnd" : 7,
            "connectStart" : 0,
            "id" : "download_13",
            "receivedTime" : "96.3830002583563",
            "sslStart" : -1,
            "dnsStart" : -1,
            "receiveLast" : 82.3830002583563,
            "s_time" : 79.882999882102,
            "sendEnd" : 7,
            "sendStart" : 7,
            "type" : "image/gif"
         }
      },
      {
         "when_comp_start" : -1,
         "url" : "http://modified.testbed.localhost/k.yimg.jp/images/top/searchbox/s_k-140325.gif",
         "id" : "r15",
         "comps" : [],
         "download" : {
            "receiveFirst" : 7,
            "len" : 245,
            "dns" : 0,
            "dnsEnd" : -1,
            "receiveHeadersEnd" : 13,
            "sslEnd" : -1,
            "connectEnd" : 6,
            "connectStart" : 0,
            "id" : "download_14",
            "receivedTime" : "96.927999984473",
            "sslStart" : -1,
            "dnsStart" : -1,
            "receiveLast" : 83.927999984473,
            "s_time" : 80.5500000715256,
            "sendEnd" : 6,
            "sendStart" : 6,
            "type" : "image/gif"
         }
      },
      {
         "when_comp_start" : -1,
         "url" : "http://modified.testbed.localhost/k.yimg.jp/images/top/searchbox/s_mp-140325.gif",
         "id" : "r16",
         "comps" : [],
         "download" : {
            "receiveFirst" : 8,
            "len" : 237,
            "dns" : 0,
            "dnsEnd" : -1,
            "receiveHeadersEnd" : 14,
            "sslEnd" : -1,
            "connectEnd" : 6,
            "connectStart" : 0,
            "id" : "download_15",
            "receivedTime" : "97.9420002549887",
            "sslStart" : -1,
            "dnsStart" : -1,
            "receiveLast" : 83.9420002549887,
            "s_time" : 81.050000153482,
            "sendEnd" : 6,
            "sendStart" : 6,
            "type" : "image/gif"
         }
      },
      {
         "when_comp_start" : -1,
         "url" : "http://modified.testbed.localhost/k.yimg.jp/images/top/sp/cgrade/pb_bg.gif",
         "id" : "r17",
         "comps" : [],
         "download" : {
            "receiveFirst" : 5,
            "len" : 94,
            "dns" : 0,
            "dnsEnd" : -1,
            "receiveHeadersEnd" : 12,
            "sslEnd" : -1,
            "connectEnd" : 7,
            "connectStart" : 0,
            "id" : "download_16",
            "receivedTime" : "101.842999923974",
            "sslStart" : -1,
            "dnsStart" : -1,
            "receiveLast" : 89.8429999239743,
            "s_time" : 86.951999925077,
            "sendEnd" : 7,
            "sendStart" : 7,
            "type" : "image/gif"
         }
      }
   ],
   "deps" : [
      {
         "a2" : "download_16",
         "time" : -1,
         "id" : "dep1",
         "a1" : "r1_c1"
      },
      {
         "a2" : "download_15",
         "time" : 36.0600003041327,
         "id" : "dep2",
         "a1" : "r1_c1"
      },
      {
         "a2" : "download_14",
         "time" : 35.5600002221763,
         "id" : "dep3",
         "a1" : "r1_c1"
      },
      {
         "a2" : "download_13",
         "time" : 34.8930000327527,
         "id" : "dep4",
         "a1" : "r1_c1"
      },
      {
         "a2" : "download_12",
         "time" : 34.3710002489388,
         "id" : "dep5",
         "a1" : "r1_c1"
      },
      {
         "a2" : "download_11",
         "time" : 33.6680002510547,
         "id" : "dep6",
         "a1" : "r1_c1"
      },
      {
         "a2" : "download_10",
         "time" : 33.4440004080534,
         "id" : "dep7",
         "a1" : "r1_c1"
      },
      {
         "a2" : "download_9",
         "time" : 18.9869999885559,
         "id" : "dep8",
         "a1" : "r1_c1"
      },
      {
         "a2" : "download_8",
         "time" : 18.1540003977716,
         "id" : "dep9",
         "a1" : "r1_c1"
      },
      {
         "a2" : "download_7",
         "time" : 17.5310000777244,
         "id" : "dep10",
         "a1" : "r1_c1"
      },
      {
         "a2" : "download_6",
         "time" : 16.6370002552867,
         "id" : "dep11",
         "a1" : "r1_c1"
      },
      {
         "a2" : "download_5",
         "time" : 14.3280001357197,
         "id" : "dep12",
         "a1" : "r1_c1"
      },
      {
         "a2" : "download_4",
         "time" : 13.5390004143118,
         "id" : "dep13",
         "a1" : "r1_c1"
      },
      {
         "a2" : "download_3",
         "time" : 12.8670004196465,
         "id" : "dep14",
         "a1" : "r1_c1"
      },
      {
         "a2" : "download_2",
         "time" : 3.2630003988742,
         "id" : "dep15",
         "a1" : "r1_c1"
      },
      {
         "a2" : "download_1",
         "time" : 2.5800000876188,
         "id" : "dep16",
         "a1" : "r1_c1"
      }
   ]
}
