{
   "n_download_no_trigger" : 1,
   "start_activity" : "download_0",
   "name" : "modified.testbed.localhost_www.motogen.com_",
   "load_activity" : -1,
   "objs" : [
      {
         "when_comp_start" : 1,
         "url" : "http://modified.testbed.localhost/www.motogen.com/",
         "id" : "r1",
         "comps" : [
            {
               "s_time" : 23.3829999342561,
               "time" : 12.0699997060001,
               "id" : "r1_c1",
               "type" : "evalhtml",
               "e_time" : 35.4529996402562
            },
            {
               "s_time" : 37.1289998292923,
               "time" : 60.4969998821616,
               "type" : "evalhtml",
               "id" : "r1_c2",
               "e_time" : 97.6259997114539
            }
         ],
         "download" : {
            "receiveFirst" : 3,
            "len" : 25859,
            "dns" : 0,
            "dnsEnd" : -1,
            "receiveHeadersEnd" : 4,
            "sslEnd" : -1,
            "connectEnd" : 1,
            "connectStart" : 0,
            "id" : "download_0",
            "receivedTime" : "22.9980000294745",
            "sslStart" : -1,
            "dnsStart" : -1,
            "receiveLast" : 18.9980000294745,
            "s_time" : 0,
            "sendEnd" : 1,
            "sendStart" : 1,
            "type" : "text/html"
         }
      },
      {
         "when_comp_start" : -1,
         "url" : "http://modified.testbed.localhost/www.motogen.com/App_Themes/fa-IR/lightbox.css",
         "id" : "r2",
         "comps" : [
            {
               "s_time" : 32.5960000045598,
               "time" : 0.3370000049471,
               "type" : 4,
               "id" : "comp_0",
               "e_time" : 32.9330000095069
            }
         ],
         "download" : {
            "receiveFirst" : 4,
            "len" : 1710,
            "dns" : 0,
            "dnsEnd" : -1,
            "receiveHeadersEnd" : 8,
            "sslEnd" : -1,
            "connectEnd" : 4,
            "connectStart" : 0,
            "id" : "download_1",
            "receivedTime" : "32.5219999067485",
            "sslStart" : -1,
            "dnsStart" : -1,
            "receiveLast" : 24.5219999067485,
            "s_time" : 24.0139998495579,
            "sendEnd" : 4,
            "sendStart" : 4,
            "type" : "text/css"
         }
      },
      {
         "when_comp_start" : -1,
         "url" : "http://modified.testbed.localhost/www.motogen.com/App_Themes/fa-IR/Menu.css",
         "id" : "r3",
         "comps" : [
            {
               "s_time" : 33.1869996152818,
               "time" : 0.219000037759599,
               "type" : 4,
               "id" : "comp_1",
               "e_time" : 33.4059996530414
            }
         ],
         "download" : {
            "receiveFirst" : 4,
            "len" : 2030,
            "dns" : 0,
            "dnsEnd" : -1,
            "receiveHeadersEnd" : 8,
            "sslEnd" : -1,
            "connectEnd" : 4,
            "connectStart" : 0,
            "id" : "download_2",
            "receivedTime" : "33.1309996545315",
            "sslStart" : -1,
            "dnsStart" : -1,
            "receiveLast" : 25.1309996545315,
            "s_time" : 24.3239998817444,
            "sendEnd" : 4,
            "sendStart" : 4,
            "type" : "text/css"
         }
      },
      {
         "when_comp_start" : -1,
         "url" : "http://modified.testbed.localhost/www.motogen.com/App_Themes/fa-IR/News.css",
         "id" : "r4",
         "comps" : [
            {
               "s_time" : 34.0889999642968,
               "time" : 0.105999875813701,
               "type" : 4,
               "id" : "comp_2",
               "e_time" : 34.1949998401105
            }
         ],
         "download" : {
            "receiveFirst" : 5,
            "len" : 1202,
            "dns" : 0,
            "dnsEnd" : -1,
            "receiveHeadersEnd" : 8,
            "sslEnd" : -1,
            "connectEnd" : 3,
            "connectStart" : 0,
            "id" : "download_3",
            "receivedTime" : "34.0319997631013",
            "sslStart" : -1,
            "dnsStart" : -1,
            "receiveLast" : 26.0319997631013,
            "s_time" : 24.6150000020862,
            "sendEnd" : 3,
            "sendStart" : 3,
            "type" : "text/css"
         }
      },
      {
         "when_comp_start" : -1,
         "url" : "http://modified.testbed.localhost/www.motogen.com/App_Themes/fa-IR/PageLayout.css",
         "id" : "r5",
         "comps" : [
            {
               "s_time" : 35.3349996730685,
               "time" : 1.4280001632869,
               "type" : 4,
               "id" : "comp_3",
               "e_time" : 36.7629998363554
            }
         ],
         "download" : {
            "receiveFirst" : 5,
            "len" : 16126,
            "dns" : 0,
            "dnsEnd" : -1,
            "receiveHeadersEnd" : 8,
            "sslEnd" : -1,
            "connectEnd" : 3,
            "connectStart" : 0,
            "id" : "download_4",
            "receivedTime" : "35.2539997547865",
            "sslStart" : -1,
            "dnsStart" : -1,
            "receiveLast" : 27.2539997547865,
            "s_time" : 24.9379999004304,
            "sendEnd" : 3,
            "sendStart" : 3,
            "type" : "text/css"
         }
      },
      {
         "when_comp_start" : -1,
         "url" : "http://modified.testbed.localhost/www.motogen.com/js/slideshow.js",
         "id" : "r6",
         "comps" : [
            {
               "s_time" : 36.9499996304512,
               "time" : 0.179000198841095,
               "type" : 1,
               "id" : "comp_4",
               "e_time" : 37.1289998292923
            }
         ],
         "download" : {
            "receiveFirst" : 6,
            "len" : 457,
            "dns" : 0,
            "dnsEnd" : -1,
            "receiveHeadersEnd" : 9,
            "sslEnd" : -1,
            "connectEnd" : 3,
            "connectStart" : 0,
            "id" : "download_5",
            "receivedTime" : "36.898999940604",
            "sslStart" : -1,
            "dnsStart" : -1,
            "receiveLast" : 27.898999940604,
            "s_time" : 25.2099996432662,
            "sendEnd" : 3,
            "sendStart" : 3,
            "type" : "application/javascript"
         }
      },
      {
         "when_comp_start" : -1,
         "url" : "http://modified.testbed.localhost/www.motogen.com/App_Themes/Images/welcome.jpg",
         "id" : "r7",
         "comps" : [],
         "download" : {
            "receiveFirst" : 6,
            "len" : 3284,
            "dns" : 0,
            "dnsEnd" : -1,
            "receiveHeadersEnd" : 9,
            "sslEnd" : -1,
            "connectEnd" : 2,
            "connectStart" : 0,
            "id" : "download_6",
            "receivedTime" : "52.8690000064671",
            "sslStart" : -1,
            "dnsStart" : -1,
            "receiveLast" : 43.8690000064671,
            "s_time" : 25.4979999735951,
            "sendEnd" : 3,
            "sendStart" : 2,
            "type" : "image/jpeg"
         }
      },
      {
         "when_comp_start" : -1,
         "url" : "http://modified.testbed.localhost/www.motogen.com/App_Themes/Images/iconnews.jpg",
         "id" : "r8",
         "comps" : [],
         "download" : {
            "receiveFirst" : 3,
            "len" : 571,
            "dns" : 0,
            "dnsEnd" : -1,
            "receiveHeadersEnd" : 4,
            "sslEnd" : -1,
            "connectEnd" : 1,
            "connectStart" : 0,
            "id" : "download_7",
            "receivedTime" : "53.148000035435",
            "sslStart" : -1,
            "dnsStart" : -1,
            "receiveLast" : 49.148000035435,
            "s_time" : 34.6689997240901,
            "sendEnd" : 1,
            "sendStart" : 1,
            "type" : "image/jpeg"
         }
      },
      {
         "when_comp_start" : -1,
         "url" : "http://modified.testbed.localhost/www.motogen.com/App_Themes/Images/menusepV2.jpg",
         "id" : "r9",
         "comps" : [],
         "download" : {
            "receiveFirst" : 3,
            "len" : 485,
            "dns" : 0,
            "dnsEnd" : -1,
            "receiveHeadersEnd" : 4,
            "sslEnd" : -1,
            "connectEnd" : 1,
            "connectStart" : 0,
            "id" : "download_8",
            "receivedTime" : "53.3889997750521",
            "sslStart" : -1,
            "dnsStart" : -1,
            "receiveLast" : 49.3889997750521,
            "s_time" : 34.9569995887578,
            "sendEnd" : 1,
            "sendStart" : 1,
            "type" : "image/jpeg"
         }
      },
      {
         "when_comp_start" : -1,
         "url" : "http://modified.testbed.localhost/www.motogen.com/App_Themes/Images/menusepV.jpg",
         "id" : "r10",
         "comps" : [],
         "download" : {
            "receiveFirst" : 4,
            "len" : 500,
            "dns" : 0,
            "dnsEnd" : -1,
            "receiveHeadersEnd" : 5,
            "sslEnd" : -1,
            "connectEnd" : 1,
            "connectStart" : 0,
            "id" : "download_9",
            "receivedTime" : "53.5959997214377",
            "sslStart" : -1,
            "dnsStart" : -1,
            "receiveLast" : 48.5959997214377,
            "s_time" : 35.1719995960593,
            "sendEnd" : 1,
            "sendStart" : 1,
            "type" : "image/jpeg"
         }
      },
      {
         "when_comp_start" : -1,
         "url" : "http://modified.testbed.localhost/www.motogen.com/images/slide/1.jpg",
         "id" : "r11",
         "comps" : [],
         "download" : {
            "receiveFirst" : 4,
            "len" : 4206,
            "dns" : 0,
            "dnsEnd" : -1,
            "receiveHeadersEnd" : 5,
            "sslEnd" : -1,
            "connectEnd" : 1,
            "connectStart" : 0,
            "id" : "download_10",
            "receivedTime" : "53.8049996830523",
            "sslStart" : -1,
            "dnsStart" : -1,
            "receiveLast" : 48.8049996830523,
            "s_time" : 35.4529996402562,
            "sendEnd" : 1,
            "sendStart" : 1,
            "type" : "image/jpeg"
         }
      },
      {
         "when_comp_start" : 1,
         "url" : "http://modified.testbed.localhost/www.motogen.com/images/slide/product2.jpg",
         "id" : "r12",
         "comps" : [],
         "download" : {
            "receiveFirst" : 3,
            "len" : 331,
            "dns" : 0,
            "dnsEnd" : -1,
            "receiveHeadersEnd" : 6,
            "sslEnd" : -1,
            "connectEnd" : 3,
            "connectStart" : 0,
            "id" : "download_11",
            "receivedTime" : "53.9519996382296",
            "sslStart" : -1,
            "dnsStart" : -1,
            "receiveLast" : 47.9519996382296,
            "s_time" : 42.8219996392727,
            "sendEnd" : 3,
            "sendStart" : 3,
            "type" : "text/html"
         }
      },
      {
         "when_comp_start" : 1,
         "url" : "http://modified.testbed.localhost/www.motogen.com/images/slide/iso.jpg",
         "id" : "r13",
         "comps" : [],
         "download" : {
            "receiveFirst" : 5,
            "len" : 326,
            "dns" : 0,
            "dnsEnd" : -1,
            "receiveHeadersEnd" : 7,
            "sslEnd" : -1,
            "connectEnd" : 2,
            "connectStart" : 0,
            "id" : "download_12",
            "receivedTime" : "54.1189997456968",
            "sslStart" : -1,
            "dnsStart" : -1,
            "receiveLast" : 47.1189997456968,
            "s_time" : 43.082999996841,
            "sendEnd" : 2,
            "sendStart" : 2,
            "type" : "text/html"
         }
      },
      {
         "when_comp_start" : 1,
         "url" : "http://modified.testbed.localhost/www.motogen.com/images/slide/productcrs.jpg",
         "id" : "r14",
         "comps" : [],
         "download" : {
            "receiveFirst" : 5,
            "len" : 333,
            "dns" : 0,
            "dnsEnd" : -1,
            "receiveHeadersEnd" : 7,
            "sslEnd" : -1,
            "connectEnd" : 2,
            "connectStart" : 0,
            "id" : "download_13",
            "receivedTime" : "54.1919996030629",
            "sslStart" : -1,
            "dnsStart" : -1,
            "receiveLast" : 47.1919996030629,
            "s_time" : 43.2879999279976,
            "sendEnd" : 2,
            "sendStart" : 2,
            "type" : "text/html"
         }
      },
      {
         "when_comp_start" : 1,
         "url" : "http://modified.testbed.localhost/www.motogen.com/images/slide/product3.jpg",
         "id" : "r15",
         "comps" : [],
         "download" : {
            "receiveFirst" : 7,
            "len" : 331,
            "dns" : 0,
            "dnsEnd" : -1,
            "receiveHeadersEnd" : 9,
            "sslEnd" : -1,
            "connectEnd" : 2,
            "connectStart" : 0,
            "id" : "download_14",
            "receivedTime" : "54.8709998838603",
            "sslStart" : -1,
            "dnsStart" : -1,
            "receiveLast" : 45.8709998838603,
            "s_time" : 43.4919996187091,
            "sendEnd" : 2,
            "sendStart" : 2,
            "type" : "text/html"
         }
      },
      {
         "when_comp_start" : 1,
         "url" : "http://modified.testbed.localhost/www.motogen.com/images/slide/2.jpg",
         "id" : "r16",
         "comps" : [],
         "download" : {
            "receiveFirst" : 7,
            "len" : 324,
            "dns" : 0,
            "dnsEnd" : -1,
            "receiveHeadersEnd" : 9,
            "sslEnd" : -1,
            "connectEnd" : 2,
            "connectStart" : 0,
            "id" : "download_15",
            "receivedTime" : "55.4949999786913",
            "sslStart" : -1,
            "dnsStart" : -1,
            "receiveLast" : 46.4949999786913,
            "s_time" : 43.6869999393821,
            "sendEnd" : 2,
            "sendStart" : 2,
            "type" : "text/html"
         }
      },
      {
         "when_comp_start" : 1,
         "url" : "http://modified.testbed.localhost/www.motogen.com/images/slide/productcs.jpg",
         "id" : "r17",
         "comps" : [],
         "download" : {
            "receiveFirst" : 9,
            "len" : 332,
            "dns" : 0,
            "dnsEnd" : -1,
            "receiveHeadersEnd" : 10,
            "sslEnd" : -1,
            "connectEnd" : 1,
            "connectStart" : 0,
            "id" : "download_16",
            "receivedTime" : "56.1929997056723",
            "sslStart" : -1,
            "dnsStart" : -1,
            "receiveLast" : 46.1929997056723,
            "s_time" : 43.8969996757805,
            "sendEnd" : 1,
            "sendStart" : 1,
            "type" : "text/html"
         }
      },
      {
         "when_comp_start" : -1,
         "url" : "http://modified.testbed.localhost/www.motogen.com/App_Themes/Images/bgpattern.jpg",
         "id" : "r18",
         "comps" : [],
         "download" : {
            "receiveFirst" : 6,
            "len" : 1559,
            "dns" : 0,
            "dnsEnd" : -1,
            "receiveHeadersEnd" : 12,
            "sslEnd" : -1,
            "connectEnd" : 6,
            "connectStart" : 0,
            "id" : "download_17",
            "receivedTime" : "57.7099998481572",
            "sslStart" : -1,
            "dnsStart" : -1,
            "receiveLast" : 45.7099998481572,
            "s_time" : 44.4969995878637,
            "sendEnd" : 6,
            "sendStart" : 6,
            "type" : "image/jpeg"
         }
      },
      {
         "when_comp_start" : -1,
         "url" : "http://modified.testbed.localhost/www.motogen.com/App_Themes/Images/bgmainline.jpg",
         "id" : "r19",
         "comps" : [],
         "download" : {
            "receiveFirst" : 4,
            "len" : 624,
            "dns" : 0,
            "dnsEnd" : -1,
            "receiveHeadersEnd" : 11,
            "sslEnd" : -1,
            "connectEnd" : 7,
            "connectStart" : 0,
            "id" : "download_18",
            "receivedTime" : "58.5419996641576",
            "sslStart" : -1,
            "dnsStart" : -1,
            "receiveLast" : 47.5419996641576,
            "s_time" : 46.4849998243153,
            "sendEnd" : 7,
            "sendStart" : 7,
            "type" : "image/jpeg"
         }
      },
      {
         "when_comp_start" : -1,
         "url" : "http://modified.testbed.localhost/www.motogen.com/App_Themes/Images/bgmainheader1.jpg",
         "id" : "r20",
         "comps" : [],
         "download" : {
            "receiveFirst" : 7,
            "len" : 662,
            "dns" : 0,
            "dnsEnd" : -1,
            "receiveHeadersEnd" : 14,
            "sslEnd" : -1,
            "connectEnd" : 7,
            "connectStart" : 0,
            "id" : "download_19",
            "receivedTime" : "62.6079998910427",
            "sslStart" : -1,
            "dnsStart" : -1,
            "receiveLast" : 48.6079998910427,
            "s_time" : 46.788000036031,
            "sendEnd" : 7,
            "sendStart" : 7,
            "type" : "image/jpeg"
         }
      },
      {
         "when_comp_start" : -1,
         "url" : "http://modified.testbed.localhost/www.motogen.com/App_Themes/Images/logo2.gif",
         "id" : "r21",
         "comps" : [],
         "download" : {
            "receiveFirst" : 8,
            "len" : 2076,
            "dns" : 0,
            "dnsEnd" : -1,
            "receiveHeadersEnd" : 17,
            "sslEnd" : -1,
            "connectEnd" : 9,
            "connectStart" : 0,
            "id" : "download_20",
            "receivedTime" : "66.3029998540878",
            "sslStart" : -1,
            "dnsStart" : -1,
            "receiveLast" : 49.3029998540878,
            "s_time" : 47.0979996025562,
            "sendEnd" : 9,
            "sendStart" : 9,
            "type" : "image/gif"
         }
      },
      {
         "when_comp_start" : -1,
         "url" : "http://modified.testbed.localhost/www.motogen.com/App_Themes/Images/logo1.gif",
         "id" : "r22",
         "comps" : [],
         "download" : {
            "receiveFirst" : 8,
            "len" : 1883,
            "dns" : 0,
            "dnsEnd" : -1,
            "receiveHeadersEnd" : 14,
            "sslEnd" : -1,
            "connectEnd" : 6,
            "connectStart" : 0,
            "id" : "download_21",
            "receivedTime" : "67.4629998393357",
            "sslStart" : -1,
            "dnsStart" : -1,
            "receiveLast" : 53.4629998393357,
            "s_time" : 50.0109996646643,
            "sendEnd" : 6,
            "sendStart" : 6,
            "type" : "image/gif"
         }
      },
      {
         "when_comp_start" : -1,
         "url" : "http://modified.testbed.localhost/www.motogen.com/App_Themes/fa-IR/images/headtext.gif",
         "id" : "r23",
         "comps" : [],
         "download" : {
            "receiveFirst" : 8,
            "len" : 1899,
            "dns" : 0,
            "dnsEnd" : -1,
            "receiveHeadersEnd" : 13,
            "sslEnd" : -1,
            "connectEnd" : 5,
            "connectStart" : 0,
            "id" : "download_22",
            "receivedTime" : "68.8869999721646",
            "sslStart" : -1,
            "dnsStart" : -1,
            "receiveLast" : 55.8869999721646,
            "s_time" : 51.3399997726083,
            "sendEnd" : 5,
            "sendStart" : 5,
            "type" : "image/gif"
         }
      },
      {
         "when_comp_start" : -1,
         "url" : "http://modified.testbed.localhost/www.motogen.com/App_Themes/fa-IR/images/headm2.gif",
         "id" : "r24",
         "comps" : [],
         "download" : {
            "receiveFirst" : 7,
            "len" : 1629,
            "dns" : 0,
            "dnsEnd" : -1,
            "receiveHeadersEnd" : 13,
            "sslEnd" : -1,
            "connectEnd" : 5,
            "connectStart" : 0,
            "id" : "download_23",
            "receivedTime" : "69.900999777019",
            "sslStart" : -1,
            "dnsStart" : -1,
            "receiveLast" : 56.900999777019,
            "s_time" : 52.1019999869168,
            "sendEnd" : 6,
            "sendStart" : 5,
            "type" : "image/gif"
         }
      },
      {
         "when_comp_start" : -1,
         "url" : "http://modified.testbed.localhost/www.motogen.com/App_Themes/fa-IR/images/headm1.gif",
         "id" : "r25",
         "comps" : [],
         "download" : {
            "receiveFirst" : 10,
            "len" : 3996,
            "dns" : 0,
            "dnsEnd" : -1,
            "receiveHeadersEnd" : 18,
            "sslEnd" : -1,
            "connectEnd" : 8,
            "connectStart" : 0,
            "id" : "download_24",
            "receivedTime" : "76.8430000171065",
            "sslStart" : -1,
            "dnsStart" : -1,
            "receiveLast" : 58.8430000171065,
            "s_time" : 54.6989999711514,
            "sendEnd" : 8,
            "sendStart" : 8,
            "type" : "image/gif"
         }
      },
      {
         "when_comp_start" : -1,
         "url" : "http://modified.testbed.localhost/www.motogen.com/App_Themes/Images/bgmainheader2.jpg",
         "id" : "r26",
         "comps" : [],
         "download" : {
            "receiveFirst" : 10,
            "len" : 431,
            "dns" : 0,
            "dnsEnd" : -1,
            "receiveHeadersEnd" : 18,
            "sslEnd" : -1,
            "connectEnd" : 8,
            "connectStart" : 0,
            "id" : "download_25",
            "receivedTime" : "75.7399997673929",
            "sslStart" : -1,
            "dnsStart" : -1,
            "receiveLast" : 57.7399997673929,
            "s_time" : 55.2789997309446,
            "sendEnd" : 8,
            "sendStart" : 8,
            "type" : "image/jpeg"
         }
      },
      {
         "when_comp_start" : -1,
         "url" : "http://modified.testbed.localhost/www.motogen.com/App_Themes/Images/bgmenu2.jpg",
         "id" : "r27",
         "comps" : [],
         "download" : {
            "receiveFirst" : 7,
            "len" : 333,
            "dns" : 0,
            "dnsEnd" : -1,
            "receiveHeadersEnd" : 21,
            "sslEnd" : -1,
            "connectEnd" : 14,
            "connectStart" : 0,
            "id" : "download_26",
            "receivedTime" : "80.6009997613728",
            "sslStart" : -1,
            "dnsStart" : -1,
            "receiveLast" : 59.6009997613728,
            "s_time" : 56.0169997625053,
            "sendEnd" : 14,
            "sendStart" : 14,
            "type" : "image/jpeg"
         }
      },
      {
         "when_comp_start" : -1,
         "url" : "http://modified.testbed.localhost/www.motogen.com/App_Themes/Images/bgLang.jpg",
         "id" : "r28",
         "comps" : [],
         "download" : {
            "receiveFirst" : 8,
            "len" : 327,
            "dns" : 0,
            "dnsEnd" : -1,
            "receiveHeadersEnd" : 21,
            "sslEnd" : -1,
            "connectEnd" : 13,
            "connectStart" : 0,
            "id" : "download_27",
            "receivedTime" : "82.9769996926188",
            "sslStart" : -1,
            "dnsStart" : -1,
            "receiveLast" : 61.9769996926188,
            "s_time" : 57.5159997679293,
            "sendEnd" : 13,
            "sendStart" : 13,
            "type" : "image/jpeg"
         }
      },
      {
         "when_comp_start" : -1,
         "url" : "http://modified.testbed.localhost/www.motogen.com/App_Themes/fa-IR/images/imgLang.gif",
         "id" : "r29",
         "comps" : [],
         "download" : {
            "receiveFirst" : 7,
            "len" : 583,
            "dns" : 0,
            "dnsEnd" : -1,
            "receiveHeadersEnd" : 20,
            "sslEnd" : -1,
            "connectEnd" : 13,
            "connectStart" : 0,
            "id" : "download_28",
            "receivedTime" : "84.5539998263121",
            "sslStart" : -1,
            "dnsStart" : -1,
            "receiveLast" : 64.5539998263121,
            "s_time" : 58.4759996272624,
            "sendEnd" : 13,
            "sendStart" : 13,
            "type" : "image/gif"
         }
      },
      {
         "when_comp_start" : -1,
         "url" : "http://modified.testbed.localhost/www.motogen.com/App_Themes/Images/menusepH.jpg",
         "id" : "r30",
         "comps" : [],
         "download" : {
            "receiveFirst" : 9,
            "len" : 386,
            "dns" : 0,
            "dnsEnd" : -1,
            "receiveHeadersEnd" : 19,
            "sslEnd" : -1,
            "connectEnd" : 9,
            "connectStart" : 0,
            "id" : "download_29",
            "receivedTime" : "86.060999892652",
            "sslStart" : -1,
            "dnsStart" : -1,
            "receiveLast" : 67.060999892652,
            "s_time" : 62.4989997595549,
            "sendEnd" : 10,
            "sendStart" : 9,
            "type" : "image/jpeg"
         }
      },
      {
         "when_comp_start" : -1,
         "url" : "http://modified.testbed.localhost/www.motogen.com/App_Themes/Images/sample.jpg",
         "id" : "r31",
         "comps" : [],
         "download" : {
            "receiveFirst" : 13,
            "len" : 32370,
            "dns" : 0,
            "dnsEnd" : -1,
            "receiveHeadersEnd" : 24,
            "sslEnd" : -1,
            "connectEnd" : 11,
            "connectStart" : 0,
            "id" : "download_30",
            "receivedTime" : "94.2859998904169",
            "sslStart" : -1,
            "dnsStart" : -1,
            "receiveLast" : 70.2859998904169,
            "s_time" : 66.3649998605251,
            "sendEnd" : 11,
            "sendStart" : 11,
            "type" : "image/jpeg"
         }
      },
      {
         "when_comp_start" : -1,
         "url" : "http://modified.testbed.localhost/www.motogen.com/App_Themes/Images/bgsearch.jpg",
         "id" : "r32",
         "comps" : [],
         "download" : {
            "receiveFirst" : 12,
            "len" : 349,
            "dns" : 0,
            "dnsEnd" : -1,
            "receiveHeadersEnd" : 23,
            "sslEnd" : -1,
            "connectEnd" : 11,
            "connectStart" : 0,
            "id" : "download_31",
            "receivedTime" : "92.8619997575879",
            "sslStart" : -1,
            "dnsStart" : -1,
            "receiveLast" : 69.8619997575879,
            "s_time" : 67.5869998522103,
            "sendEnd" : 11,
            "sendStart" : 11,
            "type" : "image/jpeg"
         }
      },
      {
         "when_comp_start" : -1,
         "url" : "http://modified.testbed.localhost/www.motogen.com/App_Themes/Images/license.gif",
         "id" : "r33",
         "comps" : [],
         "download" : {
            "receiveFirst" : 8,
            "len" : 2593,
            "dns" : 0,
            "dnsEnd" : -1,
            "receiveHeadersEnd" : 26,
            "sslEnd" : -1,
            "connectEnd" : 18,
            "connectStart" : 0,
            "id" : "download_32",
            "receivedTime" : "97.7319995872676",
            "sslStart" : -1,
            "dnsStart" : -1,
            "receiveLast" : 71.7319995872676,
            "s_time" : 68.8620000146329,
            "sendEnd" : 18,
            "sendStart" : 18,
            "type" : "image/gif"
         }
      },
      {
         "when_comp_start" : -1,
         "url" : "http://modified.testbed.localhost/www.motogen.com/App_Themes/Images/dott.jpg",
         "id" : "r34",
         "comps" : [],
         "download" : {
            "receiveFirst" : 7,
            "len" : 379,
            "dns" : 0,
            "dnsEnd" : -1,
            "receiveHeadersEnd" : 26,
            "sslEnd" : -1,
            "connectEnd" : 19,
            "connectStart" : 0,
            "id" : "download_33",
            "receivedTime" : "100.200999993831",
            "sslStart" : -1,
            "dnsStart" : -1,
            "receiveLast" : 74.2009999938309,
            "s_time" : 69.8769995942712,
            "sendEnd" : 19,
            "sendStart" : 19,
            "type" : "image/jpeg"
         }
      },
      {
         "when_comp_start" : -1,
         "url" : "http://modified.testbed.localhost/www.motogen.com/App_Themes/Images/bgmain.jpg",
         "id" : "r35",
         "comps" : [],
         "download" : {
            "receiveFirst" : 7,
            "len" : 898,
            "dns" : 0,
            "dnsEnd" : -1,
            "receiveHeadersEnd" : 20,
            "sslEnd" : -1,
            "connectEnd" : 13,
            "connectStart" : 0,
            "id" : "download_34",
            "receivedTime" : "100.906000006944",
            "sslStart" : -1,
            "dnsStart" : -1,
            "receiveLast" : 80.9060000069439,
            "s_time" : 75.7989999838173,
            "sendEnd" : 13,
            "sendStart" : 13,
            "type" : "image/jpeg"
         }
      },
      {
         "when_comp_start" : -1,
         "url" : "http://modified.testbed.localhost/www.motogen.com/App_Themes/Images/hcell.jpg",
         "id" : "r36",
         "comps" : [],
         "download" : {
            "receiveFirst" : 9,
            "len" : 345,
            "dns" : 0,
            "dnsEnd" : -1,
            "receiveHeadersEnd" : 22,
            "sslEnd" : -1,
            "connectEnd" : 13,
            "connectStart" : 0,
            "id" : "download_35",
            "receivedTime" : "101.433999836445",
            "sslStart" : -1,
            "dnsStart" : -1,
            "receiveLast" : 79.4339998364449,
            "s_time" : 76.8989999778569,
            "sendEnd" : 13,
            "sendStart" : 13,
            "type" : "image/jpeg"
         }
      },
      {
         "when_comp_start" : -1,
         "url" : "http://modified.testbed.localhost/www.motogen.com/App_Themes/fa-IR/images/index.jpg",
         "id" : "r37",
         "comps" : [],
         "download" : {
            "receiveFirst" : 7,
            "len" : 17028,
            "dns" : 0,
            "dnsEnd" : -1,
            "receiveHeadersEnd" : 22,
            "sslEnd" : -1,
            "connectEnd" : 15,
            "connectStart" : 0,
            "id" : "download_36",
            "receivedTime" : "105.312999803573",
            "sslStart" : -1,
            "dnsStart" : -1,
            "receiveLast" : 83.3129998035729,
            "s_time" : 80.5929997004569,
            "sendEnd" : 15,
            "sendStart" : 15,
            "type" : "image/jpeg"
         }
      },
      {
         "when_comp_start" : -1,
         "url" : "http://modified.testbed.localhost/www.motogen.com/App_Themes/Images/bgmenu1.jpg",
         "id" : "r38",
         "comps" : [],
         "download" : {
            "receiveFirst" : 7,
            "len" : 333,
            "dns" : 0,
            "dnsEnd" : -1,
            "receiveHeadersEnd" : 20,
            "sslEnd" : -1,
            "connectEnd" : 12,
            "connectStart" : 0,
            "id" : "download_37",
            "receivedTime" : "104.805999901146",
            "sslStart" : -1,
            "dnsStart" : -1,
            "receiveLast" : 84.8059999011457,
            "s_time" : 83.0699997022748,
            "sendEnd" : 13,
            "sendStart" : 12,
            "type" : "image/jpeg"
         }
      },
      {
         "when_comp_start" : -1,
         "url" : "http://modified.testbed.localhost/www.motogen.com/App_Themes/Images/bgmenuV.jpg",
         "id" : "r39",
         "comps" : [],
         "download" : {
            "receiveFirst" : 5,
            "len" : 333,
            "dns" : 0,
            "dnsEnd" : -1,
            "receiveHeadersEnd" : 22,
            "sslEnd" : -1,
            "connectEnd" : 17,
            "connectStart" : 0,
            "id" : "download_38",
            "receivedTime" : "108.631999697536",
            "sslStart" : -1,
            "dnsStart" : -1,
            "receiveLast" : 86.6319996975362,
            "s_time" : 84.459999576211,
            "sendEnd" : 17,
            "sendStart" : 17,
            "type" : "image/jpeg"
         }
      },
      {
         "when_comp_start" : -1,
         "url" : "http://modified.testbed.localhost/www.motogen.com/App_Themes/fa-IR/images/bgrightmenu.jpg",
         "id" : "r40",
         "comps" : [],
         "download" : {
            "receiveFirst" : 5,
            "len" : 386,
            "dns" : 0,
            "dnsEnd" : -1,
            "receiveHeadersEnd" : 21,
            "sslEnd" : -1,
            "connectEnd" : 16,
            "connectStart" : 0,
            "id" : "download_39",
            "receivedTime" : "109.559000004083",
            "sslStart" : -1,
            "dnsStart" : -1,
            "receiveLast" : 88.5590000040829,
            "s_time" : 86.0349996946752,
            "sendEnd" : 16,
            "sendStart" : 16,
            "type" : "image/jpeg"
         }
      },
      {
         "when_comp_start" : -1,
         "url" : "http://modified.testbed.localhost/www.motogen.com/App_Themes/Images/BgfooterL.gif",
         "id" : "r41",
         "comps" : [],
         "download" : {
            "receiveFirst" : 6,
            "len" : 111,
            "dns" : 0,
            "dnsEnd" : -1,
            "receiveHeadersEnd" : 15,
            "sslEnd" : -1,
            "connectEnd" : 9,
            "connectStart" : 0,
            "id" : "download_40",
            "receivedTime" : "109.961999580264",
            "sslStart" : -1,
            "dnsStart" : -1,
            "receiveLast" : 94.9619995802641,
            "s_time" : 92.930999584496,
            "sendEnd" : 9,
            "sendStart" : 9,
            "type" : "image/gif"
         }
      },
      {
         "when_comp_start" : -1,
         "url" : "http://modified.testbed.localhost/www.motogen.com/App_Themes/Images/menuFsep.gif",
         "id" : "r42",
         "comps" : [],
         "download" : {
            "receiveFirst" : 6,
            "len" : 91,
            "dns" : 0,
            "dnsEnd" : -1,
            "receiveHeadersEnd" : 14,
            "sslEnd" : -1,
            "connectEnd" : 8,
            "connectStart" : 0,
            "id" : "download_41",
            "receivedTime" : "110.458999872208",
            "sslStart" : -1,
            "dnsStart" : -1,
            "receiveLast" : 96.4589998722076,
            "s_time" : 94.097999855876,
            "sendEnd" : 8,
            "sendStart" : 8,
            "type" : "image/gif"
         }
      },
      {
         "when_comp_start" : -1,
         "url" : "http://modified.testbed.localhost/www.motogen.com/App_Themes/Images/BgfooterR.gif",
         "id" : "r43",
         "comps" : [],
         "download" : {
            "receiveFirst" : 5,
            "len" : 111,
            "dns" : 0,
            "dnsEnd" : -1,
            "receiveHeadersEnd" : 13,
            "sslEnd" : -1,
            "connectEnd" : 8,
            "connectStart" : 0,
            "id" : "download_42",
            "receivedTime" : "111.805999651551",
            "sslStart" : -1,
            "dnsStart" : -1,
            "receiveLast" : 98.8059996515512,
            "s_time" : 97.6259997114539,
            "sendEnd" : 8,
            "sendStart" : 8,
            "type" : "image/gif"
         }
      }
   ],
   "deps" : [
      {
         "a2" : "r1_c2",
         "time" : -1,
         "id" : "dep1",
         "a1" : "comp_4"
      },
      {
         "a2" : "comp_4",
         "time" : -1,
         "id" : "dep2",
         "a1" : "comp_0"
      },
      {
         "a2" : "comp_4",
         "time" : -1,
         "id" : "dep3",
         "a1" : "comp_1"
      },
      {
         "a2" : "comp_4",
         "time" : -1,
         "id" : "dep4",
         "a1" : "comp_2"
      },
      {
         "a2" : "comp_4",
         "time" : -1,
         "id" : "dep5",
         "a1" : "comp_3"
      },
      {
         "a2" : "download_42",
         "time" : -1,
         "id" : "dep6",
         "a1" : "r1_c2"
      },
      {
         "a2" : "download_41",
         "time" : 56.9690000265837,
         "id" : "dep7",
         "a1" : "r1_c2"
      },
      {
         "a2" : "download_40",
         "time" : 55.8019997552037,
         "id" : "dep8",
         "a1" : "r1_c2"
      },
      {
         "a2" : "download_39",
         "time" : 48.9059998653829,
         "id" : "dep9",
         "a1" : "r1_c2"
      },
      {
         "a2" : "download_38",
         "time" : 47.3309997469187,
         "id" : "dep10",
         "a1" : "r1_c2"
      },
      {
         "a2" : "download_37",
         "time" : 45.9409998729825,
         "id" : "dep11",
         "a1" : "r1_c2"
      },
      {
         "a2" : "download_36",
         "time" : 43.4639998711646,
         "id" : "dep12",
         "a1" : "r1_c2"
      },
      {
         "a2" : "download_35",
         "time" : 39.7700001485646,
         "id" : "dep13",
         "a1" : "r1_c2"
      },
      {
         "a2" : "download_34",
         "time" : 38.670000154525,
         "id" : "dep14",
         "a1" : "r1_c2"
      },
      {
         "a2" : "download_33",
         "time" : 32.7479997649789,
         "id" : "dep15",
         "a1" : "r1_c2"
      },
      {
         "a2" : "download_32",
         "time" : 31.7330001853406,
         "id" : "dep16",
         "a1" : "r1_c2"
      },
      {
         "a2" : "download_31",
         "time" : 30.458000022918,
         "id" : "dep17",
         "a1" : "r1_c2"
      },
      {
         "a2" : "download_30",
         "time" : 29.2360000312328,
         "id" : "dep18",
         "a1" : "r1_c2"
      },
      {
         "a2" : "download_29",
         "time" : 25.3699999302626,
         "id" : "dep19",
         "a1" : "r1_c2"
      },
      {
         "a2" : "download_28",
         "time" : 21.3469997979701,
         "id" : "dep20",
         "a1" : "r1_c2"
      },
      {
         "a2" : "download_27",
         "time" : 20.386999938637,
         "id" : "dep21",
         "a1" : "r1_c2"
      },
      {
         "a2" : "download_26",
         "time" : 18.887999933213,
         "id" : "dep22",
         "a1" : "r1_c2"
      },
      {
         "a2" : "download_25",
         "time" : 18.1499999016523,
         "id" : "dep23",
         "a1" : "r1_c2"
      },
      {
         "a2" : "download_24",
         "time" : 17.5700001418591,
         "id" : "dep24",
         "a1" : "r1_c2"
      },
      {
         "a2" : "download_23",
         "time" : 14.9730001576245,
         "id" : "dep25",
         "a1" : "r1_c2"
      },
      {
         "a2" : "download_22",
         "time" : 14.210999943316,
         "id" : "dep26",
         "a1" : "r1_c2"
      },
      {
         "a2" : "download_21",
         "time" : 12.881999835372,
         "id" : "dep27",
         "a1" : "r1_c2"
      },
      {
         "a2" : "download_20",
         "time" : 9.9689997732639,
         "id" : "dep28",
         "a1" : "r1_c2"
      },
      {
         "a2" : "download_19",
         "time" : 9.6590002067387,
         "id" : "dep29",
         "a1" : "r1_c2"
      },
      {
         "a2" : "download_18",
         "time" : 9.35599999502301,
         "id" : "dep30",
         "a1" : "r1_c2"
      },
      {
         "a2" : "download_17",
         "time" : 7.3679997585714,
         "id" : "dep31",
         "a1" : "r1_c2"
      },
      {
         "a2" : "download_16",
         "time" : 6.7679998464882,
         "id" : "dep32",
         "a1" : "r1_c2"
      },
      {
         "a2" : "download_15",
         "time" : 6.5580001100898,
         "id" : "dep33",
         "a1" : "r1_c2"
      },
      {
         "a2" : "download_14",
         "time" : 6.3629997894168,
         "id" : "dep34",
         "a1" : "r1_c2"
      },
      {
         "a2" : "download_13",
         "time" : 6.15900009870531,
         "id" : "dep35",
         "a1" : "r1_c2"
      },
      {
         "a2" : "download_12",
         "time" : 5.9540001675487,
         "id" : "dep36",
         "a1" : "r1_c2"
      },
      {
         "a2" : "download_11",
         "time" : 5.6929998099804,
         "id" : "dep37",
         "a1" : "r1_c2"
      },
      {
         "a2" : "download_10",
         "time" : -1,
         "id" : "dep38",
         "a1" : "r1_c1"
      },
      {
         "a2" : "download_9",
         "time" : 11.7889996618032,
         "id" : "dep39",
         "a1" : "r1_c1"
      },
      {
         "a2" : "download_8",
         "time" : 11.5739996545017,
         "id" : "dep40",
         "a1" : "r1_c1"
      },
      {
         "a2" : "download_7",
         "time" : 11.285999789834,
         "id" : "dep41",
         "a1" : "r1_c1"
      },
      {
         "a2" : "download_6",
         "time" : 2.115000039339,
         "id" : "dep42",
         "a1" : "r1_c1"
      },
      {
         "a2" : "download_6",
         "time" : 2.115000039339,
         "id" : "dep43",
         "a1" : "r1_c1"
      },
      {
         "a2" : "download_5",
         "time" : 1.8269997090101,
         "id" : "dep44",
         "a1" : "r1_c1"
      },
      {
         "a2" : "download_4",
         "time" : 1.5549999661743,
         "id" : "dep45",
         "a1" : "r1_c1"
      },
      {
         "a2" : "download_3",
         "time" : 1.2320000678301,
         "id" : "dep46",
         "a1" : "r1_c1"
      },
      {
         "a2" : "download_2",
         "time" : 0.940999947488297,
         "id" : "dep47",
         "a1" : "r1_c1"
      },
      {
         "a2" : "download_1",
         "time" : 0.6309999153018,
         "id" : "dep48",
         "a1" : "r1_c1"
      }
   ]
}
