{
   "n_download_no_trigger" : 1,
   "start_activity" : "download_0",
   "name" : "modified.testbed.localhost_www.pewresearch.org_",
   "load_activity" : -1,
   "objs" : [
      {
         "when_comp_start" : 1,
         "url" : "http://modified.testbed.localhost/www.pewresearch.org/",
         "id" : "r1",
         "comps" : [
            {
               "s_time" : 48.5800001770258,
               "time" : 5.88699989020819,
               "id" : "r1_c1",
               "type" : "evalhtml",
               "e_time" : 54.467000067234
            },
            {
               "s_time" : 66.7790002189577,
               "time" : 28.0100000090897,
               "id" : "r1_c2",
               "type" : "evalhtml",
               "e_time" : 94.7890002280474
            },
            {
               "s_time" : 195.433000102639,
               "time" : 67.02100019902,
               "id" : "r1_c3",
               "type" : "evalhtml",
               "e_time" : 262.454000301659
            },
            {
               "s_time" : 322.968000080436,
               "time" : -3375055843.769,
               "id" : "r1_c4",
               "type" : "evalhtml",
               "e_time" : -3375055520.801
            },
            {
               "s_time" : 323.527000378817,
               "time" : 396.363999694586,
               "id" : "r1_c5",
               "type" : "evalhtml",
               "e_time" : 719.891000073403
            },
            {
               "s_time" : 722.413000185043,
               "time" : -3375056243.214,
               "id" : "r1_c6",
               "type" : "evalhtml",
               "e_time" : -3375055520.801
            },
            {
               "s_time" : 722.824000287801,
               "time" : -3375056243.625,
               "id" : "r1_c7",
               "type" : "evalhtml",
               "e_time" : -3375055520.801
            },
            {
               "s_time" : 724.950000178069,
               "time" : -3375056245.751,
               "id" : "r1_c8",
               "type" : "evalhtml",
               "e_time" : -3375055520.801
            },
            {
               "s_time" : 725.467000156641,
               "time" : 6.20299996808194,
               "id" : "r1_c9",
               "type" : "evalhtml",
               "e_time" : 731.670000124723
            },
            {
               "s_time" : 842.080000322312,
               "time" : -3375056362.881,
               "id" : "r1_c10",
               "type" : "evalhtml",
               "e_time" : -3375055520.801
            },
            {
               "s_time" : 842.528000008315,
               "time" : -3375056363.329,
               "id" : "r1_c11",
               "type" : "evalhtml",
               "e_time" : -3375055520.801
            },
            {
               "s_time" : 842.889999970794,
               "time" : -3375056363.691,
               "id" : "r1_c12",
               "type" : "evalhtml",
               "e_time" : -3375055520.801
            },
            {
               "s_time" : 843.271000310779,
               "time" : -3375056364.072,
               "id" : "r1_c13",
               "type" : "evalhtml",
               "e_time" : -3375055520.801
            },
            {
               "s_time" : 843.697000294924,
               "time" : -3375056364.498,
               "id" : "r1_c14",
               "type" : "evalhtml",
               "e_time" : -3375055520.801
            },
            {
               "s_time" : 887.359000276774,
               "time" : 209.286000113936,
               "type" : "evalhtml",
               "id" : "r1_c15",
               "e_time" : 1096.64500039071
            }
         ],
         "download" : {
            "receiveFirst" : 3,
            "len" : 53773,
            "dns" : 0,
            "dnsEnd" : -1,
            "receiveHeadersEnd" : 5,
            "sslEnd" : -1,
            "connectEnd" : 1,
            "connectStart" : 0,
            "id" : "download_0",
            "receivedTime" : "47.8930003009737",
            "sslStart" : -1,
            "dnsStart" : -1,
            "receiveLast" : 42.8930003009737,
            "s_time" : 0,
            "sendEnd" : 2,
            "sendStart" : 1,
            "type" : "text/html"
         }
      },
      {
         "when_comp_start" : -1,
         "url" : "http://modified.testbed.localhost/aws.predictiveresponse.net/http/trac.js",
         "id" : "r2",
         "comps" : [
            {
               "s_time" : 65.6310003250837,
               "time" : 1.147999893874,
               "type" : 1,
               "id" : "comp_0",
               "e_time" : 66.7790002189577
            }
         ],
         "download" : {
            "receiveFirst" : 4,
            "len" : 7770,
            "dns" : 0,
            "dnsEnd" : -1,
            "receiveHeadersEnd" : 14,
            "sslEnd" : -1,
            "connectEnd" : 10,
            "connectStart" : 0,
            "id" : "download_1",
            "receivedTime" : "65.5110003426671",
            "sslStart" : -1,
            "dnsStart" : -1,
            "receiveLast" : 51.5110003426671,
            "s_time" : 49.6330000460148,
            "sendEnd" : 10,
            "sendStart" : 10,
            "type" : "application/javascript"
         }
      },
      {
         "when_comp_start" : -1,
         "url" : "http://modified.testbed.localhost/www.pewresearch.org/wp-content/themes/pewresearch/css/2016-04-27_3:10/pewresearch.min.css",
         "id" : "r3",
         "comps" : [
            {
               "s_time" : 83.4139999933541,
               "time" : 6.5700002014637,
               "type" : 4,
               "id" : "comp_4",
               "e_time" : 89.9840001948178
            }
         ],
         "download" : {
            "receiveFirst" : 4,
            "len" : 23620,
            "dns" : 0,
            "dnsEnd" : -1,
            "receiveHeadersEnd" : 15,
            "sslEnd" : -1,
            "connectEnd" : 11,
            "connectStart" : 0,
            "id" : "download_2",
            "receivedTime" : "83.2770001143217",
            "sslStart" : -1,
            "dnsStart" : -1,
            "receiveLast" : 68.2770001143217,
            "s_time" : 50.3899999894202,
            "sendEnd" : 11,
            "sendStart" : 11,
            "type" : "text/css"
         }
      },
      {
         "when_comp_start" : -1,
         "url" : "http://modified.testbed.localhost/www.pewresearch.org/wp-content/themes/pewresearch/css/2016-04-27_3:10/home.min.css",
         "id" : "r4",
         "comps" : [
            {
               "s_time" : 90.2130003087223,
               "time" : 7.30499997735021,
               "type" : 4,
               "id" : "comp_5",
               "e_time" : 97.5180002860725
            }
         ],
         "download" : {
            "receiveFirst" : 5,
            "len" : 16215,
            "dns" : 0,
            "dnsEnd" : -1,
            "receiveHeadersEnd" : 15,
            "sslEnd" : -1,
            "connectEnd" : 10,
            "connectStart" : 0,
            "id" : "download_3",
            "receivedTime" : "90.062000323087",
            "sslStart" : -1,
            "dnsStart" : -1,
            "receiveLast" : 75.062000323087,
            "s_time" : 50.9900003671646,
            "sendEnd" : 10,
            "sendStart" : 10,
            "type" : "text/css"
         }
      },
      {
         "when_comp_start" : -1,
         "url" : "http://modified.testbed.localhost/www.pewresearch.org/wp-content/mu-plugins/pew-search/assets/css/pew-search.css%3Fver=4.5.css",
         "id" : "r5",
         "comps" : [
            {
               "s_time" : 80.2490003407001,
               "time" : 2.78500001877549,
               "type" : 4,
               "id" : "comp_3",
               "e_time" : 83.0340003594756
            }
         ],
         "download" : {
            "receiveFirst" : 6,
            "len" : 9953,
            "dns" : 0,
            "dnsEnd" : -1,
            "receiveHeadersEnd" : 16,
            "sslEnd" : -1,
            "connectEnd" : 9,
            "connectStart" : 0,
            "id" : "download_4",
            "receivedTime" : "80.0830000080168",
            "sslStart" : -1,
            "dnsStart" : -1,
            "receiveLast" : 64.0830000080168,
            "s_time" : 51.465000025928,
            "sendEnd" : 10,
            "sendStart" : 9,
            "type" : "text/css"
         }
      },
      {
         "when_comp_start" : -1,
         "url" : "http://modified.testbed.localhost/ajax.googleapis.com/ajax/libs/jquery/1/jquery.min.js",
         "id" : "r6",
         "comps" : [
            {
               "s_time" : 118.258000351489,
               "time" : 77.17499975115,
               "type" : 1,
               "id" : "comp_13",
               "e_time" : 195.433000102639
            }
         ],
         "download" : {
            "receiveFirst" : 7,
            "len" : 95786,
            "dns" : 0,
            "dnsEnd" : -1,
            "receiveHeadersEnd" : 16,
            "sslEnd" : -1,
            "connectEnd" : 9,
            "connectStart" : 0,
            "id" : "download_5",
            "receivedTime" : "118.116999976337",
            "sslStart" : -1,
            "dnsStart" : -1,
            "receiveLast" : 102.116999976337,
            "s_time" : 51.9650001078844,
            "sendEnd" : 9,
            "sendStart" : 9,
            "type" : "application/javascript"
         }
      },
      {
         "when_comp_start" : -1,
         "url" : "http://modified.testbed.localhost/www.pewresearch.org/wp-content/plugins/pew-refactor/bower_components/react/react-dom.min.js%3Fver=0.14.7",
         "id" : "r8",
         "comps" : [
            {
               "s_time" : 323.159000370651,
               "time" : 0.368000008166007,
               "type" : 1,
               "id" : "comp_17",
               "e_time" : 323.527000378817
            }
         ],
         "download" : {
            "receiveFirst" : 11,
            "len" : 706,
            "dns" : 0,
            "dnsEnd" : -1,
            "receiveHeadersEnd" : 19,
            "sslEnd" : -1,
            "connectEnd" : 8,
            "connectStart" : 0,
            "id" : "download_6",
            "receivedTime" : "101.296999957412",
            "sslStart" : -1,
            "dnsStart" : -1,
            "receiveLast" : 82.2969999574125,
            "s_time" : 52.9040000401437,
            "sendEnd" : 8,
            "sendStart" : 8,
            "type" : "text/plain"
         }
      },
      {
         "when_comp_start" : -1,
         "url" : "http://modified.testbed.localhost/www.pewresearch.org/wp-content/plugins/pew-refactor/bower_components/react/react-with-addons.min.js%3Fver=0.14.7",
         "id" : "r7",
         "comps" : [
            {
               "s_time" : 196.715000085533,
               "time" : 126.252999994903,
               "type" : 1,
               "id" : "comp_15",
               "e_time" : 322.968000080436
            }
         ],
         "download" : {
            "receiveFirst" : 8,
            "len" : 147971,
            "dns" : 0,
            "dnsEnd" : -1,
            "receiveHeadersEnd" : 20,
            "sslEnd" : -1,
            "connectEnd" : 12,
            "connectStart" : 0,
            "id" : "download_7",
            "receivedTime" : "196.359000168741",
            "sslStart" : -1,
            "dnsStart" : -1,
            "receiveLast" : 176.359000168741,
            "s_time" : 52.4070002138615,
            "sendEnd" : 12,
            "sendStart" : 12,
            "type" : "text/plain"
         }
      },
      {
         "when_comp_start" : -1,
         "url" : "http://modified.testbed.localhost/www.pewresearch.org/wp-content/lib/img/pew-research-center.svg",
         "id" : "r9",
         "comps" : [],
         "download" : {
            "receiveFirst" : 5,
            "len" : 7200,
            "dns" : 0,
            "dnsEnd" : -1,
            "receiveHeadersEnd" : 21,
            "sslEnd" : -1,
            "connectEnd" : 16,
            "connectStart" : 0,
            "id" : "download_8",
            "receivedTime" : "102.544000372291",
            "sslStart" : -1,
            "dnsStart" : -1,
            "receiveLast" : 81.5440003722906,
            "s_time" : 54.467000067234,
            "sendEnd" : 16,
            "sendStart" : 16,
            "type" : "image/svg+xml"
         }
      },
      {
         "when_comp_start" : -1,
         "url" : "http://modified.testbed.localhost/www.pewresearch.org/wp-content/lib/img/home-icon.png",
         "id" : "r10",
         "comps" : [],
         "download" : {
            "receiveFirst" : 5,
            "len" : 242,
            "dns" : 0,
            "dnsEnd" : -1,
            "receiveHeadersEnd" : 18,
            "sslEnd" : -1,
            "connectEnd" : 13,
            "connectStart" : 0,
            "id" : "download_9",
            "receivedTime" : "346.639000345021",
            "sslStart" : -1,
            "dnsStart" : -1,
            "receiveLast" : 328.639000345021,
            "s_time" : 90.1230000890791,
            "sendEnd" : 13,
            "sendStart" : 13,
            "type" : "image/png"
         }
      },
      {
         "when_comp_start" : -1,
         "url" : "http://modified.testbed.localhost/www.pewresearch.org/files/2016/04/HPIslamLaw.jpg",
         "id" : "r11",
         "comps" : [],
         "download" : {
            "receiveFirst" : 7,
            "len" : 75188,
            "dns" : 0,
            "dnsEnd" : -1,
            "receiveHeadersEnd" : 20,
            "sslEnd" : -1,
            "connectEnd" : 13,
            "connectStart" : 0,
            "id" : "download_10",
            "receivedTime" : "375.345000065863",
            "sslStart" : -1,
            "dnsStart" : -1,
            "receiveLast" : 355.345000065863,
            "s_time" : 90.7420003786683,
            "sendEnd" : 13,
            "sendStart" : 13,
            "type" : "image/jpeg"
         }
      },
      {
         "when_comp_start" : -1,
         "url" : "http://modified.testbed.localhost/www.pewresearch.org/files/2016/04/PP_14.06.10_polarizationTiles_01.png",
         "id" : "r12",
         "comps" : [],
         "download" : {
            "receiveFirst" : 9,
            "len" : 6937,
            "dns" : 0,
            "dnsEnd" : -1,
            "receiveHeadersEnd" : 22,
            "sslEnd" : -1,
            "connectEnd" : 12,
            "connectStart" : 0,
            "id" : "download_11",
            "receivedTime" : "348.353000357747",
            "sslStart" : -1,
            "dnsStart" : -1,
            "receiveLast" : 326.353000357747,
            "s_time" : 91.2270001135767,
            "sendEnd" : 13,
            "sendStart" : 12,
            "type" : "image/png"
         }
      },
      {
         "when_comp_start" : -1,
         "url" : "http://modified.testbed.localhost/www.pewresearch.org/files/2016/04/PH_16.04.13_Generations.png",
         "id" : "r13",
         "comps" : [],
         "download" : {
            "receiveFirst" : 10,
            "len" : 6469,
            "dns" : 0,
            "dnsEnd" : -1,
            "receiveHeadersEnd" : 22,
            "sslEnd" : -1,
            "connectEnd" : 12,
            "connectStart" : 0,
            "id" : "download_12",
            "receivedTime" : "374.453000258654",
            "sslStart" : -1,
            "dnsStart" : -1,
            "receiveLast" : 352.453000258654,
            "s_time" : 91.7710000649095,
            "sendEnd" : 12,
            "sendStart" : 12,
            "type" : "image/png"
         }
      },
      {
         "when_comp_start" : -1,
         "url" : "http://modified.testbed.localhost/www.pewresearch.org/files/2016/03/PP_16.03.31_2016_homepage.png",
         "id" : "r14",
         "comps" : [],
         "download" : {
            "receiveFirst" : 10,
            "len" : 12419,
            "dns" : 0,
            "dnsEnd" : -1,
            "receiveHeadersEnd" : 22,
            "sslEnd" : -1,
            "connectEnd" : 12,
            "connectStart" : 0,
            "id" : "download_13",
            "receivedTime" : "374.813999980688",
            "sslStart" : -1,
            "dnsStart" : -1,
            "receiveLast" : 352.813999980688,
            "s_time" : 92.4820001237094,
            "sendEnd" : 12,
            "sendStart" : 12,
            "type" : "image/png"
         }
      },
      {
         "when_comp_start" : -1,
         "url" : "http://modified.testbed.localhost/www.pewforum.org/files/2016/03/PF_16.03.21_GenderReligion_Promo260x260.jpg",
         "id" : "r15",
         "comps" : [],
         "download" : {
            "receiveFirst" : 12,
            "len" : 120320,
            "dns" : 0,
            "dnsEnd" : -1,
            "receiveHeadersEnd" : 24,
            "sslEnd" : -1,
            "connectEnd" : 12,
            "connectStart" : 0,
            "id" : "download_14",
            "receivedTime" : "376.703999936581",
            "sslStart" : -1,
            "dnsStart" : -1,
            "receiveLast" : 352.703999936581,
            "s_time" : 92.9860002361238,
            "sendEnd" : 12,
            "sendStart" : 12,
            "type" : "image/jpeg"
         }
      },
      {
         "when_comp_start" : -1,
         "url" : "http://modified.testbed.localhost/www.people-press.org/files/2016/03/PP_16.03.28_supremeCourt.png",
         "id" : "r16",
         "comps" : [],
         "download" : {
            "receiveFirst" : 11,
            "len" : 5841,
            "dns" : 0,
            "dnsEnd" : -1,
            "receiveHeadersEnd" : 30,
            "sslEnd" : -1,
            "connectEnd" : 18,
            "connectStart" : 0,
            "id" : "download_15",
            "receivedTime" : "376.295000314713",
            "sslStart" : -1,
            "dnsStart" : -1,
            "receiveLast" : 346.295000314713,
            "s_time" : 93.6250002123415,
            "sendEnd" : 19,
            "sendStart" : 18,
            "type" : "image/png"
         }
      },
      {
         "when_comp_start" : -1,
         "url" : "http://modified.testbed.localhost/www.pewresearch.org/files/2016/03/PI_16.03.01_EducationalEcosystems_homepage2.png",
         "id" : "r17",
         "comps" : [],
         "download" : {
            "receiveFirst" : 16,
            "len" : 98851,
            "dns" : 0,
            "dnsEnd" : -1,
            "receiveHeadersEnd" : 43,
            "sslEnd" : -1,
            "connectEnd" : 27,
            "connectStart" : 0,
            "id" : "download_16",
            "receivedTime" : "382.777000311762",
            "sslStart" : -1,
            "dnsStart" : -1,
            "receiveLast" : 339.777000311762,
            "s_time" : 94.2120002582669,
            "sendEnd" : 27,
            "sendStart" : 27,
            "type" : "image/png"
         }
      },
      {
         "when_comp_start" : -1,
         "url" : "http://modified.testbed.localhost/www.pewresearch.org/wp-content/lib/img/fact-tank-promo-banner.png",
         "id" : "r18",
         "comps" : [],
         "download" : {
            "receiveFirst" : 15,
            "len" : 1655,
            "dns" : 0,
            "dnsEnd" : -1,
            "receiveHeadersEnd" : 43,
            "sslEnd" : -1,
            "connectEnd" : 28,
            "connectStart" : 0,
            "id" : "download_17",
            "receivedTime" : "381.95600034669",
            "sslStart" : -1,
            "dnsStart" : -1,
            "receiveLast" : 338.95600034669,
            "s_time" : 94.7890002280474,
            "sendEnd" : 28,
            "sendStart" : 28,
            "type" : "image/png"
         }
      },
      {
         "when_comp_start" : -1,
         "url" : "http://modified.testbed.localhost/www.pewresearch.org/files/2016/02/PRC_16.02.22_HP_Data-Gallery-Requests_1-1.png",
         "id" : "r19",
         "comps" : [],
         "download" : {
            "receiveFirst" : 4,
            "len" : 85204,
            "dns" : 0,
            "dnsEnd" : -1,
            "receiveHeadersEnd" : 5,
            "sslEnd" : -1,
            "connectEnd" : 1,
            "connectStart" : 0,
            "id" : "download_18",
            "receivedTime" : "385.98300004378",
            "sslStart" : -1,
            "dnsStart" : -1,
            "receiveLast" : 380.98300004378,
            "s_time" : 236.154000274837,
            "sendEnd" : 1,
            "sendStart" : 1,
            "type" : "image/png"
         }
      },
      {
         "when_comp_start" : -1,
         "url" : "http://modified.testbed.localhost/www.pewresearch.org/files/2016/02/PRC_16.02.22_HP_Data-Gallery-Requests_6-1.png",
         "id" : "r20",
         "comps" : [],
         "download" : {
            "receiveFirst" : 3,
            "len" : 61874,
            "dns" : 0,
            "dnsEnd" : -1,
            "receiveHeadersEnd" : 5,
            "sslEnd" : -1,
            "connectEnd" : 1,
            "connectStart" : 0,
            "id" : "download_19",
            "receivedTime" : "387.891000136733",
            "sslStart" : -1,
            "dnsStart" : -1,
            "receiveLast" : 382.891000136733,
            "s_time" : 251.048000063747,
            "sendEnd" : 2,
            "sendStart" : 1,
            "type" : "image/png"
         }
      },
      {
         "when_comp_start" : -1,
         "url" : "http://modified.testbed.localhost/www.pewresearch.org/files/2016/02/PRC_16.02.22_HP_Data-Gallery-Requests_2-1.png",
         "id" : "r21",
         "comps" : [],
         "download" : {
            "receiveFirst" : 8,
            "len" : 105945,
            "dns" : 0,
            "dnsEnd" : -1,
            "receiveHeadersEnd" : 79,
            "sslEnd" : -1,
            "connectEnd" : 70,
            "connectStart" : 0,
            "id" : "download_20",
            "receivedTime" : "394.585000351071",
            "sslStart" : -1,
            "dnsStart" : -1,
            "receiveLast" : 315.585000351071,
            "s_time" : 262.454000301659,
            "sendEnd" : 71,
            "sendStart" : 70,
            "type" : "image/png"
         }
      },
      {
         "when_comp_start" : -1,
         "url" : "http://modified.testbed.localhost/www.pewresearch.org/files/2016/02/PRC_16.02.22_HP_Data-Gallery-Requests_3-1.png",
         "id" : "r22",
         "comps" : [],
         "download" : {
            "receiveFirst" : 5,
            "len" : 74281,
            "dns" : 0,
            "dnsEnd" : -1,
            "receiveHeadersEnd" : 18,
            "sslEnd" : -1,
            "connectEnd" : 12,
            "connectStart" : 0,
            "id" : "download_21",
            "receivedTime" : "418.150000274181",
            "sslStart" : -1,
            "dnsStart" : -1,
            "receiveLast" : 400.150000274181,
            "s_time" : 325.372999999672,
            "sendEnd" : 13,
            "sendStart" : 12,
            "type" : "image/png"
         }
      },
      {
         "when_comp_start" : -1,
         "url" : "http://modified.testbed.localhost/www.pewresearch.org/files/2016/02/PRC_16.02.22_HP_Data-Gallery-Requests_7-2.png",
         "id" : "r23",
         "comps" : [],
         "download" : {
            "receiveFirst" : 10,
            "len" : 99282,
            "dns" : 0,
            "dnsEnd" : -1,
            "receiveHeadersEnd" : 22,
            "sslEnd" : -1,
            "connectEnd" : 12,
            "connectStart" : 0,
            "id" : "download_22",
            "receivedTime" : "718.630000017583",
            "sslStart" : -1,
            "dnsStart" : -1,
            "receiveLast" : 696.630000017583,
            "s_time" : 326.10800024122,
            "sendEnd" : 12,
            "sendStart" : 12,
            "type" : "image/png"
         }
      },
      {
         "when_comp_start" : -1,
         "url" : "http://static.parsely.com/p.js",
         "id" : "r54",
         "comps" : [
            {
               "s_time" : 418.79600007087,
               "time" : 7.507999893278,
               "type" : 2,
               "id" : "comp_43",
               "e_time" : 426.303999964148
            }
         ],
         "download" : {
            "receiveFirst" : 4,
            "len" : 6593,
            "dns" : 0,
            "dnsEnd" : -1,
            "receiveHeadersEnd" : 4,
            "sslEnd" : -1,
            "connectEnd" : 0,
            "connectStart" : 0,
            "id" : "download_23",
            "receivedTime" : "393.945000134408",
            "sslStart" : -1,
            "dnsStart" : -1,
            "receiveLast" : 389.945000134408,
            "s_time" : 346.331000328064,
            "sendEnd" : 0,
            "sendStart" : 0,
            "type" : "application/x-javascript"
         }
      },
      {
         "when_comp_start" : -1,
         "url" : "https://www.google-analytics.com/analytics.js",
         "id" : "r28",
         "comps" : [],
         "download" : {
            "receiveFirst" : 8,
            "len" : 26299,
            "dns" : 0,
            "dnsEnd" : -1,
            "receiveHeadersEnd" : 8,
            "sslEnd" : -1,
            "connectEnd" : 0,
            "connectStart" : 0,
            "id" : "download_24",
            "receivedTime" : "394.1979999654",
            "sslStart" : -1,
            "dnsStart" : -1,
            "receiveLast" : 386.1979999654,
            "s_time" : 347.411000169814,
            "sendEnd" : 0,
            "sendStart" : 0,
            "type" : "text/javascript"
         }
      },
      {
         "when_comp_start" : -1,
         "url" : "http://modified.testbed.localhost/www.pewresearch.org/files/2016/02/PRC_16.02.22_HP_Data-Gallery-Requests_4-1.png",
         "id" : "r24",
         "comps" : [],
         "download" : {
            "receiveFirst" : 18,
            "len" : 97658,
            "dns" : 0,
            "dnsEnd" : -1,
            "receiveHeadersEnd" : 30,
            "sslEnd" : -1,
            "connectEnd" : 12,
            "connectStart" : 0,
            "id" : "download_25",
            "receivedTime" : "719.119000248611",
            "sslStart" : -1,
            "dnsStart" : -1,
            "receiveLast" : 689.119000248611,
            "s_time" : 326.803999952972,
            "sendEnd" : 12,
            "sendStart" : 12,
            "type" : "image/png"
         }
      },
      {
         "when_comp_start" : -1,
         "url" : "http://modified.testbed.localhost/www.pewresearch.org/files/2016/02/PRC_16.02.22_HP_Data-Gallery-Requests_5.png",
         "id" : "r25",
         "comps" : [],
         "download" : {
            "receiveFirst" : 24,
            "len" : 99821,
            "dns" : 0,
            "dnsEnd" : -1,
            "receiveHeadersEnd" : 35,
            "sslEnd" : -1,
            "connectEnd" : 11,
            "connectStart" : 0,
            "id" : "download_26",
            "receivedTime" : "718.492000363767",
            "sslStart" : -1,
            "dnsStart" : -1,
            "receiveLast" : 683.492000363767,
            "s_time" : 327.816000208259,
            "sendEnd" : 11,
            "sendStart" : 11,
            "type" : "image/png"
         }
      },
      {
         "when_comp_start" : -1,
         "url" : "http://modified.testbed.localhost/www.pewresearch.org/wp-content/themes/pewresearch/css/2016-04-27_3:10/print.min.css",
         "id" : "r27",
         "comps" : [
            {
               "s_time" : 396.064000204206,
               "time" : 21.699000149965,
               "type" : 4,
               "id" : "comp_31",
               "e_time" : 417.763000354171
            }
         ],
         "download" : {
            "receiveFirst" : 23,
            "len" : 1902,
            "dns" : 0,
            "dnsEnd" : -1,
            "receiveHeadersEnd" : 35,
            "sslEnd" : -1,
            "connectEnd" : 11,
            "connectStart" : 0,
            "id" : "download_27",
            "receivedTime" : "395.961000118405",
            "sslStart" : -1,
            "dnsStart" : -1,
            "receiveLast" : 360.961000118405,
            "s_time" : 329.214000143111,
            "sendEnd" : 12,
            "sendStart" : 11,
            "type" : "text/css"
         }
      },
      {
         "when_comp_start" : -1,
         "url" : "http://modified.testbed.localhost/www.pewforum.org/files/2016/02/PF_16.02.15_howReligiousStatePromo140x140.png",
         "id" : "r29",
         "comps" : [],
         "download" : {
            "receiveFirst" : 16,
            "len" : 3408,
            "dns" : 0,
            "dnsEnd" : -1,
            "receiveHeadersEnd" : 48,
            "sslEnd" : -1,
            "connectEnd" : 32,
            "connectStart" : 0,
            "id" : "download_28",
            "receivedTime" : "719.010000117123",
            "sslStart" : -1,
            "dnsStart" : -1,
            "receiveLast" : 671.010000117123,
            "s_time" : 330.247000325471,
            "sendEnd" : 32,
            "sendStart" : 32,
            "type" : "image/png"
         }
      },
      {
         "when_comp_start" : -1,
         "url" : "http://use.typekit.net/xos5dbo.js",
         "id" : "r53",
         "comps" : [
            {
               "s_time" : 731.655000243336,
               "time" : 7.18099996447609,
               "type" : 2,
               "id" : "comp_86",
               "e_time" : 738.836000207812
            }
         ],
         "download" : {
            "receiveFirst" : 18,
            "len" : 25517,
            "dns" : 9,
            "dnsEnd" : 17,
            "receiveHeadersEnd" : 54,
            "sslEnd" : -1,
            "connectEnd" : 36,
            "connectStart" : 0,
            "id" : "download_29",
            "receivedTime" : "719.524000305682",
            "sslStart" : -1,
            "dnsStart" : 8,
            "receiveLast" : 665.524000305682,
            "s_time" : 325.620000250638,
            "sendEnd" : 36,
            "sendStart" : 36,
            "type" : "text/javascript"
         }
      },
      {
         "when_comp_start" : -1,
         "url" : "http://modified.testbed.localhost/www.pewhispanic.org/files/2016/02/PH_2016.01.19_New-Hispanic-Voter_StateMap.png",
         "id" : "r30",
         "comps" : [],
         "download" : {
            "receiveFirst" : 15,
            "len" : 19892,
            "dns" : 0,
            "dnsEnd" : -1,
            "receiveHeadersEnd" : 56,
            "sslEnd" : -1,
            "connectEnd" : 41,
            "connectStart" : 0,
            "id" : "download_30",
            "receivedTime" : "719.86100031063",
            "sslStart" : -1,
            "dnsStart" : -1,
            "receiveLast" : 663.86100031063,
            "s_time" : 330.814999993891,
            "sendEnd" : 41,
            "sendStart" : 41,
            "type" : "image/png"
         }
      },
      {
         "when_comp_start" : -1,
         "url" : "http://modified.testbed.localhost/www.pewinternet.org/files/2016/01/PI_2015-12-15_Gaming-and-Gamers_Video-Featured.png",
         "id" : "r31",
         "comps" : [],
         "download" : {
            "receiveFirst" : 22,
            "len" : 2466,
            "dns" : 0,
            "dnsEnd" : -1,
            "receiveHeadersEnd" : 66,
            "sslEnd" : -1,
            "connectEnd" : 44,
            "connectStart" : 0,
            "id" : "download_31",
            "receivedTime" : "719.977000262588",
            "sslStart" : -1,
            "dnsStart" : -1,
            "receiveLast" : 653.977000262588,
            "s_time" : 331.478000152856,
            "sendEnd" : 44,
            "sendStart" : 44,
            "type" : "image/png"
         }
      },
      {
         "when_comp_start" : -1,
         "url" : "http://modified.testbed.localhost/www.pewglobal.org/files/2015/12/Climate_Quiz_Promo140x140.jpg",
         "id" : "r32",
         "comps" : [],
         "download" : {
            "receiveFirst" : 22,
            "len" : 33261,
            "dns" : 0,
            "dnsEnd" : -1,
            "receiveHeadersEnd" : 69,
            "sslEnd" : -1,
            "connectEnd" : 47,
            "connectStart" : 0,
            "id" : "download_32",
            "receivedTime" : "720.562000293285",
            "sslStart" : -1,
            "dnsStart" : -1,
            "receiveLast" : 651.562000293285,
            "s_time" : 332.046000286937,
            "sendEnd" : 47,
            "sendStart" : 47,
            "type" : "image/jpeg"
         }
      },
      {
         "when_comp_start" : -1,
         "url" : "http://www.googletagmanager.com/gtm.js?id=GTM-MVFJNW",
         "id" : "r52",
         "comps" : [
            {
               "s_time" : 747.450000140816,
               "time" : 9.49099985882606,
               "type" : 2,
               "id" : "comp_89",
               "e_time" : 756.940999999642
            }
         ],
         "download" : {
            "receiveFirst" : 40,
            "len" : 45707,
            "dns" : 9,
            "dnsEnd" : 17,
            "receiveHeadersEnd" : 77,
            "sslEnd" : -1,
            "connectEnd" : 37,
            "connectStart" : 0,
            "id" : "download_33",
            "receivedTime" : "720.987000036985",
            "sslStart" : -1,
            "dnsStart" : 8,
            "receiveLast" : 643.987000036985,
            "s_time" : 324.94099996984,
            "sendEnd" : 37,
            "sendStart" : 37,
            "type" : "application/javascript"
         }
      },
      {
         "when_comp_start" : -1,
         "url" : "http://modified.testbed.localhost/www.pewsocialtrends.org/files/2015/12/ST_15.11.20_Middle-Income-Calc_Promo_140x140.png",
         "id" : "r33",
         "comps" : [],
         "download" : {
            "receiveFirst" : 25,
            "len" : 2945,
            "dns" : 0,
            "dnsEnd" : -1,
            "receiveHeadersEnd" : 44,
            "sslEnd" : -1,
            "connectEnd" : 19,
            "connectStart" : 0,
            "id" : "download_34",
            "receivedTime" : "720.753000117838",
            "sslStart" : -1,
            "dnsStart" : -1,
            "receiveLast" : 676.753000117838,
            "s_time" : 360.679000150412,
            "sendEnd" : 19,
            "sendStart" : 19,
            "type" : "image/png"
         }
      },
      {
         "when_comp_start" : -1,
         "url" : "http://modified.testbed.localhost/www.pewhispanic.org/files/2015/09/PH_15.07.06_Immigrants_InteractivePromo_140px.jpg",
         "id" : "r34",
         "comps" : [],
         "download" : {
            "receiveFirst" : 23,
            "len" : 26011,
            "dns" : 0,
            "dnsEnd" : -1,
            "receiveHeadersEnd" : 38,
            "sslEnd" : -1,
            "connectEnd" : 14,
            "connectStart" : 0,
            "id" : "download_35",
            "receivedTime" : "720.825000200421",
            "sslStart" : -1,
            "dnsStart" : -1,
            "receiveLast" : 682.825000200421,
            "s_time" : 366.307999938726,
            "sendEnd" : 15,
            "sendStart" : 14,
            "type" : "image/jpeg"
         }
      },
      {
         "when_comp_start" : -1,
         "url" : "http://modified.testbed.localhost/www.pewinternet.org/files/2015/09/PI_15.09.10_ScienceQuiz_hp_140x140.png",
         "id" : "r35",
         "comps" : [],
         "download" : {
            "receiveFirst" : 17,
            "len" : 13760,
            "dns" : 0,
            "dnsEnd" : -1,
            "receiveHeadersEnd" : 44,
            "sslEnd" : -1,
            "connectEnd" : 27,
            "connectStart" : 0,
            "id" : "download_36",
            "receivedTime" : "721.195999998599",
            "sslStart" : -1,
            "dnsStart" : -1,
            "receiveLast" : 677.195999998599,
            "s_time" : 369.881000369787,
            "sendEnd" : 27,
            "sendStart" : 27,
            "type" : "image/png"
         }
      },
      {
         "when_comp_start" : -1,
         "url" : "http://modified.testbed.localhost/www.pewglobal.org/files/2014/07/PG_14.07.10_BalanceOfPower_Image-140x140.png",
         "id" : "r36",
         "comps" : [],
         "download" : {
            "receiveFirst" : 10,
            "len" : 27165,
            "dns" : 0,
            "dnsEnd" : -1,
            "receiveHeadersEnd" : 40,
            "sslEnd" : -1,
            "connectEnd" : 30,
            "connectStart" : 0,
            "id" : "download_37",
            "receivedTime" : "721.481000073254",
            "sslStart" : -1,
            "dnsStart" : -1,
            "receiveLast" : 681.481000073254,
            "s_time" : 376.09100015834,
            "sendEnd" : 30,
            "sendStart" : 30,
            "type" : "image/png"
         }
      },
      {
         "when_comp_start" : -1,
         "url" : "http://modified.testbed.localhost/www.pewglobal.org/files/2015/07/PF_15.07.08_GMC_map_140x140.png",
         "id" : "r37",
         "comps" : [],
         "download" : {
            "receiveFirst" : 14,
            "len" : 17141,
            "dns" : 0,
            "dnsEnd" : -1,
            "receiveHeadersEnd" : 43,
            "sslEnd" : -1,
            "connectEnd" : 29,
            "connectStart" : 0,
            "id" : "download_38",
            "receivedTime" : "721.576000098139",
            "sslStart" : -1,
            "dnsStart" : -1,
            "receiveLast" : 678.576000098139,
            "s_time" : 377.063000109047,
            "sendEnd" : 29,
            "sendStart" : 29,
            "type" : "image/png"
         }
      },
      {
         "when_comp_start" : -1,
         "url" : "http://modified.testbed.localhost/www.pewresearch.org/wp-content/plugins/pew-scripts/js/2016-04-27_3:10/hammer.min.js",
         "id" : "r56",
         "comps" : [
            {
               "s_time" : 721.98999999091,
               "time" : 0.42300019413301,
               "type" : 1,
               "id" : "comp_50",
               "e_time" : 722.413000185043
            }
         ],
         "download" : {
            "receiveFirst" : 10,
            "len" : 6976,
            "dns" : 0,
            "dnsEnd" : -1,
            "receiveHeadersEnd" : 36,
            "sslEnd" : -1,
            "connectEnd" : 26,
            "connectStart" : 0,
            "id" : "download_39",
            "receivedTime" : "721.950000151992",
            "sslStart" : -1,
            "dnsStart" : -1,
            "receiveLast" : 685.950000151992,
            "s_time" : 389.416000340134,
            "sendEnd" : 26,
            "sendStart" : 26,
            "type" : "application/javascript"
         }
      },
      {
         "when_comp_start" : -1,
         "url" : "http://modified.testbed.localhost/www.pewresearch.org/wp-content/plugins/pew-scripts/js/2016-04-27_3:10/pew-carousel.min.js",
         "id" : "r57",
         "comps" : [
            {
               "s_time" : 722.590000368655,
               "time" : 0.233999919146072,
               "type" : 1,
               "id" : "comp_52",
               "e_time" : 722.824000287801
            }
         ],
         "download" : {
            "receiveFirst" : 9,
            "len" : 6821,
            "dns" : 0,
            "dnsEnd" : -1,
            "receiveHeadersEnd" : 35,
            "sslEnd" : -1,
            "connectEnd" : 26,
            "connectStart" : 0,
            "id" : "download_40",
            "receivedTime" : "722.535999957472",
            "sslStart" : -1,
            "dnsStart" : -1,
            "receiveLast" : 687.535999957472,
            "s_time" : 389.853000175208,
            "sendEnd" : 26,
            "sendStart" : 26,
            "type" : "application/javascript"
         }
      },
      {
         "when_comp_start" : -1,
         "url" : "http://modified.testbed.localhost/www.pewresearch.org/wp-content/themes/pewresearch/js/2016-04-27_3:10/pew-homepage.js",
         "id" : "r58",
         "comps" : [
            {
               "s_time" : 722.879000008106,
               "time" : 2.07100016996299,
               "type" : 1,
               "id" : "comp_54",
               "e_time" : 724.950000178069
            }
         ],
         "download" : {
            "receiveFirst" : 10,
            "len" : 956,
            "dns" : 0,
            "dnsEnd" : -1,
            "receiveHeadersEnd" : 35,
            "sslEnd" : -1,
            "connectEnd" : 25,
            "connectStart" : 0,
            "id" : "download_41",
            "receivedTime" : "721.892999950796",
            "sslStart" : -1,
            "dnsStart" : -1,
            "receiveLast" : 686.892999950796,
            "s_time" : 390.385000035167,
            "sendEnd" : 25,
            "sendStart" : 25,
            "type" : "application/javascript"
         }
      },
      {
         "when_comp_start" : -1,
         "url" : "http://modified.testbed.localhost/www.pewresearch.org/wp-content/plugins/pew-scripts/js/2016-04-27_3:10/organic-tabs.min.js",
         "id" : "r59",
         "comps" : [
            {
               "s_time" : 725.180000066757,
               "time" : 0.287000089884032,
               "type" : 1,
               "id" : "comp_57",
               "e_time" : 725.467000156641
            }
         ],
         "download" : {
            "receiveFirst" : 10,
            "len" : 1348,
            "dns" : 0,
            "dnsEnd" : -1,
            "receiveHeadersEnd" : 41,
            "sslEnd" : -1,
            "connectEnd" : 31,
            "connectStart" : 0,
            "id" : "download_42",
            "receivedTime" : "725.123000331223",
            "sslStart" : -1,
            "dnsStart" : -1,
            "receiveLast" : 684.123000331223,
            "s_time" : 390.990999992937,
            "sendEnd" : 31,
            "sendStart" : 31,
            "type" : "application/javascript"
         }
      },
      {
         "when_comp_start" : -1,
         "url" : "http://modified.testbed.localhost/www.pewresearch.org/wp-content/mu-plugins/pew-search/assets/js/SwiftypeComponents.js%3Fver=1",
         "id" : "r60",
         "comps" : [
            {
               "s_time" : 797.583000268787,
               "time" : 44.497000053525,
               "type" : 1,
               "id" : "comp_97",
               "e_time" : 842.080000322312
            }
         ],
         "download" : {
            "receiveFirst" : 9,
            "len" : 592338,
            "dns" : 0,
            "dnsEnd" : -1,
            "receiveHeadersEnd" : 40,
            "sslEnd" : -1,
            "connectEnd" : 31,
            "connectStart" : 0,
            "id" : "download_43",
            "receivedTime" : "761.784000322223",
            "sslStart" : -1,
            "dnsStart" : -1,
            "receiveLast" : 721.784000322223,
            "s_time" : 391.973000019789,
            "sendEnd" : 31,
            "sendStart" : 31,
            "type" : "text/plain"
         }
      },
      {
         "when_comp_start" : -1,
         "url" : "http://modified.testbed.localhost/www.pewresearch.org/wp-content/mu-plugins/pew-search/assets/js/configuration.js%3Fver=1",
         "id" : "r61",
         "comps" : [
            {
               "s_time" : 842.215000186116,
               "time" : 0.312999822199004,
               "type" : 1,
               "id" : "comp_99",
               "e_time" : 842.528000008315
            }
         ],
         "download" : {
            "receiveFirst" : 9,
            "len" : 2402,
            "dns" : 0,
            "dnsEnd" : -1,
            "receiveHeadersEnd" : 41,
            "sslEnd" : -1,
            "connectEnd" : 32,
            "connectStart" : 0,
            "id" : "download_44",
            "receivedTime" : "725.861000362784",
            "sslStart" : -1,
            "dnsStart" : -1,
            "receiveLast" : 684.861000362784,
            "s_time" : 393.221999984235,
            "sendEnd" : 32,
            "sendStart" : 32,
            "type" : "text/plain"
         }
      },
      {
         "when_comp_start" : -1,
         "url" : "http://modified.testbed.localhost/www.pewresearch.org/wp-content/plugins/pew-scripts/js/2016-04-27_3:10/pew-global.min.js",
         "id" : "r63",
         "comps" : [
            {
               "s_time" : 842.947999946773,
               "time" : 0.323000364005907,
               "type" : 1,
               "id" : "comp_103",
               "e_time" : 843.271000310779
            }
         ],
         "download" : {
            "receiveFirst" : 8,
            "len" : 2778,
            "dns" : 0,
            "dnsEnd" : -1,
            "receiveHeadersEnd" : 44,
            "sslEnd" : -1,
            "connectEnd" : 36,
            "connectStart" : 0,
            "id" : "download_45",
            "receivedTime" : "726.186000276357",
            "sslStart" : -1,
            "dnsStart" : -1,
            "receiveLast" : 682.186000276357,
            "s_time" : 394.67200031504,
            "sendEnd" : 36,
            "sendStart" : 36,
            "type" : "application/javascript"
         }
      },
      {
         "when_comp_start" : -1,
         "url" : "http://modified.testbed.localhost/www.pewresearch.org/wp-content/mu-plugins/pew-search/assets/js/pew-search-utils.js%3Fver=1",
         "id" : "r62",
         "comps" : [
            {
               "s_time" : 842.587999999523,
               "time" : 0.301999971270902,
               "type" : 1,
               "id" : "comp_101",
               "e_time" : 842.889999970794
            }
         ],
         "download" : {
            "receiveFirst" : 8,
            "len" : 6762,
            "dns" : 0,
            "dnsEnd" : -1,
            "receiveHeadersEnd" : 44,
            "sslEnd" : -1,
            "connectEnd" : 36,
            "connectStart" : 0,
            "id" : "download_46",
            "receivedTime" : "726.360999979079",
            "sslStart" : -1,
            "dnsStart" : -1,
            "receiveLast" : 682.360999979079,
            "s_time" : 393.889000173658,
            "sendEnd" : 36,
            "sendStart" : 36,
            "type" : "text/plain"
         }
      },
      {
         "when_comp_start" : -1,
         "url" : "http://modified.testbed.localhost/www.pewresearch.org/files/2015/01/Interactive_140x140.png",
         "id" : "r38",
         "comps" : [],
         "download" : {
            "receiveFirst" : 10,
            "len" : 1395,
            "dns" : 0,
            "dnsEnd" : -1,
            "receiveHeadersEnd" : 62,
            "sslEnd" : -1,
            "connectEnd" : 52,
            "connectStart" : 0,
            "id" : "download_47",
            "receivedTime" : "726.478999946266",
            "sslStart" : -1,
            "dnsStart" : -1,
            "receiveLast" : 664.478999946266,
            "s_time" : 380.243000108749,
            "sendEnd" : 52,
            "sendStart" : 52,
            "type" : "image/png"
         }
      },
      {
         "when_comp_start" : -1,
         "url" : "http://modified.testbed.localhost/www.pewsocialtrends.org/files/2015/06/ST_15.06.11_PROMO_VideoEssay_140x140.png",
         "id" : "r39",
         "comps" : [],
         "download" : {
            "receiveFirst" : 11,
            "len" : 25080,
            "dns" : 0,
            "dnsEnd" : -1,
            "receiveHeadersEnd" : 66,
            "sslEnd" : -1,
            "connectEnd" : 55,
            "connectStart" : 0,
            "id" : "download_48",
            "receivedTime" : "726.888000033796",
            "sslStart" : -1,
            "dnsStart" : -1,
            "receiveLast" : 660.888000033796,
            "s_time" : 381.702000275254,
            "sendEnd" : 55,
            "sendStart" : 55,
            "type" : "image/png"
         }
      },
      {
         "when_comp_start" : -1,
         "url" : "http://modified.testbed.localhost/www.pewsocialtrends.org/files/2015/06/ST_15.06.11_PROMO_Timeline_260x260-140x140.png",
         "id" : "r40",
         "comps" : [],
         "download" : {
            "receiveFirst" : 14,
            "len" : 28104,
            "dns" : 0,
            "dnsEnd" : -1,
            "receiveHeadersEnd" : 52,
            "sslEnd" : -1,
            "connectEnd" : 38,
            "connectStart" : 0,
            "id" : "download_49",
            "receivedTime" : "727.164000272751",
            "sslStart" : -1,
            "dnsStart" : -1,
            "receiveLast" : 675.164000272751,
            "s_time" : 399.526000022888,
            "sendEnd" : 38,
            "sendStart" : 38,
            "type" : "image/png"
         }
      },
      {
         "when_comp_start" : -1,
         "url" : "http://modified.testbed.localhost/www.pewforum.org/files/2013/07/rls-140x140.png",
         "id" : "r41",
         "comps" : [],
         "download" : {
            "receiveFirst" : 13,
            "len" : 16577,
            "dns" : 0,
            "dnsEnd" : -1,
            "receiveHeadersEnd" : 60,
            "sslEnd" : -1,
            "connectEnd" : 47,
            "connectStart" : 0,
            "id" : "download_50",
            "receivedTime" : "728.010000195354",
            "sslStart" : -1,
            "dnsStart" : -1,
            "receiveLast" : 668.010000195354,
            "s_time" : 400.645000394434,
            "sendEnd" : 47,
            "sendStart" : 47,
            "type" : "image/png"
         }
      },
      {
         "when_comp_start" : -1,
         "url" : "http://modified.testbed.localhost/www.pewresearch.org/files/2014/10/PP_14.10.1_quiz_140_promo.png",
         "id" : "r42",
         "comps" : [],
         "download" : {
            "receiveFirst" : 12,
            "len" : 3068,
            "dns" : 0,
            "dnsEnd" : -1,
            "receiveHeadersEnd" : 54,
            "sslEnd" : -1,
            "connectEnd" : 42,
            "connectStart" : 0,
            "id" : "download_51",
            "receivedTime" : "727.699000388384",
            "sslStart" : -1,
            "dnsStart" : -1,
            "receiveLast" : 673.699000388384,
            "s_time" : 407.702000346035,
            "sendEnd" : 42,
            "sendStart" : 42,
            "type" : "image/png"
         }
      },
      {
         "when_comp_start" : -1,
         "url" : "http://modified.testbed.localhost/www.journalism.org/files/2015/03/PJ_15.03.04_MediaEcology_visual_140x140-08.png",
         "id" : "r43",
         "comps" : [],
         "download" : {
            "receiveFirst" : 12,
            "len" : 1140,
            "dns" : 0,
            "dnsEnd" : -1,
            "receiveHeadersEnd" : 52,
            "sslEnd" : -1,
            "connectEnd" : 40,
            "connectStart" : 0,
            "id" : "download_52",
            "receivedTime" : "727.833000011742",
            "sslStart" : -1,
            "dnsStart" : -1,
            "receiveLast" : 675.833000011742,
            "s_time" : 410.999000072479,
            "sendEnd" : 40,
            "sendStart" : 40,
            "type" : "image/png"
         }
      },
      {
         "when_comp_start" : -1,
         "url" : "http://modified.testbed.localhost/www.journalism.org/files/2015/02/INT_dataviz-InvestigativeReporters-copy.png",
         "id" : "r44",
         "comps" : [],
         "download" : {
            "receiveFirst" : 13,
            "len" : 1075,
            "dns" : 0,
            "dnsEnd" : -1,
            "receiveHeadersEnd" : 59,
            "sslEnd" : -1,
            "connectEnd" : 46,
            "connectStart" : 0,
            "id" : "download_53",
            "receivedTime" : "728.355000261217",
            "sslStart" : -1,
            "dnsStart" : -1,
            "receiveLast" : 669.355000261217,
            "s_time" : 412.414000369608,
            "sendEnd" : 46,
            "sendStart" : 46,
            "type" : "image/png"
         }
      },
      {
         "when_comp_start" : -1,
         "url" : "http://modified.testbed.localhost/www.pewinternet.org/files/2014/11/PI_12.11.25_TechWebIQQuix_140x140-copy-140x140.png",
         "id" : "r45",
         "comps" : [],
         "download" : {
            "receiveFirst" : 11,
            "len" : 1902,
            "dns" : 0,
            "dnsEnd" : -1,
            "receiveHeadersEnd" : 54,
            "sslEnd" : -1,
            "connectEnd" : 43,
            "connectStart" : 0,
            "id" : "download_54",
            "receivedTime" : "728.542000055313",
            "sslStart" : -1,
            "dnsStart" : -1,
            "receiveLast" : 674.542000055313,
            "s_time" : 418.092000298202,
            "sendEnd" : 43,
            "sendStart" : 43,
            "type" : "image/png"
         }
      },
      {
         "when_comp_start" : -1,
         "url" : "http://modified.testbed.localhost/www.pewhispanic.org/files/2014/11/PH_14.11.17_UnauthorizedImmigration_Thumb_140-px1.png",
         "id" : "r46",
         "comps" : [],
         "download" : {
            "receiveFirst" : 8,
            "len" : 14102,
            "dns" : 0,
            "dnsEnd" : -1,
            "receiveHeadersEnd" : 55,
            "sslEnd" : -1,
            "connectEnd" : 47,
            "connectStart" : 0,
            "id" : "download_55",
            "receivedTime" : "728.946000337601",
            "sslStart" : -1,
            "dnsStart" : -1,
            "receiveLast" : 673.946000337601,
            "s_time" : 421.583000104874,
            "sendEnd" : 47,
            "sendStart" : 47,
            "type" : "image/png"
         }
      },
      {
         "when_comp_start" : -1,
         "url" : "http://modified.testbed.localhost/www.pewresearch.org/files/2016/03/Election-2016-260x100.png",
         "id" : "r47",
         "comps" : [],
         "download" : {
            "receiveFirst" : 10,
            "len" : 7567,
            "dns" : 0,
            "dnsEnd" : -1,
            "receiveHeadersEnd" : 56,
            "sslEnd" : -1,
            "connectEnd" : 46,
            "connectStart" : 0,
            "id" : "download_56",
            "receivedTime" : "729.327999986708",
            "sslStart" : -1,
            "dnsStart" : -1,
            "receiveLast" : 673.327999986708,
            "s_time" : 423.205000348389,
            "sendEnd" : 46,
            "sendStart" : 46,
            "type" : "image/png"
         }
      },
      {
         "when_comp_start" : -1,
         "url" : "http://modified.testbed.localhost/www.pewresearch.org/files/2015/12/PRC_15.12.21_BB-cards_space.jpg",
         "id" : "r48",
         "comps" : [],
         "download" : {
            "receiveFirst" : 9,
            "len" : 36310,
            "dns" : 0,
            "dnsEnd" : -1,
            "receiveHeadersEnd" : 35,
            "sslEnd" : -1,
            "connectEnd" : 26,
            "connectStart" : 0,
            "id" : "download_57",
            "receivedTime" : "729.609000030905",
            "sslStart" : -1,
            "dnsStart" : -1,
            "receiveLast" : 694.609000030905,
            "s_time" : 445.486000273377,
            "sendEnd" : 26,
            "sendStart" : 26,
            "type" : "image/jpeg"
         }
      },
      {
         "when_comp_start" : -1,
         "url" : "http://modified.testbed.localhost/www.pewresearch.org/files/2015/12/PRC_15.12.21_BB-cards_border.jpg",
         "id" : "r49",
         "comps" : [],
         "download" : {
            "receiveFirst" : 13,
            "len" : 52254,
            "dns" : 0,
            "dnsEnd" : -1,
            "receiveHeadersEnd" : 34,
            "sslEnd" : -1,
            "connectEnd" : 21,
            "connectStart" : 0,
            "id" : "download_58",
            "receivedTime" : "730.718000326306",
            "sslStart" : -1,
            "dnsStart" : -1,
            "receiveLast" : 696.718000326306,
            "s_time" : 454.625000245869,
            "sendEnd" : 21,
            "sendStart" : 21,
            "type" : "image/jpeg"
         }
      },
      {
         "when_comp_start" : -1,
         "url" : "http://modified.testbed.localhost/www.pewsocialtrends.org/files/2014/07/PKG_millennials.png",
         "id" : "r50",
         "comps" : [],
         "download" : {
            "receiveFirst" : 13,
            "len" : 60467,
            "dns" : 0,
            "dnsEnd" : -1,
            "receiveHeadersEnd" : 30,
            "sslEnd" : -1,
            "connectEnd" : 17,
            "connectStart" : 0,
            "id" : "download_59",
            "receivedTime" : "730.523000005633",
            "sslStart" : -1,
            "dnsStart" : -1,
            "receiveLast" : 700.523000005633,
            "s_time" : 459.102000109851,
            "sendEnd" : 17,
            "sendStart" : 17,
            "type" : "image/png"
         }
      },
      {
         "when_comp_start" : -1,
         "url" : "http://modified.testbed.localhost/www.pewresearch.org/wp-content/lib/img/PRC-Logo-footer.png",
         "id" : "r51",
         "comps" : [],
         "download" : {
            "receiveFirst" : 11,
            "len" : 1058,
            "dns" : 0,
            "dnsEnd" : -1,
            "receiveHeadersEnd" : 28,
            "sslEnd" : -1,
            "connectEnd" : 16,
            "connectStart" : 0,
            "id" : "download_60",
            "receivedTime" : "730.10400030762",
            "sslStart" : -1,
            "dnsStart" : -1,
            "receiveLast" : 702.10400030762,
            "s_time" : 465.625999961048,
            "sendEnd" : 17,
            "sendStart" : 16,
            "type" : "image/png"
         }
      },
      {
         "when_comp_start" : -1,
         "url" : "http://modified.testbed.localhost/www.pewresearch.org/wp-content/lib/img/footer-socialmedia-sprite.png",
         "id" : "r55",
         "comps" : [],
         "download" : {
            "receiveFirst" : 12,
            "len" : 2685,
            "dns" : 0,
            "dnsEnd" : -1,
            "receiveHeadersEnd" : 32,
            "sslEnd" : -1,
            "connectEnd" : 20,
            "connectStart" : 0,
            "id" : "download_61",
            "receivedTime" : "730.804000049829",
            "sslStart" : -1,
            "dnsStart" : -1,
            "receiveLast" : 698.804000049829,
            "s_time" : 467.250000219792,
            "sendEnd" : 20,
            "sendStart" : 20,
            "type" : "image/png"
         }
      },
      {
         "when_comp_start" : -1,
         "url" : "http://modified.testbed.localhost/www.pewresearch.org/wp-includes/js/wp-embed.min.js%3Fver=4.5",
         "id" : "r66",
         "comps" : [
            {
               "s_time" : 843.330000061542,
               "time" : 0.367000233381987,
               "type" : 1,
               "id" : "comp_105",
               "e_time" : 843.697000294924
            }
         ],
         "download" : {
            "receiveFirst" : 3,
            "len" : 1403,
            "dns" : 0,
            "dnsEnd" : -1,
            "receiveHeadersEnd" : 4,
            "sslEnd" : -1,
            "connectEnd" : 1,
            "connectStart" : 0,
            "id" : "download_62",
            "receivedTime" : "761.526000220329",
            "sslStart" : -1,
            "dnsStart" : -1,
            "receiveLast" : 757.526000220329,
            "s_time" : 719.485000241548,
            "sendEnd" : 1,
            "sendStart" : 1,
            "type" : "text/plain"
         }
      },
      {
         "when_comp_start" : -1,
         "url" : "http://modified.testbed.localhost/platform.twitter.com/widgets.js",
         "id" : "r67",
         "comps" : [
            {
               "s_time" : 843.756000045687,
               "time" : 43.6030002310871,
               "type" : 1,
               "id" : "comp_107",
               "e_time" : 887.359000276774
            }
         ],
         "download" : {
            "receiveFirst" : 6,
            "len" : 95204,
            "dns" : 0,
            "dnsEnd" : -1,
            "receiveHeadersEnd" : 7,
            "sslEnd" : -1,
            "connectEnd" : 1,
            "connectStart" : 0,
            "id" : "download_63",
            "receivedTime" : "762.19499995932",
            "sslStart" : -1,
            "dnsStart" : -1,
            "receiveLast" : 755.19499995932,
            "s_time" : 719.891000073403,
            "sendEnd" : 1,
            "sendStart" : 1,
            "type" : "application/javascript"
         }
      },
      {
         "when_comp_start" : -1,
         "url" : "https://www.google-analytics.com/collect?v=1&_v=j41&a=819916177&t=pageview&_s=1&dl=http%3A%2F%2Fmodified.testbed.localhost%2Fwww.pewresearch.org%2F&ul=en-us&de=UTF-8&dt=Pew%20Research%20Center%20%7C%20Nonpartisan%2C%20non-advocacy%20public%20opinion%20polling%20and%20demographic%20research&sd=24-bit",
         "id" : "r64",
         "comps" : [],
         "download" : {
            "receiveFirst" : 5,
            "len" : 35,
            "dns" : 8,
            "dnsEnd" : 9,
            "receiveHeadersEnd" : 37,
            "sslEnd" : 30,
            "connectEnd" : 31,
            "connectStart" : 0,
            "id" : "download_64",
            "receivedTime" : "762.375000398606",
            "sslStart" : 14,
            "dnsStart" : 1,
            "receiveLast" : 725.375000398606,
            "s_time" : 697.967000305653,
            "sendEnd" : 32,
            "sendStart" : 31,
            "type" : "image/gif"
         }
      },
      {
         "when_comp_start" : -1,
         "url" : "https://www.google-analytics.com/r/collect?v=1&_v=j41&a=819916177&t=pageview&_s=1&dl=http%3A%2F%2Fmodified.testbed.localhost%2Fwww.pewresearch.org%2F&ul=en-us&de=UTF-8&dt=Pew%20Research%20Center%20%7C%20Nonpartisan%2C%20non-advocacy%20public%20opinion%20polling%20and%20demographic%20research&sd=24-b",
         "id" : "r65",
         "comps" : [],
         "download" : {
            "receiveFirst" : 21,
            "len" : 35,
            "dns" : 0,
            "dnsEnd" : -1,
            "receiveHeadersEnd" : 44,
            "sslEnd" : -1,
            "connectEnd" : 22,
            "connectStart" : 0,
            "id" : "download_65",
            "receivedTime" : "762.549000326544",
            "sslStart" : -1,
            "dnsStart" : -1,
            "receiveLast" : 718.549000326544,
            "s_time" : 706.723000388592,
            "sendEnd" : 23,
            "sendStart" : 22,
            "type" : "image/gif"
         }
      },
      {
         "when_comp_start" : -1,
         "url" : "http://srv-2016-04-29-01.config.parsely.com/config/pewresearch.org",
         "id" : "r68",
         "comps" : [
            {
               "s_time" : 977.357000112534,
               "time" : 0.762999989092009,
               "type" : null,
               "id" : "comp_122",
               "e_time" : 978.120000101626
            }
         ],
         "download" : {
            "receiveFirst" : 17,
            "len" : 383,
            "dns" : 7,
            "dnsEnd" : 7,
            "receiveHeadersEnd" : 38,
            "sslEnd" : -1,
            "connectEnd" : 21,
            "connectStart" : 0,
            "id" : "download_66",
            "receivedTime" : "796.814000234008",
            "sslStart" : -1,
            "dnsStart" : 0,
            "receiveLast" : 758.814000234008,
            "s_time" : 731.670000124723,
            "sendEnd" : 21,
            "sendStart" : 21,
            "type" : "text/javascript"
         }
      },
      {
         "when_comp_start" : -1,
         "url" : "http://www.pewresearch.org/wp-content/lib/img/magnify.png",
         "id" : "r71",
         "comps" : [],
         "download" : {
            "receiveFirst" : 0,
            "len" : 210,
            "dns" : 0,
            "dnsEnd" : -1,
            "receiveHeadersEnd" : 0,
            "sslEnd" : -1,
            "connectEnd" : 0,
            "connectStart" : 0,
            "id" : "download_67",
            "receivedTime" : "1087.77600014582",
            "sslStart" : -1,
            "dnsStart" : -1,
            "receiveLast" : 1087.77600014582,
            "s_time" : 971.396000124514,
            "sendEnd" : 0,
            "sendStart" : 0,
            "type" : "image/png"
         }
      },
      {
         "when_comp_start" : -1,
         "url" : "https://platform.twitter.com/js/timeline.0eae788bc4fdbe9cd3e72dca3bc26358.js",
         "id" : "r70",
         "comps" : [
            {
               "s_time" : 1097.03900013119,
               "time" : 18.2010000571599,
               "type" : null,
               "id" : "comp_131",
               "e_time" : 1115.24000018835
            }
         ],
         "download" : {
            "receiveFirst" : 8,
            "len" : 27740,
            "dns" : 0,
            "dnsEnd" : -1,
            "receiveHeadersEnd" : 8,
            "sslEnd" : -1,
            "connectEnd" : 0,
            "connectStart" : 0,
            "id" : "download_68",
            "receivedTime" : "1092.25099999458",
            "sslStart" : -1,
            "dnsStart" : -1,
            "receiveLast" : 1084.25099999458,
            "s_time" : 969.583000056446,
            "sendEnd" : 0,
            "sendStart" : 0,
            "type" : "application/javascript"
         }
      },
      {
         "when_comp_start" : -1,
         "url" : "http://modified.testbed.localhost/www.pewresearch.org/wp-content/themes/pewresearch/img/carousel-right.png",
         "id" : "r72",
         "comps" : [],
         "download" : {
            "receiveFirst" : 3,
            "len" : 439,
            "dns" : 0,
            "dnsEnd" : -1,
            "receiveHeadersEnd" : 4,
            "sslEnd" : -1,
            "connectEnd" : 1,
            "connectStart" : 0,
            "id" : "download_69",
            "receivedTime" : "1088.29300012439",
            "sslStart" : -1,
            "dnsStart" : -1,
            "receiveLast" : 1084.29300012439,
            "s_time" : 974.762000143528,
            "sendEnd" : 1,
            "sendStart" : 1,
            "type" : "image/png"
         }
      },
      {
         "when_comp_start" : -1,
         "url" : "http://modified.testbed.localhost/www.pewresearch.org/wp-content/themes/pewresearch/img/carousel-left.png",
         "id" : "r73",
         "comps" : [],
         "download" : {
            "receiveFirst" : 4,
            "len" : 445,
            "dns" : 0,
            "dnsEnd" : -1,
            "receiveHeadersEnd" : 4,
            "sslEnd" : -1,
            "connectEnd" : 0,
            "connectStart" : 0,
            "id" : "download_70",
            "receivedTime" : "1088.62800011411",
            "sslStart" : -1,
            "dnsStart" : -1,
            "receiveLast" : 1084.62800011411,
            "s_time" : 975.019000004977,
            "sendEnd" : 0,
            "sendStart" : 0,
            "type" : "image/png"
         }
      },
      {
         "when_comp_start" : -1,
         "url" : "http://static.parsely.com/code/ptrack-v0.4.11-engaged-time.js",
         "id" : "r75",
         "comps" : [
            {
               "s_time" : 1115.27100019157,
               "time" : 34.7980000078701,
               "type" : null,
               "id" : "comp_136",
               "e_time" : 1150.06900019944
            }
         ],
         "download" : {
            "receiveFirst" : 0,
            "len" : 29780,
            "dns" : 0,
            "dnsEnd" : -1,
            "receiveHeadersEnd" : 0,
            "sslEnd" : -1,
            "connectEnd" : 0,
            "connectStart" : 0,
            "id" : "download_71",
            "receivedTime" : "1096.75800008699",
            "sslStart" : -1,
            "dnsStart" : -1,
            "receiveLast" : 1096.75800008699,
            "s_time" : 1089.33000033721,
            "sendEnd" : 0,
            "sendStart" : 0,
            "type" : "application/x-javascript"
         }
      },
      {
         "when_comp_start" : 1,
         "url" : "http://modified.testbed.localhost/www.pewresearch.org/wp-content/mu-plugins/pew-search/assets/css/pew-search.css.map",
         "id" : "r76",
         "comps" : [],
         "download" : {
            "receiveFirst" : 3,
            "len" : 372,
            "dns" : 0,
            "dnsEnd" : -1,
            "receiveHeadersEnd" : 4,
            "sslEnd" : -1,
            "connectEnd" : 1,
            "connectStart" : 0,
            "id" : "download_72",
            "receivedTime" : "1159.00300024077",
            "sslStart" : -1,
            "dnsStart" : -1,
            "receiveLast" : 1155.00300024077,
            "s_time" : 1096.64500039071,
            "sendEnd" : 1,
            "sendStart" : 1,
            "type" : "text/html"
         }
      },
      {
         "when_comp_start" : -1,
         "url" : "http://srv-2016-04-29-01.pixel.parsely.com/plogger/?rand=1461892329088&idsite=pewresearch.org&url=http%3A%2F%2Fmodified.testbed.localhost%2Fwww.pewresearch.org%2F&urlref=&screen=1024x768%7C1024x768%7C24&data=%7B%22parsely_uuid%22%3A%22de15fb51-592b-4a8b-b187-ac6e4daa318a%22%2C%22parsely_site_uuid%22",
         "id" : "r79",
         "comps" : [],
         "download" : {
            "receiveFirst" : 15,
            "len" : 43,
            "dns" : 6,
            "dnsEnd" : 7,
            "receiveHeadersEnd" : 36,
            "sslEnd" : -1,
            "connectEnd" : 21,
            "connectStart" : 0,
            "id" : "download_73",
            "receivedTime" : "1182.13000008836",
            "sslStart" : -1,
            "dnsStart" : 1,
            "receiveLast" : 1146.13000008836,
            "s_time" : 1145.51600022241,
            "sendEnd" : 21,
            "sendStart" : 21,
            "type" : "image/gif"
         }
      },
      {
         "when_comp_start" : -1,
         "url" : "https://syndication.twitter.com/i/jot/syndication?l=%7B%22_category_%22%3A%22syndicated_impression%22%2C%22triggered_on%22%3A1461892329058%2C%22dnt%22%3Afalse%2C%22event_namespace%22%3A%7B%22client%22%3A%22tfw%22%2C%22page%22%3A%22timeline%22%2C%22action%22%3A%22impression%22%7D%7D",
         "id" : "r77",
         "comps" : [],
         "download" : {
            "receiveFirst" : 30,
            "len" : 43,
            "dns" : 0,
            "dnsEnd" : -1,
            "receiveHeadersEnd" : 92,
            "sslEnd" : -1,
            "connectEnd" : 62,
            "connectStart" : 0,
            "id" : "download_74",
            "receivedTime" : "1205.50600020215",
            "sslStart" : -1,
            "dnsStart" : -1,
            "receiveLast" : 1113.50600020215,
            "s_time" : 1112.47600009665,
            "sendEnd" : 62,
            "sendStart" : 62,
            "type" : "image/gif"
         }
      },
      {
         "when_comp_start" : -1,
         "url" : "https://syndication.twitter.com/widgets/timelines/258211722031140864?callback=__twttr.callbacks.tl_i0_258211722031140864&dnt=false&domain=modified.testbed.localhost&lang=en&suppress_response_codes=true&t=1624324",
         "id" : "r78",
         "comps" : [
            {
               "s_time" : 1319.27900016308,
               "time" : 24.1660000756401,
               "type" : null,
               "id" : "comp_151",
               "e_time" : 1343.44500023872
            }
         ],
         "download" : {
            "receiveFirst" : 122,
            "len" : 137833,
            "dns" : 5,
            "dnsEnd" : 5,
            "receiveHeadersEnd" : 183,
            "sslEnd" : 59,
            "connectEnd" : 60,
            "connectStart" : 0,
            "id" : "download_75",
            "receivedTime" : "1298.65000024438",
            "sslStart" : 28,
            "dnsStart" : 0,
            "receiveLast" : 1115.65000024438,
            "s_time" : 1114.01300039142,
            "sendEnd" : 61,
            "sendStart" : 60,
            "type" : "application/javascript"
         }
      }
   ],
   "deps" : [
      {
         "a2" : "r1_c2",
         "time" : -1,
         "id" : "dep1",
         "a1" : "comp_0"
      },
      {
         "a2" : "r1_c3",
         "time" : -1,
         "id" : "dep2",
         "a1" : "comp_13"
      },
      {
         "a2" : "r1_c4",
         "time" : -1,
         "id" : "dep3",
         "a1" : "comp_15"
      },
      {
         "a2" : "r1_c5",
         "time" : -1,
         "id" : "dep4",
         "a1" : "comp_17"
      },
      {
         "a2" : "r1_c6",
         "time" : -1,
         "id" : "dep5",
         "a1" : "comp_50"
      },
      {
         "a2" : "r1_c7",
         "time" : -1,
         "id" : "dep6",
         "a1" : "comp_52"
      },
      {
         "a2" : "r1_c8",
         "time" : -1,
         "id" : "dep7",
         "a1" : "comp_54"
      },
      {
         "a2" : "r1_c9",
         "time" : -1,
         "id" : "dep8",
         "a1" : "comp_57"
      },
      {
         "a2" : "r1_c10",
         "time" : -1,
         "id" : "dep9",
         "a1" : "comp_97"
      },
      {
         "a2" : "r1_c11",
         "time" : -1,
         "id" : "dep10",
         "a1" : "comp_99"
      },
      {
         "a2" : "r1_c12",
         "time" : -1,
         "id" : "dep11",
         "a1" : "comp_101"
      },
      {
         "a2" : "r1_c13",
         "time" : -1,
         "id" : "dep12",
         "a1" : "comp_103"
      },
      {
         "a2" : "r1_c14",
         "time" : -1,
         "id" : "dep13",
         "a1" : "comp_105"
      },
      {
         "a2" : "r1_c15",
         "time" : -1,
         "id" : "dep14",
         "a1" : "comp_107"
      },
      {
         "a2" : "comp_15",
         "time" : -1,
         "id" : "dep15",
         "a1" : "comp_13"
      },
      {
         "a2" : "comp_17",
         "time" : -1,
         "id" : "dep16",
         "a1" : "comp_15"
      },
      {
         "a2" : "comp_52",
         "time" : -1,
         "id" : "dep17",
         "a1" : "comp_50"
      },
      {
         "a2" : "comp_54",
         "time" : -1,
         "id" : "dep18",
         "a1" : "comp_52"
      },
      {
         "a2" : "comp_57",
         "time" : -1,
         "id" : "dep19",
         "a1" : "comp_54"
      },
      {
         "a2" : "comp_97",
         "time" : -1,
         "id" : "dep20",
         "a1" : "comp_57"
      },
      {
         "a2" : "comp_99",
         "time" : -1,
         "id" : "dep21",
         "a1" : "comp_97"
      },
      {
         "a2" : "comp_101",
         "time" : -1,
         "id" : "dep22",
         "a1" : "comp_99"
      },
      {
         "a2" : "comp_103",
         "time" : -1,
         "id" : "dep23",
         "a1" : "comp_101"
      },
      {
         "a2" : "comp_105",
         "time" : -1,
         "id" : "dep24",
         "a1" : "comp_103"
      },
      {
         "a2" : "comp_107",
         "time" : -1,
         "id" : "dep25",
         "a1" : "comp_105"
      },
      {
         "a2" : "download_75",
         "time" : 16.97400026023,
         "id" : "dep26",
         "a1" : "comp_131"
      },
      {
         "a2" : "download_74",
         "time" : 15.43699996546,
         "id" : "dep27",
         "a1" : "comp_131"
      },
      {
         "a2" : "download_73",
         "time" : 30.2450000308399,
         "id" : "dep28",
         "a1" : "comp_136"
      },
      {
         "a2" : "download_72",
         "time" : -1,
         "id" : "dep29",
         "a1" : "r1_c15"
      },
      {
         "a2" : "download_71",
         "time" : 201.971000060436,
         "id" : "dep30",
         "a1" : "r1_c15"
      },
      {
         "a2" : "download_70",
         "time" : 87.6599997282029,
         "id" : "dep31",
         "a1" : "r1_c15"
      },
      {
         "a2" : "download_69",
         "time" : 87.4029998667539,
         "id" : "dep32",
         "a1" : "r1_c15"
      },
      {
         "a2" : "download_68",
         "time" : 82.223999779672,
         "id" : "dep33",
         "a1" : "r1_c15"
      },
      {
         "a2" : "download_67",
         "time" : 84.0369998477399,
         "id" : "dep34",
         "a1" : "r1_c15"
      },
      {
         "a2" : "download_66",
         "time" : -1,
         "id" : "dep35",
         "a1" : "r1_c9"
      },
      {
         "a2" : "download_65",
         "time" : -1,
         "id" : "dep36",
         "a1" : "r1_c5"
      },
      {
         "a2" : "download_64",
         "time" : 374.439999926836,
         "id" : "dep37",
         "a1" : "r1_c5"
      },
      {
         "a2" : "download_63",
         "time" : -1,
         "id" : "dep38",
         "a1" : "r1_c5"
      },
      {
         "a2" : "download_63",
         "time" : 396.363999694586,
         "id" : "dep39",
         "a1" : "r1_c5"
      },
      {
         "a2" : "download_62",
         "time" : 395.957999862731,
         "id" : "dep40",
         "a1" : "r1_c5"
      },
      {
         "a2" : "download_62",
         "time" : 395.957999862731,
         "id" : "dep41",
         "a1" : "r1_c5"
      },
      {
         "a2" : "download_61",
         "time" : 143.722999840975,
         "id" : "dep42",
         "a1" : "r1_c5"
      },
      {
         "a2" : "download_60",
         "time" : 142.098999582231,
         "id" : "dep43",
         "a1" : "r1_c5"
      },
      {
         "a2" : "download_59",
         "time" : 135.574999731034,
         "id" : "dep44",
         "a1" : "r1_c5"
      },
      {
         "a2" : "download_58",
         "time" : 131.097999867052,
         "id" : "dep45",
         "a1" : "r1_c5"
      },
      {
         "a2" : "download_57",
         "time" : 121.95899989456,
         "id" : "dep46",
         "a1" : "r1_c5"
      },
      {
         "a2" : "download_56",
         "time" : 99.677999969572,
         "id" : "dep47",
         "a1" : "r1_c5"
      },
      {
         "a2" : "download_55",
         "time" : 98.055999726057,
         "id" : "dep48",
         "a1" : "r1_c5"
      },
      {
         "a2" : "download_54",
         "time" : 94.564999919385,
         "id" : "dep49",
         "a1" : "r1_c5"
      },
      {
         "a2" : "download_53",
         "time" : 88.886999990791,
         "id" : "dep50",
         "a1" : "r1_c5"
      },
      {
         "a2" : "download_52",
         "time" : 87.471999693662,
         "id" : "dep51",
         "a1" : "r1_c5"
      },
      {
         "a2" : "download_51",
         "time" : 84.174999967218,
         "id" : "dep52",
         "a1" : "r1_c5"
      },
      {
         "a2" : "download_50",
         "time" : 77.118000015617,
         "id" : "dep53",
         "a1" : "r1_c5"
      },
      {
         "a2" : "download_49",
         "time" : 75.998999644071,
         "id" : "dep54",
         "a1" : "r1_c5"
      },
      {
         "a2" : "download_48",
         "time" : 58.174999896437,
         "id" : "dep55",
         "a1" : "r1_c5"
      },
      {
         "a2" : "download_47",
         "time" : 56.715999729932,
         "id" : "dep56",
         "a1" : "r1_c5"
      },
      {
         "a2" : "download_46",
         "time" : 70.361999794841,
         "id" : "dep57",
         "a1" : "r1_c5"
      },
      {
         "a2" : "download_45",
         "time" : 71.144999936223,
         "id" : "dep58",
         "a1" : "r1_c5"
      },
      {
         "a2" : "download_44",
         "time" : 69.694999605418,
         "id" : "dep59",
         "a1" : "r1_c5"
      },
      {
         "a2" : "download_43",
         "time" : 68.445999640972,
         "id" : "dep60",
         "a1" : "r1_c5"
      },
      {
         "a2" : "download_42",
         "time" : 67.46399961412,
         "id" : "dep61",
         "a1" : "r1_c5"
      },
      {
         "a2" : "download_41",
         "time" : 66.85799965635,
         "id" : "dep62",
         "a1" : "r1_c5"
      },
      {
         "a2" : "download_41",
         "time" : 66.85799965635,
         "id" : "dep63",
         "a1" : "r1_c5"
      },
      {
         "a2" : "download_40",
         "time" : 66.325999796391,
         "id" : "dep64",
         "a1" : "r1_c5"
      },
      {
         "a2" : "download_40",
         "time" : 66.325999796391,
         "id" : "dep65",
         "a1" : "r1_c5"
      },
      {
         "a2" : "download_39",
         "time" : 65.888999961317,
         "id" : "dep66",
         "a1" : "r1_c5"
      },
      {
         "a2" : "download_38",
         "time" : 53.53599973023,
         "id" : "dep67",
         "a1" : "r1_c5"
      },
      {
         "a2" : "download_37",
         "time" : 52.563999779523,
         "id" : "dep68",
         "a1" : "r1_c5"
      },
      {
         "a2" : "download_36",
         "time" : 46.35399999097,
         "id" : "dep69",
         "a1" : "r1_c5"
      },
      {
         "a2" : "download_35",
         "time" : 42.780999559909,
         "id" : "dep70",
         "a1" : "r1_c5"
      },
      {
         "a2" : "download_34",
         "time" : 37.151999771595,
         "id" : "dep71",
         "a1" : "r1_c5"
      },
      {
         "a2" : "download_33",
         "time" : 1.41399959102301,
         "id" : "dep72",
         "a1" : "r1_c5"
      },
      {
         "a2" : "download_32",
         "time" : 8.51899990812001,
         "id" : "dep73",
         "a1" : "r1_c5"
      },
      {
         "a2" : "download_31",
         "time" : 7.95099977403902,
         "id" : "dep74",
         "a1" : "r1_c5"
      },
      {
         "a2" : "download_30",
         "time" : 7.287999615074,
         "id" : "dep75",
         "a1" : "r1_c5"
      },
      {
         "a2" : "download_29",
         "time" : 2.09299987182101,
         "id" : "dep76",
         "a1" : "r1_c5"
      },
      {
         "a2" : "download_28",
         "time" : 6.71999994665401,
         "id" : "dep77",
         "a1" : "r1_c5"
      },
      {
         "a2" : "download_27",
         "time" : 5.686999764294,
         "id" : "dep78",
         "a1" : "r1_c5"
      },
      {
         "a2" : "download_26",
         "time" : 4.28899982944205,
         "id" : "dep79",
         "a1" : "r1_c5"
      },
      {
         "a2" : "download_25",
         "time" : 3.27699957415501,
         "id" : "dep80",
         "a1" : "r1_c5"
      },
      {
         "a2" : "download_24",
         "time" : 23.883999790997,
         "id" : "dep81",
         "a1" : "r1_c5"
      },
      {
         "a2" : "download_23",
         "time" : 22.803999949247,
         "id" : "dep82",
         "a1" : "r1_c5"
      },
      {
         "a2" : "download_22",
         "time" : 2.58099986240302,
         "id" : "dep83",
         "a1" : "r1_c5"
      },
      {
         "a2" : "download_21",
         "time" : 1.84599962085503,
         "id" : "dep84",
         "a1" : "r1_c5"
      },
      {
         "a2" : "download_20",
         "time" : -1,
         "id" : "dep85",
         "a1" : "r1_c3"
      },
      {
         "a2" : "download_19",
         "time" : 55.614999961108,
         "id" : "dep86",
         "a1" : "r1_c3"
      },
      {
         "a2" : "download_18",
         "time" : 40.721000172198,
         "id" : "dep87",
         "a1" : "r1_c3"
      },
      {
         "a2" : "download_17",
         "time" : -1,
         "id" : "dep88",
         "a1" : "r1_c2"
      },
      {
         "a2" : "download_16",
         "time" : 27.4330000393092,
         "id" : "dep89",
         "a1" : "r1_c2"
      },
      {
         "a2" : "download_15",
         "time" : 26.8459999933838,
         "id" : "dep90",
         "a1" : "r1_c2"
      },
      {
         "a2" : "download_14",
         "time" : 26.2070000171661,
         "id" : "dep91",
         "a1" : "r1_c2"
      },
      {
         "a2" : "download_13",
         "time" : 25.7029999047517,
         "id" : "dep92",
         "a1" : "r1_c2"
      },
      {
         "a2" : "download_12",
         "time" : 24.9919998459518,
         "id" : "dep93",
         "a1" : "r1_c2"
      },
      {
         "a2" : "download_11",
         "time" : 24.447999894619,
         "id" : "dep94",
         "a1" : "r1_c2"
      },
      {
         "a2" : "download_10",
         "time" : 23.9630001597106,
         "id" : "dep95",
         "a1" : "r1_c2"
      },
      {
         "a2" : "download_9",
         "time" : 23.3439998701214,
         "id" : "dep96",
         "a1" : "r1_c2"
      },
      {
         "a2" : "download_8",
         "time" : -1,
         "id" : "dep97",
         "a1" : "r1_c1"
      },
      {
         "a2" : "download_7",
         "time" : 3.8270000368357,
         "id" : "dep98",
         "a1" : "r1_c1"
      },
      {
         "a2" : "download_6",
         "time" : 4.3239998631179,
         "id" : "dep99",
         "a1" : "r1_c1"
      },
      {
         "a2" : "download_5",
         "time" : 3.3849999308586,
         "id" : "dep100",
         "a1" : "r1_c1"
      },
      {
         "a2" : "download_4",
         "time" : 2.8849998489022,
         "id" : "dep101",
         "a1" : "r1_c1"
      },
      {
         "a2" : "download_3",
         "time" : 2.4100001901388,
         "id" : "dep102",
         "a1" : "r1_c1"
      },
      {
         "a2" : "download_3",
         "time" : 2.4100001901388,
         "id" : "dep103",
         "a1" : "r1_c1"
      },
      {
         "a2" : "download_2",
         "time" : 1.80999981239439,
         "id" : "dep104",
         "a1" : "r1_c1"
      },
      {
         "a2" : "download_2",
         "time" : 1.80999981239439,
         "id" : "dep105",
         "a1" : "r1_c1"
      },
      {
         "a2" : "download_1",
         "time" : 1.052999868989,
         "id" : "dep106",
         "a1" : "r1_c1"
      }
   ]
}
