{
   "n_download_no_trigger" : 1,
   "start_activity" : "download_0",
   "name" : "modified.testbed.localhost_www.kidsfoni.com_",
   "load_activity" : -1,
   "objs" : [
      {
         "when_comp_start" : 1,
         "url" : "http://modified.testbed.localhost/www.kidsfoni.com/",
         "id" : "r1",
         "comps" : [
            {
               "s_time" : 56.5360002219677,
               "time" : -3382361862.083,
               "id" : "r1_c1",
               "type" : "evalhtml",
               "e_time" : -3382361805.547
            },
            {
               "s_time" : 187.721000052989,
               "time" : -3382361993.268,
               "id" : "r1_c2",
               "type" : "evalhtml",
               "e_time" : -3382361805.547
            },
            {
               "s_time" : 188.115000259131,
               "time" : 0.922999810427996,
               "id" : "r1_c3",
               "type" : "evalhtml",
               "e_time" : 189.038000069559
            },
            {
               "s_time" : 190.71300001815,
               "time" : -3382361996.26,
               "id" : "r1_c4",
               "type" : "evalhtml",
               "e_time" : -3382361805.547
            },
            {
               "s_time" : 190.835000015795,
               "time" : -3382361996.382,
               "id" : "r1_c5",
               "type" : "evalhtml",
               "e_time" : -3382361805.547
            },
            {
               "s_time" : 190.915999934077,
               "time" : -3382361996.463,
               "id" : "r1_c6",
               "type" : "evalhtml",
               "e_time" : -3382361805.547
            },
            {
               "s_time" : 190.983999986202,
               "time" : -3382361996.531,
               "id" : "r1_c7",
               "type" : "evalhtml",
               "e_time" : -3382361805.547
            },
            {
               "s_time" : 196.022999938577,
               "time" : -3382362001.57,
               "id" : "r1_c8",
               "type" : "evalhtml",
               "e_time" : -3382361805.547
            },
            {
               "s_time" : 196.409000083804,
               "time" : 382.641000207514,
               "id" : "r1_c9",
               "type" : "evalhtml",
               "e_time" : 579.050000291318
            },
            {
               "s_time" : 583.374000154436,
               "time" : -3382362388.921,
               "id" : "r1_c10",
               "type" : "evalhtml",
               "e_time" : -3382361805.547
            },
            {
               "s_time" : 583.781000226736,
               "time" : -3382362389.328,
               "id" : "r1_c11",
               "type" : "evalhtml",
               "e_time" : -3382361805.547
            },
            {
               "s_time" : 584.106999915093,
               "time" : -3382362389.654,
               "id" : "r1_c12",
               "type" : "evalhtml",
               "e_time" : -3382361805.547
            },
            {
               "s_time" : 584.711000323296,
               "time" : -3382362390.258,
               "id" : "r1_c13",
               "type" : "evalhtml",
               "e_time" : -3382361805.547
            },
            {
               "s_time" : 586.789000313729,
               "time" : -3382362392.336,
               "id" : "r1_c14",
               "type" : "evalhtml",
               "e_time" : -3382361805.547
            },
            {
               "s_time" : 587.102999910712,
               "time" : 24.200000334531,
               "id" : "r1_c15",
               "type" : "evalhtml",
               "e_time" : 611.303000245243
            },
            {
               "s_time" : 970.643000211567,
               "time" : -3382362776.19,
               "id" : "r1_c16",
               "type" : "evalhtml",
               "e_time" : -3382361805.547
            },
            {
               "s_time" : 971.150999888778,
               "time" : -3382362776.698,
               "id" : "r1_c17",
               "type" : "evalhtml",
               "e_time" : -3382361805.547
            },
            {
               "s_time" : 971.601000055671,
               "time" : -3382362777.148,
               "id" : "r1_c18",
               "type" : "evalhtml",
               "e_time" : -3382361805.547
            },
            {
               "s_time" : 974.040000233799,
               "time" : -3382362779.587,
               "id" : "r1_c19",
               "type" : "evalhtml",
               "e_time" : -3382361805.547
            },
            {
               "s_time" : 974.868000019342,
               "time" : 155.433999840168,
               "id" : "r1_c20",
               "type" : "evalhtml",
               "e_time" : 1130.30199985951
            },
            {
               "s_time" : 1196.39800023288,
               "time" : -3382363001.945,
               "id" : "r1_c21",
               "type" : "evalhtml",
               "e_time" : -3382361805.547
            },
            {
               "s_time" : 1196.68800011277,
               "time" : -3382363002.235,
               "id" : "r1_c22",
               "type" : "evalhtml",
               "e_time" : -3382361805.547
            },
            {
               "s_time" : 1196.89800031483,
               "time" : -3382363002.445,
               "id" : "r1_c23",
               "type" : "evalhtml",
               "e_time" : -3382361805.547
            },
            {
               "s_time" : 1197.106000036,
               "time" : -3382363002.653,
               "id" : "r1_c24",
               "type" : "evalhtml",
               "e_time" : -3382361805.547
            },
            {
               "s_time" : 1197.37400021404,
               "time" : 51.3269999064501,
               "type" : "evalhtml",
               "id" : "r1_c25",
               "e_time" : 1248.70100012049
            }
         ],
         "download" : {
            "receiveFirst" : 4,
            "len" : 139819,
            "dns" : 0,
            "dnsEnd" : -1,
            "receiveHeadersEnd" : 5,
            "sslEnd" : -1,
            "connectEnd" : 1,
            "connectStart" : 0,
            "id" : "download_0",
            "receivedTime" : "51.6380001790822",
            "sslStart" : -1,
            "dnsStart" : -1,
            "receiveLast" : 46.6380001790822,
            "s_time" : 0,
            "sendEnd" : 1,
            "sendStart" : 1,
            "type" : "text/html"
         }
      },
      {
         "when_comp_start" : -1,
         "url" : "http://kidsfoni.com/content/images/thumbs/0065298.png",
         "id" : "r31",
         "comps" : [],
         "download" : {
            "receiveFirst" : 4,
            "len" : 631281,
            "dns" : 0,
            "dnsEnd" : -1,
            "receiveHeadersEnd" : 4,
            "sslEnd" : -1,
            "connectEnd" : 0,
            "connectStart" : 0,
            "id" : "download_1",
            "receivedTime" : "579.509000293911",
            "sslStart" : -1,
            "dnsStart" : -1,
            "receiveLast" : 575.509000293911,
            "s_time" : 197.627000045031,
            "sendEnd" : 0,
            "sendStart" : 0,
            "type" : "image/png"
         }
      },
      {
         "when_comp_start" : -1,
         "url" : "http://kidsfoni.com/content/images/thumbs/0065220.jpeg",
         "id" : "r32",
         "comps" : [],
         "download" : {
            "receiveFirst" : 4,
            "len" : 44363,
            "dns" : 0,
            "dnsEnd" : -1,
            "receiveHeadersEnd" : 4,
            "sslEnd" : -1,
            "connectEnd" : 0,
            "connectStart" : 0,
            "id" : "download_2",
            "receivedTime" : "281.020999886096",
            "sslStart" : -1,
            "dnsStart" : -1,
            "receiveLast" : 277.020999886096,
            "s_time" : 197.908999864012,
            "sendEnd" : 0,
            "sendStart" : 0,
            "type" : "image/jpeg"
         }
      },
      {
         "when_comp_start" : -1,
         "url" : "http://kidsfoni.com/content/images/thumbs/0065255.png",
         "id" : "r33",
         "comps" : [],
         "download" : {
            "receiveFirst" : 4,
            "len" : 412119,
            "dns" : 0,
            "dnsEnd" : -1,
            "receiveHeadersEnd" : 4,
            "sslEnd" : -1,
            "connectEnd" : 0,
            "connectStart" : 0,
            "id" : "download_3",
            "receivedTime" : "306.15200009197",
            "sslStart" : -1,
            "dnsStart" : -1,
            "receiveLast" : 302.15200009197,
            "s_time" : 198.007999919355,
            "sendEnd" : 0,
            "sendStart" : 0,
            "type" : "image/png"
         }
      },
      {
         "when_comp_start" : -1,
         "url" : "http://kidsfoni.com/content/images/thumbs/0064978.png",
         "id" : "r34",
         "comps" : [],
         "download" : {
            "receiveFirst" : 4,
            "len" : 1238881,
            "dns" : 0,
            "dnsEnd" : -1,
            "receiveHeadersEnd" : 4,
            "sslEnd" : -1,
            "connectEnd" : 0,
            "connectStart" : 0,
            "id" : "download_4",
            "receivedTime" : "974.222999997437",
            "sslStart" : -1,
            "dnsStart" : -1,
            "receiveLast" : 970.222999997437,
            "s_time" : 198.330000042915,
            "sendEnd" : 0,
            "sendStart" : 0,
            "type" : "image/png"
         }
      },
      {
         "when_comp_start" : -1,
         "url" : "http://kidsfoni.com/content/images/thumbs/0065141_dunyanin-1-numarali-cocuk-cumhuriyeti-kidzaniaya-cocuk-giris-bileti-80-tl-yerine-49-tl_304.png",
         "id" : "r35",
         "comps" : [],
         "download" : {
            "receiveFirst" : 4,
            "len" : 151861,
            "dns" : 0,
            "dnsEnd" : -1,
            "receiveHeadersEnd" : 4,
            "sslEnd" : -1,
            "connectEnd" : 0,
            "connectStart" : 0,
            "id" : "download_5",
            "receivedTime" : "285.792999900877",
            "sslStart" : -1,
            "dnsStart" : -1,
            "receiveLast" : 281.792999900877,
            "s_time" : 198.28400015831,
            "sendEnd" : 0,
            "sendStart" : 0,
            "type" : "image/png"
         }
      },
      {
         "when_comp_start" : -1,
         "url" : "http://kidsfoni.com/content/images/thumbs/0065305_amerikanin-yaz-kampi-atasehirdecocuklar-icin-full-ngilizce_304.jpeg",
         "id" : "r36",
         "comps" : [],
         "download" : {
            "receiveFirst" : 4,
            "len" : 19284,
            "dns" : 0,
            "dnsEnd" : -1,
            "receiveHeadersEnd" : 4,
            "sslEnd" : -1,
            "connectEnd" : 0,
            "connectStart" : 0,
            "id" : "download_6",
            "receivedTime" : "279.578000307083",
            "sslStart" : -1,
            "dnsStart" : -1,
            "receiveLast" : 275.578000307083,
            "s_time" : 198.57900030911,
            "sendEnd" : 0,
            "sendStart" : 0,
            "type" : "image/jpeg"
         }
      },
      {
         "when_comp_start" : -1,
         "url" : "http://kidsfoni.com/content/images/thumbs/0065252_ates-bizi-cagiriyor-ozel-kamp-kampanyasi_304.png",
         "id" : "r37",
         "comps" : [],
         "download" : {
            "receiveFirst" : 5,
            "len" : 117915,
            "dns" : 0,
            "dnsEnd" : -1,
            "receiveHeadersEnd" : 5,
            "sslEnd" : -1,
            "connectEnd" : 0,
            "connectStart" : 0,
            "id" : "download_7",
            "receivedTime" : "284.198000095785",
            "sslStart" : -1,
            "dnsStart" : -1,
            "receiveLast" : 279.198000095785,
            "s_time" : 198.93900025636,
            "sendEnd" : 0,
            "sendStart" : 0,
            "type" : "image/png"
         }
      },
      {
         "when_comp_start" : -1,
         "url" : "http://kidsfoni.com/content/images/thumbs/0065259_viasea-tema-parkta-gunluk-sinirsiz-giris-49-tl_304.png",
         "id" : "r38",
         "comps" : [],
         "download" : {
            "receiveFirst" : 5,
            "len" : 144597,
            "dns" : 0,
            "dnsEnd" : -1,
            "receiveHeadersEnd" : 5,
            "sslEnd" : -1,
            "connectEnd" : 0,
            "connectStart" : 0,
            "id" : "download_8",
            "receivedTime" : "286.226000171155",
            "sslStart" : -1,
            "dnsStart" : -1,
            "receiveLast" : 281.226000171155,
            "s_time" : 199.208999983966,
            "sendEnd" : 0,
            "sendStart" : 0,
            "type" : "image/png"
         }
      },
      {
         "when_comp_start" : -1,
         "url" : "http://kidsfoni.com/content/images/thumbs/0065304_kidsfonide-lk-kez-gunluk-bakim-hizmeti_304.jpeg",
         "id" : "r39",
         "comps" : [],
         "download" : {
            "receiveFirst" : 5,
            "len" : 17491,
            "dns" : 0,
            "dnsEnd" : -1,
            "receiveHeadersEnd" : 5,
            "sslEnd" : -1,
            "connectEnd" : 0,
            "connectStart" : 0,
            "id" : "download_9",
            "receivedTime" : "280.42500000447",
            "sslStart" : -1,
            "dnsStart" : -1,
            "receiveLast" : 275.42500000447,
            "s_time" : 199.551000259817,
            "sendEnd" : 0,
            "sendStart" : 0,
            "type" : "image/jpeg"
         }
      },
      {
         "when_comp_start" : 1,
         "url" : "http://modified.testbed.localhost/Themes/Kidsfoni_New_350/Content/images/logo.png",
         "id" : "r30",
         "comps" : [],
         "download" : {
            "receiveFirst" : 12,
            "len" : 337,
            "dns" : 0,
            "dnsEnd" : -1,
            "receiveHeadersEnd" : 16,
            "sslEnd" : -1,
            "connectEnd" : 4,
            "connectStart" : 0,
            "id" : "download_10",
            "receivedTime" : "280.742000322789",
            "sslStart" : -1,
            "dnsStart" : -1,
            "receiveLast" : 264.742000322789,
            "s_time" : 189.038000069559,
            "sendEnd" : 4,
            "sendStart" : 4,
            "type" : "text/html"
         }
      },
      {
         "when_comp_start" : -1,
         "url" : "http://kidsfoni.com/content/images/thumbs/0065106_sealife-akvaryum-biletleri-31-tl-yerine-1850-tl_304.png",
         "id" : "r40",
         "comps" : [],
         "download" : {
            "receiveFirst" : 4,
            "len" : 155710,
            "dns" : 0,
            "dnsEnd" : -1,
            "receiveHeadersEnd" : 4,
            "sslEnd" : -1,
            "connectEnd" : 0,
            "connectStart" : 0,
            "id" : "download_11",
            "receivedTime" : "298.731000162661",
            "sslStart" : -1,
            "dnsStart" : -1,
            "receiveLast" : 294.731000162661,
            "s_time" : 206.524000037462,
            "sendEnd" : 0,
            "sendStart" : 0,
            "type" : "image/png"
         }
      },
      {
         "when_comp_start" : -1,
         "url" : "http://kidsfoni.com/content/images/thumbs/0064977_turkiyenin-lk-cocuk-sehri-kidzmondoya-giris-bileti-60-tl-yerine-45-tl_304.png",
         "id" : "r41",
         "comps" : [],
         "download" : {
            "receiveFirst" : 4,
            "len" : 147015,
            "dns" : 0,
            "dnsEnd" : -1,
            "receiveHeadersEnd" : 4,
            "sslEnd" : -1,
            "connectEnd" : 0,
            "connectStart" : 0,
            "id" : "download_12",
            "receivedTime" : "299.720000009984",
            "sslStart" : -1,
            "dnsStart" : -1,
            "receiveLast" : 295.720000009984,
            "s_time" : 207.394999917597,
            "sendEnd" : 0,
            "sendStart" : 0,
            "type" : "image/png"
         }
      },
      {
         "when_comp_start" : -1,
         "url" : "http://kidsfoni.com/content/images/thumbs/0065221_vialand-dogum-gunu-paketleri-ile-tum-gun-sinirsiz-eglence_304.png",
         "id" : "r42",
         "comps" : [],
         "download" : {
            "receiveFirst" : 4,
            "len" : 122874,
            "dns" : 0,
            "dnsEnd" : -1,
            "receiveHeadersEnd" : 4,
            "sslEnd" : -1,
            "connectEnd" : 0,
            "connectStart" : 0,
            "id" : "download_13",
            "receivedTime" : "297.587000299245",
            "sslStart" : -1,
            "dnsStart" : -1,
            "receiveLast" : 293.587000299245,
            "s_time" : 208.105000201613,
            "sendEnd" : 0,
            "sendStart" : 0,
            "type" : "image/png"
         }
      },
      {
         "when_comp_start" : -1,
         "url" : "http://kidsfoni.com/content/images/thumbs/0065182_xtrem-aventuresin-bahara-ozel-kampanyasi-ile-20-tlden-baslayan-fiyatlar_304.png",
         "id" : "r43",
         "comps" : [],
         "download" : {
            "receiveFirst" : 4,
            "len" : 157184,
            "dns" : 0,
            "dnsEnd" : -1,
            "receiveHeadersEnd" : 4,
            "sslEnd" : -1,
            "connectEnd" : 0,
            "connectStart" : 0,
            "id" : "download_14",
            "receivedTime" : "300.569999963045",
            "sslStart" : -1,
            "dnsStart" : -1,
            "receiveLast" : 296.569999963045,
            "s_time" : 208.895000163466,
            "sendEnd" : 0,
            "sendStart" : 0,
            "type" : "image/png"
         }
      },
      {
         "when_comp_start" : -1,
         "url" : "http://kidsfoni.com/content/images/thumbs/0065058_stanbul-kelebek-ciftliginde-kelebeklerle-tanisma-20-tlden-baslayan-fiyatlarla_304.jpeg",
         "id" : "r44",
         "comps" : [],
         "download" : {
            "receiveFirst" : 4,
            "len" : 14873,
            "dns" : 0,
            "dnsEnd" : -1,
            "receiveHeadersEnd" : 4,
            "sslEnd" : -1,
            "connectEnd" : 0,
            "connectStart" : 0,
            "id" : "download_15",
            "receivedTime" : "295.584000181407",
            "sslStart" : -1,
            "dnsStart" : -1,
            "receiveLast" : 291.584000181407,
            "s_time" : 214.116999879479,
            "sendEnd" : 0,
            "sendStart" : 0,
            "type" : "image/jpeg"
         }
      },
      {
         "when_comp_start" : -1,
         "url" : "http://kidsfoni.com/content/images/thumbs/0065286_the-zone-maslakta-cocuklar-icin-hem-eglenceli-hem-egitici-aktiviteler-30-tlden-baslayan-fiyatlarla_304.png",
         "id" : "r45",
         "comps" : [],
         "download" : {
            "receiveFirst" : 4,
            "len" : 93767,
            "dns" : 0,
            "dnsEnd" : -1,
            "receiveHeadersEnd" : 4,
            "sslEnd" : -1,
            "connectEnd" : 0,
            "connectStart" : 0,
            "id" : "download_16",
            "receivedTime" : "302.384000271559",
            "sslStart" : -1,
            "dnsStart" : -1,
            "receiveLast" : 298.384000271559,
            "s_time" : 215.315000154078,
            "sendEnd" : 0,
            "sendStart" : 0,
            "type" : "image/png"
         }
      },
      {
         "when_comp_start" : -1,
         "url" : "http://kidsfoni.com/content/images/thumbs/0065225_halat-by-divandan-ailece-pazar-keyfi-acik-bufe-kahvalti-sonrasi-muze-gezisi-paketi-32-tlden-baslayan_304.png",
         "id" : "r46",
         "comps" : [],
         "download" : {
            "receiveFirst" : 5,
            "len" : 152904,
            "dns" : 0,
            "dnsEnd" : -1,
            "receiveHeadersEnd" : 5,
            "sslEnd" : -1,
            "connectEnd" : 0,
            "connectStart" : 0,
            "id" : "download_17",
            "receivedTime" : "305.341000203043",
            "sslStart" : -1,
            "dnsStart" : -1,
            "receiveLast" : 300.341000203043,
            "s_time" : 216.245000250638,
            "sendEnd" : 0,
            "sendStart" : 0,
            "type" : "image/png"
         }
      },
      {
         "when_comp_start" : -1,
         "url" : "https://assets.zendesk.com/embeddable_framework/main.js",
         "id" : "r48",
         "comps" : [
            {
               "s_time" : 638.232999946922,
               "time" : 331.989000085741,
               "type" : 2,
               "id" : "comp_118",
               "e_time" : 970.222000032663
            },
            {
               "s_time" : 1277.93900016695,
               "time" : 136.99000002817,
               "type" : null,
               "id" : "comp_163",
               "e_time" : 1414.92900019512
            }
         ],
         "download" : {
            "receiveFirst" : 11,
            "len" : 891679,
            "dns" : 0,
            "dnsEnd" : -1,
            "receiveHeadersEnd" : 11,
            "sslEnd" : -1,
            "connectEnd" : 0,
            "connectStart" : 0,
            "id" : "download_18",
            "receivedTime" : "588.26299989596",
            "sslStart" : -1,
            "dnsStart" : -1,
            "receiveLast" : 577.26299989596,
            "s_time" : 217.304999940097,
            "sendEnd" : 0,
            "sendStart" : 0,
            "type" : "application/javascript"
         }
      },
      {
         "when_comp_start" : -1,
         "url" : "http://connect.facebook.net/tr_TR/sdk.js#xfbml=1&version=v2.4&appId=1642719142676378",
         "id" : "r49",
         "comps" : [],
         "download" : {
            "receiveFirst" : 11,
            "len" : 186153,
            "dns" : 0,
            "dnsEnd" : -1,
            "receiveHeadersEnd" : 11,
            "sslEnd" : -1,
            "connectEnd" : 0,
            "connectStart" : 0,
            "id" : "download_19",
            "receivedTime" : "305.883999913931",
            "sslStart" : -1,
            "dnsStart" : -1,
            "receiveLast" : 294.883999913931,
            "s_time" : 217.999999877065,
            "sendEnd" : 0,
            "sendStart" : 0,
            "type" : "application/x-javascript"
         }
      },
      {
         "when_comp_start" : -1,
         "url" : "http://kidsfoni.com/content/images/thumbs/0063979_funloft-oyun-makinelerinden-30-tllik-oyun-karti-alana-30-tl-hediye_304.png",
         "id" : "r47",
         "comps" : [],
         "download" : {
            "receiveFirst" : 12,
            "len" : 153416,
            "dns" : 0,
            "dnsEnd" : -1,
            "receiveHeadersEnd" : 12,
            "sslEnd" : -1,
            "connectEnd" : 0,
            "connectStart" : 0,
            "id" : "download_20",
            "receivedTime" : "307.032000273466",
            "sslStart" : -1,
            "dnsStart" : -1,
            "receiveLast" : 295.032000273466,
            "s_time" : 221.009000204504,
            "sendEnd" : 0,
            "sendStart" : 0,
            "type" : "image/png"
         }
      },
      {
         "when_comp_start" : -1,
         "url" : "http://kidsfoni.com/content/images/thumbs/0064981_funloftta-30-dk-playground-girisi-12-tl-15-dk-ucretsiz-giris-hakki-hediye_304.jpeg",
         "id" : "r50",
         "comps" : [],
         "download" : {
            "receiveFirst" : 5,
            "len" : 23717,
            "dns" : 0,
            "dnsEnd" : -1,
            "receiveHeadersEnd" : 5,
            "sslEnd" : -1,
            "connectEnd" : 0,
            "connectStart" : 0,
            "id" : "download_21",
            "receivedTime" : "567.170000169426",
            "sslStart" : -1,
            "dnsStart" : -1,
            "receiveLast" : 562.170000169426,
            "s_time" : 259.401000104845,
            "sendEnd" : 0,
            "sendStart" : 0,
            "type" : "image/jpeg"
         }
      },
      {
         "when_comp_start" : -1,
         "url" : "http://kidsfoni.com/content/images/thumbs/0065186_kozyatagi-med-akademiden-alaninda-uzman-egitmenler-esliginde-cocuklar-ve-yetiskinler-icin-lk-yardim-_304.png",
         "id" : "r51",
         "comps" : [],
         "download" : {
            "receiveFirst" : 5,
            "len" : 117955,
            "dns" : 0,
            "dnsEnd" : -1,
            "receiveHeadersEnd" : 5,
            "sslEnd" : -1,
            "connectEnd" : 0,
            "connectStart" : 0,
            "id" : "download_22",
            "receivedTime" : "571.834000293165",
            "sslStart" : -1,
            "dnsStart" : -1,
            "receiveLast" : 566.834000293165,
            "s_time" : 259.911000262946,
            "sendEnd" : 0,
            "sendStart" : 0,
            "type" : "image/png"
         }
      },
      {
         "when_comp_start" : -1,
         "url" : "http://kidsfoni.com/content/images/thumbs/0064974_su-sagliktir-swimbabyde-bebekler-icin-su-aktivitesi-deneme-dersi-130-tl-yerine-118-tl_304.jpeg",
         "id" : "r53",
         "comps" : [],
         "download" : {
            "receiveFirst" : 4,
            "len" : 19528,
            "dns" : 0,
            "dnsEnd" : -1,
            "receiveHeadersEnd" : 4,
            "sslEnd" : -1,
            "connectEnd" : 0,
            "connectStart" : 0,
            "id" : "download_23",
            "receivedTime" : "567.944000009447",
            "sslStart" : -1,
            "dnsStart" : -1,
            "receiveLast" : 563.944000009447,
            "s_time" : 260.842999909073,
            "sendEnd" : 0,
            "sendStart" : 0,
            "type" : "image/jpeg"
         }
      },
      {
         "when_comp_start" : -1,
         "url" : "http://kidsfoni.com/content/images/thumbs/0065192_sutisten-baby-shower-ve-1-3-yas-dogum-gunu-paketleri-sadece-cengelkoy-subesi-icin-gecerlidir_304.png",
         "id" : "r52",
         "comps" : [],
         "download" : {
            "receiveFirst" : 5,
            "len" : 169122,
            "dns" : 0,
            "dnsEnd" : -1,
            "receiveHeadersEnd" : 5,
            "sslEnd" : -1,
            "connectEnd" : 0,
            "connectStart" : 0,
            "id" : "download_24",
            "receivedTime" : "574.673000257462",
            "sslStart" : -1,
            "dnsStart" : -1,
            "receiveLast" : 569.673000257462,
            "s_time" : 260.367000009865,
            "sendEnd" : 0,
            "sendStart" : 0,
            "type" : "image/png"
         }
      },
      {
         "when_comp_start" : -1,
         "url" : "http://kidsfoni.com/content/images/thumbs/0064965_bubblevents-parti-evinde-dogum-gunu-partisi-1500-tl-yerine-1100-tl_304.jpeg",
         "id" : "r54",
         "comps" : [],
         "download" : {
            "receiveFirst" : 5,
            "len" : 22023,
            "dns" : 0,
            "dnsEnd" : -1,
            "receiveHeadersEnd" : 5,
            "sslEnd" : -1,
            "connectEnd" : 0,
            "connectStart" : 0,
            "id" : "download_25",
            "receivedTime" : "568.469000048935",
            "sslStart" : -1,
            "dnsStart" : -1,
            "receiveLast" : 563.469000048935,
            "s_time" : 261.258000042289,
            "sendEnd" : 0,
            "sendStart" : 0,
            "type" : "image/jpeg"
         }
      },
      {
         "when_comp_start" : -1,
         "url" : "http://kidsfoni.com/content/images/thumbs/0064987_okay-temiz-ritim-atolyesi-ebeveyncocuk-aylik-toplam-4ders-ritim-kursu-290-tl-yerine-225-tl_304.jpeg",
         "id" : "r55",
         "comps" : [],
         "download" : {
            "receiveFirst" : 5,
            "len" : 17244,
            "dns" : 0,
            "dnsEnd" : -1,
            "receiveHeadersEnd" : 5,
            "sslEnd" : -1,
            "connectEnd" : 0,
            "connectStart" : 0,
            "id" : "download_26",
            "receivedTime" : "568.795000202954",
            "sslStart" : -1,
            "dnsStart" : -1,
            "receiveLast" : 563.795000202954,
            "s_time" : 261.731999926269,
            "sendEnd" : 0,
            "sendStart" : 0,
            "type" : "image/jpeg"
         }
      },
      {
         "when_comp_start" : -1,
         "url" : "http://kidsfoni.com/content/images/thumbs/0064317_kovan-spor-kulturunde-12-derslik-jimnastik-paketi-300-tl_304.jpeg",
         "id" : "r56",
         "comps" : [],
         "download" : {
            "receiveFirst" : 5,
            "len" : 13005,
            "dns" : 0,
            "dnsEnd" : -1,
            "receiveHeadersEnd" : 5,
            "sslEnd" : -1,
            "connectEnd" : 0,
            "connectStart" : 0,
            "id" : "download_27",
            "receivedTime" : "569.281000178307",
            "sslStart" : -1,
            "dnsStart" : -1,
            "receiveLast" : 564.281000178307,
            "s_time" : 262.287000194192,
            "sendEnd" : 0,
            "sendStart" : 0,
            "type" : "image/jpeg"
         }
      },
      {
         "when_comp_start" : -1,
         "url" : "http://kidsfoni.com/content/images/thumbs/0064315_zeynep-gulden-sonsuza-kadar-saklanacak-dogum-ve-dogum-gunu-fotograflari-750-tl-yerine-500-tl_304.png",
         "id" : "r57",
         "comps" : [],
         "download" : {
            "receiveFirst" : 4,
            "len" : 90373,
            "dns" : 0,
            "dnsEnd" : -1,
            "receiveHeadersEnd" : 4,
            "sslEnd" : -1,
            "connectEnd" : 0,
            "connectStart" : 0,
            "id" : "download_28",
            "receivedTime" : "571.268000174314",
            "sslStart" : -1,
            "dnsStart" : -1,
            "receiveLast" : 567.268000174314,
            "s_time" : 262.71599996835,
            "sendEnd" : 0,
            "sendStart" : 0,
            "type" : "image/png"
         }
      },
      {
         "when_comp_start" : -1,
         "url" : "http://kidsfoni.com/content/images/thumbs/0063988_stanbul-kids-clubdan-ngilizce-yuzme-jimnastik-kurslarinda-4-ders-120tlden-baslayan-indirimli-fiyatla_304.png",
         "id" : "r58",
         "comps" : [],
         "download" : {
            "receiveFirst" : 5,
            "len" : 153913,
            "dns" : 0,
            "dnsEnd" : -1,
            "receiveHeadersEnd" : 5,
            "sslEnd" : -1,
            "connectEnd" : 0,
            "connectStart" : 0,
            "id" : "download_29",
            "receivedTime" : "577.618000097573",
            "sslStart" : -1,
            "dnsStart" : -1,
            "receiveLast" : 572.618000097573,
            "s_time" : 268.401000183076,
            "sendEnd" : 0,
            "sendStart" : 0,
            "type" : "image/png"
         }
      },
      {
         "when_comp_start" : -1,
         "url" : "http://kidsfoni.com/content/images/thumbs/0064985_minikler-icin-12-derslik-satranc-kursu-kovan-spor-kulturunde-300-tl-tek-derslik-fiyati-80-tl_304.jpeg",
         "id" : "r59",
         "comps" : [],
         "download" : {
            "receiveFirst" : 4,
            "len" : 19776,
            "dns" : 0,
            "dnsEnd" : -1,
            "receiveHeadersEnd" : 4,
            "sslEnd" : -1,
            "connectEnd" : 0,
            "connectStart" : 0,
            "id" : "download_30",
            "receivedTime" : "572.126000188291",
            "sslStart" : -1,
            "dnsStart" : -1,
            "receiveLast" : 568.126000188291,
            "s_time" : 269.668000284582,
            "sendEnd" : 0,
            "sendStart" : 0,
            "type" : "image/jpeg"
         }
      },
      {
         "when_comp_start" : -1,
         "url" : "http://kidsfoni.com/content/images/thumbs/0064309_nar-party-evinde-dogum-gunu-partisi-1250-tl-yerine-1150-tlden-baslayan-fiyatlarla_304.png",
         "id" : "r60",
         "comps" : [],
         "download" : {
            "receiveFirst" : 4,
            "len" : 148141,
            "dns" : 0,
            "dnsEnd" : -1,
            "receiveHeadersEnd" : 4,
            "sslEnd" : -1,
            "connectEnd" : 0,
            "connectStart" : 0,
            "id" : "download_31",
            "receivedTime" : "578.548999968916",
            "sslStart" : -1,
            "dnsStart" : -1,
            "receiveLast" : 574.548999968916,
            "s_time" : 270.940999966115,
            "sendEnd" : 0,
            "sendStart" : 0,
            "type" : "image/png"
         }
      },
      {
         "when_comp_start" : -1,
         "url" : "http://kidsfoni.com/content/images/thumbs/0064546_atasehir-asia-city-hotelde-tatli-surprizler-10-16-yas-karaoke-etkinligi-kisi-basi-118-tl-hamburger-m_304.jpeg",
         "id" : "r61",
         "comps" : [],
         "download" : {
            "receiveFirst" : 4,
            "len" : 12346,
            "dns" : 0,
            "dnsEnd" : -1,
            "receiveHeadersEnd" : 4,
            "sslEnd" : -1,
            "connectEnd" : 0,
            "connectStart" : 0,
            "id" : "download_32",
            "receivedTime" : "572.786999866366",
            "sslStart" : -1,
            "dnsStart" : -1,
            "receiveLast" : 568.786999866366,
            "s_time" : 271.697000134736,
            "sendEnd" : 0,
            "sendStart" : 0,
            "type" : "image/jpeg"
         }
      },
      {
         "when_comp_start" : -1,
         "url" : "http://kidsfoni.com/content/images/thumbs/0064979_atolye-fulden-cocuklar-icin-cikolata-yapimi-atolyesi-100-tl-yerine-39-tl_304.jpeg",
         "id" : "r62",
         "comps" : [],
         "download" : {
            "receiveFirst" : 4,
            "len" : 21980,
            "dns" : 0,
            "dnsEnd" : -1,
            "receiveHeadersEnd" : 4,
            "sslEnd" : -1,
            "connectEnd" : 0,
            "connectStart" : 0,
            "id" : "download_33",
            "receivedTime" : "573.096999898553",
            "sslStart" : -1,
            "dnsStart" : -1,
            "receiveLast" : 569.096999898553,
            "s_time" : 272.358000278473,
            "sendEnd" : 0,
            "sendStart" : 0,
            "type" : "image/jpeg"
         }
      },
      {
         "when_comp_start" : -1,
         "url" : "http://kidsfoni.com/content/images/thumbs/0063782_stanbul-kumpanyasi-2015-2016-sezonu-cocuk-ve-yetiskin-oyunlarina-kombine-giris-biletleri-225-tl-yeri_304.jpeg",
         "id" : "r63",
         "comps" : [],
         "download" : {
            "receiveFirst" : 5,
            "len" : 17032,
            "dns" : 0,
            "dnsEnd" : -1,
            "receiveHeadersEnd" : 5,
            "sslEnd" : -1,
            "connectEnd" : 0,
            "connectStart" : 0,
            "id" : "download_34",
            "receivedTime" : "575.349000282586",
            "sslStart" : -1,
            "dnsStart" : -1,
            "receiveLast" : 570.349000282586,
            "s_time" : 277.025000192225,
            "sendEnd" : 0,
            "sendStart" : 0,
            "type" : "image/jpeg"
         }
      },
      {
         "when_comp_start" : -1,
         "url" : "http://kidsfoni.com/content/images/thumbs/0065095_son-dakika-dogum-gunu-partileri-bubblevents-parti-evinde-sadece-900-tl_304.jpeg",
         "id" : "r64",
         "comps" : [],
         "download" : {
            "receiveFirst" : 4,
            "len" : 26295,
            "dns" : 0,
            "dnsEnd" : -1,
            "receiveHeadersEnd" : 4,
            "sslEnd" : -1,
            "connectEnd" : 0,
            "connectStart" : 0,
            "id" : "download_35",
            "receivedTime" : "575.819999910891",
            "sslStart" : -1,
            "dnsStart" : -1,
            "receiveLast" : 571.819999910891,
            "s_time" : 277.799000032246,
            "sendEnd" : 0,
            "sendStart" : 0,
            "type" : "image/jpeg"
         }
      },
      {
         "when_comp_start" : -1,
         "url" : "http://kidsfoni.com/content/images/thumbs/0064970_darussafaka-norse-spor-tesisleri-fethi-oztoprak-yuzme-okulu-ozel-ve-grup-dersleri-80-tlden-baslayan-_304.jpeg",
         "id" : "r65",
         "comps" : [],
         "download" : {
            "receiveFirst" : 4,
            "len" : 25346,
            "dns" : 0,
            "dnsEnd" : -1,
            "receiveHeadersEnd" : 4,
            "sslEnd" : -1,
            "connectEnd" : 0,
            "connectStart" : 0,
            "id" : "download_36",
            "receivedTime" : "576.398000121117",
            "sslStart" : -1,
            "dnsStart" : -1,
            "receiveLast" : 572.398000121117,
            "s_time" : 278.510000091046,
            "sendEnd" : 0,
            "sendStart" : 0,
            "type" : "image/jpeg"
         }
      },
      {
         "when_comp_start" : -1,
         "url" : "http://kidsfoni.com/content/images/thumbs/0064946_hibricker-ile-cocugunuzla-beraber-istediginiz-binayi-yapabilirsiniz-ustelik-8990-tlden-baslayan-fiya_304.jpeg",
         "id" : "r66",
         "comps" : [],
         "download" : {
            "receiveFirst" : 5,
            "len" : 11312,
            "dns" : 0,
            "dnsEnd" : -1,
            "receiveHeadersEnd" : 5,
            "sslEnd" : -1,
            "connectEnd" : 0,
            "connectStart" : 0,
            "id" : "download_37",
            "receivedTime" : "577.039999887347",
            "sslStart" : -1,
            "dnsStart" : -1,
            "receiveLast" : 572.039999887347,
            "s_time" : 279.703000094742,
            "sendEnd" : 0,
            "sendStart" : 0,
            "type" : "image/jpeg"
         }
      },
      {
         "when_comp_start" : -1,
         "url" : "http://kidsfoni.com/content/images/thumbs/0064947_magic-nuudles-activity-hayal-gucu-bloklari-2490-yerine-1990-tlden-baslayan-fiyatlarla_304.jpeg",
         "id" : "r67",
         "comps" : [],
         "download" : {
            "receiveFirst" : 4,
            "len" : 10276,
            "dns" : 0,
            "dnsEnd" : -1,
            "receiveHeadersEnd" : 4,
            "sslEnd" : -1,
            "connectEnd" : 0,
            "connectStart" : 0,
            "id" : "download_38",
            "receivedTime" : "577.353000175208",
            "sslStart" : -1,
            "dnsStart" : -1,
            "receiveLast" : 573.353000175208,
            "s_time" : 280.211000237614,
            "sendEnd" : 0,
            "sendStart" : 0,
            "type" : "image/jpeg"
         }
      },
      {
         "when_comp_start" : -1,
         "url" : "http://kidsfoni.com/content/images/thumbs/0065069_aslan-ile-fare-kurnaz-tilkiye-karsi-cocuk-oyunu-23-nisan-2016-cumartesi-saat-1500de-torium-avmde-25-_304.png",
         "id" : "r68",
         "comps" : [],
         "download" : {
            "receiveFirst" : 11,
            "len" : 202233,
            "dns" : 0,
            "dnsEnd" : -1,
            "receiveHeadersEnd" : 11,
            "sslEnd" : -1,
            "connectEnd" : 0,
            "connectStart" : 0,
            "id" : "download_39",
            "receivedTime" : "585.890999995172",
            "sslStart" : -1,
            "dnsStart" : -1,
            "receiveLast" : 574.890999995172,
            "s_time" : 284.014999866486,
            "sendEnd" : 0,
            "sendStart" : 0,
            "type" : "image/png"
         }
      },
      {
         "when_comp_start" : -1,
         "url" : "http://kidsfoni.com/content/images/thumbs/0065096_nar-party-evinden-eglenceli-oyunlarla-dolu-baby-shower-partisi-1450-tl-yerine-1300-tl_304.jpeg",
         "id" : "r69",
         "comps" : [],
         "download" : {
            "receiveFirst" : 15,
            "len" : 13412,
            "dns" : 0,
            "dnsEnd" : -1,
            "receiveHeadersEnd" : 15,
            "sslEnd" : -1,
            "connectEnd" : 0,
            "connectStart" : 0,
            "id" : "download_40",
            "receivedTime" : "580.587999895215",
            "sslStart" : -1,
            "dnsStart" : -1,
            "receiveLast" : 565.587999895215,
            "s_time" : 285.395999904722,
            "sendEnd" : 0,
            "sendStart" : 0,
            "type" : "image/jpeg"
         }
      },
      {
         "when_comp_start" : -1,
         "url" : "http://kidsfoni.com/content/images/thumbs/0064964_jenny-jimmy-kids-social-clubta-0-7-yas-arasi-cocuklara-ozel-1-aylik-aktiviteler-350-tl-yerine-sadece_304.jpeg",
         "id" : "r70",
         "comps" : [],
         "download" : {
            "receiveFirst" : 15,
            "len" : 14811,
            "dns" : 0,
            "dnsEnd" : -1,
            "receiveHeadersEnd" : 15,
            "sslEnd" : -1,
            "connectEnd" : 0,
            "connectStart" : 0,
            "id" : "download_41",
            "receivedTime" : "580.922999884933",
            "sslStart" : -1,
            "dnsStart" : -1,
            "receiveLast" : 565.922999884933,
            "s_time" : 286.68799996376,
            "sendEnd" : 0,
            "sendStart" : 0,
            "type" : "image/jpeg"
         }
      },
      {
         "when_comp_start" : -1,
         "url" : "http://kidsfoni.com/content/images/thumbs/0064976_gymboree-playlearn-muzik-ve-sanat-derslerinde-12-ders-1200-tlden-baslayan-fiyatlarla-ustelik-2-ders-_304.jpeg",
         "id" : "r71",
         "comps" : [],
         "download" : {
            "receiveFirst" : 15,
            "len" : 25811,
            "dns" : 0,
            "dnsEnd" : -1,
            "receiveHeadersEnd" : 15,
            "sslEnd" : -1,
            "connectEnd" : 0,
            "connectStart" : 0,
            "id" : "download_42",
            "receivedTime" : "581.238999962807",
            "sslStart" : -1,
            "dnsStart" : -1,
            "receiveLast" : 566.238999962807,
            "s_time" : 287.098000291735,
            "sendEnd" : 0,
            "sendStart" : 0,
            "type" : "image/jpeg"
         }
      },
      {
         "when_comp_start" : -1,
         "url" : "http://kidsfoni.com/content/images/thumbs/0064915_kovan-spor-kulturunde-tenis-ile-guclu-saglikli-ve-mutlu-cocuklar-10-derslik-paket-300-tl_304.jpeg",
         "id" : "r72",
         "comps" : [],
         "download" : {
            "receiveFirst" : 17,
            "len" : 12445,
            "dns" : 0,
            "dnsEnd" : -1,
            "receiveHeadersEnd" : 17,
            "sslEnd" : -1,
            "connectEnd" : 0,
            "connectStart" : 0,
            "id" : "download_43",
            "receivedTime" : "581.898999866098",
            "sslStart" : -1,
            "dnsStart" : -1,
            "receiveLast" : 564.898999866098,
            "s_time" : 288.437000010163,
            "sendEnd" : 0,
            "sendStart" : 0,
            "type" : "image/jpeg"
         }
      },
      {
         "when_comp_start" : 1,
         "url" : "http://modified.testbed.localhost/Themes/Kidsfoni_New_350/Content/images/jenny_jimmy_mailing_14.11.05.jpg",
         "id" : "r73",
         "comps" : [],
         "download" : {
            "receiveFirst" : 10,
            "len" : 361,
            "dns" : 0,
            "dnsEnd" : -1,
            "receiveHeadersEnd" : 35,
            "sslEnd" : -1,
            "connectEnd" : 25,
            "connectStart" : 0,
            "id" : "download_44",
            "receivedTime" : "584.925999864936",
            "sslStart" : -1,
            "dnsStart" : -1,
            "receiveLast" : 549.925999864936,
            "s_time" : 289.458000101149,
            "sendEnd" : 25,
            "sendStart" : 25,
            "type" : "text/html"
         }
      },
      {
         "when_comp_start" : 1,
         "url" : "http://modified.testbed.localhost/Themes/Kidsfoni_New_350/Content/images/bannerKids.jpg",
         "id" : "r74",
         "comps" : [],
         "download" : {
            "receiveFirst" : 10,
            "len" : 343,
            "dns" : 0,
            "dnsEnd" : -1,
            "receiveHeadersEnd" : 33,
            "sslEnd" : -1,
            "connectEnd" : 23,
            "connectStart" : 0,
            "id" : "download_45",
            "receivedTime" : "585.235000122339",
            "sslStart" : -1,
            "dnsStart" : -1,
            "receiveLast" : 552.235000122339,
            "s_time" : 291.639999952167,
            "sendEnd" : 23,
            "sendStart" : 23,
            "type" : "text/html"
         }
      },
      {
         "when_comp_start" : 1,
         "url" : "http://modified.testbed.localhost/Themes/Kidsfoni_New_350/Content/images/campaign.png",
         "id" : "r75",
         "comps" : [],
         "download" : {
            "receiveFirst" : 6,
            "len" : 341,
            "dns" : 0,
            "dnsEnd" : -1,
            "receiveHeadersEnd" : 40,
            "sslEnd" : -1,
            "connectEnd" : 33,
            "connectStart" : 0,
            "id" : "download_46",
            "receivedTime" : "588.098000269383",
            "sslStart" : -1,
            "dnsStart" : -1,
            "receiveLast" : 548.098000269383,
            "s_time" : 299.95399992913,
            "sendEnd" : 34,
            "sendStart" : 33,
            "type" : "text/html"
         }
      },
      {
         "when_comp_start" : 1,
         "url" : "http://modified.testbed.localhost/Themes/Kidsfoni_New_350/Content/images/footer-add.png",
         "id" : "r76",
         "comps" : [],
         "download" : {
            "receiveFirst" : 7,
            "len" : 343,
            "dns" : 0,
            "dnsEnd" : -1,
            "receiveHeadersEnd" : 38,
            "sslEnd" : -1,
            "connectEnd" : 31,
            "connectStart" : 0,
            "id" : "download_47",
            "receivedTime" : "588.696000166237",
            "sslStart" : -1,
            "dnsStart" : -1,
            "receiveLast" : 550.696000166237,
            "s_time" : 302.788999862969,
            "sendEnd" : 31,
            "sendStart" : 31,
            "type" : "text/html"
         }
      },
      {
         "when_comp_start" : 1,
         "url" : "http://modified.testbed.localhost/Themes/Kidsfoni_New_350/Content/images/visa-payment.png",
         "id" : "r77",
         "comps" : [],
         "download" : {
            "receiveFirst" : 8,
            "len" : 345,
            "dns" : 0,
            "dnsEnd" : -1,
            "receiveHeadersEnd" : 35,
            "sslEnd" : -1,
            "connectEnd" : 27,
            "connectStart" : 0,
            "id" : "download_48",
            "receivedTime" : "588.977999985218",
            "sslStart" : -1,
            "dnsStart" : -1,
            "receiveLast" : 553.977999985218,
            "s_time" : 307.105000130832,
            "sendEnd" : 27,
            "sendStart" : 27,
            "type" : "text/html"
         }
      },
      {
         "when_comp_start" : 1,
         "url" : "http://modified.testbed.localhost/Themes/Kidsfoni_New_350/Content/images/master-card-payment.png",
         "id" : "r78",
         "comps" : [],
         "download" : {
            "receiveFirst" : 9,
            "len" : 352,
            "dns" : 0,
            "dnsEnd" : -1,
            "receiveHeadersEnd" : 34,
            "sslEnd" : -1,
            "connectEnd" : 25,
            "connectStart" : 0,
            "id" : "download_49",
            "receivedTime" : "589.138000272214",
            "sslStart" : -1,
            "dnsStart" : -1,
            "receiveLast" : 555.138000272214,
            "s_time" : 309.588999953121,
            "sendEnd" : 25,
            "sendStart" : 25,
            "type" : "text/html"
         }
      },
      {
         "when_comp_start" : 1,
         "url" : "http://modified.testbed.localhost/Themes/Kidsfoni_New_350/Content/images/rapaid-payment.png",
         "id" : "r79",
         "comps" : [],
         "download" : {
            "receiveFirst" : 4,
            "len" : 347,
            "dns" : 0,
            "dnsEnd" : -1,
            "receiveHeadersEnd" : 40,
            "sslEnd" : -1,
            "connectEnd" : 36,
            "connectStart" : 0,
            "id" : "download_50",
            "receivedTime" : "589.643999934196",
            "sslStart" : -1,
            "dnsStart" : -1,
            "receiveLast" : 549.643999934196,
            "s_time" : 310.748000163585,
            "sendEnd" : 36,
            "sendStart" : 36,
            "type" : "text/html"
         }
      },
      {
         "when_comp_start" : 1,
         "url" : "http://modified.testbed.localhost/Themes/Kidsfoni_New_350/Content/images/img/kids/imalathanelogo.png",
         "id" : "r80",
         "comps" : [],
         "download" : {
            "receiveFirst" : 4,
            "len" : 356,
            "dns" : 0,
            "dnsEnd" : -1,
            "receiveHeadersEnd" : 37,
            "sslEnd" : -1,
            "connectEnd" : 33,
            "connectStart" : 0,
            "id" : "download_51",
            "receivedTime" : "589.814000297338",
            "sslStart" : -1,
            "dnsStart" : -1,
            "receiveLast" : 552.814000297338,
            "s_time" : 313.821000047028,
            "sendEnd" : 33,
            "sendStart" : 33,
            "type" : "text/html"
         }
      },
      {
         "when_comp_start" : -1,
         "url" : "https://www.google-analytics.com/analytics.js",
         "id" : "r81",
         "comps" : [],
         "download" : {
            "receiveFirst" : 4,
            "len" : 26299,
            "dns" : 0,
            "dnsEnd" : -1,
            "receiveHeadersEnd" : 4,
            "sslEnd" : -1,
            "connectEnd" : 0,
            "connectStart" : 0,
            "id" : "download_52",
            "receivedTime" : "973.118999972939",
            "sslStart" : -1,
            "dnsStart" : -1,
            "receiveLast" : 969.118999972939,
            "s_time" : 579.050000291318,
            "sendEnd" : 0,
            "sendStart" : 0,
            "type" : "text/javascript"
         }
      },
      {
         "when_comp_start" : -1,
         "url" : "https://www.facebook.com/impression.php/f2e7630484/?api_key=1642719142676378&lid=115&payload=%7B%22source%22%3A%22jssdk%22%7D",
         "id" : "r93",
         "comps" : [],
         "download" : {
            "receiveFirst" : 45,
            "len" : 43,
            "dns" : 0,
            "dnsEnd" : 2,
            "receiveHeadersEnd" : 83,
            "sslEnd" : 37,
            "connectEnd" : 37,
            "connectStart" : 0,
            "id" : "download_53",
            "receivedTime" : "1125.94099994749",
            "sslStart" : 15,
            "dnsStart" : 2,
            "receiveLast" : 1042.94099994749,
            "s_time" : 611.303000245243,
            "sendEnd" : 38,
            "sendStart" : 37,
            "type" : "image/gif"
         }
      },
      {
         "when_comp_start" : 1,
         "url" : "http://staticxx.facebook.com/connect/xd_arbiter.php?version=42#channel=f2756f089c&origin=http%3A%2F%2Fmodified.testbed.localhost",
         "id" : "r99",
         "comps" : [
            {
               "s_time" : 1251.19200022891,
               "time" : 13.20599997416,
               "type" : "evalhtml",
               "id" : "r99_c1",
               "e_time" : 1264.39800020307
            }
         ],
         "download" : {
            "receiveFirst" : 0,
            "len" : 34898,
            "dns" : 0,
            "dnsEnd" : -1,
            "receiveHeadersEnd" : 0,
            "sslEnd" : -1,
            "connectEnd" : 0,
            "connectStart" : 0,
            "id" : "download_54",
            "receivedTime" : "1243.31500008702",
            "sslStart" : -1,
            "dnsStart" : -1,
            "receiveLast" : 1243.31500008702,
            "s_time" : 1127.70200008526,
            "sendEnd" : 0,
            "sendStart" : 0,
            "type" : "text/html"
         }
      },
      {
         "when_comp_start" : 1,
         "url" : "https://staticxx.facebook.com/connect/xd_arbiter.php?version=42#channel=f2756f089c&origin=http%3A%2F%2Fmodified.testbed.localhost",
         "id" : "r100",
         "comps" : [
            {
               "s_time" : 1251.37099996209,
               "time" : 25.1140003092598,
               "type" : "evalhtml",
               "id" : "r100_c1",
               "e_time" : 1276.48500027135
            }
         ],
         "download" : {
            "receiveFirst" : 0,
            "len" : 34898,
            "dns" : 0,
            "dnsEnd" : -1,
            "receiveHeadersEnd" : 0,
            "sslEnd" : -1,
            "connectEnd" : 0,
            "connectStart" : 0,
            "id" : "download_55",
            "receivedTime" : "1243.54099994525",
            "sslStart" : -1,
            "dnsStart" : -1,
            "receiveLast" : 1243.54099994525,
            "s_time" : 1127.81900027767,
            "sendEnd" : 0,
            "sendStart" : 0,
            "type" : "text/html"
         }
      },
      {
         "when_comp_start" : 1,
         "url" : "https://assets.zendesk.com/embeddable_framework/update.html?1461899635360#34a9a11",
         "id" : "r101",
         "comps" : [
            {
               "s_time" : 1277.17299992219,
               "time" : 0.549000222230006,
               "type" : "evalhtml",
               "id" : "r101_c1",
               "e_time" : 1277.72200014442
            }
         ],
         "download" : {
            "receiveFirst" : 26,
            "len" : 268,
            "dns" : 0,
            "dnsEnd" : 0,
            "receiveHeadersEnd" : 49,
            "sslEnd" : 19,
            "connectEnd" : 19,
            "connectStart" : 0,
            "id" : "download_56",
            "receivedTime" : "1244.0559999086",
            "sslStart" : 5,
            "dnsStart" : 0,
            "receiveLast" : 1195.0559999086,
            "s_time" : 1130.30199985951,
            "sendEnd" : 23,
            "sendStart" : 19,
            "type" : "text/html"
         }
      },
      {
         "when_comp_start" : -1,
         "url" : "https://www.google-analytics.com/collect?v=1&_v=j41&a=1343837329&t=pageview&_s=1&dl=http%3A%2F%2Fmodified.testbed.localhost%2Fwww.kidsfoni.com%2F&ul=en-us&de=UTF-8&sd=24-bit&sr=1024x768&vp=989x599&je=1&_utma=10762024.337840052.1461875325.1461896298.1461899365.5&_utmz=10762024.1461875325.1.1.utmcsr%3",
         "id" : "r104",
         "comps" : [],
         "download" : {
            "receiveFirst" : 6,
            "len" : 35,
            "dns" : 0,
            "dnsEnd" : 0,
            "receiveHeadersEnd" : 26,
            "sslEnd" : 19,
            "connectEnd" : 19,
            "connectStart" : 0,
            "id" : "download_57",
            "receivedTime" : "1420.42900016531",
            "sslStart" : 6,
            "dnsStart" : 0,
            "receiveLast" : 1394.42900016531,
            "s_time" : 1248.70100012049,
            "sendEnd" : 20,
            "sendStart" : 19,
            "type" : "image/gif"
         }
      }
   ],
   "deps" : [
      {
         "a2" : "r1_c2",
         "time" : -1,
         "id" : "dep1",
         "a1" : "comp_29"
      },
      {
         "a2" : "r1_c3",
         "time" : -1,
         "id" : "dep2",
         "a1" : "comp_30"
      },
      {
         "a2" : "r1_c4",
         "time" : -1,
         "id" : "dep3",
         "a1" : "comp_31"
      },
      {
         "a2" : "r1_c5",
         "time" : -1,
         "id" : "dep4",
         "a1" : "comp_32"
      },
      {
         "a2" : "r1_c6",
         "time" : -1,
         "id" : "dep5",
         "a1" : "comp_33"
      },
      {
         "a2" : "r1_c7",
         "time" : -1,
         "id" : "dep6",
         "a1" : "comp_34"
      },
      {
         "a2" : "r1_c8",
         "time" : -1,
         "id" : "dep7",
         "a1" : "comp_35"
      },
      {
         "a2" : "r1_c9",
         "time" : -1,
         "id" : "dep8",
         "a1" : "comp_36"
      },
      {
         "a2" : "r1_c10",
         "time" : -1,
         "id" : "dep9",
         "a1" : "comp_61"
      },
      {
         "a2" : "r1_c11",
         "time" : -1,
         "id" : "dep10",
         "a1" : "comp_62"
      },
      {
         "a2" : "r1_c12",
         "time" : -1,
         "id" : "dep11",
         "a1" : "comp_63"
      },
      {
         "a2" : "r1_c13",
         "time" : -1,
         "id" : "dep12",
         "a1" : "comp_64"
      },
      {
         "a2" : "r1_c14",
         "time" : -1,
         "id" : "dep13",
         "a1" : "comp_65"
      },
      {
         "a2" : "r1_c15",
         "time" : -1,
         "id" : "dep14",
         "a1" : "comp_66"
      },
      {
         "a2" : "r1_c16",
         "time" : -1,
         "id" : "dep15",
         "a1" : "comp_120"
      },
      {
         "a2" : "r1_c17",
         "time" : -1,
         "id" : "dep16",
         "a1" : "comp_121"
      },
      {
         "a2" : "r1_c18",
         "time" : -1,
         "id" : "dep17",
         "a1" : "comp_122"
      },
      {
         "a2" : "r1_c19",
         "time" : -1,
         "id" : "dep18",
         "a1" : "comp_123"
      },
      {
         "a2" : "r1_c20",
         "time" : -1,
         "id" : "dep19",
         "a1" : "comp_124"
      },
      {
         "a2" : "r1_c21",
         "time" : -1,
         "id" : "dep20",
         "a1" : "comp_135"
      },
      {
         "a2" : "r1_c22",
         "time" : -1,
         "id" : "dep21",
         "a1" : "comp_136"
      },
      {
         "a2" : "r1_c23",
         "time" : -1,
         "id" : "dep22",
         "a1" : "comp_137"
      },
      {
         "a2" : "r1_c24",
         "time" : -1,
         "id" : "dep23",
         "a1" : "comp_138"
      },
      {
         "a2" : "r1_c25",
         "time" : -1,
         "id" : "dep24",
         "a1" : "comp_139"
      },
      {
         "a2" : "download_57",
         "time" : -1,
         "id" : "dep25",
         "a1" : "r1_c25"
      },
      {
         "a2" : "download_56",
         "time" : -1,
         "id" : "dep26",
         "a1" : "r1_c20"
      },
      {
         "a2" : "download_55",
         "time" : 152.951000258328,
         "id" : "dep27",
         "a1" : "r1_c20"
      },
      {
         "a2" : "download_54",
         "time" : 152.834000065918,
         "id" : "dep28",
         "a1" : "r1_c20"
      },
      {
         "a2" : "download_53",
         "time" : -1,
         "id" : "dep29",
         "a1" : "r1_c15"
      },
      {
         "a2" : "download_52",
         "time" : -1,
         "id" : "dep30",
         "a1" : "r1_c9"
      },
      {
         "a2" : "download_51",
         "time" : 117.411999963224,
         "id" : "dep31",
         "a1" : "r1_c9"
      },
      {
         "a2" : "download_50",
         "time" : 114.339000079781,
         "id" : "dep32",
         "a1" : "r1_c9"
      },
      {
         "a2" : "download_49",
         "time" : 113.179999869317,
         "id" : "dep33",
         "a1" : "r1_c9"
      },
      {
         "a2" : "download_48",
         "time" : 110.696000047028,
         "id" : "dep34",
         "a1" : "r1_c9"
      },
      {
         "a2" : "download_47",
         "time" : 106.379999779165,
         "id" : "dep35",
         "a1" : "r1_c9"
      },
      {
         "a2" : "download_46",
         "time" : 103.544999845326,
         "id" : "dep36",
         "a1" : "r1_c9"
      },
      {
         "a2" : "download_45",
         "time" : 95.230999868363,
         "id" : "dep37",
         "a1" : "r1_c9"
      },
      {
         "a2" : "download_44",
         "time" : 93.049000017345,
         "id" : "dep38",
         "a1" : "r1_c9"
      },
      {
         "a2" : "download_43",
         "time" : 92.027999926359,
         "id" : "dep39",
         "a1" : "r1_c9"
      },
      {
         "a2" : "download_42",
         "time" : 90.689000207931,
         "id" : "dep40",
         "a1" : "r1_c9"
      },
      {
         "a2" : "download_41",
         "time" : 90.278999879956,
         "id" : "dep41",
         "a1" : "r1_c9"
      },
      {
         "a2" : "download_40",
         "time" : 88.986999820918,
         "id" : "dep42",
         "a1" : "r1_c9"
      },
      {
         "a2" : "download_39",
         "time" : 87.605999782682,
         "id" : "dep43",
         "a1" : "r1_c9"
      },
      {
         "a2" : "download_38",
         "time" : 83.80200015381,
         "id" : "dep44",
         "a1" : "r1_c9"
      },
      {
         "a2" : "download_37",
         "time" : 83.294000010938,
         "id" : "dep45",
         "a1" : "r1_c9"
      },
      {
         "a2" : "download_36",
         "time" : 82.101000007242,
         "id" : "dep46",
         "a1" : "r1_c9"
      },
      {
         "a2" : "download_35",
         "time" : 81.389999948442,
         "id" : "dep47",
         "a1" : "r1_c9"
      },
      {
         "a2" : "download_34",
         "time" : 80.616000108421,
         "id" : "dep48",
         "a1" : "r1_c9"
      },
      {
         "a2" : "download_33",
         "time" : 75.949000194669,
         "id" : "dep49",
         "a1" : "r1_c9"
      },
      {
         "a2" : "download_32",
         "time" : 75.288000050932,
         "id" : "dep50",
         "a1" : "r1_c9"
      },
      {
         "a2" : "download_31",
         "time" : 74.531999882311,
         "id" : "dep51",
         "a1" : "r1_c9"
      },
      {
         "a2" : "download_30",
         "time" : 73.259000200778,
         "id" : "dep52",
         "a1" : "r1_c9"
      },
      {
         "a2" : "download_29",
         "time" : 71.992000099272,
         "id" : "dep53",
         "a1" : "r1_c9"
      },
      {
         "a2" : "download_28",
         "time" : 66.306999884546,
         "id" : "dep54",
         "a1" : "r1_c9"
      },
      {
         "a2" : "download_27",
         "time" : 65.878000110388,
         "id" : "dep55",
         "a1" : "r1_c9"
      },
      {
         "a2" : "download_26",
         "time" : 65.322999842465,
         "id" : "dep56",
         "a1" : "r1_c9"
      },
      {
         "a2" : "download_25",
         "time" : 64.848999958485,
         "id" : "dep57",
         "a1" : "r1_c9"
      },
      {
         "a2" : "download_24",
         "time" : 63.957999926061,
         "id" : "dep58",
         "a1" : "r1_c9"
      },
      {
         "a2" : "download_23",
         "time" : 64.433999825269,
         "id" : "dep59",
         "a1" : "r1_c9"
      },
      {
         "a2" : "download_22",
         "time" : 63.502000179142,
         "id" : "dep60",
         "a1" : "r1_c9"
      },
      {
         "a2" : "download_21",
         "time" : 62.992000021041,
         "id" : "dep61",
         "a1" : "r1_c9"
      },
      {
         "a2" : "download_20",
         "time" : 24.6000001207,
         "id" : "dep62",
         "a1" : "r1_c9"
      },
      {
         "a2" : "download_19",
         "time" : 21.590999793261,
         "id" : "dep63",
         "a1" : "r1_c9"
      },
      {
         "a2" : "download_18",
         "time" : 20.895999856293,
         "id" : "dep64",
         "a1" : "r1_c9"
      },
      {
         "a2" : "download_17",
         "time" : 19.836000166834,
         "id" : "dep65",
         "a1" : "r1_c9"
      },
      {
         "a2" : "download_16",
         "time" : 18.906000070274,
         "id" : "dep66",
         "a1" : "r1_c9"
      },
      {
         "a2" : "download_15",
         "time" : 17.707999795675,
         "id" : "dep67",
         "a1" : "r1_c9"
      },
      {
         "a2" : "download_14",
         "time" : 12.486000079662,
         "id" : "dep68",
         "a1" : "r1_c9"
      },
      {
         "a2" : "download_13",
         "time" : 11.696000117809,
         "id" : "dep69",
         "a1" : "r1_c9"
      },
      {
         "a2" : "download_12",
         "time" : 10.985999833793,
         "id" : "dep70",
         "a1" : "r1_c9"
      },
      {
         "a2" : "download_11",
         "time" : 10.114999953658,
         "id" : "dep71",
         "a1" : "r1_c9"
      },
      {
         "a2" : "download_10",
         "time" : -1,
         "id" : "dep72",
         "a1" : "r1_c3"
      },
      {
         "a2" : "download_10",
         "time" : 0.922999810427996,
         "id" : "dep73",
         "a1" : "r1_c3"
      },
      {
         "a2" : "download_9",
         "time" : 3.142000176013,
         "id" : "dep74",
         "a1" : "r1_c9"
      },
      {
         "a2" : "download_8",
         "time" : 2.79999990016202,
         "id" : "dep75",
         "a1" : "r1_c9"
      },
      {
         "a2" : "download_7",
         "time" : 2.53000017255602,
         "id" : "dep76",
         "a1" : "r1_c9"
      },
      {
         "a2" : "download_6",
         "time" : 2.17000022530601,
         "id" : "dep77",
         "a1" : "r1_c9"
      },
      {
         "a2" : "download_5",
         "time" : 1.875000074506,
         "id" : "dep78",
         "a1" : "r1_c9"
      },
      {
         "a2" : "download_4",
         "time" : 1.92099995911101,
         "id" : "dep79",
         "a1" : "r1_c9"
      },
      {
         "a2" : "download_3",
         "time" : 1.59899983555101,
         "id" : "dep80",
         "a1" : "r1_c9"
      },
      {
         "a2" : "download_2",
         "time" : 1.49999978020801,
         "id" : "dep81",
         "a1" : "r1_c9"
      },
      {
         "a2" : "download_1",
         "time" : 1.21799996122701,
         "id" : "dep82",
         "a1" : "r1_c9"
      }
   ]
}
