{
   "n_download_no_trigger" : 1,
   "start_activity" : "download_0",
   "name" : "modified.testbed.localhost_www.google.ca_",
   "load_activity" : -1,
   "objs" : [
      {
         "when_comp_start" : 1,
         "url" : "http://modified.testbed.localhost/www.google.ca/",
         "id" : "r1",
         "comps" : [
            {
               "s_time" : 48.8399998284876,
               "time" : 32.1650002151728,
               "type" : "evalhtml",
               "id" : "r1_c1",
               "e_time" : 81.0050000436604
            }
         ],
         "download" : {
            "receiveFirst" : 4,
            "len" : 11061,
            "dns" : 0,
            "dnsEnd" : -1,
            "receiveHeadersEnd" : 5,
            "sslEnd" : -1,
            "connectEnd" : 1,
            "connectStart" : 0,
            "id" : "download_0",
            "receivedTime" : "44.0819999203086",
            "sslStart" : -1,
            "dnsStart" : -1,
            "receiveLast" : 39.0819999203086,
            "s_time" : 0,
            "sendEnd" : 1,
            "sendStart" : 1,
            "type" : "text/html"
         }
      },
      {
         "when_comp_start" : 1,
         "url" : "http://modified.testbed.localhost/client_204?&atyp=i&biw=1004&bih=710&ei=qDUhV_27D8a3evrxl5gL",
         "id" : "r2",
         "comps" : [],
         "download" : {
            "receiveFirst" : 4,
            "len" : 300,
            "dns" : 0,
            "dnsEnd" : -1,
            "receiveHeadersEnd" : 6,
            "sslEnd" : -1,
            "connectEnd" : 2,
            "connectStart" : 0,
            "id" : "download_1",
            "receivedTime" : "113.074999768287",
            "sslStart" : -1,
            "dnsStart" : -1,
            "receiveLast" : 107.074999768287,
            "s_time" : 61.8079998530447,
            "sendEnd" : 2,
            "sendStart" : 2,
            "type" : "text/html"
         }
      },
      {
         "when_comp_start" : -1,
         "url" : "http://modified.testbed.localhost/www.google.ca/images/branding/googlelogo/1x/googlelogo_white_background_color_272x92dp.png",
         "id" : "r3",
         "comps" : [],
         "download" : {
            "receiveFirst" : 6,
            "len" : 5482,
            "dns" : 0,
            "dnsEnd" : -1,
            "receiveHeadersEnd" : 9,
            "sslEnd" : -1,
            "connectEnd" : 3,
            "connectStart" : 0,
            "id" : "download_2",
            "receivedTime" : "113.648999948055",
            "sslStart" : -1,
            "dnsStart" : -1,
            "receiveLast" : 104.648999948055,
            "s_time" : 69.1140000708401,
            "sendEnd" : 3,
            "sendStart" : 3,
            "type" : "image/png"
         }
      },
      {
         "when_comp_start" : -1,
         "url" : "http://modified.testbed.localhost/www.google.ca/images/nav_logo229.png",
         "id" : "r4",
         "comps" : [],
         "download" : {
            "receiveFirst" : 5,
            "len" : 17284,
            "dns" : 0,
            "dnsEnd" : -1,
            "receiveHeadersEnd" : 6,
            "sslEnd" : -1,
            "connectEnd" : 1,
            "connectStart" : 0,
            "id" : "download_3",
            "receivedTime" : "114.899999927729",
            "sslStart" : -1,
            "dnsStart" : -1,
            "receiveLast" : 108.899999927729,
            "s_time" : 81.0050000436604,
            "sendEnd" : 1,
            "sendStart" : 1,
            "type" : "image/png"
         }
      }
   ],
   "deps" : [
      {
         "a2" : "download_3",
         "time" : -1,
         "id" : "dep1",
         "a1" : "r1_c1"
      },
      {
         "a2" : "download_2",
         "time" : 20.2740002423525,
         "id" : "dep2",
         "a1" : "r1_c1"
      },
      {
         "a2" : "download_1",
         "time" : 12.9680000245571,
         "id" : "dep3",
         "a1" : "r1_c1"
      }
   ]
}
