{
   "n_download_no_trigger" : 1,
   "start_activity" : "download_0",
   "name" : "modified.testbed.localhost_www.taobao.com_",
   "load_activity" : -1,
   "objs" : [
      {
         "when_comp_start" : 1,
         "url" : "http://modified.testbed.localhost/www.taobao.com/",
         "id" : "r1",
         "comps" : [
            {
               "s_time" : 59.2300002463162,
               "time" : 7.74799985811109,
               "id" : "r1_c1",
               "type" : "evalhtml",
               "e_time" : 66.9780001044273
            },
            {
               "s_time" : 254.277999978513,
               "time" : 36.629000212997,
               "id" : "r1_c2",
               "type" : "evalhtml",
               "e_time" : 290.90700019151
            },
            {
               "s_time" : 324.157999828458,
               "time" : 410.924999974668,
               "id" : "r1_c3",
               "type" : "evalhtml",
               "e_time" : 735.082999803126
            },
            {
               "s_time" : 873.839000239968,
               "time" : 3350.93499999493,
               "type" : "evalhtml",
               "id" : "r1_c4",
               "e_time" : 4224.7740002349
            }
         ],
         "download" : {
            "receiveFirst" : 3,
            "len" : 82211,
            "dns" : 0,
            "dnsEnd" : -1,
            "receiveHeadersEnd" : 5,
            "sslEnd" : -1,
            "connectEnd" : 2,
            "connectStart" : 0,
            "id" : "download_0",
            "receivedTime" : "54.6380002051592",
            "sslStart" : -1,
            "dnsStart" : -1,
            "receiveLast" : 49.6380002051592,
            "s_time" : 0,
            "sendEnd" : 2,
            "sendStart" : 2,
            "type" : "text/html"
         }
      },
      {
         "when_comp_start" : -1,
         "url" : "https://g.alicdn.com/tb-mod/??sea-dos-cache/0.0.1/index.css,sea-fp-first-nav/0.1.5/index.css,sea-fp-banner/0.5.9/index.css,sea-blank-space/0.0.1/index.css,sea-fp-hot/0.2.6/index.css,sea-fp-topsale/0.3.9/index.css,sea-fp-discover/0.2.5/index.css,sea-fp-floor2/0.3.2/index.css,sea-fp-like/0.6.1/index.c",
         "id" : "r3",
         "comps" : [],
         "download" : {
            "receiveFirst" : 30,
            "len" : 53720,
            "dns" : 0,
            "dnsEnd" : -1,
            "receiveHeadersEnd" : 30,
            "sslEnd" : -1,
            "connectEnd" : 0,
            "connectStart" : 0,
            "id" : "download_1",
            "receivedTime" : "101.056999992579",
            "sslStart" : -1,
            "dnsStart" : -1,
            "receiveLast" : 71.0569999925792,
            "s_time" : 63.3820001967251,
            "sendEnd" : 0,
            "sendStart" : 0,
            "type" : "text/css"
         }
      },
      {
         "when_comp_start" : -1,
         "url" : "http://modified.testbed.localhost/g.alicdn.com/index.html%3F%3Ftbc%252Fglobal%252F0.0.8%252Findex-min.css,sea%252Fsitenav-global%252F0.5.2%252Fglobal-min.css",
         "id" : "r2",
         "comps" : [
            {
               "s_time" : 119.611000176519,
               "time" : 10.057999752462,
               "type" : 4,
               "id" : "comp_5",
               "e_time" : 129.668999928981
            }
         ],
         "download" : {
            "receiveFirst" : 14,
            "len" : 59539,
            "dns" : 0,
            "dnsEnd" : -1,
            "receiveHeadersEnd" : 35,
            "sslEnd" : -1,
            "connectEnd" : 21,
            "connectStart" : 0,
            "id" : "download_2",
            "receivedTime" : "119.485999923199",
            "sslStart" : -1,
            "dnsStart" : -1,
            "receiveLast" : 84.4859999231994,
            "s_time" : 62.5920002348721,
            "sendEnd" : 21,
            "sendStart" : 21,
            "type" : "text/css"
         }
      },
      {
         "when_comp_start" : -1,
         "url" : "http://modified.testbed.localhost/g.alicdn.com/tb-mod/index.html%3F%3Fworld-fp-nav%252F0.2.26%252Findex.css",
         "id" : "r6",
         "comps" : [
            {
               "s_time" : 130.642999894917,
               "time" : 0.0760001130399814,
               "type" : 4,
               "id" : "comp_6",
               "e_time" : 130.719000007957
            }
         ],
         "download" : {
            "receiveFirst" : 8,
            "len" : 3074,
            "dns" : 0,
            "dnsEnd" : 17,
            "receiveHeadersEnd" : 36,
            "sslEnd" : -1,
            "connectEnd" : 28,
            "connectStart" : 0,
            "id" : "download_3",
            "receivedTime" : "130.504000000656",
            "sslStart" : -1,
            "dnsStart" : 17,
            "receiveLast" : 94.5040000006557,
            "s_time" : 65.6019998714328,
            "sendEnd" : 28,
            "sendStart" : 28,
            "type" : "text/css"
         }
      },
      {
         "when_comp_start" : -1,
         "url" : "http://modified.testbed.localhost/g.alicdn.com/tms/layouts/0.0.5/layout-pc.css",
         "id" : "r4",
         "comps" : [
            {
               "s_time" : 130.909999832511,
               "time" : 3.795000258833,
               "type" : 4,
               "id" : "comp_7",
               "e_time" : 134.705000091344
            }
         ],
         "download" : {
            "receiveFirst" : 8,
            "len" : 558,
            "dns" : 0,
            "dnsEnd" : 18,
            "receiveHeadersEnd" : 39,
            "sslEnd" : -1,
            "connectEnd" : 30,
            "connectStart" : 0,
            "id" : "download_4",
            "receivedTime" : "130.805000197142",
            "sslStart" : -1,
            "dnsStart" : 18,
            "receiveLast" : 91.8050001971424,
            "s_time" : 63.8839998282492,
            "sendEnd" : 31,
            "sendStart" : 30,
            "type" : "text/css"
         }
      },
      {
         "when_comp_start" : -1,
         "url" : "http://modified.testbed.localhost/g.alicdn.com/index.html%3F%3Fkissy%252Fk%252F6.2.4%252Fseed-min.js,tbc%252Fglobal%252F0.0.8%252Findex-min.js,tms%252Ftb-init%252F6.1.0%252Findex-min.js,sea%252Fsitenav-global%252F0.5.2%252Fglobal-min.js",
         "id" : "r5",
         "comps" : [
            {
               "s_time" : 136.090999934822,
               "time" : 118.187000043691,
               "type" : 1,
               "id" : "comp_8",
               "e_time" : 254.277999978513
            }
         ],
         "download" : {
            "receiveFirst" : 8,
            "len" : 151332,
            "dns" : 0,
            "dnsEnd" : 18,
            "receiveHeadersEnd" : 38,
            "sslEnd" : -1,
            "connectEnd" : 30,
            "connectStart" : 0,
            "id" : "download_5",
            "receivedTime" : "135.976999998093",
            "sslStart" : -1,
            "dnsStart" : 18,
            "receiveLast" : 97.9769999980927,
            "s_time" : 64.6350001916289,
            "sendEnd" : 30,
            "sendStart" : 30,
            "type" : "application/javascript"
         }
      },
      {
         "when_comp_start" : -1,
         "url" : "http://modified.testbed.localhost/g.alicdn.com/tb-mod/index.html%3F%3Fworld-fp-nav%252F0.2.26%252Findex.js",
         "id" : "r7",
         "comps" : [
            {
               "s_time" : 322.056000120938,
               "time" : 2.10199970752001,
               "type" : 1,
               "id" : "comp_11",
               "e_time" : 324.157999828458
            }
         ],
         "download" : {
            "receiveFirst" : 8,
            "len" : 2722,
            "dns" : 0,
            "dnsEnd" : 16,
            "receiveHeadersEnd" : 36,
            "sslEnd" : -1,
            "connectEnd" : 27,
            "connectStart" : 0,
            "id" : "download_6",
            "receivedTime" : "134.90300020203",
            "sslStart" : -1,
            "dnsStart" : 16,
            "receiveLast" : 98.9030002020299,
            "s_time" : 66.1829998716712,
            "sendEnd" : 28,
            "sendStart" : 27,
            "type" : "application/javascript"
         }
      },
      {
         "when_comp_start" : -1,
         "url" : "http://modified.testbed.localhost/img.alicdn.com/tps/TB1fevlKXXXXXaaXVXXXXXXXXXX-34-34.gif",
         "id" : "r8",
         "comps" : [],
         "download" : {
            "receiveFirst" : 9,
            "len" : 1451,
            "dns" : 1,
            "dnsEnd" : 16,
            "receiveHeadersEnd" : 36,
            "sslEnd" : -1,
            "connectEnd" : 26,
            "connectStart" : 0,
            "id" : "download_7",
            "receivedTime" : "135.065999813378",
            "sslStart" : -1,
            "dnsStart" : 15,
            "receiveLast" : 99.0659998133779,
            "s_time" : 66.9780001044273,
            "sendEnd" : 27,
            "sendStart" : 26,
            "type" : "image/gif"
         }
      },
      {
         "when_comp_start" : -1,
         "url" : "http://g.alicdn.com/alilog/mlog/aplus_v2.js",
         "id" : "r33",
         "comps" : [
            {
               "s_time" : 426.522000227123,
               "time" : 6.70699961483501,
               "type" : 2,
               "id" : "comp_29",
               "e_time" : 433.228999841958
            }
         ],
         "download" : {
            "receiveFirst" : 1,
            "len" : 3632,
            "dns" : 0,
            "dnsEnd" : -1,
            "receiveHeadersEnd" : 1,
            "sslEnd" : -1,
            "connectEnd" : 0,
            "connectStart" : 0,
            "id" : "download_8",
            "receivedTime" : "421.767000108957",
            "sslStart" : -1,
            "dnsStart" : -1,
            "receiveLast" : 420.767000108957,
            "s_time" : 255.890000145882,
            "sendEnd" : 0,
            "sendStart" : 0,
            "type" : "application/javascript"
         }
      },
      {
         "when_comp_start" : -1,
         "url" : "http://modified.testbed.localhost/img.alicdn.com/tps/i1/TB1qC0rIVXXXXbjaXXXH0F6FVXX-150-62.png",
         "id" : "r40",
         "comps" : [],
         "download" : {
            "receiveFirst" : 3,
            "len" : 5840,
            "dns" : 0,
            "dnsEnd" : -1,
            "receiveHeadersEnd" : 4,
            "sslEnd" : -1,
            "connectEnd" : 1,
            "connectStart" : 0,
            "id" : "download_9",
            "receivedTime" : "422.855000011623",
            "sslStart" : -1,
            "dnsStart" : -1,
            "receiveLast" : 418.855000011623,
            "s_time" : 265.740999951959,
            "sendEnd" : 1,
            "sendStart" : 1,
            "type" : "image/png"
         }
      },
      {
         "when_comp_start" : -1,
         "url" : "http://img.alicdn.com/tps/i3/TB1_CjqIpXXXXbOXFXXuAZJYXXX-180-180.png",
         "id" : "r41",
         "comps" : [],
         "download" : {
            "receiveFirst" : 0,
            "len" : 4827,
            "dns" : 0,
            "dnsEnd" : -1,
            "receiveHeadersEnd" : 0,
            "sslEnd" : -1,
            "connectEnd" : 0,
            "connectStart" : 0,
            "id" : "download_10",
            "receivedTime" : "423.287999816239",
            "sslStart" : -1,
            "dnsStart" : -1,
            "receiveLast" : 423.287999816239,
            "s_time" : 273.24299979955,
            "sendEnd" : 0,
            "sendStart" : 0,
            "type" : "image/png"
         }
      },
      {
         "when_comp_start" : -1,
         "url" : "http://g.alicdn.com/kg/??search-suggest/6.2.9/new_suggest-min.css",
         "id" : "r69",
         "comps" : [
            {
               "s_time" : 436.679000034928,
               "time" : 2.30599986389302,
               "type" : 2,
               "id" : "comp_31",
               "e_time" : 438.984999898821
            }
         ],
         "download" : {
            "receiveFirst" : 21,
            "len" : 12769,
            "dns" : 0,
            "dnsEnd" : -1,
            "receiveHeadersEnd" : 21,
            "sslEnd" : -1,
            "connectEnd" : 0,
            "connectStart" : 0,
            "id" : "download_11",
            "receivedTime" : "436.555999796838",
            "sslStart" : -1,
            "dnsStart" : -1,
            "receiveLast" : 415.555999796838,
            "s_time" : 392.969000153244,
            "sendEnd" : 0,
            "sendStart" : 0,
            "type" : "text/css"
         }
      },
      {
         "when_comp_start" : -1,
         "url" : "http://g.alicdn.com/kg/??search-suggest/6.2.9/index-min.js,search-suggest/6.2.9/plugin/history-min.js,search-suggest/6.2.9/plugin/cloud-min.js,search-suggest/6.2.9/plugin/history-magic-min.js,search-suggest/6.2.9/plugin/tab-min.js",
         "id" : "r70",
         "comps" : [
            {
               "s_time" : 448.906000237912,
               "time" : 4.197999835014,
               "type" : 2,
               "id" : "comp_37",
               "e_time" : 453.104000072926
            }
         ],
         "download" : {
            "receiveFirst" : 21,
            "len" : 48559,
            "dns" : 0,
            "dnsEnd" : -1,
            "receiveHeadersEnd" : 21,
            "sslEnd" : -1,
            "connectEnd" : 0,
            "connectStart" : 0,
            "id" : "download_12",
            "receivedTime" : "448.600000236183",
            "sslStart" : -1,
            "dnsStart" : -1,
            "receiveLast" : 427.600000236183,
            "s_time" : 393.63900013268,
            "sendEnd" : 0,
            "sendStart" : 0,
            "type" : "application/javascript"
         }
      },
      {
         "when_comp_start" : -1,
         "url" : "http://g.alicdn.com/kg/??datalazyload/6.0.5/index-min.js",
         "id" : "r58",
         "comps" : [
            {
               "s_time" : 442.648000083864,
               "time" : 0.988000072538966,
               "type" : 2,
               "id" : "comp_34",
               "e_time" : 443.636000156403
            }
         ],
         "download" : {
            "receiveFirst" : 14,
            "len" : 7237,
            "dns" : 0,
            "dnsEnd" : -1,
            "receiveHeadersEnd" : 50,
            "sslEnd" : -1,
            "connectEnd" : 36,
            "connectStart" : 0,
            "id" : "download_13",
            "receivedTime" : "436.234999913722",
            "sslStart" : -1,
            "dnsStart" : -1,
            "receiveLast" : 386.234999913722,
            "s_time" : 367.20999982208,
            "sendEnd" : 36,
            "sendStart" : 36,
            "type" : "application/javascript"
         }
      },
      {
         "when_comp_start" : -1,
         "url" : "http://g.alicdn.com/alilog/s/6.1.11/aplus_v2.js",
         "id" : "r72",
         "comps" : [],
         "download" : {
            "receiveFirst" : 8,
            "len" : 64506,
            "dns" : 0,
            "dnsEnd" : -1,
            "receiveHeadersEnd" : 8,
            "sslEnd" : -1,
            "connectEnd" : 0,
            "connectStart" : 0,
            "id" : "download_14",
            "receivedTime" : "478.802000172436",
            "sslStart" : -1,
            "dnsStart" : -1,
            "receiveLast" : 470.802000172436,
            "s_time" : 433.505999855697,
            "sendEnd" : 0,
            "sendStart" : 0,
            "type" : "application/javascript"
         }
      },
      {
         "when_comp_start" : -1,
         "url" : "https://g.alicdn.com/tb-mod/??sea-dos-cache/0.0.1/index.js,sea-fp-first-nav/0.1.5/index.js,sea-fp-banner/0.5.9/index.js,sea-blank-space/0.0.1/index.js,sea-fp-hot/0.2.6/index.js,sea-fp-topsale/0.3.9/index.js,sea-fp-discover/0.2.5/index.js,sea-fp-floor2/0.3.2/index.js,sea-fp-like/0.6.1/index.js,world-",
         "id" : "r78",
         "comps" : [],
         "download" : {
            "receiveFirst" : 10,
            "len" : 75029,
            "dns" : 0,
            "dnsEnd" : -1,
            "receiveHeadersEnd" : 10,
            "sslEnd" : -1,
            "connectEnd" : 0,
            "connectStart" : 0,
            "id" : "download_15",
            "receivedTime" : "738.882000092417",
            "sslStart" : -1,
            "dnsStart" : -1,
            "receiveLast" : 728.882000092417,
            "s_time" : 437.818999867886,
            "sendEnd" : 0,
            "sendStart" : 0,
            "type" : "application/javascript"
         }
      },
      {
         "when_comp_start" : -1,
         "url" : "http://modified.testbed.localhost/g.alicdn.com/sea/discover/0.1.5/p/discover/index.css",
         "id" : "r71",
         "comps" : [
            {
               "s_time" : 455.413000192493,
               "time" : 22.623999975622,
               "type" : 4,
               "id" : "comp_40",
               "e_time" : 478.037000168115
            }
         ],
         "download" : {
            "receiveFirst" : 9,
            "len" : 11569,
            "dns" : 0,
            "dnsEnd" : -1,
            "receiveHeadersEnd" : 28,
            "sslEnd" : -1,
            "connectEnd" : 19,
            "connectStart" : 0,
            "id" : "download_16",
            "receivedTime" : "455.293000210077",
            "sslStart" : -1,
            "dnsStart" : -1,
            "receiveLast" : 427.293000210077,
            "s_time" : 421.395000070333,
            "sendEnd" : 19,
            "sendStart" : 19,
            "type" : "text/css"
         }
      },
      {
         "when_comp_start" : -1,
         "url" : "http://modified.testbed.localhost/g.alicdn.com/tb-mod/index.html%3F%3Fworld-footer%252F0.0.20%252Findex.css",
         "id" : "r73",
         "comps" : [
            {
               "s_time" : 726.375999860466,
               "time" : 12.181000318378,
               "type" : 4,
               "id" : "comp_45",
               "e_time" : 738.557000178844
            }
         ],
         "download" : {
            "receiveFirst" : 3,
            "len" : 34,
            "dns" : 0,
            "dnsEnd" : -1,
            "receiveHeadersEnd" : 24,
            "sslEnd" : -1,
            "connectEnd" : 21,
            "connectStart" : 0,
            "id" : "download_17",
            "receivedTime" : "726.253000088036",
            "sslStart" : -1,
            "dnsStart" : -1,
            "receiveLast" : 702.253000088036,
            "s_time" : 435.357000213116,
            "sendEnd" : 21,
            "sendStart" : 21,
            "type" : "text/css"
         }
      },
      {
         "when_comp_start" : -1,
         "url" : "http://modified.testbed.localhost/g.alicdn.com/tb-mod/index.html%3F%3Fworld-footer%252F0.0.20%252Findex.js",
         "id" : "r77",
         "comps" : [
            {
               "s_time" : 873.28700022772,
               "time" : 0.552000012247959,
               "type" : 1,
               "id" : "comp_50",
               "e_time" : 873.839000239968
            }
         ],
         "download" : {
            "receiveFirst" : 6,
            "len" : 196,
            "dns" : 0,
            "dnsEnd" : -1,
            "receiveHeadersEnd" : 80,
            "sslEnd" : -1,
            "connectEnd" : 74,
            "connectStart" : 0,
            "id" : "download_18",
            "receivedTime" : "873.167000245303",
            "sslStart" : -1,
            "dnsStart" : -1,
            "receiveLast" : 793.167000245303,
            "s_time" : 437.318000011146,
            "sendEnd" : 74,
            "sendStart" : 74,
            "type" : "application/javascript"
         }
      },
      {
         "when_comp_start" : -1,
         "url" : "http://modified.testbed.localhost/img.alicdn.com/tps/i4/TB1ksX7HVXXXXcwXpXXzlnMKpXX-26-221.png",
         "id" : "r82",
         "comps" : [],
         "download" : {
            "receiveFirst" : 7,
            "len" : 7812,
            "dns" : 0,
            "dnsEnd" : -1,
            "receiveHeadersEnd" : 57,
            "sslEnd" : -1,
            "connectEnd" : 50,
            "connectStart" : 0,
            "id" : "download_19",
            "receivedTime" : "897.812000010163",
            "sslStart" : -1,
            "dnsStart" : -1,
            "receiveLast" : 840.812000010163,
            "s_time" : 462.152000050992,
            "sendEnd" : 50,
            "sendStart" : 50,
            "type" : "image/png"
         }
      },
      {
         "when_comp_start" : -1,
         "url" : "http://modified.testbed.localhost/img.alicdn.com/tps/i3/TB1_CjqIpXXXXbOXFXXuAZJYXXX-180-180.png",
         "id" : "r74",
         "comps" : [],
         "download" : {
            "receiveFirst" : 9,
            "len" : 4827,
            "dns" : 0,
            "dnsEnd" : -1,
            "receiveHeadersEnd" : 85,
            "sslEnd" : -1,
            "connectEnd" : 76,
            "connectStart" : 0,
            "id" : "download_20",
            "receivedTime" : "898.368000052869",
            "sslStart" : -1,
            "dnsStart" : -1,
            "receiveLast" : 813.368000052869,
            "s_time" : 435.87899999693,
            "sendEnd" : 76,
            "sendStart" : 76,
            "type" : "image/png"
         }
      },
      {
         "when_comp_start" : -1,
         "url" : "http://modified.testbed.localhost/img.alicdn.com/tps/i1/TB156oWHpXXXXXIapXX_cBKGXXX-32-48.png",
         "id" : "r75",
         "comps" : [],
         "download" : {
            "receiveFirst" : 9,
            "len" : 801,
            "dns" : 0,
            "dnsEnd" : -1,
            "receiveHeadersEnd" : 85,
            "sslEnd" : -1,
            "connectEnd" : 76,
            "connectStart" : 0,
            "id" : "download_21",
            "receivedTime" : "898.614999838173",
            "sslStart" : -1,
            "dnsStart" : -1,
            "receiveLast" : 813.614999838173,
            "s_time" : 436.329999938607,
            "sendEnd" : 76,
            "sendStart" : 76,
            "type" : "image/png"
         }
      },
      {
         "when_comp_start" : -1,
         "url" : "http://modified.testbed.localhost/img.alicdn.com/tps/i2/TB14PwNIVXXXXbTXpXXqhF6.FXX-901-45.png",
         "id" : "r76",
         "comps" : [],
         "download" : {
            "receiveFirst" : 7,
            "len" : 35718,
            "dns" : 0,
            "dnsEnd" : -1,
            "receiveHeadersEnd" : 85,
            "sslEnd" : -1,
            "connectEnd" : 78,
            "connectStart" : 0,
            "id" : "download_22",
            "receivedTime" : "899.110000114888",
            "sslStart" : -1,
            "dnsStart" : -1,
            "receiveLast" : 814.110000114888,
            "s_time" : 436.830000020564,
            "sendEnd" : 78,
            "sendStart" : 78,
            "type" : "image/png"
         }
      },
      {
         "when_comp_start" : 1,
         "url" : "http://tbip.alicdn.com/api/getipinfo?callback=jsonp0&t=1461892709675",
         "id" : "r42",
         "comps" : [
            {
               "s_time" : 914.452000055462,
               "time" : 1.46499974653102,
               "type" : 2,
               "id" : "comp_66",
               "e_time" : 915.916999801993
            }
         ],
         "download" : {
            "receiveFirst" : 43,
            "len" : 185,
            "dns" : 223,
            "dnsEnd" : 223,
            "receiveHeadersEnd" : 310,
            "sslEnd" : -1,
            "connectEnd" : 267,
            "connectStart" : 0,
            "id" : "download_23",
            "receivedTime" : "905.33300023526",
            "sslStart" : -1,
            "dnsStart" : 0,
            "receiveLast" : 595.33300023526,
            "s_time" : 290.90700019151,
            "sendEnd" : 267,
            "sendStart" : 267,
            "type" : "text/html"
         }
      },
      {
         "when_comp_start" : -1,
         "url" : "http://g.alicdn.com/alilog/mlog/xwj_heat.js?v=151116b",
         "id" : "r83",
         "comps" : [
            {
               "s_time" : 916.011999826878,
               "time" : 6.65500015020405,
               "type" : null,
               "id" : "comp_69",
               "e_time" : 922.666999977082
            }
         ],
         "download" : {
            "receiveFirst" : 8,
            "len" : 12071,
            "dns" : 8,
            "dnsEnd" : 9,
            "receiveHeadersEnd" : 26,
            "sslEnd" : -1,
            "connectEnd" : 18,
            "connectStart" : 0,
            "id" : "download_24",
            "receivedTime" : "905.830999836326",
            "sslStart" : -1,
            "dnsStart" : 1,
            "receiveLast" : 879.830999836326,
            "s_time" : 591.765000019222,
            "sendEnd" : 18,
            "sendStart" : 18,
            "type" : "application/javascript"
         }
      },
      {
         "when_comp_start" : -1,
         "url" : "http://modified.testbed.localhost/gtms04.alicdn.com/tps/i4/TB1Ak8ZIVXXXXX0XXXXQxPyJVXX-95-40.png",
         "id" : "r88",
         "comps" : [],
         "download" : {
            "receiveFirst" : 4,
            "len" : 3660,
            "dns" : 0,
            "dnsEnd" : -1,
            "receiveHeadersEnd" : 5,
            "sslEnd" : -1,
            "connectEnd" : 1,
            "connectStart" : 0,
            "id" : "download_25",
            "receivedTime" : "906.423000153154",
            "sslStart" : -1,
            "dnsStart" : -1,
            "receiveLast" : 901.423000153154,
            "s_time" : 735.082999803126,
            "sendEnd" : 1,
            "sendStart" : 1,
            "type" : "image/png"
         }
      },
      {
         "when_comp_start" : -1,
         "url" : "http://modified.testbed.localhost/at.alicdn.com/t/font_1451273740_187741.woff",
         "id" : "r9",
         "comps" : [],
         "download" : {
            "receiveFirst" : 3,
            "len" : 28148,
            "dns" : 0,
            "dnsEnd" : -1,
            "receiveHeadersEnd" : 6,
            "sslEnd" : -1,
            "connectEnd" : 2,
            "connectStart" : 0,
            "id" : "download_26",
            "receivedTime" : "927.513000089675",
            "sslStart" : -1,
            "dnsStart" : -1,
            "receiveLast" : 921.513000089675,
            "s_time" : 907.672999892384,
            "sendEnd" : 3,
            "sendStart" : 2,
            "type" : "application/octet-stream"
         }
      },
      {
         "when_comp_start" : -1,
         "url" : "http://modified.testbed.localhost/at.alicdn.com/t/font_1433225452_0164654.woff",
         "id" : "r85",
         "comps" : [],
         "download" : {
            "receiveFirst" : 7,
            "len" : 11328,
            "dns" : 0,
            "dnsEnd" : -1,
            "receiveHeadersEnd" : 10,
            "sslEnd" : -1,
            "connectEnd" : 3,
            "connectStart" : 0,
            "id" : "download_27",
            "receivedTime" : "929.729000199586",
            "sslStart" : -1,
            "dnsStart" : -1,
            "receiveLast" : 919.729000199586,
            "s_time" : 908.472999930382,
            "sendEnd" : 3,
            "sendStart" : 3,
            "type" : "application/octet-stream"
         }
      },
      {
         "when_comp_start" : -1,
         "url" : "https://at.alicdn.com/t/font_1445342161_704327.woff",
         "id" : "r30",
         "comps" : [],
         "download" : {
            "receiveFirst" : 2,
            "len" : 8140,
            "dns" : 0,
            "dnsEnd" : -1,
            "receiveHeadersEnd" : 2,
            "sslEnd" : -1,
            "connectEnd" : 0,
            "connectStart" : 0,
            "id" : "download_28",
            "receivedTime" : "937.067999970168",
            "sslStart" : -1,
            "dnsStart" : -1,
            "receiveLast" : 935.067999970168,
            "s_time" : 908.203999977559,
            "sendEnd" : 0,
            "sendStart" : 0,
            "type" : "application/octet-stream"
         }
      },
      {
         "when_comp_start" : -1,
         "url" : "http://g.alicdn.com/sea/discover/0.1.6/??p/discover/index.js",
         "id" : "r90",
         "comps" : [
            {
               "s_time" : 1032.86200016737,
               "time" : 3.49499983712985,
               "type" : null,
               "id" : "comp_73",
               "e_time" : 1036.3570000045
            }
         ],
         "download" : {
            "receiveFirst" : 1,
            "len" : 1907,
            "dns" : 0,
            "dnsEnd" : -1,
            "receiveHeadersEnd" : 1,
            "sslEnd" : -1,
            "connectEnd" : 0,
            "connectStart" : 0,
            "id" : "download_29",
            "receivedTime" : "938.105000182986",
            "sslStart" : -1,
            "dnsStart" : -1,
            "receiveLast" : 937.105000182986,
            "s_time" : 925.513000227511,
            "sendEnd" : 0,
            "sendStart" : 0,
            "type" : "application/javascript"
         }
      },
      {
         "when_comp_start" : -1,
         "url" : "http://g.alicdn.com/secdev/entry/index.js?t=203040",
         "id" : "r92",
         "comps" : [
            {
               "s_time" : 1909.56699987873,
               "time" : 1.69300008566006,
               "type" : null,
               "id" : "comp_77",
               "e_time" : 1911.25999996439
            }
         ],
         "download" : {
            "receiveFirst" : 8,
            "len" : 275,
            "dns" : 0,
            "dnsEnd" : -1,
            "receiveHeadersEnd" : 10,
            "sslEnd" : -1,
            "connectEnd" : 2,
            "connectStart" : 0,
            "id" : "download_30",
            "receivedTime" : "1909.22300005332",
            "sslStart" : -1,
            "dnsStart" : -1,
            "receiveLast" : 1899.22300005332,
            "s_time" : 1898.00699986517,
            "sendEnd" : 2,
            "sendStart" : 2,
            "type" : "application/x-javascript"
         }
      },
      {
         "when_comp_start" : -1,
         "url" : "http://g.alicdn.com/sd/data_sufei/1.5.1/aplus/index.js",
         "id" : "r93",
         "comps" : [
            {
               "s_time" : 1923.87499986216,
               "time" : 12.84800004214,
               "type" : null,
               "id" : "comp_79",
               "e_time" : 1936.7229999043
            }
         ],
         "download" : {
            "receiveFirst" : 1,
            "len" : 6634,
            "dns" : 0,
            "dnsEnd" : -1,
            "receiveHeadersEnd" : 1,
            "sslEnd" : -1,
            "connectEnd" : 0,
            "connectStart" : 0,
            "id" : "download_31",
            "receivedTime" : "1923.30199992284",
            "sslStart" : -1,
            "dnsStart" : -1,
            "receiveLast" : 1922.30199992284,
            "s_time" : 1911.49900015444,
            "sendEnd" : 0,
            "sendStart" : 0,
            "type" : "application/javascript"
         }
      },
      {
         "when_comp_start" : -1,
         "url" : "https://log.mmstat.com/eg.js",
         "id" : "r84",
         "comps" : [
            {
               "s_time" : 2039.59800023586,
               "time" : 1.05699989944014,
               "type" : null,
               "id" : "comp_81",
               "e_time" : 2040.6550001353
            }
         ],
         "download" : {
            "receiveFirst" : 289,
            "len" : 92,
            "dns" : 7,
            "dnsEnd" : 23,
            "receiveHeadersEnd" : 1444,
            "sslEnd" : 1154,
            "connectEnd" : 1154,
            "connectStart" : 0,
            "id" : "download_32",
            "receivedTime" : "2039.27899990231",
            "sslStart" : 303,
            "dnsStart" : 16,
            "receiveLast" : 595.278999902308,
            "s_time" : 593.70099985972,
            "sendEnd" : 1155,
            "sendStart" : 1154,
            "type" : "application/javascript"
         }
      },
      {
         "when_comp_start" : 1,
         "url" : "https://gskip.taobao.com/json/processUserCookie.htm?site=US_zh-cn_USD&ip=130.245.145.205&t=1461892710301&callback=jsonp1&t=1461892710301",
         "id" : "r89",
         "comps" : [],
         "download" : {
            "receiveFirst" : 222,
            "len" : 24,
            "dns" : 232,
            "dnsEnd" : 232,
            "receiveHeadersEnd" : 1132,
            "sslEnd" : 908,
            "connectEnd" : 909,
            "connectStart" : 0,
            "id" : "download_33",
            "receivedTime" : "2062.48300010338",
            "sslStart" : 451,
            "dnsStart" : 0,
            "receiveLast" : 930.483000103384,
            "s_time" : 928.117999807,
            "sendEnd" : 910,
            "sendStart" : 909,
            "type" : "text/html"
         }
      },
      {
         "when_comp_start" : -1,
         "url" : "http://log.mmstat.com/o.gif?logtype=1&title=%u6DD8%u5B9D%u6D77%u5916%u5168%u7403%u7AD9%20-%20%u8D2D%u7269%u9996%u9009%uFF0C%u6DD8%u4F60%u559C%u6B22%uFF01&pre=&cache=ede555c&scr=1024x768&spm-cnt=a21bp.7806943.0.0.ObtHIx&category=&uidaplus=&aplus&yunid=&&asid=AQAAAABYNCFXn+NmFQAAAACqwQ+9tQ7ETw==&isbet",
         "id" : "r91",
         "comps" : [],
         "download" : {
            "receiveFirst" : 280,
            "len" : 43,
            "dns" : 0,
            "dnsEnd" : 1,
            "receiveHeadersEnd" : 561,
            "sslEnd" : -1,
            "connectEnd" : 281,
            "connectStart" : 0,
            "id" : "download_34",
            "receivedTime" : "2173.64200018346",
            "sslStart" : -1,
            "dnsStart" : 1,
            "receiveLast" : 1612.64200018346,
            "s_time" : 1610.33699987456,
            "sendEnd" : 281,
            "sendStart" : 281,
            "type" : "image/gif"
         }
      },
      {
         "when_comp_start" : 1,
         "url" : "https://www.tmall.com/",
         "id" : "r94",
         "comps" : [],
         "download" : {
            "receiveFirst" : 8,
            "len" : 214178,
            "dns" : 0,
            "dnsEnd" : 1,
            "receiveHeadersEnd" : 1118,
            "sslEnd" : 1108,
            "connectEnd" : 1109,
            "connectStart" : 0,
            "id" : "download_35",
            "receivedTime" : "5359.54899992794",
            "sslStart" : 7,
            "dnsStart" : 1,
            "receiveLast" : 4241.54899992794,
            "s_time" : 4224.7740002349,
            "sendEnd" : 1110,
            "sendStart" : 1109,
            "type" : "text/html"
         }
      }
   ],
   "deps" : [
      {
         "a2" : "r1_c2",
         "time" : -1,
         "id" : "dep1",
         "a1" : "comp_8"
      },
      {
         "a2" : "r1_c3",
         "time" : -1,
         "id" : "dep2",
         "a1" : "comp_11"
      },
      {
         "a2" : "r1_c4",
         "time" : -1,
         "id" : "dep3",
         "a1" : "comp_50"
      },
      {
         "a2" : "comp_8",
         "time" : -1,
         "id" : "dep4",
         "a1" : "comp_5"
      },
      {
         "a2" : "comp_8",
         "time" : -1,
         "id" : "dep5",
         "a1" : "comp_7"
      },
      {
         "a2" : "download_35",
         "time" : -1,
         "id" : "dep6",
         "a1" : "r1_c4"
      },
      {
         "a2" : "download_34",
         "time" : 736.497999634592,
         "id" : "dep7",
         "a1" : "r1_c4"
      },
      {
         "a2" : "download_33",
         "time" : 54.2789995670321,
         "id" : "dep8",
         "a1" : "r1_c4"
      },
      {
         "a2" : "download_32",
         "time" : -1,
         "id" : "dep9",
         "a1" : "r1_c3"
      },
      {
         "a2" : "download_31",
         "time" : 1037.65999991447,
         "id" : "dep10",
         "a1" : "r1_c4"
      },
      {
         "a2" : "download_30",
         "time" : 1024.1679996252,
         "id" : "dep11",
         "a1" : "r1_c4"
      },
      {
         "a2" : "download_29",
         "time" : 51.6739999875431,
         "id" : "dep12",
         "a1" : "r1_c4"
      },
      {
         "a2" : "download_28",
         "time" : 34.364999737591,
         "id" : "dep13",
         "a1" : "r1_c4"
      },
      {
         "a2" : "download_27",
         "time" : 34.633999690414,
         "id" : "dep14",
         "a1" : "r1_c4"
      },
      {
         "a2" : "download_26",
         "time" : 33.8339996524161,
         "id" : "dep15",
         "a1" : "r1_c4"
      },
      {
         "a2" : "download_25",
         "time" : -1,
         "id" : "dep16",
         "a1" : "r1_c3"
      },
      {
         "a2" : "download_24",
         "time" : 267.607000190764,
         "id" : "dep17",
         "a1" : "r1_c3"
      },
      {
         "a2" : "download_23",
         "time" : -1,
         "id" : "dep18",
         "a1" : "r1_c2"
      },
      {
         "a2" : "download_22",
         "time" : 112.672000192106,
         "id" : "dep19",
         "a1" : "r1_c3"
      },
      {
         "a2" : "download_21",
         "time" : 112.172000110149,
         "id" : "dep20",
         "a1" : "r1_c3"
      },
      {
         "a2" : "download_20",
         "time" : 111.721000168472,
         "id" : "dep21",
         "a1" : "r1_c3"
      },
      {
         "a2" : "download_20",
         "time" : 111.721000168472,
         "id" : "dep22",
         "a1" : "r1_c3"
      },
      {
         "a2" : "download_19",
         "time" : 137.994000222534,
         "id" : "dep23",
         "a1" : "r1_c3"
      },
      {
         "a2" : "download_18",
         "time" : 113.160000182688,
         "id" : "dep24",
         "a1" : "r1_c3"
      },
      {
         "a2" : "download_17",
         "time" : 111.199000384658,
         "id" : "dep25",
         "a1" : "r1_c3"
      },
      {
         "a2" : "download_17",
         "time" : 111.199000384658,
         "id" : "dep26",
         "a1" : "r1_c3"
      },
      {
         "a2" : "download_16",
         "time" : 97.237000241875,
         "id" : "dep27",
         "a1" : "r1_c3"
      },
      {
         "a2" : "download_15",
         "time" : 113.661000039428,
         "id" : "dep28",
         "a1" : "r1_c3"
      },
      {
         "a2" : "download_14",
         "time" : 109.348000027239,
         "id" : "dep29",
         "a1" : "r1_c3"
      },
      {
         "a2" : "download_13",
         "time" : 43.051999993622,
         "id" : "dep30",
         "a1" : "r1_c3"
      },
      {
         "a2" : "download_12",
         "time" : 69.481000304222,
         "id" : "dep31",
         "a1" : "r1_c3"
      },
      {
         "a2" : "download_11",
         "time" : 68.811000324786,
         "id" : "dep32",
         "a1" : "r1_c3"
      },
      {
         "a2" : "download_10",
         "time" : 18.964999821037,
         "id" : "dep33",
         "a1" : "r1_c2"
      },
      {
         "a2" : "download_9",
         "time" : 11.462999973446,
         "id" : "dep34",
         "a1" : "r1_c2"
      },
      {
         "a2" : "download_8",
         "time" : 1.61200016736899,
         "id" : "dep35",
         "a1" : "r1_c2"
      },
      {
         "a2" : "download_7",
         "time" : -1,
         "id" : "dep36",
         "a1" : "r1_c1"
      },
      {
         "a2" : "download_6",
         "time" : 6.952999625355,
         "id" : "dep37",
         "a1" : "r1_c1"
      },
      {
         "a2" : "download_5",
         "time" : 5.4049999453127,
         "id" : "dep38",
         "a1" : "r1_c1"
      },
      {
         "a2" : "download_4",
         "time" : 4.653999581933,
         "id" : "dep39",
         "a1" : "r1_c1"
      },
      {
         "a2" : "download_3",
         "time" : 6.37199962511659,
         "id" : "dep40",
         "a1" : "r1_c1"
      },
      {
         "a2" : "download_2",
         "time" : 3.3619999885559,
         "id" : "dep41",
         "a1" : "r1_c1"
      },
      {
         "a2" : "download_1",
         "time" : 4.1519999504089,
         "id" : "dep42",
         "a1" : "r1_c1"
      }
   ]
}
