{
   "n_download_no_trigger" : 1,
   "start_activity" : "download_0",
   "name" : "modified.testbed.localhost_www.youtube.com_",
   "load_activity" : -1,
   "objs" : [
      {
         "when_comp_start" : 1,
         "url" : "http://modified.testbed.localhost/www.youtube.com/",
         "id" : "r1",
         "comps" : [
            {
               "s_time" : 39.0559998340905,
               "time" : 41.3420000113547,
               "id" : "r1_c1",
               "type" : "evalhtml",
               "e_time" : 80.3979998454452
            },
            {
               "s_time" : 87.7729998901486,
               "time" : 260.782000143081,
               "id" : "r1_c2",
               "type" : "evalhtml",
               "e_time" : 348.55500003323
            },
            {
               "s_time" : 692.232000175864,
               "time" : -3375221678.985,
               "id" : "r1_c3",
               "type" : "evalhtml",
               "e_time" : -3375220986.753
            },
            {
               "s_time" : 737.439999822527,
               "time" : 2.2130003198979,
               "type" : "evalhtml",
               "id" : "r1_c4",
               "e_time" : 739.653000142425
            }
         ],
         "download" : {
            "receiveFirst" : 3,
            "len" : 453250,
            "dns" : 0,
            "dnsEnd" : -1,
            "receiveHeadersEnd" : 3,
            "sslEnd" : -1,
            "connectEnd" : 0,
            "connectStart" : 0,
            "id" : "download_0",
            "receivedTime" : "46.8290001153946",
            "sslStart" : -1,
            "dnsStart" : -1,
            "receiveLast" : 43.8290001153946,
            "s_time" : 0,
            "sendEnd" : 0,
            "sendStart" : 0,
            "type" : "text/html"
         }
      },
      {
         "when_comp_start" : -1,
         "url" : "http://modified.testbed.localhost/s.ytimg.com/yts/jsbin/scheduler-vflaG8xOH/scheduler.js",
         "id" : "r6",
         "comps" : [
            {
               "s_time" : 83.6940002627671,
               "time" : 4.07899962738149,
               "type" : 1,
               "id" : "comp_15",
               "e_time" : 87.7729998901486
            }
         ],
         "download" : {
            "receiveFirst" : 5,
            "len" : 3912,
            "dns" : 0,
            "dnsEnd" : -1,
            "receiveHeadersEnd" : 9,
            "sslEnd" : -1,
            "connectEnd" : 4,
            "connectStart" : 0,
            "id" : "download_1",
            "receivedTime" : "83.6280002258718",
            "sslStart" : -1,
            "dnsStart" : -1,
            "receiveLast" : 74.6280002258718,
            "s_time" : 44.6760002523661,
            "sendEnd" : 4,
            "sendStart" : 4,
            "type" : "application/javascript"
         }
      },
      {
         "when_comp_start" : -1,
         "url" : "http://modified.testbed.localhost/s.ytimg.com/yts/cssbin/www-core-vflN62BYD.css",
         "id" : "r7",
         "comps" : [
            {
               "s_time" : 106.482999864966,
               "time" : 81.550000235438,
               "type" : 4,
               "id" : "comp_32",
               "e_time" : 188.033000100404
            }
         ],
         "download" : {
            "receiveFirst" : 4,
            "len" : 230514,
            "dns" : 0,
            "dnsEnd" : -1,
            "receiveHeadersEnd" : 8,
            "sslEnd" : -1,
            "connectEnd" : 4,
            "connectStart" : 0,
            "id" : "download_2",
            "receivedTime" : "106.379000004381",
            "sslStart" : -1,
            "dnsStart" : -1,
            "receiveLast" : 98.3790000043809,
            "s_time" : 44.9180002324283,
            "sendEnd" : 4,
            "sendStart" : 4,
            "type" : "text/css"
         }
      },
      {
         "when_comp_start" : -1,
         "url" : "http://modified.testbed.localhost/s.ytimg.com/yts/cssbin/www-home-c4-vfl5nHZxx.css",
         "id" : "r8",
         "comps" : [
            {
               "s_time" : 96.6810001991689,
               "time" : 7.53200007602609,
               "type" : 4,
               "id" : "comp_30",
               "e_time" : 104.213000275195
            }
         ],
         "download" : {
            "receiveFirst" : 4,
            "len" : 129899,
            "dns" : 0,
            "dnsEnd" : -1,
            "receiveHeadersEnd" : 8,
            "sslEnd" : -1,
            "connectEnd" : 4,
            "connectStart" : 0,
            "id" : "download_3",
            "receivedTime" : "96.5980002656579",
            "sslStart" : -1,
            "dnsStart" : -1,
            "receiveLast" : 88.5980002656579,
            "s_time" : 45.3610001131892,
            "sendEnd" : 4,
            "sendStart" : 4,
            "type" : "text/css"
         }
      },
      {
         "when_comp_start" : -1,
         "url" : "http://modified.testbed.localhost/s.ytimg.com/yts/cssbin/www-pageframe-vflg3TncD.css",
         "id" : "r9",
         "comps" : [
            {
               "s_time" : 92.7189998328686,
               "time" : 3.5200002603233,
               "type" : 4,
               "id" : "comp_18",
               "e_time" : 96.2390000931919
            }
         ],
         "download" : {
            "receiveFirst" : 5,
            "len" : 51075,
            "dns" : 0,
            "dnsEnd" : -1,
            "receiveHeadersEnd" : 9,
            "sslEnd" : -1,
            "connectEnd" : 4,
            "connectStart" : 0,
            "id" : "download_4",
            "receivedTime" : "92.6530002616346",
            "sslStart" : -1,
            "dnsStart" : -1,
            "receiveLast" : 83.6530002616346,
            "s_time" : 45.5740001052618,
            "sendEnd" : 4,
            "sendStart" : 4,
            "type" : "text/css"
         }
      },
      {
         "when_comp_start" : -1,
         "url" : "http://modified.testbed.localhost/s.ytimg.com/yts/cssbin/www-guide-vflmYVKfq.css",
         "id" : "r10",
         "comps" : [
            {
               "s_time" : 91.2509998306632,
               "time" : 1.2560002505779,
               "type" : 4,
               "id" : "comp_17",
               "e_time" : 92.5070000812411
            }
         ],
         "download" : {
            "receiveFirst" : 7,
            "len" : 16923,
            "dns" : 0,
            "dnsEnd" : -1,
            "receiveHeadersEnd" : 10,
            "sslEnd" : -1,
            "connectEnd" : 3,
            "connectStart" : 0,
            "id" : "download_5",
            "receivedTime" : "91.1460001952946",
            "sslStart" : -1,
            "dnsStart" : -1,
            "receiveLast" : 81.1460001952946,
            "s_time" : 45.7819998264313,
            "sendEnd" : 3,
            "sendStart" : 3,
            "type" : "text/css"
         }
      },
      {
         "when_comp_start" : -1,
         "url" : "http://modified.testbed.localhost/s.ytimg.com/yts/img/pixel-vfl3z5WfW.gif",
         "id" : "r11",
         "comps" : [],
         "download" : {
            "receiveFirst" : 8,
            "len" : 43,
            "dns" : 0,
            "dnsEnd" : -1,
            "receiveHeadersEnd" : 12,
            "sslEnd" : -1,
            "connectEnd" : 4,
            "connectStart" : 0,
            "id" : "download_6",
            "receivedTime" : "82.0809998549521",
            "sslStart" : -1,
            "dnsStart" : -1,
            "receiveLast" : 70.0809998549521,
            "s_time" : 46.165999956429,
            "sendEnd" : 4,
            "sendStart" : 4,
            "type" : "image/gif"
         }
      },
      {
         "when_comp_start" : -1,
         "url" : "http://modified.testbed.localhost/i.ytimg.com/vi/6uzBHhPEWpE/hqdefault.jpg",
         "id" : "r12",
         "comps" : [],
         "download" : {
            "receiveFirst" : 4,
            "len" : 22369,
            "dns" : 0,
            "dnsEnd" : -1,
            "receiveHeadersEnd" : 6,
            "sslEnd" : -1,
            "connectEnd" : 2,
            "connectStart" : 0,
            "id" : "download_7",
            "receivedTime" : "106.215000152588",
            "sslStart" : -1,
            "dnsStart" : -1,
            "receiveLast" : 100.215000152588,
            "s_time" : 80.3979998454452,
            "sendEnd" : 2,
            "sendStart" : 2,
            "type" : "image/jpeg"
         }
      },
      {
         "when_comp_start" : -1,
         "url" : "http://modified.testbed.localhost/i.ytimg.com/vi/_8f4ir8cCZ8/hqdefault.jpg%3Fcustom=true&w=196&h=110&stc=true&jpg444=true&jpgq=90&sp=68&sigh=IRJ_E8lFWbG0xE5Gt_MtBx9vK08",
         "id" : "r13",
         "comps" : [],
         "download" : {
            "receiveFirst" : 4,
            "len" : 12991,
            "dns" : 0,
            "dnsEnd" : -1,
            "receiveHeadersEnd" : 13,
            "sslEnd" : -1,
            "connectEnd" : 9,
            "connectStart" : 0,
            "id" : "download_8",
            "receivedTime" : "191.467999946326",
            "sslStart" : -1,
            "dnsStart" : -1,
            "receiveLast" : 178.467999946326,
            "s_time" : 89.0370002016425,
            "sendEnd" : 9,
            "sendStart" : 9,
            "type" : "image/jpeg"
         }
      },
      {
         "when_comp_start" : -1,
         "url" : "http://modified.testbed.localhost/i.ytimg.com/vi/9tU-D-m2JY8/hqdefault.jpg%3Fcustom=true&w=196&h=110&stc=true&jpg444=true&jpgq=90&sp=68&sigh=pX7Urju4aEOQYGwJdAQLIklO_B0",
         "id" : "r14",
         "comps" : [],
         "download" : {
            "receiveFirst" : 5,
            "len" : 10537,
            "dns" : 0,
            "dnsEnd" : -1,
            "receiveHeadersEnd" : 14,
            "sslEnd" : -1,
            "connectEnd" : 9,
            "connectStart" : 0,
            "id" : "download_9",
            "receivedTime" : "191.674999892712",
            "sslStart" : -1,
            "dnsStart" : -1,
            "receiveLast" : 177.674999892712,
            "s_time" : 89.4309999421239,
            "sendEnd" : 9,
            "sendStart" : 9,
            "type" : "image/jpeg"
         }
      },
      {
         "when_comp_start" : -1,
         "url" : "http://modified.testbed.localhost/i.ytimg.com/vi/QlSAiI3xMh4/hqdefault.jpg%3Fcustom=true&w=196&h=110&stc=true&jpg444=true&jpgq=90&sp=68&sigh=uaR4g5xOTAytuEbZJr1Ix92qD2Y",
         "id" : "r15",
         "comps" : [],
         "download" : {
            "receiveFirst" : 5,
            "len" : 10550,
            "dns" : 0,
            "dnsEnd" : -1,
            "receiveHeadersEnd" : 14,
            "sslEnd" : -1,
            "connectEnd" : 9,
            "connectStart" : 0,
            "id" : "download_10",
            "receivedTime" : "302.612999919802",
            "sslStart" : -1,
            "dnsStart" : -1,
            "receiveLast" : 288.612999919802,
            "s_time" : 89.701000135392,
            "sendEnd" : 9,
            "sendStart" : 9,
            "type" : "image/jpeg"
         }
      },
      {
         "when_comp_start" : -1,
         "url" : "http://modified.testbed.localhost/yt3.ggpht.com/0v8T0CTAv8VPxA5lJtz-tqJe-tR-3VQc0ONhD6Az2RWjNRnwh5QQzPYz5I7wbYljU_tQjZ2ok2W59_v_=s88-nd-c-c0xffffffff-rj-k-no",
         "id" : "r16",
         "comps" : [],
         "download" : {
            "receiveFirst" : 9,
            "len" : 1901,
            "dns" : 0,
            "dnsEnd" : -1,
            "receiveHeadersEnd" : 18,
            "sslEnd" : -1,
            "connectEnd" : 9,
            "connectStart" : 0,
            "id" : "download_11",
            "receivedTime" : "303.069000132382",
            "sslStart" : -1,
            "dnsStart" : -1,
            "receiveLast" : 285.069000132382,
            "s_time" : 89.9749998934567,
            "sendEnd" : 9,
            "sendStart" : 9,
            "type" : "image/jpeg"
         }
      },
      {
         "when_comp_start" : -1,
         "url" : "http://modified.testbed.localhost/i.ytimg.com/vi/K_9tX4eHztY/hqdefault.jpg%3Fcustom=true&w=196&h=110&stc=true&jpg444=true&jpgq=90&sp=68&sigh=UolP2MN5QKY11n8AEc51iCQzkG0",
         "id" : "r17",
         "comps" : [],
         "download" : {
            "receiveFirst" : 9,
            "len" : 3836,
            "dns" : 0,
            "dnsEnd" : -1,
            "receiveHeadersEnd" : 18,
            "sslEnd" : -1,
            "connectEnd" : 9,
            "connectStart" : 0,
            "id" : "download_12",
            "receivedTime" : "304.275000002235",
            "sslStart" : -1,
            "dnsStart" : -1,
            "receiveLast" : 286.275000002235,
            "s_time" : 90.1859998703003,
            "sendEnd" : 9,
            "sendStart" : 9,
            "type" : "image/jpeg"
         }
      },
      {
         "when_comp_start" : -1,
         "url" : "http://modified.testbed.localhost/i.ytimg.com/vi/5GL9JoH4Sws/hqdefault.jpg%3Fcustom=true&w=196&h=110&stc=true&jpg444=true&jpgq=90&sp=68&sigh=xqm197-LvSoTSYJ0LOLT1CE-O1Q",
         "id" : "r18",
         "comps" : [],
         "download" : {
            "receiveFirst" : 9,
            "len" : 12314,
            "dns" : 0,
            "dnsEnd" : -1,
            "receiveHeadersEnd" : 18,
            "sslEnd" : -1,
            "connectEnd" : 9,
            "connectStart" : 0,
            "id" : "download_13",
            "receivedTime" : "304.541000165045",
            "sslStart" : -1,
            "dnsStart" : -1,
            "receiveLast" : 286.541000165045,
            "s_time" : 90.3799999505281,
            "sendEnd" : 9,
            "sendStart" : 9,
            "type" : "image/jpeg"
         }
      },
      {
         "when_comp_start" : -1,
         "url" : "http://modified.testbed.localhost/i.ytimg.com/vi/foE1mO2yM04/hqdefault.jpg%3Fcustom=true&w=196&h=110&stc=true&jpg444=true&jpgq=90&sp=68&sigh=E2NLlNsNPITu6KlCPVG5XuHeUz4",
         "id" : "r19",
         "comps" : [],
         "download" : {
            "receiveFirst" : 6,
            "len" : 7940,
            "dns" : 0,
            "dnsEnd" : -1,
            "receiveHeadersEnd" : 18,
            "sslEnd" : -1,
            "connectEnd" : 12,
            "connectStart" : 0,
            "id" : "download_14",
            "receivedTime" : "304.771000053734",
            "sslStart" : -1,
            "dnsStart" : -1,
            "receiveLast" : 286.771000053734,
            "s_time" : 90.6690000556409,
            "sendEnd" : 12,
            "sendStart" : 12,
            "type" : "image/jpeg"
         }
      },
      {
         "when_comp_start" : -1,
         "url" : "http://modified.testbed.localhost/i.ytimg.com/vi/YXSpXO4N-tI/hqdefault.jpg%3Fcustom=true&w=196&h=110&stc=true&jpg444=true&jpgq=90&sp=68&sigh=Mgp-yP3-X67_Buddcpa-CuOo9vw",
         "id" : "r20",
         "comps" : [],
         "download" : {
            "receiveFirst" : 4,
            "len" : 9614,
            "dns" : 0,
            "dnsEnd" : -1,
            "receiveHeadersEnd" : 20,
            "sslEnd" : -1,
            "connectEnd" : 16,
            "connectStart" : 0,
            "id" : "download_15",
            "receivedTime" : "305.323000065982",
            "sslStart" : -1,
            "dnsStart" : -1,
            "receiveLast" : 285.323000065982,
            "s_time" : 90.8840000629425,
            "sendEnd" : 16,
            "sendStart" : 16,
            "type" : "image/jpeg"
         }
      },
      {
         "when_comp_start" : -1,
         "url" : "http://modified.testbed.localhost/i.ytimg.com/vi/C_3d6GntKbk/hqdefault.jpg%3Fcustom=true&w=196&h=110&stc=true&jpg444=true&jpgq=90&sp=68&sigh=Xzdwkulz0phj7n26STCVsm4KTm4",
         "id" : "r21",
         "comps" : [],
         "download" : {
            "receiveFirst" : 5,
            "len" : 7737,
            "dns" : 0,
            "dnsEnd" : -1,
            "receiveHeadersEnd" : 22,
            "sslEnd" : -1,
            "connectEnd" : 17,
            "connectStart" : 0,
            "id" : "download_16",
            "receivedTime" : "305.823000147939",
            "sslStart" : -1,
            "dnsStart" : -1,
            "receiveLast" : 283.823000147939,
            "s_time" : 91.1159999668598,
            "sendEnd" : 17,
            "sendStart" : 17,
            "type" : "image/jpeg"
         }
      },
      {
         "when_comp_start" : -1,
         "url" : "http://modified.testbed.localhost/i.ytimg.com/vi/YQHsXMglC9A/hqdefault.jpg%3Fcustom=true&w=196&h=110&stc=true&jpg444=true&jpgq=90&sp=68&sigh=6HaIXywQKQrYOZlAeFVW9oI_0Os",
         "id" : "r22",
         "comps" : [],
         "download" : {
            "receiveFirst" : 4,
            "len" : 5551,
            "dns" : 0,
            "dnsEnd" : -1,
            "receiveHeadersEnd" : 17,
            "sslEnd" : -1,
            "connectEnd" : 13,
            "connectStart" : 0,
            "id" : "download_17",
            "receivedTime" : "306.288000196218",
            "sslStart" : -1,
            "dnsStart" : -1,
            "receiveLast" : 289.288000196218,
            "s_time" : 97.6780001074076,
            "sendEnd" : 13,
            "sendStart" : 13,
            "type" : "image/jpeg"
         }
      },
      {
         "when_comp_start" : -1,
         "url" : "http://modified.testbed.localhost/i.ytimg.com/vi/gE1Gbwn-LU0/hqdefault.jpg%3Fcustom=true&w=196&h=110&stc=true&jpg444=true&jpgq=90&sp=68&sigh=WFelv-cu2Kfs7vA9AI-Qq01uF2Y",
         "id" : "r23",
         "comps" : [],
         "download" : {
            "receiveFirst" : 4,
            "len" : 4823,
            "dns" : 0,
            "dnsEnd" : -1,
            "receiveHeadersEnd" : 12,
            "sslEnd" : -1,
            "connectEnd" : 8,
            "connectStart" : 0,
            "id" : "download_18",
            "receivedTime" : "307.074999902397",
            "sslStart" : -1,
            "dnsStart" : -1,
            "receiveLast" : 295.074999902397,
            "s_time" : 103.587000165135,
            "sendEnd" : 8,
            "sendStart" : 8,
            "type" : "image/jpeg"
         }
      },
      {
         "when_comp_start" : -1,
         "url" : "http://modified.testbed.localhost/i.ytimg.com/vi/kcwZFMbTP3s/hqdefault.jpg%3Fcustom=true&w=196&h=110&stc=true&jpg444=true&jpgq=90&sp=68&sigh=751Vm9VJi4xJM2xeDY-g1xbz3Ww",
         "id" : "r24",
         "comps" : [],
         "download" : {
            "receiveFirst" : 5,
            "len" : 4572,
            "dns" : 0,
            "dnsEnd" : -1,
            "receiveHeadersEnd" : 12,
            "sslEnd" : -1,
            "connectEnd" : 7,
            "connectStart" : 0,
            "id" : "download_19",
            "receivedTime" : "307.246000040323",
            "sslStart" : -1,
            "dnsStart" : -1,
            "receiveLast" : 295.246000040323,
            "s_time" : 104.561999905854,
            "sendEnd" : 7,
            "sendStart" : 7,
            "type" : "image/jpeg"
         }
      },
      {
         "when_comp_start" : -1,
         "url" : "http://modified.testbed.localhost/i.ytimg.com/vi/AMTAQ-AJS4Y/hqdefault.jpg%3Fcustom=true&w=196&h=110&stc=true&jpg444=true&jpgq=90&sp=68&sigh=52rwV6l1mFfkBdxKyS0abtjniGg",
         "id" : "r26",
         "comps" : [],
         "download" : {
            "receiveFirst" : 5,
            "len" : 11393,
            "dns" : 0,
            "dnsEnd" : -1,
            "receiveHeadersEnd" : 8,
            "sslEnd" : -1,
            "connectEnd" : 3,
            "connectStart" : 0,
            "id" : "download_20",
            "receivedTime" : "307.730000000447",
            "sslStart" : -1,
            "dnsStart" : -1,
            "receiveLast" : 299.730000000447,
            "s_time" : 109.579999931157,
            "sendEnd" : 3,
            "sendStart" : 3,
            "type" : "image/jpeg"
         }
      },
      {
         "when_comp_start" : -1,
         "url" : "http://modified.testbed.localhost/i.ytimg.com/vi/vC2owoWdIUs/hqdefault.jpg%3Fcustom=true&w=196&h=110&stc=true&jpg444=true&jpgq=90&sp=68&sigh=ZEHO3WvG_jbrIWFxfOJ8kGo0nmo",
         "id" : "r27",
         "comps" : [],
         "download" : {
            "receiveFirst" : 5,
            "len" : 4646,
            "dns" : 0,
            "dnsEnd" : -1,
            "receiveHeadersEnd" : 9,
            "sslEnd" : -1,
            "connectEnd" : 4,
            "connectStart" : 0,
            "id" : "download_21",
            "receivedTime" : "308.503999840468",
            "sslStart" : -1,
            "dnsStart" : -1,
            "receiveLast" : 299.503999840468,
            "s_time" : 109.714000020176,
            "sendEnd" : 4,
            "sendStart" : 4,
            "type" : "image/jpeg"
         }
      },
      {
         "when_comp_start" : -1,
         "url" : "http://modified.testbed.localhost/i.ytimg.com/vi/a56vc6auhU8/hqdefault.jpg%3Fcustom=true&w=196&h=110&stc=true&jpg444=true&jpgq=90&sp=68&sigh=-3gtllE4Ez82OBAjFMiW2YjQ9CI",
         "id" : "r25",
         "comps" : [],
         "download" : {
            "receiveFirst" : 8,
            "len" : 9959,
            "dns" : 0,
            "dnsEnd" : -1,
            "receiveHeadersEnd" : 11,
            "sslEnd" : -1,
            "connectEnd" : 3,
            "connectStart" : 0,
            "id" : "download_22",
            "receivedTime" : "308.666000142694",
            "sslStart" : -1,
            "dnsStart" : -1,
            "receiveLast" : 297.666000142694,
            "s_time" : 108.212999999523,
            "sendEnd" : 3,
            "sendStart" : 3,
            "type" : "image/jpeg"
         }
      },
      {
         "when_comp_start" : -1,
         "url" : "http://modified.testbed.localhost/i.ytimg.com/vi/wyK7YuwUWsU/hqdefault.jpg%3Fcustom=true&w=196&h=110&stc=true&jpg444=true&jpgq=90&sp=68&sigh=T8PhB5PQeB1VwaHyL6BQNcQVcUA",
         "id" : "r28",
         "comps" : [],
         "download" : {
            "receiveFirst" : 5,
            "len" : 8914,
            "dns" : 0,
            "dnsEnd" : -1,
            "receiveHeadersEnd" : 10,
            "sslEnd" : -1,
            "connectEnd" : 5,
            "connectStart" : 0,
            "id" : "download_23",
            "receivedTime" : "309.138000011444",
            "sslStart" : -1,
            "dnsStart" : -1,
            "receiveLast" : 299.138000011444,
            "s_time" : 110.098000150174,
            "sendEnd" : 5,
            "sendStart" : 5,
            "type" : "image/jpeg"
         }
      },
      {
         "when_comp_start" : -1,
         "url" : "http://modified.testbed.localhost/yt3.ggpht.com/-fl-1HlAzrrI/AAAAAAAAAAI/AAAAAAAAAAA/pYLiLlQWlTE/s88-c-k-no-rj-c0xffffff/photo.jpg",
         "id" : "r29",
         "comps" : [],
         "download" : {
            "receiveFirst" : 4,
            "len" : 3942,
            "dns" : 0,
            "dnsEnd" : -1,
            "receiveHeadersEnd" : 11,
            "sslEnd" : -1,
            "connectEnd" : 7,
            "connectStart" : 0,
            "id" : "download_24",
            "receivedTime" : "309.965000022203",
            "sslStart" : -1,
            "dnsStart" : -1,
            "receiveLast" : 298.965000022203,
            "s_time" : 110.642000101507,
            "sendEnd" : 7,
            "sendStart" : 7,
            "type" : "image/jpeg"
         }
      },
      {
         "when_comp_start" : -1,
         "url" : "http://modified.testbed.localhost/i.ytimg.com/vi/1Za8BtLgKv8/hqdefault.jpg%3Fcustom=true&w=196&h=110&stc=true&jpg444=true&jpgq=90&sp=68&sigh=xNTSu7Qfs4VIoU2X_twkkLesMXU",
         "id" : "r30",
         "comps" : [],
         "download" : {
            "receiveFirst" : 5,
            "len" : 12133,
            "dns" : 0,
            "dnsEnd" : -1,
            "receiveHeadersEnd" : 10,
            "sslEnd" : -1,
            "connectEnd" : 5,
            "connectStart" : 0,
            "id" : "download_25",
            "receivedTime" : "310.149000026286",
            "sslStart" : -1,
            "dnsStart" : -1,
            "receiveLast" : 300.149000026286,
            "s_time" : 112.085999920964,
            "sendEnd" : 5,
            "sendStart" : 5,
            "type" : "image/jpeg"
         }
      },
      {
         "when_comp_start" : -1,
         "url" : "http://modified.testbed.localhost/i.ytimg.com/vi/lJh06MuQWxE/hqdefault.jpg%3Fcustom=true&w=196&h=110&stc=true&jpg444=true&jpgq=90&sp=68&sigh=i_z152tByFiWxaEOLquAZ1D7PRQ",
         "id" : "r31",
         "comps" : [],
         "download" : {
            "receiveFirst" : 5,
            "len" : 10235,
            "dns" : 0,
            "dnsEnd" : -1,
            "receiveHeadersEnd" : 10,
            "sslEnd" : -1,
            "connectEnd" : 5,
            "connectStart" : 0,
            "id" : "download_26",
            "receivedTime" : "310.711000114679",
            "sslStart" : -1,
            "dnsStart" : -1,
            "receiveLast" : 300.711000114679,
            "s_time" : 114.477000199258,
            "sendEnd" : 5,
            "sendStart" : 5,
            "type" : "image/jpeg"
         }
      },
      {
         "when_comp_start" : -1,
         "url" : "http://modified.testbed.localhost/i.ytimg.com/vi/bt90VCye6Vk/hqdefault.jpg%3Fcustom=true&w=196&h=110&stc=true&jpg444=true&jpgq=90&sp=68&sigh=Pz9K031q0a-AFzKnccLLF9kp1c0",
         "id" : "r32",
         "comps" : [],
         "download" : {
            "receiveFirst" : 5,
            "len" : 12584,
            "dns" : 0,
            "dnsEnd" : -1,
            "receiveHeadersEnd" : 10,
            "sslEnd" : -1,
            "connectEnd" : 5,
            "connectStart" : 0,
            "id" : "download_27",
            "receivedTime" : "311.193999834359",
            "sslStart" : -1,
            "dnsStart" : -1,
            "receiveLast" : 301.193999834359,
            "s_time" : 115.823000203818,
            "sendEnd" : 5,
            "sendStart" : 5,
            "type" : "image/jpeg"
         }
      },
      {
         "when_comp_start" : -1,
         "url" : "http://modified.testbed.localhost/i.ytimg.com/vi/jrp-tNpKfGY/hqdefault.jpg%3Fcustom=true&w=196&h=110&stc=true&jpg444=true&jpgq=90&sp=68&sigh=AJeDy-WkxhyKhVrNIrERqis096E",
         "id" : "r33",
         "comps" : [],
         "download" : {
            "receiveFirst" : 6,
            "len" : 11544,
            "dns" : 0,
            "dnsEnd" : -1,
            "receiveHeadersEnd" : 10,
            "sslEnd" : -1,
            "connectEnd" : 4,
            "connectStart" : 0,
            "id" : "download_28",
            "receivedTime" : "311.67500000447",
            "sslStart" : -1,
            "dnsStart" : -1,
            "receiveLast" : 301.67500000447,
            "s_time" : 117.184000089765,
            "sendEnd" : 4,
            "sendStart" : 4,
            "type" : "image/jpeg"
         }
      },
      {
         "when_comp_start" : -1,
         "url" : "http://modified.testbed.localhost/i.ytimg.com/vi/K46Ez-Igc9E/hqdefault.jpg%3Fcustom=true&w=196&h=110&stc=true&jpg444=true&jpgq=90&sp=68&sigh=oLdpVWm8j_lJDysX4V8_yEqYiZI",
         "id" : "r34",
         "comps" : [],
         "download" : {
            "receiveFirst" : 6,
            "len" : 16208,
            "dns" : 0,
            "dnsEnd" : -1,
            "receiveHeadersEnd" : 11,
            "sslEnd" : -1,
            "connectEnd" : 5,
            "connectStart" : 0,
            "id" : "download_29",
            "receivedTime" : "312.239000108093",
            "sslStart" : -1,
            "dnsStart" : -1,
            "receiveLast" : 301.239000108093,
            "s_time" : 117.570000234991,
            "sendEnd" : 5,
            "sendStart" : 5,
            "type" : "image/jpeg"
         }
      },
      {
         "when_comp_start" : -1,
         "url" : "http://modified.testbed.localhost/i.ytimg.com/vi/TPXWtozVNzM/hqdefault.jpg%3Fcustom=true&w=196&h=110&stc=true&jpg444=true&jpgq=90&sp=68&sigh=F3WfYEmw49bYholTd04dr1jxHn0",
         "id" : "r35",
         "comps" : [],
         "download" : {
            "receiveFirst" : 6,
            "len" : 12565,
            "dns" : 0,
            "dnsEnd" : -1,
            "receiveHeadersEnd" : 11,
            "sslEnd" : -1,
            "connectEnd" : 5,
            "connectStart" : 0,
            "id" : "download_30",
            "receivedTime" : "312.876000069082",
            "sslStart" : -1,
            "dnsStart" : -1,
            "receiveLast" : 301.876000069082,
            "s_time" : 118.970999959856,
            "sendEnd" : 5,
            "sendStart" : 5,
            "type" : "image/jpeg"
         }
      },
      {
         "when_comp_start" : -1,
         "url" : "http://modified.testbed.localhost/yt3.ggpht.com/-bD_mh9YK7Ws/AAAAAAAAAAI/AAAAAAAAAAA/Ncg8tJYlLZ0/s88-c-k-no-rj-c0xffffff/photo.jpg",
         "id" : "r36",
         "comps" : [],
         "download" : {
            "receiveFirst" : 6,
            "len" : 2797,
            "dns" : 0,
            "dnsEnd" : -1,
            "receiveHeadersEnd" : 11,
            "sslEnd" : -1,
            "connectEnd" : 4,
            "connectStart" : 0,
            "id" : "download_31",
            "receivedTime" : "313.289000187069",
            "sslStart" : -1,
            "dnsStart" : -1,
            "receiveLast" : 302.289000187069,
            "s_time" : 120.217000134289,
            "sendEnd" : 5,
            "sendStart" : 4,
            "type" : "image/jpeg"
         }
      },
      {
         "when_comp_start" : -1,
         "url" : "http://modified.testbed.localhost/i.ytimg.com/vi/1w8Z0UOXVaY/hqdefault.jpg%3Fcustom=true&w=196&h=110&stc=true&jpg444=true&jpgq=90&sp=68&sigh=HiNq_VrkICYhwglcYWQu0QkaYkw",
         "id" : "r37",
         "comps" : [],
         "download" : {
            "receiveFirst" : 6,
            "len" : 12476,
            "dns" : 0,
            "dnsEnd" : -1,
            "receiveHeadersEnd" : 12,
            "sslEnd" : -1,
            "connectEnd" : 6,
            "connectStart" : 0,
            "id" : "download_32",
            "receivedTime" : "313.810000196099",
            "sslStart" : -1,
            "dnsStart" : -1,
            "receiveLast" : 301.810000196099,
            "s_time" : 120.725000277162,
            "sendEnd" : 6,
            "sendStart" : 6,
            "type" : "image/jpeg"
         }
      },
      {
         "when_comp_start" : -1,
         "url" : "http://modified.testbed.localhost/i.ytimg.com/vi/ROBTDSK46aU/hqdefault.jpg%3Fcustom=true&w=196&h=110&stc=true&jpg444=true&jpgq=90&sp=68&sigh=LFULMtC1KUvEEfNzFT_s_HCx794",
         "id" : "r38",
         "comps" : [],
         "download" : {
            "receiveFirst" : 6,
            "len" : 14295,
            "dns" : 0,
            "dnsEnd" : -1,
            "receiveHeadersEnd" : 12,
            "sslEnd" : -1,
            "connectEnd" : 6,
            "connectStart" : 0,
            "id" : "download_33",
            "receivedTime" : "314.310000278056",
            "sslStart" : -1,
            "dnsStart" : -1,
            "receiveLast" : 302.310000278056,
            "s_time" : 122.078000102192,
            "sendEnd" : 6,
            "sendStart" : 6,
            "type" : "image/jpeg"
         }
      },
      {
         "when_comp_start" : -1,
         "url" : "http://modified.testbed.localhost/i.ytimg.com/vi/v75wCTMZoSY/hqdefault.jpg%3Fcustom=true&w=196&h=110&stc=true&jpg444=true&jpgq=90&sp=68&sigh=kmeOUuI3u3lfigeGc8j44C2yTfA",
         "id" : "r39",
         "comps" : [],
         "download" : {
            "receiveFirst" : 6,
            "len" : 11408,
            "dns" : 0,
            "dnsEnd" : -1,
            "receiveHeadersEnd" : 13,
            "sslEnd" : -1,
            "connectEnd" : 6,
            "connectStart" : 0,
            "id" : "download_34",
            "receivedTime" : "315.115999896079",
            "sslStart" : -1,
            "dnsStart" : -1,
            "receiveLast" : 302.115999896079,
            "s_time" : 123.488999903202,
            "sendEnd" : 7,
            "sendStart" : 6,
            "type" : "image/jpeg"
         }
      },
      {
         "when_comp_start" : -1,
         "url" : "http://modified.testbed.localhost/i.ytimg.com/vi/W-kGosnzvjU/hqdefault.jpg%3Fcustom=true&w=196&h=110&stc=true&jpg444=true&jpgq=90&sp=68&sigh=N_yGobLgwuAB2Se6Ou4SeC_6kZU",
         "id" : "r40",
         "comps" : [],
         "download" : {
            "receiveFirst" : 4,
            "len" : 12357,
            "dns" : 0,
            "dnsEnd" : -1,
            "receiveHeadersEnd" : 12,
            "sslEnd" : -1,
            "connectEnd" : 8,
            "connectStart" : 0,
            "id" : "download_35",
            "receivedTime" : "315.33299991861",
            "sslStart" : -1,
            "dnsStart" : -1,
            "receiveLast" : 303.33299991861,
            "s_time" : 124.170999974012,
            "sendEnd" : 8,
            "sendStart" : 8,
            "type" : "image/jpeg"
         }
      },
      {
         "when_comp_start" : -1,
         "url" : "http://modified.testbed.localhost/i.ytimg.com/vi/UkiI2vM2lfA/hqdefault.jpg%3Fcustom=true&w=196&h=110&stc=true&jpg444=true&jpgq=90&sp=68&sigh=bi8e7MAtwPVCDDjMZwLYAt42Kh8",
         "id" : "r41",
         "comps" : [],
         "download" : {
            "receiveFirst" : 6,
            "len" : 13156,
            "dns" : 0,
            "dnsEnd" : -1,
            "receiveHeadersEnd" : 14,
            "sslEnd" : -1,
            "connectEnd" : 8,
            "connectStart" : 0,
            "id" : "download_36",
            "receivedTime" : "316.267000045627",
            "sslStart" : -1,
            "dnsStart" : -1,
            "receiveLast" : 302.267000045627,
            "s_time" : 125.891000032425,
            "sendEnd" : 8,
            "sendStart" : 8,
            "type" : "image/jpeg"
         }
      },
      {
         "when_comp_start" : -1,
         "url" : "http://modified.testbed.localhost/i.ytimg.com/vi/RySHDUU2juM/hqdefault.jpg%3Fcustom=true&w=196&h=110&stc=true&jpg444=true&jpgq=90&sp=68&sigh=cHQ6Hyjrsedk655HO3HwJtBeo5Q",
         "id" : "r42",
         "comps" : [],
         "download" : {
            "receiveFirst" : 6,
            "len" : 12586,
            "dns" : 0,
            "dnsEnd" : -1,
            "receiveHeadersEnd" : 13,
            "sslEnd" : -1,
            "connectEnd" : 7,
            "connectStart" : 0,
            "id" : "download_37",
            "receivedTime" : "316.589000169188",
            "sslStart" : -1,
            "dnsStart" : -1,
            "receiveLast" : 303.589000169188,
            "s_time" : 127.828000113368,
            "sendEnd" : 7,
            "sendStart" : 7,
            "type" : "image/jpeg"
         }
      },
      {
         "when_comp_start" : -1,
         "url" : "http://modified.testbed.localhost/s.ytimg.com/yts/imgbin/www-hitchhiker-vflvB63an.png",
         "id" : "r51",
         "comps" : [],
         "download" : {
            "receiveFirst" : 6,
            "len" : 28391,
            "dns" : 0,
            "dnsEnd" : -1,
            "receiveHeadersEnd" : 9,
            "sslEnd" : -1,
            "connectEnd" : 3,
            "connectStart" : 0,
            "id" : "download_38",
            "receivedTime" : "317.431999836117",
            "sslStart" : -1,
            "dnsStart" : -1,
            "receiveLast" : 308.431999836117,
            "s_time" : 133.18599993363,
            "sendEnd" : 3,
            "sendStart" : 3,
            "type" : "image/png"
         }
      },
      {
         "when_comp_start" : -1,
         "url" : "http://modified.testbed.localhost/yt3.ggpht.com/1iSJqBRmL9FGwCqisL_l8xWGV82F5z4j9oqbcGD1qQmmWXTlNtsiWBlSuIaBx7w4pzAtvLZhzMBjf4m0ew=s88-nd-c-c0xffffffff-rj-k-no",
         "id" : "r43",
         "comps" : [],
         "download" : {
            "receiveFirst" : 6,
            "len" : 2778,
            "dns" : 0,
            "dnsEnd" : -1,
            "receiveHeadersEnd" : 14,
            "sslEnd" : -1,
            "connectEnd" : 8,
            "connectStart" : 0,
            "id" : "download_39",
            "receivedTime" : "318.665000144392",
            "sslStart" : -1,
            "dnsStart" : -1,
            "receiveLast" : 304.665000144392,
            "s_time" : 129.089000169188,
            "sendEnd" : 8,
            "sendStart" : 8,
            "type" : "image/jpeg"
         }
      },
      {
         "when_comp_start" : -1,
         "url" : "http://modified.testbed.localhost/i.ytimg.com/vi/ophfRYpthW8/hqdefault.jpg%3Fcustom=true&w=196&h=110&stc=true&jpg444=true&jpgq=90&sp=68&sigh=By7rnV4VixNvtbuCFhVwlpcPFOI",
         "id" : "r44",
         "comps" : [],
         "download" : {
            "receiveFirst" : 4,
            "len" : 14179,
            "dns" : 0,
            "dnsEnd" : -1,
            "receiveHeadersEnd" : 13,
            "sslEnd" : -1,
            "connectEnd" : 9,
            "connectStart" : 0,
            "id" : "download_40",
            "receivedTime" : "318.837000057101",
            "sslStart" : -1,
            "dnsStart" : -1,
            "receiveLast" : 305.837000057101,
            "s_time" : 130.743999965489,
            "sendEnd" : 9,
            "sendStart" : 9,
            "type" : "image/jpeg"
         }
      },
      {
         "when_comp_start" : -1,
         "url" : "http://modified.testbed.localhost/i.ytimg.com/vi/jrzkqa2N-Ig/hqdefault.jpg%3Fcustom=true&w=196&h=110&stc=true&jpg444=true&jpgq=90&sp=68&sigh=yOAsGDxQ2b_XVv269e4xXy8ztj0",
         "id" : "r46",
         "comps" : [],
         "download" : {
            "receiveFirst" : 4,
            "len" : 11520,
            "dns" : 0,
            "dnsEnd" : -1,
            "receiveHeadersEnd" : 11,
            "sslEnd" : -1,
            "connectEnd" : 7,
            "connectStart" : 0,
            "id" : "download_41",
            "receivedTime" : "319.36000008136",
            "sslStart" : -1,
            "dnsStart" : -1,
            "receiveLast" : 308.36000008136,
            "s_time" : 135.331000201404,
            "sendEnd" : 7,
            "sendStart" : 7,
            "type" : "image/jpeg"
         }
      },
      {
         "when_comp_start" : -1,
         "url" : "http://modified.testbed.localhost/i.ytimg.com/vi/XW8RqLN3Qao/hqdefault.jpg%3Fcustom=true&w=196&h=110&stc=true&jpg444=true&jpgq=90&sp=68&sigh=QGC6jKZPn_TLX538k_p6LR6wFh4",
         "id" : "r45",
         "comps" : [],
         "download" : {
            "receiveFirst" : 7,
            "len" : 12504,
            "dns" : 0,
            "dnsEnd" : -1,
            "receiveHeadersEnd" : 13,
            "sslEnd" : -1,
            "connectEnd" : 6,
            "connectStart" : 0,
            "id" : "download_42",
            "receivedTime" : "319.835999980569",
            "sslStart" : -1,
            "dnsStart" : -1,
            "receiveLast" : 306.835999980569,
            "s_time" : 133.91700014472,
            "sendEnd" : 6,
            "sendStart" : 6,
            "type" : "image/jpeg"
         }
      },
      {
         "when_comp_start" : -1,
         "url" : "http://modified.testbed.localhost/i.ytimg.com/vi/6wlMrOtw4jw/hqdefault.jpg%3Fcustom=true&w=196&h=110&stc=true&jpg444=true&jpgq=90&sp=68&sigh=sLNUP3OBOPgBX3dBKvENQahVeWA",
         "id" : "r47",
         "comps" : [],
         "download" : {
            "receiveFirst" : 4,
            "len" : 5970,
            "dns" : 0,
            "dnsEnd" : -1,
            "receiveHeadersEnd" : 11,
            "sslEnd" : -1,
            "connectEnd" : 6,
            "connectStart" : 0,
            "id" : "download_43",
            "receivedTime" : "320.377000141889",
            "sslStart" : -1,
            "dnsStart" : -1,
            "receiveLast" : 309.377000141889,
            "s_time" : 136.435000225902,
            "sendEnd" : 7,
            "sendStart" : 6,
            "type" : "image/jpeg"
         }
      },
      {
         "when_comp_start" : -1,
         "url" : "http://modified.testbed.localhost/i.ytimg.com/vi/Jv7d8EXxtqs/hqdefault.jpg%3Fcustom=true&w=196&h=110&stc=true&jpg444=true&jpgq=90&sp=68&sigh=gafp3XQh8kO4nLfcPe3FjylSU8I",
         "id" : "r48",
         "comps" : [],
         "download" : {
            "receiveFirst" : 5,
            "len" : 11997,
            "dns" : 0,
            "dnsEnd" : -1,
            "receiveHeadersEnd" : 10,
            "sslEnd" : -1,
            "connectEnd" : 5,
            "connectStart" : 0,
            "id" : "download_44",
            "receivedTime" : "320.939000230283",
            "sslStart" : -1,
            "dnsStart" : -1,
            "receiveLast" : 310.939000230283,
            "s_time" : 138.542000204325,
            "sendEnd" : 5,
            "sendStart" : 5,
            "type" : "image/jpeg"
         }
      },
      {
         "when_comp_start" : -1,
         "url" : "http://modified.testbed.localhost/i.ytimg.com/vi/FAZQ-wE6rdc/hqdefault.jpg%3Fcustom=true&w=196&h=110&stc=true&jpg444=true&jpgq=90&sp=68&sigh=3gMDSLyysJizoID7-NhKyEbhHmE",
         "id" : "r49",
         "comps" : [],
         "download" : {
            "receiveFirst" : 4,
            "len" : 9373,
            "dns" : 0,
            "dnsEnd" : -1,
            "receiveHeadersEnd" : 10,
            "sslEnd" : -1,
            "connectEnd" : 6,
            "connectStart" : 0,
            "id" : "download_45",
            "receivedTime" : "321.496000047773",
            "sslStart" : -1,
            "dnsStart" : -1,
            "receiveLast" : 311.496000047773,
            "s_time" : 139.30799998343,
            "sendEnd" : 6,
            "sendStart" : 6,
            "type" : "image/jpeg"
         }
      },
      {
         "when_comp_start" : -1,
         "url" : "http://modified.testbed.localhost/yt3.ggpht.com/2tDwwVVEuy0ja92htLiC-JZdfqUB1ogR--jjSph3Ybk068mSQkoOhG9YdvYvgDrWyjCIvi9JOubtFIyi=s88-nd-c-c0xffffffff-rj-k-no",
         "id" : "r50",
         "comps" : [],
         "download" : {
            "receiveFirst" : 5,
            "len" : 3050,
            "dns" : 0,
            "dnsEnd" : -1,
            "receiveHeadersEnd" : 9,
            "sslEnd" : -1,
            "connectEnd" : 4,
            "connectStart" : 0,
            "id" : "download_46",
            "receivedTime" : "322.011000011116",
            "sslStart" : -1,
            "dnsStart" : -1,
            "receiveLast" : 313.011000011116,
            "s_time" : 141.764999832958,
            "sendEnd" : 4,
            "sendStart" : 4,
            "type" : "image/jpeg"
         }
      },
      {
         "when_comp_start" : -1,
         "url" : "http://modified.testbed.localhost/fonts.gstatic.com/s/roboto/v15/zN7GBFwfMP4uA6AR0HCoLQ.ttf",
         "id" : "r4",
         "comps" : [],
         "download" : {
            "receiveFirst" : 3,
            "len" : 32652,
            "dns" : 0,
            "dnsEnd" : -1,
            "receiveHeadersEnd" : 10,
            "sslEnd" : -1,
            "connectEnd" : 7,
            "connectStart" : 0,
            "id" : "download_47",
            "receivedTime" : "527.007000055164",
            "sslStart" : -1,
            "dnsStart" : -1,
            "receiveLast" : 517.007000055164,
            "s_time" : 191.93600025028,
            "sendEnd" : 7,
            "sendStart" : 7,
            "type" : "application/octet-stream"
         }
      },
      {
         "when_comp_start" : -1,
         "url" : "http://modified.testbed.localhost/fonts.gstatic.com/s/roboto/v15/RxZJdnzeo3R5zSexge8UUaCWcynf_cDxXwCLxiixG1c.ttf",
         "id" : "r5",
         "comps" : [],
         "download" : {
            "receiveFirst" : 4,
            "len" : 32580,
            "dns" : 0,
            "dnsEnd" : -1,
            "receiveHeadersEnd" : 11,
            "sslEnd" : -1,
            "connectEnd" : 7,
            "connectStart" : 0,
            "id" : "download_48",
            "receivedTime" : "528.305000159889",
            "sslStart" : -1,
            "dnsStart" : -1,
            "receiveLast" : 517.305000159889,
            "s_time" : 192.15300027281,
            "sendEnd" : 7,
            "sendStart" : 7,
            "type" : "application/octet-stream"
         }
      },
      {
         "when_comp_start" : -1,
         "url" : "http://modified.testbed.localhost/yt3.ggpht.com/-QIVF0Bs4QQo/AAAAAAAAAAI/AAAAAAAAAAA/5jwZ65D3bUU/s88-c-k-no-rj-c0xffffff/photo.jpg",
         "id" : "r52",
         "comps" : [],
         "download" : {
            "receiveFirst" : 4,
            "len" : 7262,
            "dns" : 0,
            "dnsEnd" : -1,
            "receiveHeadersEnd" : 5,
            "sslEnd" : -1,
            "connectEnd" : 1,
            "connectStart" : 0,
            "id" : "download_49",
            "receivedTime" : "670.715000014752",
            "sslStart" : -1,
            "dnsStart" : -1,
            "receiveLast" : 665.715000014752,
            "s_time" : 323.780000209808,
            "sendEnd" : 1,
            "sendStart" : 1,
            "type" : "image/jpeg"
         }
      },
      {
         "when_comp_start" : -1,
         "url" : "http://modified.testbed.localhost/s.ytimg.com/yts/jsbin/spf-vfldNIm25/spf.js",
         "id" : "r53",
         "comps" : [
            {
               "s_time" : 671.899999957532,
               "time" : 20.3320002183319,
               "type" : 1,
               "id" : "comp_161",
               "e_time" : 692.232000175864
            }
         ],
         "download" : {
            "receiveFirst" : 4,
            "len" : 34173,
            "dns" : 0,
            "dnsEnd" : -1,
            "receiveHeadersEnd" : 7,
            "sslEnd" : -1,
            "connectEnd" : 3,
            "connectStart" : 0,
            "id" : "download_50",
            "receivedTime" : "671.79000005126",
            "sslStart" : -1,
            "dnsStart" : -1,
            "receiveLast" : 664.79000005126,
            "s_time" : 348.058999981731,
            "sendEnd" : 3,
            "sendStart" : 3,
            "type" : "application/javascript"
         }
      },
      {
         "when_comp_start" : -1,
         "url" : "http://modified.testbed.localhost/s.ytimg.com/yts/jsbin/www-en_US-vfl9Y0tu3/base.js",
         "id" : "r54",
         "comps" : [
            {
               "s_time" : 693.008000031114,
               "time" : 44.4319997914131,
               "type" : 1,
               "id" : "comp_163",
               "e_time" : 737.439999822527
            }
         ],
         "download" : {
            "receiveFirst" : 5,
            "len" : 87418,
            "dns" : 0,
            "dnsEnd" : -1,
            "receiveHeadersEnd" : 7,
            "sslEnd" : -1,
            "connectEnd" : 2,
            "connectStart" : 0,
            "id" : "download_51",
            "receivedTime" : "692.838999908417",
            "sslStart" : -1,
            "dnsStart" : -1,
            "receiveLast" : 685.838999908417,
            "s_time" : 348.55500003323,
            "sendEnd" : 2,
            "sendStart" : 2,
            "type" : "application/javascript"
         }
      }
   ],
   "deps" : [
      {
         "a2" : "r1_c2",
         "time" : -1,
         "id" : "dep1",
         "a1" : "comp_15"
      },
      {
         "a2" : "r1_c3",
         "time" : -1,
         "id" : "dep2",
         "a1" : "comp_161"
      },
      {
         "a2" : "r1_c4",
         "time" : -1,
         "id" : "dep3",
         "a1" : "comp_163"
      },
      {
         "a2" : "comp_163",
         "time" : -1,
         "id" : "dep4",
         "a1" : "comp_161"
      },
      {
         "a2" : "download_51",
         "time" : -1,
         "id" : "dep5",
         "a1" : "r1_c2"
      },
      {
         "a2" : "download_51",
         "time" : 260.782000143081,
         "id" : "dep6",
         "a1" : "r1_c2"
      },
      {
         "a2" : "download_50",
         "time" : 260.286000091582,
         "id" : "dep7",
         "a1" : "r1_c2"
      },
      {
         "a2" : "download_49",
         "time" : 236.007000319659,
         "id" : "dep8",
         "a1" : "r1_c2"
      },
      {
         "a2" : "download_48",
         "time" : 104.380000382661,
         "id" : "dep9",
         "a1" : "r1_c2"
      },
      {
         "a2" : "download_47",
         "time" : 104.163000360131,
         "id" : "dep10",
         "a1" : "r1_c2"
      },
      {
         "a2" : "download_46",
         "time" : 53.9919999428094,
         "id" : "dep11",
         "a1" : "r1_c2"
      },
      {
         "a2" : "download_45",
         "time" : 51.5350000932814,
         "id" : "dep12",
         "a1" : "r1_c2"
      },
      {
         "a2" : "download_44",
         "time" : 50.7690003141764,
         "id" : "dep13",
         "a1" : "r1_c2"
      },
      {
         "a2" : "download_43",
         "time" : 48.6620003357534,
         "id" : "dep14",
         "a1" : "r1_c2"
      },
      {
         "a2" : "download_42",
         "time" : 46.1440002545714,
         "id" : "dep15",
         "a1" : "r1_c2"
      },
      {
         "a2" : "download_41",
         "time" : 47.5580003112554,
         "id" : "dep16",
         "a1" : "r1_c2"
      },
      {
         "a2" : "download_40",
         "time" : 42.9710000753404,
         "id" : "dep17",
         "a1" : "r1_c2"
      },
      {
         "a2" : "download_39",
         "time" : 41.3160002790394,
         "id" : "dep18",
         "a1" : "r1_c2"
      },
      {
         "a2" : "download_38",
         "time" : 45.4130000434814,
         "id" : "dep19",
         "a1" : "r1_c2"
      },
      {
         "a2" : "download_37",
         "time" : 40.0550002232194,
         "id" : "dep20",
         "a1" : "r1_c2"
      },
      {
         "a2" : "download_36",
         "time" : 38.1180001422764,
         "id" : "dep21",
         "a1" : "r1_c2"
      },
      {
         "a2" : "download_35",
         "time" : 36.3980000838634,
         "id" : "dep22",
         "a1" : "r1_c2"
      },
      {
         "a2" : "download_34",
         "time" : 35.7160000130534,
         "id" : "dep23",
         "a1" : "r1_c2"
      },
      {
         "a2" : "download_33",
         "time" : 34.3050002120434,
         "id" : "dep24",
         "a1" : "r1_c2"
      },
      {
         "a2" : "download_32",
         "time" : 32.9520003870134,
         "id" : "dep25",
         "a1" : "r1_c2"
      },
      {
         "a2" : "download_31",
         "time" : 32.4440002441404,
         "id" : "dep26",
         "a1" : "r1_c2"
      },
      {
         "a2" : "download_30",
         "time" : 31.1980000697074,
         "id" : "dep27",
         "a1" : "r1_c2"
      },
      {
         "a2" : "download_29",
         "time" : 29.7970003448424,
         "id" : "dep28",
         "a1" : "r1_c2"
      },
      {
         "a2" : "download_28",
         "time" : 29.4110001996164,
         "id" : "dep29",
         "a1" : "r1_c2"
      },
      {
         "a2" : "download_27",
         "time" : 28.0500003136694,
         "id" : "dep30",
         "a1" : "r1_c2"
      },
      {
         "a2" : "download_26",
         "time" : 26.7040003091094,
         "id" : "dep31",
         "a1" : "r1_c2"
      },
      {
         "a2" : "download_25",
         "time" : 24.3130000308154,
         "id" : "dep32",
         "a1" : "r1_c2"
      },
      {
         "a2" : "download_24",
         "time" : 22.8690002113584,
         "id" : "dep33",
         "a1" : "r1_c2"
      },
      {
         "a2" : "download_23",
         "time" : 22.3250002600254,
         "id" : "dep34",
         "a1" : "r1_c2"
      },
      {
         "a2" : "download_22",
         "time" : 20.4400001093744,
         "id" : "dep35",
         "a1" : "r1_c2"
      },
      {
         "a2" : "download_21",
         "time" : 21.9410001300274,
         "id" : "dep36",
         "a1" : "r1_c2"
      },
      {
         "a2" : "download_20",
         "time" : 21.8070000410084,
         "id" : "dep37",
         "a1" : "r1_c2"
      },
      {
         "a2" : "download_19",
         "time" : 16.7890000157054,
         "id" : "dep38",
         "a1" : "r1_c2"
      },
      {
         "a2" : "download_18",
         "time" : 15.8140002749864,
         "id" : "dep39",
         "a1" : "r1_c2"
      },
      {
         "a2" : "download_17",
         "time" : 9.905000217259,
         "id" : "dep40",
         "a1" : "r1_c2"
      },
      {
         "a2" : "download_16",
         "time" : 3.34300007671121,
         "id" : "dep41",
         "a1" : "r1_c2"
      },
      {
         "a2" : "download_15",
         "time" : 3.11100017279391,
         "id" : "dep42",
         "a1" : "r1_c2"
      },
      {
         "a2" : "download_14",
         "time" : 2.8960001654923,
         "id" : "dep43",
         "a1" : "r1_c2"
      },
      {
         "a2" : "download_13",
         "time" : 2.60700006037951,
         "id" : "dep44",
         "a1" : "r1_c2"
      },
      {
         "a2" : "download_12",
         "time" : 2.4129999801517,
         "id" : "dep45",
         "a1" : "r1_c2"
      },
      {
         "a2" : "download_11",
         "time" : 2.2020000033081,
         "id" : "dep46",
         "a1" : "r1_c2"
      },
      {
         "a2" : "download_10",
         "time" : 1.9280002452434,
         "id" : "dep47",
         "a1" : "r1_c2"
      },
      {
         "a2" : "download_9",
         "time" : 1.65800005197531,
         "id" : "dep48",
         "a1" : "r1_c2"
      },
      {
         "a2" : "download_8",
         "time" : 1.2640003114939,
         "id" : "dep49",
         "a1" : "r1_c2"
      },
      {
         "a2" : "download_7",
         "time" : -1,
         "id" : "dep50",
         "a1" : "r1_c1"
      },
      {
         "a2" : "download_6",
         "time" : 7.1100001223385,
         "id" : "dep51",
         "a1" : "r1_c1"
      },
      {
         "a2" : "download_6",
         "time" : 7.1100001223385,
         "id" : "dep52",
         "a1" : "r1_c1"
      },
      {
         "a2" : "download_5",
         "time" : 6.7259999923408,
         "id" : "dep53",
         "a1" : "r1_c1"
      },
      {
         "a2" : "download_5",
         "time" : 6.7259999923408,
         "id" : "dep54",
         "a1" : "r1_c1"
      },
      {
         "a2" : "download_4",
         "time" : 6.5180002711713,
         "id" : "dep55",
         "a1" : "r1_c1"
      },
      {
         "a2" : "download_4",
         "time" : 6.5180002711713,
         "id" : "dep56",
         "a1" : "r1_c1"
      },
      {
         "a2" : "download_3",
         "time" : 6.3050002790987,
         "id" : "dep57",
         "a1" : "r1_c1"
      },
      {
         "a2" : "download_3",
         "time" : 6.3050002790987,
         "id" : "dep58",
         "a1" : "r1_c1"
      },
      {
         "a2" : "download_2",
         "time" : 5.8620003983378,
         "id" : "dep59",
         "a1" : "r1_c1"
      },
      {
         "a2" : "download_2",
         "time" : 5.8620003983378,
         "id" : "dep60",
         "a1" : "r1_c1"
      },
      {
         "a2" : "download_1",
         "time" : 5.6200004182756,
         "id" : "dep61",
         "a1" : "r1_c1"
      }
   ]
}
