{
   "n_download_no_trigger" : 1,
   "start_activity" : "download_0",
   "name" : "modified.testbed.localhost_www.bhwd.me_",
   "load_activity" : -1,
   "objs" : [
      {
         "when_comp_start" : 1,
         "url" : "http://modified.testbed.localhost/www.bhwd.me/",
         "id" : "r1",
         "comps" : [
            {
               "s_time" : 46.8390001915395,
               "time" : 112.659999635071,
               "id" : "r1_c1",
               "type" : "evalhtml",
               "e_time" : 159.49899982661
            },
            {
               "s_time" : 299.908000044525,
               "time" : -3383497084.607,
               "id" : "r1_c2",
               "type" : "evalhtml",
               "e_time" : -3383496784.699
            },
            {
               "s_time" : 306.677000131458,
               "time" : -3383497091.376,
               "id" : "r1_c3",
               "type" : "evalhtml",
               "e_time" : -3383496784.699
            },
            {
               "s_time" : 308.095999993384,
               "time" : -3383497092.795,
               "id" : "r1_c4",
               "type" : "evalhtml",
               "e_time" : -3383496784.699
            },
            {
               "s_time" : 328.604000154883,
               "time" : -3383497113.303,
               "id" : "r1_c5",
               "type" : "evalhtml",
               "e_time" : -3383496784.699
            },
            {
               "s_time" : 333.455000072718,
               "time" : -3383497118.154,
               "id" : "r1_c6",
               "type" : "evalhtml",
               "e_time" : -3383496784.699
            },
            {
               "s_time" : 445.021000225097,
               "time" : -3383497229.72,
               "id" : "r1_c7",
               "type" : "evalhtml",
               "e_time" : -3383496784.699
            },
            {
               "s_time" : 446.08600018546,
               "time" : -3383497230.785,
               "id" : "r1_c8",
               "type" : "evalhtml",
               "e_time" : -3383496784.699
            },
            {
               "s_time" : 450.147000141442,
               "time" : -3383497234.846,
               "id" : "r1_c9",
               "type" : "evalhtml",
               "e_time" : -3383496784.699
            },
            {
               "s_time" : 1665.29700020328,
               "time" : -3383498449.996,
               "id" : "r1_c10",
               "type" : "evalhtml",
               "e_time" : -3383496784.699
            },
            {
               "s_time" : 1668.27700007707,
               "time" : -3383498452.976,
               "id" : "r1_c11",
               "type" : "evalhtml",
               "e_time" : -3383496784.699
            },
            {
               "s_time" : 1668.64700010046,
               "time" : 83.03700014949,
               "type" : "evalhtml",
               "id" : "r1_c12",
               "e_time" : 1751.68400024995
            }
         ],
         "download" : {
            "receiveFirst" : 5,
            "len" : 41083,
            "dns" : 0,
            "dnsEnd" : -1,
            "receiveHeadersEnd" : 6,
            "sslEnd" : -1,
            "connectEnd" : 1,
            "connectStart" : 0,
            "id" : "download_0",
            "receivedTime" : "45.8510001190007",
            "sslStart" : -1,
            "dnsStart" : -1,
            "receiveLast" : 39.8510001190007,
            "s_time" : 0,
            "sendEnd" : 1,
            "sendStart" : 1,
            "type" : "text/html"
         }
      },
      {
         "when_comp_start" : -1,
         "url" : "http://modified.testbed.localhost/www.bhwd.me/wp-content/plugins/easy-digital-downloads/templates/edd.min.css%3Fver=2.5.12.css",
         "id" : "r3",
         "comps" : [
            {
               "s_time" : 105.282000266016,
               "time" : 3.775999881327,
               "type" : 4,
               "id" : "comp_3",
               "e_time" : 109.058000147343
            }
         ],
         "download" : {
            "receiveFirst" : 6,
            "len" : 18708,
            "dns" : 0,
            "dnsEnd" : -1,
            "receiveHeadersEnd" : 23,
            "sslEnd" : -1,
            "connectEnd" : 17,
            "connectStart" : 0,
            "id" : "download_1",
            "receivedTime" : "104.962000157684",
            "sslStart" : -1,
            "dnsStart" : -1,
            "receiveLast" : 81.9620001576841,
            "s_time" : 78.7730002775788,
            "sendEnd" : 17,
            "sendStart" : 17,
            "type" : "text/css"
         }
      },
      {
         "when_comp_start" : -1,
         "url" : "http://modified.testbed.localhost/www.bhwd.me/wp-content/themes/Divi/style.css%3Fver=4.4.2.css",
         "id" : "r4",
         "comps" : [
            {
               "s_time" : 158.168999943882,
               "time" : 291.994000319392,
               "type" : 4,
               "id" : "comp_19",
               "e_time" : 450.163000263274
            }
         ],
         "download" : {
            "receiveFirst" : 7,
            "len" : 404464,
            "dns" : 0,
            "dnsEnd" : -1,
            "receiveHeadersEnd" : 23,
            "sslEnd" : -1,
            "connectEnd" : 16,
            "connectStart" : 0,
            "id" : "download_2",
            "receivedTime" : "157.670999877155",
            "sslStart" : -1,
            "dnsStart" : -1,
            "receiveLast" : 134.670999877155,
            "s_time" : 79.5619999989867,
            "sendEnd" : 16,
            "sendStart" : 16,
            "type" : "text/css"
         }
      },
      {
         "when_comp_start" : -1,
         "url" : "http://modified.testbed.localhost/fonts.googleapis.com/css%3Ffamily=Open+Sans:300italic,400italic,600italic,700italic,800italic,400,300,600,700,800&subset=latin,latin-ext.css",
         "id" : "r5",
         "comps" : [
            {
               "s_time" : 111.426000017673,
               "time" : 0.374999828635993,
               "type" : 4,
               "id" : "comp_7",
               "e_time" : 111.800999846309
            }
         ],
         "download" : {
            "receiveFirst" : 9,
            "len" : 2586,
            "dns" : 0,
            "dnsEnd" : -1,
            "receiveHeadersEnd" : 25,
            "sslEnd" : -1,
            "connectEnd" : 16,
            "connectStart" : 0,
            "id" : "download_3",
            "receivedTime" : "111.093000043184",
            "sslStart" : -1,
            "dnsStart" : -1,
            "receiveLast" : 86.0930000431836,
            "s_time" : 80.2810001187027,
            "sendEnd" : 16,
            "sendStart" : 16,
            "type" : "text/css"
         }
      },
      {
         "when_comp_start" : -1,
         "url" : "http://modified.testbed.localhost/fonts.googleapis.com/css%3Ffamily=Montserrat:400,700&subset=latin.css",
         "id" : "r6",
         "comps" : [
            {
               "s_time" : 109.885000158101,
               "time" : 0.13099983334601,
               "type" : 4,
               "id" : "comp_5",
               "e_time" : 110.015999991447
            }
         ],
         "download" : {
            "receiveFirst" : 8,
            "len" : 461,
            "dns" : 0,
            "dnsEnd" : -1,
            "receiveHeadersEnd" : 24,
            "sslEnd" : -1,
            "connectEnd" : 16,
            "connectStart" : 0,
            "id" : "download_4",
            "receivedTime" : "109.794000163674",
            "sslStart" : -1,
            "dnsStart" : -1,
            "receiveLast" : 85.7940001636744,
            "s_time" : 81.0020002536476,
            "sendEnd" : 16,
            "sendStart" : 16,
            "type" : "text/css"
         }
      },
      {
         "when_comp_start" : -1,
         "url" : "http://modified.testbed.localhost/www.bhwd.me/wp-content/themes/BHWD/style.css%3Fver=2.7.1.css",
         "id" : "r7",
         "comps" : [
            {
               "s_time" : 113.417000044137,
               "time" : 0.0559999607509951,
               "type" : 4,
               "id" : "comp_9",
               "e_time" : 113.473000004888
            }
         ],
         "download" : {
            "receiveFirst" : 9,
            "len" : 324,
            "dns" : 0,
            "dnsEnd" : -1,
            "receiveHeadersEnd" : 26,
            "sslEnd" : -1,
            "connectEnd" : 17,
            "connectStart" : 0,
            "id" : "download_5",
            "receivedTime" : "113.028999883682",
            "sslStart" : -1,
            "dnsStart" : -1,
            "receiveLast" : 87.0289998836815,
            "s_time" : 81.7329999990761,
            "sendEnd" : 17,
            "sendStart" : 17,
            "type" : "text/css"
         }
      },
      {
         "when_comp_start" : -1,
         "url" : "http://modified.testbed.localhost/www.bhwd.me/wp-content/themes/Divi/epanel/shortcodes/css/shortcodes.css%3Fver=2.7.1.css",
         "id" : "r8",
         "comps" : [
            {
               "s_time" : 116.65999982506,
               "time" : 6.333000026644,
               "type" : 4,
               "id" : "comp_11",
               "e_time" : 122.992999851704
            }
         ],
         "download" : {
            "receiveFirst" : 10,
            "len" : 35980,
            "dns" : 0,
            "dnsEnd" : -1,
            "receiveHeadersEnd" : 27,
            "sslEnd" : -1,
            "connectEnd" : 16,
            "connectStart" : 0,
            "id" : "download_6",
            "receivedTime" : "116.375000216067",
            "sslStart" : -1,
            "dnsStart" : -1,
            "receiveLast" : 89.3750002160668,
            "s_time" : 82.2260002605617,
            "sendEnd" : 17,
            "sendStart" : 16,
            "type" : "text/css"
         }
      },
      {
         "when_comp_start" : -1,
         "url" : "http://modified.testbed.localhost/www.bhwd.me/wp-content/themes/Divi/epanel/shortcodes/css/shortcodes_responsive.css%3Fver=2.7.1.css",
         "id" : "r9",
         "comps" : [
            {
               "s_time" : 124.234000220895,
               "time" : 0.982000026852006,
               "type" : 4,
               "id" : "comp_12",
               "e_time" : 125.216000247747
            }
         ],
         "download" : {
            "receiveFirst" : 9,
            "len" : 3950,
            "dns" : 0,
            "dnsEnd" : -1,
            "receiveHeadersEnd" : 32,
            "sslEnd" : -1,
            "connectEnd" : 23,
            "connectStart" : 0,
            "id" : "download_7",
            "receivedTime" : "123.968000058085",
            "sslStart" : -1,
            "dnsStart" : -1,
            "receiveLast" : 91.9680000580847,
            "s_time" : 82.8229999169707,
            "sendEnd" : 23,
            "sendStart" : 23,
            "type" : "text/css"
         }
      },
      {
         "when_comp_start" : -1,
         "url" : "http://modified.testbed.localhost/www.bhwd.me/wp-content/themes/Divi/includes/builder/styles/magnific_popup.css%3Fver=2.7.1.css",
         "id" : "r10",
         "comps" : [
            {
               "s_time" : 125.785000156611,
               "time" : 2.56799999624499,
               "type" : 4,
               "id" : "comp_13",
               "e_time" : 128.353000152856
            }
         ],
         "download" : {
            "receiveFirst" : 5,
            "len" : 8047,
            "dns" : 0,
            "dnsEnd" : -1,
            "receiveHeadersEnd" : 33,
            "sslEnd" : -1,
            "connectEnd" : 28,
            "connectStart" : 0,
            "id" : "download_8",
            "receivedTime" : "125.61700027436",
            "sslStart" : -1,
            "dnsStart" : -1,
            "receiveLast" : 92.6170002743602,
            "s_time" : 83.33700010553,
            "sendEnd" : 28,
            "sendStart" : 28,
            "type" : "text/css"
         }
      },
      {
         "when_comp_start" : -1,
         "url" : "http://modified.testbed.localhost/www.bhwd.me/wp-includes/js/jquery/jquery.js%3Fver=1.11.3",
         "id" : "r11",
         "comps" : [
            {
               "s_time" : 218.051000032574,
               "time" : 81.857000011951,
               "type" : 1,
               "id" : "comp_20",
               "e_time" : 299.908000044525
            }
         ],
         "download" : {
            "receiveFirst" : 7,
            "len" : 95977,
            "dns" : 0,
            "dnsEnd" : -1,
            "receiveHeadersEnd" : 35,
            "sslEnd" : -1,
            "connectEnd" : 28,
            "connectStart" : 0,
            "id" : "download_9",
            "receivedTime" : "141.055000014603",
            "sslStart" : -1,
            "dnsStart" : -1,
            "receiveLast" : 106.055000014603,
            "s_time" : 83.8130000047386,
            "sendEnd" : 28,
            "sendStart" : 28,
            "type" : "text/plain"
         }
      },
      {
         "when_comp_start" : -1,
         "url" : "http://modified.testbed.localhost/www.bhwd.me/wp-includes/js/jquery/jquery-migrate.min.js%3Fver=1.2.1",
         "id" : "r12",
         "comps" : [
            {
               "s_time" : 300.091000273824,
               "time" : 6.58599985763396,
               "type" : 1,
               "id" : "comp_22",
               "e_time" : 306.677000131458
            }
         ],
         "download" : {
            "receiveFirst" : 10,
            "len" : 7200,
            "dns" : 0,
            "dnsEnd" : -1,
            "receiveHeadersEnd" : 38,
            "sslEnd" : -1,
            "connectEnd" : 28,
            "connectStart" : 0,
            "id" : "download_10",
            "receivedTime" : "129.732000175864",
            "sslStart" : -1,
            "dnsStart" : -1,
            "receiveLast" : 91.7320001758635,
            "s_time" : 84.4049998559058,
            "sendEnd" : 28,
            "sendStart" : 28,
            "type" : "text/plain"
         }
      },
      {
         "when_comp_start" : -1,
         "url" : "http://modified.testbed.localhost/www.bhwd.me/wp-content/plugins/easy-digital-downloads/assets/js/edd-ajax.min.js%3Fver=2.5.12",
         "id" : "r13",
         "comps" : [
            {
               "s_time" : 307.070000097156,
               "time" : 1.02599989622797,
               "type" : 1,
               "id" : "comp_25",
               "e_time" : 308.095999993384
            }
         ],
         "download" : {
            "receiveFirst" : 9,
            "len" : 7208,
            "dns" : 0,
            "dnsEnd" : -1,
            "receiveHeadersEnd" : 38,
            "sslEnd" : -1,
            "connectEnd" : 29,
            "connectStart" : 0,
            "id" : "download_11",
            "receivedTime" : "137.093000113964",
            "sslStart" : -1,
            "dnsStart" : -1,
            "receiveLast" : 99.0930001139641,
            "s_time" : 84.8190002143383,
            "sendEnd" : 29,
            "sendStart" : 29,
            "type" : "text/plain"
         }
      },
      {
         "when_comp_start" : -1,
         "url" : "http://modified.testbed.localhost/www.bhwd.me/wp-content/themes/Divi/includes/builder/scripts/frontend-builder-global-functions.js%3Fver=2.7.1",
         "id" : "r17",
         "comps" : [
            {
               "s_time" : 327.455000020564,
               "time" : 1.14900013431901,
               "type" : 1,
               "id" : "comp_28",
               "e_time" : 328.604000154883
            }
         ],
         "download" : {
            "receiveFirst" : 12,
            "len" : 4366,
            "dns" : 0,
            "dnsEnd" : -1,
            "receiveHeadersEnd" : 41,
            "sslEnd" : -1,
            "connectEnd" : 29,
            "connectStart" : 0,
            "id" : "download_12",
            "receivedTime" : "138.021000195295",
            "sslStart" : -1,
            "dnsStart" : -1,
            "receiveLast" : 97.0210001952946,
            "s_time" : 86.2190001644194,
            "sendEnd" : 29,
            "sendStart" : 29,
            "type" : "text/plain"
         }
      },
      {
         "when_comp_start" : -1,
         "url" : "http://modified.testbed.localhost/www.bhwd.me/wp-content/themes/Divi/includes/builder/scripts/jquery.mobile.custom.min.js%3Fver=2.7.1",
         "id" : "r18",
         "comps" : [
            {
               "s_time" : 328.734000213444,
               "time" : 4.720999859274,
               "type" : 1,
               "id" : "comp_30",
               "e_time" : 333.455000072718
            }
         ],
         "download" : {
            "receiveFirst" : 11,
            "len" : 7784,
            "dns" : 0,
            "dnsEnd" : -1,
            "receiveHeadersEnd" : 43,
            "sslEnd" : -1,
            "connectEnd" : 32,
            "connectStart" : 0,
            "id" : "download_13",
            "receivedTime" : "138.970000203699",
            "sslStart" : -1,
            "dnsStart" : -1,
            "receiveLast" : 95.9700002036989,
            "s_time" : 86.8210000917315,
            "sendEnd" : 32,
            "sendStart" : 32,
            "type" : "text/plain"
         }
      },
      {
         "when_comp_start" : -1,
         "url" : "http://modified.testbed.localhost/www.bhwd.me/wp-content/themes/Divi/js/custom.js%3Fver=2.7.1",
         "id" : "r19",
         "comps" : [
            {
               "s_time" : 333.595000207424,
               "time" : 111.426000017673,
               "type" : 1,
               "id" : "comp_32",
               "e_time" : 445.021000225097
            }
         ],
         "download" : {
            "receiveFirst" : 7,
            "len" : 43164,
            "dns" : 0,
            "dnsEnd" : -1,
            "receiveHeadersEnd" : 47,
            "sslEnd" : -1,
            "connectEnd" : 40,
            "connectStart" : 0,
            "id" : "download_14",
            "receivedTime" : "148.523000068963",
            "sslStart" : -1,
            "dnsStart" : -1,
            "receiveLast" : 101.523000068963,
            "s_time" : 87.3239999637008,
            "sendEnd" : 40,
            "sendStart" : 40,
            "type" : "text/plain"
         }
      },
      {
         "when_comp_start" : -1,
         "url" : "http://modified.testbed.localhost/www.bhwd.me/wp-content/themes/Divi/includes/builder/scripts/jquery.fitvids.js%3Fver=2.7.1",
         "id" : "r20",
         "comps" : [
            {
               "s_time" : 445.245999842882,
               "time" : 0.840000342578037,
               "type" : 1,
               "id" : "comp_36",
               "e_time" : 446.08600018546
            }
         ],
         "download" : {
            "receiveFirst" : 10,
            "len" : 3221,
            "dns" : 0,
            "dnsEnd" : -1,
            "receiveHeadersEnd" : 49,
            "sslEnd" : -1,
            "connectEnd" : 39,
            "connectStart" : 0,
            "id" : "download_15",
            "receivedTime" : "143.573000095785",
            "sslStart" : -1,
            "dnsStart" : -1,
            "receiveLast" : 94.5730000957847,
            "s_time" : 87.8090001642704,
            "sendEnd" : 39,
            "sendStart" : 39,
            "type" : "text/plain"
         }
      },
      {
         "when_comp_start" : -1,
         "url" : "http://modified.testbed.localhost/www.bhwd.me/wp-content/themes/Divi/includes/builder/scripts/waypoints.min.js%3Fver=2.7.1",
         "id" : "r21",
         "comps" : [
            {
               "s_time" : 446.220000274479,
               "time" : 3.926999866963,
               "type" : 1,
               "id" : "comp_38",
               "e_time" : 450.147000141442
            }
         ],
         "download" : {
            "receiveFirst" : 9,
            "len" : 8833,
            "dns" : 0,
            "dnsEnd" : -1,
            "receiveHeadersEnd" : 50,
            "sslEnd" : -1,
            "connectEnd" : 41,
            "connectStart" : 0,
            "id" : "download_16",
            "receivedTime" : "145.483000203967",
            "sslStart" : -1,
            "dnsStart" : -1,
            "receiveLast" : 95.4830002039671,
            "s_time" : 88.2760002277792,
            "sendEnd" : 41,
            "sendStart" : 41,
            "type" : "text/plain"
         }
      },
      {
         "when_comp_start" : -1,
         "url" : "http://modified.testbed.localhost/www.bhwd.me/wp-content/themes/Divi/images/logo.png",
         "id" : "r14",
         "comps" : [],
         "download" : {
            "receiveFirst" : 10,
            "len" : 1740,
            "dns" : 0,
            "dnsEnd" : -1,
            "receiveHeadersEnd" : 57,
            "sslEnd" : -1,
            "connectEnd" : 47,
            "connectStart" : 0,
            "id" : "download_17",
            "receivedTime" : "146.980000194162",
            "sslStart" : -1,
            "dnsStart" : -1,
            "receiveLast" : 89.9800001941621,
            "s_time" : 85.3610001504421,
            "sendEnd" : 47,
            "sendStart" : 47,
            "type" : "image/png"
         }
      },
      {
         "when_comp_start" : -1,
         "url" : "http://modified.testbed.localhost/www.bhwd.me/wp-content/uploads/2016/03/screenshot-1-e1459239438718-400x284.png",
         "id" : "r15",
         "comps" : [],
         "download" : {
            "receiveFirst" : 5,
            "len" : 98747,
            "dns" : 0,
            "dnsEnd" : -1,
            "receiveHeadersEnd" : 7,
            "sslEnd" : -1,
            "connectEnd" : 2,
            "connectStart" : 0,
            "id" : "download_18",
            "receivedTime" : "451.011000201106",
            "sslStart" : -1,
            "dnsStart" : -1,
            "receiveLast" : 444.011000201106,
            "s_time" : 142.923000268638,
            "sendEnd" : 2,
            "sendStart" : 2,
            "type" : "image/png"
         }
      },
      {
         "when_comp_start" : -1,
         "url" : "http://modified.testbed.localhost/www.bhwd.me/wp-content/uploads/2016/03/wp-blueprint-400x284.jpg",
         "id" : "r16",
         "comps" : [],
         "download" : {
            "receiveFirst" : 4,
            "len" : 23695,
            "dns" : 0,
            "dnsEnd" : -1,
            "receiveHeadersEnd" : 5,
            "sslEnd" : -1,
            "connectEnd" : 1,
            "connectStart" : 0,
            "id" : "download_19",
            "receivedTime" : "451.87500026077",
            "sslStart" : -1,
            "dnsStart" : -1,
            "receiveLast" : 446.87500026077,
            "s_time" : 159.49899982661,
            "sendEnd" : 1,
            "sendStart" : 1,
            "type" : "image/jpeg"
         }
      },
      {
         "when_comp_start" : -1,
         "url" : "http://www.bhwd.me/wp-includes/js/wp-emoji-release.min.js?ver=4.4.2",
         "id" : "r2",
         "comps" : [
            {
               "s_time" : 772.722000256181,
               "time" : 8.81899986416101,
               "type" : 2,
               "id" : "comp_62",
               "e_time" : 781.541000120342
            }
         ],
         "download" : {
            "receiveFirst" : 422,
            "len" : 33713,
            "dns" : 247,
            "dnsEnd" : 263,
            "receiveHeadersEnd" : 692,
            "sslEnd" : -1,
            "connectEnd" : 270,
            "connectStart" : 0,
            "id" : "download_20",
            "receivedTime" : "772.148000076413",
            "sslStart" : -1,
            "dnsStart" : 16,
            "receiveLast" : 80.1480000764132,
            "s_time" : 77.680999878794,
            "sendEnd" : 270,
            "sendStart" : 270,
            "type" : "application/javascript"
         }
      }
   ],
   "deps" : [
      {
         "a2" : "r1_c2",
         "time" : -1,
         "id" : "dep1",
         "a1" : "comp_20"
      },
      {
         "a2" : "r1_c3",
         "time" : -1,
         "id" : "dep2",
         "a1" : "comp_22"
      },
      {
         "a2" : "r1_c4",
         "time" : -1,
         "id" : "dep3",
         "a1" : "comp_25"
      },
      {
         "a2" : "r1_c5",
         "time" : -1,
         "id" : "dep4",
         "a1" : "comp_28"
      },
      {
         "a2" : "r1_c6",
         "time" : -1,
         "id" : "dep5",
         "a1" : "comp_30"
      },
      {
         "a2" : "r1_c7",
         "time" : -1,
         "id" : "dep6",
         "a1" : "comp_32"
      },
      {
         "a2" : "r1_c8",
         "time" : -1,
         "id" : "dep7",
         "a1" : "comp_36"
      },
      {
         "a2" : "r1_c9",
         "time" : -1,
         "id" : "dep8",
         "a1" : "comp_38"
      },
      {
         "a2" : "r1_c10",
         "time" : -1,
         "id" : "dep9",
         "a1" : "comp_64"
      },
      {
         "a2" : "r1_c11",
         "time" : -1,
         "id" : "dep10",
         "a1" : "comp_66"
      },
      {
         "a2" : "r1_c12",
         "time" : -1,
         "id" : "dep11",
         "a1" : "comp_67"
      },
      {
         "a2" : "comp_20",
         "time" : -1,
         "id" : "dep12",
         "a1" : "comp_3"
      },
      {
         "a2" : "comp_20",
         "time" : -1,
         "id" : "dep13",
         "a1" : "comp_19"
      },
      {
         "a2" : "comp_20",
         "time" : -1,
         "id" : "dep14",
         "a1" : "comp_7"
      },
      {
         "a2" : "comp_20",
         "time" : -1,
         "id" : "dep15",
         "a1" : "comp_5"
      },
      {
         "a2" : "comp_20",
         "time" : -1,
         "id" : "dep16",
         "a1" : "comp_9"
      },
      {
         "a2" : "comp_20",
         "time" : -1,
         "id" : "dep17",
         "a1" : "comp_11"
      },
      {
         "a2" : "comp_20",
         "time" : -1,
         "id" : "dep18",
         "a1" : "comp_12"
      },
      {
         "a2" : "comp_20",
         "time" : -1,
         "id" : "dep19",
         "a1" : "comp_13"
      },
      {
         "a2" : "comp_22",
         "time" : -1,
         "id" : "dep20",
         "a1" : "comp_20"
      },
      {
         "a2" : "comp_30",
         "time" : -1,
         "id" : "dep21",
         "a1" : "comp_28"
      },
      {
         "a2" : "comp_32",
         "time" : -1,
         "id" : "dep22",
         "a1" : "comp_30"
      },
      {
         "a2" : "comp_36",
         "time" : -1,
         "id" : "dep23",
         "a1" : "comp_32"
      },
      {
         "a2" : "comp_38",
         "time" : -1,
         "id" : "dep24",
         "a1" : "comp_36"
      },
      {
         "a2" : "download_20",
         "time" : -1,
         "id" : "dep25",
         "a1" : "r1_c1"
      },
      {
         "a2" : "download_19",
         "time" : -1,
         "id" : "dep26",
         "a1" : "r1_c1"
      },
      {
         "a2" : "download_18",
         "time" : 96.0840000770985,
         "id" : "dep27",
         "a1" : "r1_c1"
      },
      {
         "a2" : "download_17",
         "time" : 38.5219999589026,
         "id" : "dep28",
         "a1" : "r1_c1"
      },
      {
         "a2" : "download_16",
         "time" : 41.4370000362397,
         "id" : "dep29",
         "a1" : "r1_c1"
      },
      {
         "a2" : "download_15",
         "time" : 40.9699999727309,
         "id" : "dep30",
         "a1" : "r1_c1"
      },
      {
         "a2" : "download_14",
         "time" : 40.4849997721613,
         "id" : "dep31",
         "a1" : "r1_c1"
      },
      {
         "a2" : "download_13",
         "time" : 39.981999900192,
         "id" : "dep32",
         "a1" : "r1_c1"
      },
      {
         "a2" : "download_12",
         "time" : 39.3799999728799,
         "id" : "dep33",
         "a1" : "r1_c1"
      },
      {
         "a2" : "download_11",
         "time" : 37.9800000227988,
         "id" : "dep34",
         "a1" : "r1_c1"
      },
      {
         "a2" : "download_10",
         "time" : 37.5659996643663,
         "id" : "dep35",
         "a1" : "r1_c1"
      },
      {
         "a2" : "download_9",
         "time" : 36.9739998131991,
         "id" : "dep36",
         "a1" : "r1_c1"
      },
      {
         "a2" : "download_8",
         "time" : 36.4979999139905,
         "id" : "dep37",
         "a1" : "r1_c1"
      },
      {
         "a2" : "download_7",
         "time" : 35.9839997254312,
         "id" : "dep38",
         "a1" : "r1_c1"
      },
      {
         "a2" : "download_6",
         "time" : 35.3870000690222,
         "id" : "dep39",
         "a1" : "r1_c1"
      },
      {
         "a2" : "download_5",
         "time" : 34.8939998075366,
         "id" : "dep40",
         "a1" : "r1_c1"
      },
      {
         "a2" : "download_4",
         "time" : 34.1630000621081,
         "id" : "dep41",
         "a1" : "r1_c1"
      },
      {
         "a2" : "download_3",
         "time" : 33.4419999271632,
         "id" : "dep42",
         "a1" : "r1_c1"
      },
      {
         "a2" : "download_2",
         "time" : 32.7229998074472,
         "id" : "dep43",
         "a1" : "r1_c1"
      },
      {
         "a2" : "download_1",
         "time" : 31.9340000860393,
         "id" : "dep44",
         "a1" : "r1_c1"
      }
   ]
}
