{
   "n_download_no_trigger" : 1,
   "start_activity" : "download_0",
   "name" : "modified.testbed.localhost_www.mail.ru_",
   "load_activity" : -1,
   "objs" : [
      {
         "when_comp_start" : 1,
         "url" : "http://modified.testbed.localhost/www.mail.ru/",
         "id" : "r1",
         "comps" : [
            {
               "s_time" : 34.1089996509254,
               "time" : 732.772000133992,
               "id" : "r1_c1",
               "type" : "evalhtml",
               "e_time" : 766.880999784917
            },
            {
               "s_time" : 782.795999664813,
               "time" : -3377051844.272,
               "id" : "r1_c2",
               "type" : "evalhtml",
               "e_time" : -3377051061.476
            },
            {
               "s_time" : 792.138999793679,
               "time" : 38.3729999884961,
               "id" : "r1_c3",
               "type" : "evalhtml",
               "e_time" : 830.511999782175
            },
            {
               "s_time" : 843.601999804378,
               "time" : 0.283000059425035,
               "id" : "r1_c4",
               "type" : "evalhtml",
               "e_time" : 843.884999863803
            },
            {
               "s_time" : 854.700999800116,
               "time" : 936.278000008314,
               "type" : "evalhtml",
               "id" : "r1_c5",
               "e_time" : 1790.97899980843
            }
         ],
         "download" : {
            "receiveFirst" : 4,
            "len" : 249074,
            "dns" : 0,
            "dnsEnd" : -1,
            "receiveHeadersEnd" : 4,
            "sslEnd" : -1,
            "connectEnd" : 0,
            "connectStart" : 0,
            "id" : "download_0",
            "receivedTime" : "33.8339996524155",
            "sslStart" : -1,
            "dnsStart" : -1,
            "receiveLast" : 29.8339996524155,
            "s_time" : 0,
            "sendEnd" : 0,
            "sendStart" : 0,
            "type" : "text/html"
         }
      },
      {
         "when_comp_start" : -1,
         "url" : "http://top-fwz1.mail.ru/js/code.js",
         "id" : "r6",
         "comps" : [
            {
               "s_time" : 111.506999935955,
               "time" : 59.257999993861,
               "type" : 2,
               "id" : "comp_41",
               "e_time" : 170.764999929816
            }
         ],
         "download" : {
            "receiveFirst" : 0,
            "len" : 8803,
            "dns" : 0,
            "dnsEnd" : -1,
            "receiveHeadersEnd" : 0,
            "sslEnd" : -1,
            "connectEnd" : 0,
            "connectStart" : 0,
            "id" : "download_1",
            "receivedTime" : "95.6219998188317",
            "sslStart" : -1,
            "dnsStart" : -1,
            "receiveLast" : 95.6219998188317,
            "s_time" : 50.9639997035265,
            "sendEnd" : 0,
            "sendStart" : 0,
            "type" : "application/javascript"
         }
      },
      {
         "when_comp_start" : -1,
         "url" : "https://img.imgsmail.ru/ph/0.42.6/external.min.js",
         "id" : "r9",
         "comps" : [
            {
               "s_time" : 178.328999783844,
               "time" : 30.187000054866,
               "type" : 2,
               "id" : "comp_46",
               "e_time" : 208.51599983871
            }
         ],
         "download" : {
            "receiveFirst" : 3,
            "len" : 222340,
            "dns" : 0,
            "dnsEnd" : -1,
            "receiveHeadersEnd" : 3,
            "sslEnd" : -1,
            "connectEnd" : 0,
            "connectStart" : 0,
            "id" : "download_2",
            "receivedTime" : "171.370999887586",
            "sslStart" : -1,
            "dnsStart" : -1,
            "receiveLast" : 168.370999887586,
            "s_time" : 80.8270000852644,
            "sendEnd" : 0,
            "sendStart" : 0,
            "type" : "application/x-javascript"
         }
      },
      {
         "when_comp_start" : -1,
         "url" : "http://limg.imgsmail.ru/splash/v/i/logo-7f804cc19c.v5.png",
         "id" : "r10",
         "comps" : [],
         "download" : {
            "receiveFirst" : 0,
            "len" : 2658,
            "dns" : 0,
            "dnsEnd" : -1,
            "receiveHeadersEnd" : 0,
            "sslEnd" : -1,
            "connectEnd" : 0,
            "connectStart" : 0,
            "id" : "download_3",
            "receivedTime" : "171.606000047177",
            "sslStart" : -1,
            "dnsStart" : -1,
            "receiveLast" : 171.606000047177,
            "s_time" : 85.3769998066127,
            "sendEnd" : 0,
            "sendStart" : 0,
            "type" : "image/png"
         }
      },
      {
         "when_comp_start" : -1,
         "url" : "http://rs.mail.ru/d703055.gif",
         "id" : "r3",
         "comps" : [],
         "download" : {
            "receiveFirst" : 143,
            "len" : 43,
            "dns" : 0,
            "dnsEnd" : 0,
            "receiveHeadersEnd" : 208,
            "sslEnd" : -1,
            "connectEnd" : 65,
            "connectStart" : 0,
            "id" : "download_4",
            "receivedTime" : "609.615999739617",
            "sslStart" : -1,
            "dnsStart" : 0,
            "receiveLast" : 401.615999739617,
            "s_time" : 45.8499998785555,
            "sendEnd" : 65,
            "sendStart" : 65,
            "type" : "image/gif"
         }
      },
      {
         "when_comp_start" : -1,
         "url" : "http://www.tns-counter.ru/V13a***R%3E*mail_ru/ru/UTF-8/tmsec=mail_main/424915213",
         "id" : "r4",
         "comps" : [],
         "download" : {
            "receiveFirst" : 135,
            "len" : 43,
            "dns" : 0,
            "dnsEnd" : 0,
            "receiveHeadersEnd" : 276,
            "sslEnd" : -1,
            "connectEnd" : 141,
            "connectStart" : 0,
            "id" : "download_5",
            "receivedTime" : "610.024999827147",
            "sslStart" : -1,
            "dnsStart" : 0,
            "receiveLast" : 334.024999827147,
            "s_time" : 49.8719997704029,
            "sendEnd" : 141,
            "sendStart" : 141,
            "type" : "image/gif"
         }
      },
      {
         "when_comp_start" : -1,
         "url" : "http://counter.yadro.ru/hit;mail-splash/pc?r;s1024*768*24;uhttp%3A//modified.testbed.localhost/www.mail.ru/;0.9658524873666465",
         "id" : "r7",
         "comps" : [],
         "download" : {
            "receiveFirst" : 140,
            "len" : 43,
            "dns" : 0,
            "dnsEnd" : 0,
            "receiveHeadersEnd" : 288,
            "sslEnd" : -1,
            "connectEnd" : 147,
            "connectStart" : 0,
            "id" : "download_6",
            "receivedTime" : "613.79100009799",
            "sslStart" : -1,
            "dnsStart" : 0,
            "receiveLast" : 325.79100009799,
            "s_time" : 51.8950000405312,
            "sendEnd" : 148,
            "sendStart" : 147,
            "type" : "image/gif"
         }
      },
      {
         "when_comp_start" : -1,
         "url" : "http://mail.radar.imgsmail.ru/update?p=mail0&t=main&v=0&rnd=374926986",
         "id" : "r2",
         "comps" : [],
         "download" : {
            "receiveFirst" : 137,
            "len" : 43,
            "dns" : 39,
            "dnsEnd" : 39,
            "receiveHeadersEnd" : 314,
            "sslEnd" : -1,
            "connectEnd" : 177,
            "connectStart" : 0,
            "id" : "download_7",
            "receivedTime" : "610.477999784052",
            "sslStart" : -1,
            "dnsStart" : 0,
            "receiveLast" : 296.477999784052,
            "s_time" : 45.2069998718798,
            "sendEnd" : 177,
            "sendStart" : 177,
            "type" : "image/gif"
         }
      },
      {
         "when_comp_start" : -1,
         "url" : "https://rs.mail.ru/d1398861.gif?rnd=177805029&ts=1461794066",
         "id" : "r5",
         "comps" : [],
         "download" : {
            "receiveFirst" : 141,
            "len" : 43,
            "dns" : 0,
            "dnsEnd" : 0,
            "receiveHeadersEnd" : 361,
            "sslEnd" : 217,
            "connectEnd" : 218,
            "connectStart" : 0,
            "id" : "download_8",
            "receivedTime" : "613.634999841452",
            "sslStart" : 62,
            "dnsStart" : 0,
            "receiveLast" : 252.634999841452,
            "s_time" : 50.1099997200072,
            "sendEnd" : 220,
            "sendStart" : 218,
            "type" : "image/gif"
         }
      },
      {
         "when_comp_start" : -1,
         "url" : "http://limg.imgsmail.ru/splash/v/i/icons-928a155237.v16.png",
         "id" : "r11",
         "comps" : [],
         "download" : {
            "receiveFirst" : 5,
            "len" : 6900,
            "dns" : 0,
            "dnsEnd" : -1,
            "receiveHeadersEnd" : 513,
            "sslEnd" : -1,
            "connectEnd" : 508,
            "connectStart" : 0,
            "id" : "download_9",
            "receivedTime" : "616.332999896258",
            "sslStart" : -1,
            "dnsStart" : -1,
            "receiveLast" : 103.332999896258,
            "s_time" : 99.7469997964799,
            "sendEnd" : 508,
            "sendStart" : 508,
            "type" : "image/png"
         }
      },
      {
         "when_comp_start" : -1,
         "url" : "http://limg.imgsmail.ru/splash/v/i/inputs-9cd72c6b61.png",
         "id" : "r12",
         "comps" : [],
         "download" : {
            "receiveFirst" : 5,
            "len" : 777,
            "dns" : 0,
            "dnsEnd" : -1,
            "receiveHeadersEnd" : 511,
            "sslEnd" : -1,
            "connectEnd" : 506,
            "connectStart" : 0,
            "id" : "download_10",
            "receivedTime" : "620.192999951541",
            "sslStart" : -1,
            "dnsStart" : -1,
            "receiveLast" : 109.192999951541,
            "s_time" : 101.7189999111,
            "sendEnd" : 506,
            "sendStart" : 506,
            "type" : "image/png"
         }
      },
      {
         "when_comp_start" : -1,
         "url" : "https://r.mradx.net/img/00/F2D0FD.png",
         "id" : "r13",
         "comps" : [],
         "download" : {
            "receiveFirst" : 6,
            "len" : 790,
            "dns" : 0,
            "dnsEnd" : -1,
            "receiveHeadersEnd" : 506,
            "sslEnd" : -1,
            "connectEnd" : 500,
            "connectStart" : 0,
            "id" : "download_11",
            "receivedTime" : "620.35800004378",
            "sslStart" : -1,
            "dnsStart" : -1,
            "receiveLast" : 114.35800004378,
            "s_time" : 107.569999992847,
            "sendEnd" : 500,
            "sendStart" : 500,
            "type" : "image/png"
         }
      },
      {
         "when_comp_start" : -1,
         "url" : "https://r.mradx.net/pictures/C0/E47936.jpg",
         "id" : "r14",
         "comps" : [],
         "download" : {
            "receiveFirst" : 6,
            "len" : 1791,
            "dns" : 0,
            "dnsEnd" : -1,
            "receiveHeadersEnd" : 506,
            "sslEnd" : -1,
            "connectEnd" : 500,
            "connectStart" : 0,
            "id" : "download_12",
            "receivedTime" : "620.511999819428",
            "sslStart" : -1,
            "dnsStart" : -1,
            "receiveLast" : 114.511999819428,
            "s_time" : 107.897999696434,
            "sendEnd" : 500,
            "sendStart" : 500,
            "type" : "image/jpeg"
         }
      },
      {
         "when_comp_start" : -1,
         "url" : "http://limg.imgsmail.ru/splash/v/c/splash-44065a6383.css",
         "id" : "r18",
         "comps" : [
            {
               "s_time" : 621.165999677032,
               "time" : 20.45000018552,
               "type" : 4,
               "id" : "comp_62",
               "e_time" : 641.615999862552
            }
         ],
         "download" : {
            "receiveFirst" : 5,
            "len" : 106521,
            "dns" : 0,
            "dnsEnd" : -1,
            "receiveHeadersEnd" : 441,
            "sslEnd" : -1,
            "connectEnd" : 436,
            "connectStart" : 0,
            "id" : "download_13",
            "receivedTime" : "621.102999895811",
            "sslStart" : -1,
            "dnsStart" : -1,
            "receiveLast" : 180.102999895811,
            "s_time" : 172.360999975353,
            "sendEnd" : 436,
            "sendStart" : 436,
            "type" : "text/css"
         }
      },
      {
         "when_comp_start" : -1,
         "url" : "https://r.mradx.net/pictures/97/3CC4C3.jpg",
         "id" : "r21",
         "comps" : [],
         "download" : {
            "receiveFirst" : 5,
            "len" : 4142,
            "dns" : 0,
            "dnsEnd" : -1,
            "receiveHeadersEnd" : 5,
            "sslEnd" : -1,
            "connectEnd" : 0,
            "connectStart" : 0,
            "id" : "download_14",
            "receivedTime" : "620.735999662429",
            "sslStart" : -1,
            "dnsStart" : -1,
            "receiveLast" : 615.735999662429,
            "s_time" : 610.316999722272,
            "sendEnd" : 0,
            "sendStart" : 0,
            "type" : "image/jpeg"
         }
      },
      {
         "when_comp_start" : -1,
         "url" : "http://limg.imgsmail.ru/splash/v/i/loader-29dd12e4c5.gif",
         "id" : "r27",
         "comps" : [],
         "download" : {
            "receiveFirst" : 0,
            "len" : 10144,
            "dns" : 0,
            "dnsEnd" : -1,
            "receiveHeadersEnd" : 0,
            "sslEnd" : -1,
            "connectEnd" : 0,
            "connectStart" : 0,
            "id" : "download_15",
            "receivedTime" : "701.361000072211",
            "sslStart" : -1,
            "dnsStart" : -1,
            "receiveLast" : 701.361000072211,
            "s_time" : 642.599999904633,
            "sendEnd" : 0,
            "sendStart" : 0,
            "type" : "image/gif"
         }
      },
      {
         "when_comp_start" : -1,
         "url" : "http://limg.imgsmail.ru/splash/v/j/s_n-2751115e26.js",
         "id" : "r34",
         "comps" : [
            {
               "s_time" : 742.06899991259,
               "time" : 40.726999752223,
               "type" : 1,
               "id" : "comp_96",
               "e_time" : 782.795999664813
            }
         ],
         "download" : {
            "receiveFirst" : 1,
            "len" : 108056,
            "dns" : 0,
            "dnsEnd" : -1,
            "receiveHeadersEnd" : 1,
            "sslEnd" : -1,
            "connectEnd" : 0,
            "connectStart" : 0,
            "id" : "download_16",
            "receivedTime" : "742.000999860466",
            "sslStart" : -1,
            "dnsStart" : -1,
            "receiveLast" : 741.000999860466,
            "s_time" : 737.731999717653,
            "sendEnd" : 0,
            "sendStart" : 0,
            "type" : "application/javascript"
         }
      },
      {
         "when_comp_start" : -1,
         "url" : "http://limg.imgsmail.ru/splash/v/j/postload-65b923a424.js",
         "id" : "r42",
         "comps" : [
            {
               "s_time" : 791.658999864012,
               "time" : 0.479999929666974,
               "type" : 1,
               "id" : "comp_108",
               "e_time" : 792.138999793679
            }
         ],
         "download" : {
            "receiveFirst" : 0,
            "len" : 2893,
            "dns" : 0,
            "dnsEnd" : -1,
            "receiveHeadersEnd" : 0,
            "sslEnd" : -1,
            "connectEnd" : 0,
            "connectStart" : 0,
            "id" : "download_17",
            "receivedTime" : "741.068999748677",
            "sslStart" : -1,
            "dnsStart" : -1,
            "receiveLast" : 741.068999748677,
            "s_time" : 739.339999854565,
            "sendEnd" : 0,
            "sendStart" : 0,
            "type" : "application/javascript"
         }
      },
      {
         "when_comp_start" : -1,
         "url" : "http://top-fwz1.mail.ru/counter?js=13;id=110605;u=http%3A//modified.testbed.localhost/www.mail.ru/;st=1461894323537;title=Mail.Ru%3A%20%D0%BF%D0%BE%D1%87%D1%82%D0%B0%2C%20%D0%BF%D0%BE%D0%B8%D1%81%D0%BA%20%D0%B2%20%D0%B8%D0%BD%D1%82%D0%B5%D1%80%D0%BD%D0%B5%D1%82%D0%B5%2C%20%D0%BD%D0%BE%D0%B2%D0%BE%D1",
         "id" : "r17",
         "comps" : [],
         "download" : {
            "receiveFirst" : 136,
            "len" : 43,
            "dns" : 0,
            "dnsEnd" : -1,
            "receiveHeadersEnd" : 142,
            "sslEnd" : -1,
            "connectEnd" : 6,
            "connectStart" : 0,
            "id" : "download_18",
            "receivedTime" : "794.719999656081",
            "sslStart" : -1,
            "dnsStart" : -1,
            "receiveLast" : 652.719999656081,
            "s_time" : 609.64999999851,
            "sendEnd" : 6,
            "sendStart" : 6,
            "type" : "image/gif"
         }
      },
      {
         "when_comp_start" : -1,
         "url" : "http://rs.mail.ru/d6597127.gif?&rnd=151574548",
         "id" : "r15",
         "comps" : [],
         "download" : {
            "receiveFirst" : 141,
            "len" : 43,
            "dns" : 0,
            "dnsEnd" : -1,
            "receiveHeadersEnd" : 644,
            "sslEnd" : -1,
            "connectEnd" : 503,
            "connectStart" : 0,
            "id" : "download_19",
            "receivedTime" : "795.008999761194",
            "sslStart" : -1,
            "dnsStart" : -1,
            "receiveLast" : 151.008999761194,
            "s_time" : 109.116999898106,
            "sendEnd" : 503,
            "sendStart" : 503,
            "type" : "image/gif"
         }
      },
      {
         "when_comp_start" : -1,
         "url" : "http://img.imgsmail.ru/r/weather_new/icons/svg50_outline/04.svg",
         "id" : "r32",
         "comps" : [],
         "download" : {
            "receiveFirst" : 1,
            "len" : 1187,
            "dns" : 0,
            "dnsEnd" : -1,
            "receiveHeadersEnd" : 1,
            "sslEnd" : -1,
            "connectEnd" : 0,
            "connectStart" : 0,
            "id" : "download_20",
            "receivedTime" : "795.258000027388",
            "sslStart" : -1,
            "dnsStart" : -1,
            "receiveLast" : 794.258000027388,
            "s_time" : 754.176999907941,
            "sendEnd" : 0,
            "sendStart" : 0,
            "type" : "image/svg+xml"
         }
      },
      {
         "when_comp_start" : -1,
         "url" : "http://limg.imgsmail.ru/splash/v/i/aquarius-12280e425b.png",
         "id" : "r33",
         "comps" : [],
         "download" : {
            "receiveFirst" : 0,
            "len" : 1616,
            "dns" : 0,
            "dnsEnd" : -1,
            "receiveHeadersEnd" : 0,
            "sslEnd" : -1,
            "connectEnd" : 0,
            "connectStart" : 0,
            "id" : "download_21",
            "receivedTime" : "799.937999807298",
            "sslStart" : -1,
            "dnsStart" : -1,
            "receiveLast" : 799.937999807298,
            "s_time" : 756.041999906301,
            "sendEnd" : 0,
            "sendStart" : 0,
            "type" : "image/png"
         }
      },
      {
         "when_comp_start" : -1,
         "url" : "http://rs.mail.ru/d21250496.gif?&rnd=687215873",
         "id" : "r16",
         "comps" : [],
         "download" : {
            "receiveFirst" : 143,
            "len" : 43,
            "dns" : 0,
            "dnsEnd" : -1,
            "receiveHeadersEnd" : 149,
            "sslEnd" : -1,
            "connectEnd" : 6,
            "connectStart" : 0,
            "id" : "download_22",
            "receivedTime" : "800.272000022233",
            "sslStart" : -1,
            "dnsStart" : -1,
            "receiveLast" : 651.272000022233,
            "s_time" : 609.093999955803,
            "sendEnd" : 6,
            "sendStart" : 6,
            "type" : "image/gif"
         }
      },
      {
         "when_comp_start" : -1,
         "url" : "https://r.mradx.net/img/C3/198527.jpg",
         "id" : "r36",
         "comps" : [],
         "download" : {
            "receiveFirst" : 0,
            "len" : 33599,
            "dns" : 0,
            "dnsEnd" : -1,
            "receiveHeadersEnd" : 0,
            "sslEnd" : -1,
            "connectEnd" : 0,
            "connectStart" : 0,
            "id" : "download_23",
            "receivedTime" : "800.659999717027",
            "sslStart" : -1,
            "dnsStart" : -1,
            "receiveLast" : 800.659999717027,
            "s_time" : 759.107999969274,
            "sendEnd" : 0,
            "sendStart" : 0,
            "type" : "image/jpeg"
         }
      },
      {
         "when_comp_start" : -1,
         "url" : "https://rs.mail.ru/d1698795.gif?rnd=272315962&ts=1461794066",
         "id" : "r22",
         "comps" : [],
         "download" : {
            "receiveFirst" : 144,
            "len" : 43,
            "dns" : 0,
            "dnsEnd" : -1,
            "receiveHeadersEnd" : 151,
            "sslEnd" : -1,
            "connectEnd" : 6,
            "connectStart" : 0,
            "id" : "download_24",
            "receivedTime" : "800.91099999845",
            "sslStart" : -1,
            "dnsStart" : -1,
            "receiveLast" : 649.91099999845,
            "s_time" : 611.180999781936,
            "sendEnd" : 7,
            "sendStart" : 6,
            "type" : "image/gif"
         }
      },
      {
         "when_comp_start" : -1,
         "url" : "http://stat.radar.imgsmail.ru/update?p=headline&t=home&v=4&i=updateError:1,updateError_netError:1,updateError_accountInfo:1,updateError_netError_accountInfo:1&rlog=navidata_errors&rlog_message=netError,accountInfo,netError&rnd=0.09946012194268405",
         "id" : "r25",
         "comps" : [],
         "download" : {
            "receiveFirst" : 144,
            "len" : 43,
            "dns" : 0,
            "dnsEnd" : -1,
            "receiveHeadersEnd" : 147,
            "sslEnd" : -1,
            "connectEnd" : 3,
            "connectStart" : 0,
            "id" : "download_25",
            "receivedTime" : "801.175999920815",
            "sslStart" : -1,
            "dnsStart" : -1,
            "receiveLast" : 654.175999920815,
            "s_time" : 616.268000099808,
            "sendEnd" : 3,
            "sendStart" : 3,
            "type" : "image/gif"
         }
      },
      {
         "when_comp_start" : -1,
         "url" : "https://r.mradx.net/pictures/1C/D45514.jpg",
         "id" : "r38",
         "comps" : [],
         "download" : {
            "receiveFirst" : 1,
            "len" : 3477,
            "dns" : 0,
            "dnsEnd" : -1,
            "receiveHeadersEnd" : 1,
            "sslEnd" : -1,
            "connectEnd" : 0,
            "connectStart" : 0,
            "id" : "download_26",
            "receivedTime" : "801.491999998689",
            "sslStart" : -1,
            "dnsStart" : -1,
            "receiveLast" : 800.491999998689,
            "s_time" : 763.256999664009,
            "sendEnd" : 0,
            "sendStart" : 0,
            "type" : "image/jpeg"
         }
      },
      {
         "when_comp_start" : -1,
         "url" : "https://r.mradx.net/pictures/1C/85437C.jpg",
         "id" : "r39",
         "comps" : [],
         "download" : {
            "receiveFirst" : 1,
            "len" : 2895,
            "dns" : 0,
            "dnsEnd" : -1,
            "receiveHeadersEnd" : 1,
            "sslEnd" : -1,
            "connectEnd" : 0,
            "connectStart" : 0,
            "id" : "download_27",
            "receivedTime" : "801.62200005725",
            "sslStart" : -1,
            "dnsStart" : -1,
            "receiveLast" : 800.62200005725,
            "s_time" : 764.26799967885,
            "sendEnd" : 0,
            "sendStart" : 0,
            "type" : "image/jpeg"
         }
      },
      {
         "when_comp_start" : -1,
         "url" : "https://r.mradx.net/pictures/0D/FF0717.jpg",
         "id" : "r40",
         "comps" : [],
         "download" : {
            "receiveFirst" : 1,
            "len" : 3017,
            "dns" : 0,
            "dnsEnd" : -1,
            "receiveHeadersEnd" : 1,
            "sslEnd" : -1,
            "connectEnd" : 0,
            "connectStart" : 0,
            "id" : "download_28",
            "receivedTime" : "801.96199985221",
            "sslStart" : -1,
            "dnsStart" : -1,
            "receiveLast" : 800.96199985221,
            "s_time" : 766.143999993801,
            "sendEnd" : 0,
            "sendStart" : 0,
            "type" : "image/jpeg"
         }
      },
      {
         "when_comp_start" : -1,
         "url" : "https://r.mradx.net/pictures/F3/D3DE5A.jpg",
         "id" : "r41",
         "comps" : [],
         "download" : {
            "receiveFirst" : 1,
            "len" : 2284,
            "dns" : 0,
            "dnsEnd" : -1,
            "receiveHeadersEnd" : 1,
            "sslEnd" : -1,
            "connectEnd" : 0,
            "connectStart" : 0,
            "id" : "download_29",
            "receivedTime" : "802.099999971688",
            "sslStart" : -1,
            "dnsStart" : -1,
            "receiveLast" : 801.099999971688,
            "s_time" : 766.880999784917,
            "sendEnd" : 0,
            "sendStart" : 0,
            "type" : "image/jpeg"
         }
      },
      {
         "when_comp_start" : -1,
         "url" : "http://rs.mail.ru/d20487729.gif?&rnd=146497540",
         "id" : "r26",
         "comps" : [],
         "download" : {
            "receiveFirst" : 142,
            "len" : 43,
            "dns" : 0,
            "dnsEnd" : -1,
            "receiveHeadersEnd" : 142,
            "sslEnd" : -1,
            "connectEnd" : 0,
            "connectStart" : 0,
            "id" : "download_30",
            "receivedTime" : "819.05800011009",
            "sslStart" : -1,
            "dnsStart" : -1,
            "receiveLast" : 677.05800011009,
            "s_time" : 641.28699991852,
            "sendEnd" : 0,
            "sendStart" : 0,
            "type" : "image/gif"
         }
      },
      {
         "when_comp_start" : -1,
         "url" : "https://r.mradx.net/pictures/7E/9C2C12.jpg",
         "id" : "r43",
         "comps" : [],
         "download" : {
            "receiveFirst" : 1,
            "len" : 10786,
            "dns" : 0,
            "dnsEnd" : -1,
            "receiveHeadersEnd" : 1,
            "sslEnd" : -1,
            "connectEnd" : 0,
            "connectStart" : 0,
            "id" : "download_31",
            "receivedTime" : "835.489999968559",
            "sslStart" : -1,
            "dnsStart" : -1,
            "receiveLast" : 834.489999968559,
            "s_time" : 793.734999839216,
            "sendEnd" : 0,
            "sendStart" : 0,
            "type" : "image/jpeg"
         }
      },
      {
         "when_comp_start" : -1,
         "url" : "https://r.mradx.net/pictures/6F/E92C34.jpg",
         "id" : "r44",
         "comps" : [],
         "download" : {
            "receiveFirst" : 1,
            "len" : 12784,
            "dns" : 0,
            "dnsEnd" : -1,
            "receiveHeadersEnd" : 1,
            "sslEnd" : -1,
            "connectEnd" : 0,
            "connectStart" : 0,
            "id" : "download_32",
            "receivedTime" : "835.814999882132",
            "sslStart" : -1,
            "dnsStart" : -1,
            "receiveLast" : 834.814999882132,
            "s_time" : 794.078999664634,
            "sendEnd" : 0,
            "sendStart" : 0,
            "type" : "image/jpeg"
         }
      },
      {
         "when_comp_start" : -1,
         "url" : "https://r.mradx.net/pictures/0E/E78AC7.jpg",
         "id" : "r45",
         "comps" : [],
         "download" : {
            "receiveFirst" : 1,
            "len" : 2719,
            "dns" : 0,
            "dnsEnd" : -1,
            "receiveHeadersEnd" : 1,
            "sslEnd" : -1,
            "connectEnd" : 0,
            "connectStart" : 0,
            "id" : "download_33",
            "receivedTime" : "838.608999736607",
            "sslStart" : -1,
            "dnsStart" : -1,
            "receiveLast" : 837.608999736607,
            "s_time" : 816.504999995232,
            "sendEnd" : 0,
            "sendStart" : 0,
            "type" : "image/jpeg"
         }
      },
      {
         "when_comp_start" : -1,
         "url" : "https://r.mradx.net/pictures/3E/2E2715.jpg",
         "id" : "r46",
         "comps" : [],
         "download" : {
            "receiveFirst" : 1,
            "len" : 1739,
            "dns" : 0,
            "dnsEnd" : -1,
            "receiveHeadersEnd" : 1,
            "sslEnd" : -1,
            "connectEnd" : 0,
            "connectStart" : 0,
            "id" : "download_34",
            "receivedTime" : "838.913999963552",
            "sslStart" : -1,
            "dnsStart" : -1,
            "receiveLast" : 837.913999963552,
            "s_time" : 816.774999722838,
            "sendEnd" : 0,
            "sendStart" : 0,
            "type" : "image/jpeg"
         }
      },
      {
         "when_comp_start" : -1,
         "url" : "https://r.mradx.net/pictures/7B/AAAB23.jpg",
         "id" : "r47",
         "comps" : [],
         "download" : {
            "receiveFirst" : 2,
            "len" : 2468,
            "dns" : 0,
            "dnsEnd" : -1,
            "receiveHeadersEnd" : 2,
            "sslEnd" : -1,
            "connectEnd" : 0,
            "connectStart" : 0,
            "id" : "download_35",
            "receivedTime" : "839.14399985224",
            "sslStart" : -1,
            "dnsStart" : -1,
            "receiveLast" : 837.14399985224,
            "s_time" : 816.966999787837,
            "sendEnd" : 0,
            "sendStart" : 0,
            "type" : "image/jpeg"
         }
      },
      {
         "when_comp_start" : -1,
         "url" : "https://r.mradx.net/pictures/02/52F2EC.jpg",
         "id" : "r48",
         "comps" : [],
         "download" : {
            "receiveFirst" : 1,
            "len" : 1934,
            "dns" : 0,
            "dnsEnd" : -1,
            "receiveHeadersEnd" : 1,
            "sslEnd" : -1,
            "connectEnd" : 0,
            "connectStart" : 0,
            "id" : "download_36",
            "receivedTime" : "839.88399989903",
            "sslStart" : -1,
            "dnsStart" : -1,
            "receiveLast" : 838.88399989903,
            "s_time" : 819.387000054121,
            "sendEnd" : 0,
            "sendStart" : 0,
            "type" : "image/jpeg"
         }
      },
      {
         "when_comp_start" : -1,
         "url" : "https://r.mradx.net/pictures/4E/39D7B1.jpg",
         "id" : "r49",
         "comps" : [],
         "download" : {
            "receiveFirst" : 1,
            "len" : 4456,
            "dns" : 0,
            "dnsEnd" : -1,
            "receiveHeadersEnd" : 1,
            "sslEnd" : -1,
            "connectEnd" : 0,
            "connectStart" : 0,
            "id" : "download_37",
            "receivedTime" : "840.12100007385",
            "sslStart" : -1,
            "dnsStart" : -1,
            "receiveLast" : 839.12100007385,
            "s_time" : 819.958999752998,
            "sendEnd" : 0,
            "sendStart" : 0,
            "type" : "image/jpeg"
         }
      },
      {
         "when_comp_start" : -1,
         "url" : "https://r.mradx.net/pictures/2C/043957.jpg",
         "id" : "r50",
         "comps" : [],
         "download" : {
            "receiveFirst" : 1,
            "len" : 2623,
            "dns" : 0,
            "dnsEnd" : -1,
            "receiveHeadersEnd" : 1,
            "sslEnd" : -1,
            "connectEnd" : 0,
            "connectStart" : 0,
            "id" : "download_38",
            "receivedTime" : "840.326999779791",
            "sslStart" : -1,
            "dnsStart" : -1,
            "receiveLast" : 839.326999779791,
            "s_time" : 820.450999774039,
            "sendEnd" : 0,
            "sendStart" : 0,
            "type" : "image/jpeg"
         }
      },
      {
         "when_comp_start" : -1,
         "url" : "https://r.mradx.net/pictures/72/27EFA2.jpg",
         "id" : "r51",
         "comps" : [],
         "download" : {
            "receiveFirst" : 1,
            "len" : 3937,
            "dns" : 0,
            "dnsEnd" : -1,
            "receiveHeadersEnd" : 1,
            "sslEnd" : -1,
            "connectEnd" : 0,
            "connectStart" : 0,
            "id" : "download_39",
            "receivedTime" : "840.839999727905",
            "sslStart" : -1,
            "dnsStart" : -1,
            "receiveLast" : 839.839999727905,
            "s_time" : 822.019999846816,
            "sendEnd" : 0,
            "sendStart" : 0,
            "type" : "image/jpeg"
         }
      },
      {
         "when_comp_start" : -1,
         "url" : "https://r.mradx.net/pictures/91/4FFF01.jpg",
         "id" : "r52",
         "comps" : [],
         "download" : {
            "receiveFirst" : 1,
            "len" : 2851,
            "dns" : 0,
            "dnsEnd" : -1,
            "receiveHeadersEnd" : 1,
            "sslEnd" : -1,
            "connectEnd" : 0,
            "connectStart" : 0,
            "id" : "download_40",
            "receivedTime" : "841.05799999088",
            "sslStart" : -1,
            "dnsStart" : -1,
            "receiveLast" : 840.05799999088,
            "s_time" : 822.404999751598,
            "sendEnd" : 0,
            "sendStart" : 0,
            "type" : "image/jpeg"
         }
      },
      {
         "when_comp_start" : -1,
         "url" : "http://limg.imgsmail.ru/splash/v/j/a_n-b1e52dc931.js",
         "id" : "r70",
         "comps" : [
            {
               "s_time" : 849.537999834865,
               "time" : 5.16299996525106,
               "type" : 1,
               "id" : "comp_144",
               "e_time" : 854.700999800116
            }
         ],
         "download" : {
            "receiveFirst" : 0,
            "len" : 33425,
            "dns" : 0,
            "dnsEnd" : -1,
            "receiveHeadersEnd" : 0,
            "sslEnd" : -1,
            "connectEnd" : 0,
            "connectStart" : 0,
            "id" : "download_41",
            "receivedTime" : "842.822999693453",
            "sslStart" : -1,
            "dnsStart" : -1,
            "receiveLast" : 842.822999693453,
            "s_time" : 830.511999782175,
            "sendEnd" : 0,
            "sendStart" : 0,
            "type" : "application/javascript"
         }
      },
      {
         "when_comp_start" : -1,
         "url" : "http://rs.mail.ru/d1265489.gif?&rnd=900248970",
         "id" : "r29",
         "comps" : [],
         "download" : {
            "receiveFirst" : 144,
            "len" : 43,
            "dns" : 0,
            "dnsEnd" : -1,
            "receiveHeadersEnd" : 145,
            "sslEnd" : -1,
            "connectEnd" : 1,
            "connectStart" : 0,
            "id" : "download_42",
            "receivedTime" : "872.762999963015",
            "sslStart" : -1,
            "dnsStart" : -1,
            "receiveLast" : 727.762999963015,
            "s_time" : 697.913999669254,
            "sendEnd" : 1,
            "sendStart" : 1,
            "type" : "image/gif"
         }
      },
      {
         "when_comp_start" : -1,
         "url" : "http://rs.mail.ru/d644327.gif?&rnd=340513773",
         "id" : "r30",
         "comps" : [],
         "download" : {
            "receiveFirst" : 140,
            "len" : 43,
            "dns" : 0,
            "dnsEnd" : -1,
            "receiveHeadersEnd" : 196,
            "sslEnd" : -1,
            "connectEnd" : 56,
            "connectStart" : 0,
            "id" : "download_43",
            "receivedTime" : "896.108000073582",
            "sslStart" : -1,
            "dnsStart" : -1,
            "receiveLast" : 700.108000073582,
            "s_time" : 698.460000101477,
            "sendEnd" : 56,
            "sendStart" : 56,
            "type" : "image/gif"
         }
      },
      {
         "when_comp_start" : -1,
         "url" : "https://r.mradx.net/pictures/37/00BAB9.jpg",
         "id" : "r57",
         "comps" : [],
         "download" : {
            "receiveFirst" : 1,
            "len" : 6256,
            "dns" : 0,
            "dnsEnd" : -1,
            "receiveHeadersEnd" : 1,
            "sslEnd" : -1,
            "connectEnd" : 0,
            "connectStart" : 0,
            "id" : "download_44",
            "receivedTime" : "897.549000103027",
            "sslStart" : -1,
            "dnsStart" : -1,
            "receiveLast" : 896.549000103027,
            "s_time" : 895.758999977261,
            "sendEnd" : 0,
            "sendStart" : 0,
            "type" : "image/jpeg"
         }
      },
      {
         "when_comp_start" : -1,
         "url" : "https://r.mradx.net/pictures/54/26164D.jpg",
         "id" : "r58",
         "comps" : [],
         "download" : {
            "receiveFirst" : 0,
            "len" : 3586,
            "dns" : 0,
            "dnsEnd" : -1,
            "receiveHeadersEnd" : 0,
            "sslEnd" : -1,
            "connectEnd" : 0,
            "connectStart" : 0,
            "id" : "download_45",
            "receivedTime" : "898.7059998326",
            "sslStart" : -1,
            "dnsStart" : -1,
            "receiveLast" : 898.7059998326,
            "s_time" : 897.415999788791,
            "sendEnd" : 0,
            "sendStart" : 0,
            "type" : "image/jpeg"
         }
      },
      {
         "when_comp_start" : -1,
         "url" : "http://rs.mail.ru/d12403154.gif?&rnd=397670101",
         "id" : "r31",
         "comps" : [],
         "download" : {
            "receiveFirst" : 143,
            "len" : 43,
            "dns" : 0,
            "dnsEnd" : -1,
            "receiveHeadersEnd" : 149,
            "sslEnd" : -1,
            "connectEnd" : 6,
            "connectStart" : 0,
            "id" : "download_46",
            "receivedTime" : "902.795000001788",
            "sslStart" : -1,
            "dnsStart" : -1,
            "receiveLast" : 753.795000001788,
            "s_time" : 752.798999659717,
            "sendEnd" : 6,
            "sendStart" : 6,
            "type" : "image/gif"
         }
      },
      {
         "when_comp_start" : -1,
         "url" : "https://rs.mail.ru/d21301412.gif?rnd=549862102&ts=1461794066",
         "id" : "r23",
         "comps" : [],
         "download" : {
            "receiveFirst" : 145,
            "len" : 43,
            "dns" : 0,
            "dnsEnd" : -1,
            "receiveHeadersEnd" : 298,
            "sslEnd" : -1,
            "connectEnd" : 153,
            "connectStart" : 0,
            "id" : "download_47",
            "receivedTime" : "911.425999831408",
            "sslStart" : -1,
            "dnsStart" : -1,
            "receiveLast" : 613.425999831408,
            "s_time" : 611.787999980152,
            "sendEnd" : 153,
            "sendStart" : 153,
            "type" : "image/gif"
         }
      },
      {
         "when_comp_start" : -1,
         "url" : "https://r.mradx.net/pictures/5F/73C9AC.jpg",
         "id" : "r61",
         "comps" : [],
         "download" : {
            "receiveFirst" : 0,
            "len" : 5831,
            "dns" : 0,
            "dnsEnd" : -1,
            "receiveHeadersEnd" : 0,
            "sslEnd" : -1,
            "connectEnd" : 0,
            "connectStart" : 0,
            "id" : "download_48",
            "receivedTime" : "913.365999702364",
            "sslStart" : -1,
            "dnsStart" : -1,
            "receiveLast" : 913.365999702364,
            "s_time" : 911.842999979854,
            "sendEnd" : 0,
            "sendStart" : 0,
            "type" : "image/jpeg"
         }
      },
      {
         "when_comp_start" : -1,
         "url" : "https://r.mradx.net/pictures/BD/F10E6F.jpg",
         "id" : "r62",
         "comps" : [],
         "download" : {
            "receiveFirst" : 0,
            "len" : 2262,
            "dns" : 0,
            "dnsEnd" : -1,
            "receiveHeadersEnd" : 0,
            "sslEnd" : -1,
            "connectEnd" : 0,
            "connectStart" : 0,
            "id" : "download_49",
            "receivedTime" : "914.928999729455",
            "sslStart" : -1,
            "dnsStart" : -1,
            "receiveLast" : 914.928999729455,
            "s_time" : 913.658999837935,
            "sendEnd" : 0,
            "sendStart" : 0,
            "type" : "image/jpeg"
         }
      },
      {
         "when_comp_start" : -1,
         "url" : "http://ad.mail.ru/adq/?callback=reloadSlots0&q=4847&json=1",
         "id" : "r28",
         "comps" : [
            {
               "s_time" : 950.88699972257,
               "time" : 3.74400010332499,
               "type" : 2,
               "id" : "comp_159",
               "e_time" : 954.630999825895
            }
         ],
         "download" : {
            "receiveFirst" : 142,
            "len" : 1045,
            "dns" : 12,
            "dnsEnd" : 13,
            "receiveHeadersEnd" : 294,
            "sslEnd" : -1,
            "connectEnd" : 152,
            "connectStart" : 0,
            "id" : "download_50",
            "receivedTime" : "950.439000036567",
            "sslStart" : -1,
            "dnsStart" : 1,
            "receiveLast" : 656.439000036567,
            "s_time" : 654.5329997316,
            "sendEnd" : 152,
            "sendStart" : 152,
            "type" : "application/x-javascript"
         }
      },
      {
         "when_comp_start" : -1,
         "url" : "http://rs.mail.ru/d635786.gif?&rnd=646029966",
         "id" : "r53",
         "comps" : [],
         "download" : {
            "receiveFirst" : 146,
            "len" : 43,
            "dns" : 0,
            "dnsEnd" : -1,
            "receiveHeadersEnd" : 147,
            "sslEnd" : -1,
            "connectEnd" : 1,
            "connectStart" : 0,
            "id" : "download_51",
            "receivedTime" : "970.970999915153",
            "sslStart" : -1,
            "dnsStart" : -1,
            "receiveLast" : 823.970999915153,
            "s_time" : 822.755999863148,
            "sendEnd" : 1,
            "sendStart" : 1,
            "type" : "image/gif"
         }
      },
      {
         "when_comp_start" : -1,
         "url" : "https://rs.mail.ru/d12027165.gif?rnd=318193779&ts=1461794066",
         "id" : "r54",
         "comps" : [],
         "download" : {
            "receiveFirst" : 139,
            "len" : 43,
            "dns" : 0,
            "dnsEnd" : 0,
            "receiveHeadersEnd" : 212,
            "sslEnd" : 71,
            "connectEnd" : 72,
            "connectStart" : 0,
            "id" : "download_52",
            "receivedTime" : "1038.48799970001",
            "sslStart" : 0,
            "dnsStart" : 0,
            "receiveLast" : 826.48799970001,
            "s_time" : 824.666999746114,
            "sendEnd" : 73,
            "sendStart" : 72,
            "type" : "image/gif"
         }
      },
      {
         "when_comp_start" : -1,
         "url" : "https://rs.mail.ru/d1539017.gif?rnd=110783024&ts=1461794066",
         "id" : "r55",
         "comps" : [],
         "download" : {
            "receiveFirst" : 141,
            "len" : 43,
            "dns" : 0,
            "dnsEnd" : 0,
            "receiveHeadersEnd" : 224,
            "sslEnd" : 83,
            "connectEnd" : 83,
            "connectStart" : 0,
            "id" : "download_53",
            "receivedTime" : "1050.55399984121",
            "sslStart" : 0,
            "dnsStart" : 0,
            "receiveLast" : 826.553999841213,
            "s_time" : 825.026999693364,
            "sendEnd" : 83,
            "sendStart" : 83,
            "type" : "image/gif"
         }
      },
      {
         "when_comp_start" : -1,
         "url" : "https://rs.mail.ru/d15203664.gif?rnd=211098363&ts=1461794066",
         "id" : "r56",
         "comps" : [],
         "download" : {
            "receiveFirst" : 142,
            "len" : 43,
            "dns" : 0,
            "dnsEnd" : -1,
            "receiveHeadersEnd" : 211,
            "sslEnd" : -1,
            "connectEnd" : 68,
            "connectStart" : 0,
            "id" : "download_54",
            "receivedTime" : "1055.51100010052",
            "sslStart" : -1,
            "dnsStart" : -1,
            "receiveLast" : 844.511000100523,
            "s_time" : 843.884999863803,
            "sendEnd" : 69,
            "sendStart" : 68,
            "type" : "image/gif"
         }
      },
      {
         "when_comp_start" : -1,
         "url" : "https://r.mradx.net/pictures/F8/6D7EC8.jpg",
         "id" : "r67",
         "comps" : [],
         "download" : {
            "receiveFirst" : 0,
            "len" : 5939,
            "dns" : 0,
            "dnsEnd" : -1,
            "receiveHeadersEnd" : 0,
            "sslEnd" : -1,
            "connectEnd" : 0,
            "connectStart" : 0,
            "id" : "download_55",
            "receivedTime" : "1056.90799979493",
            "sslStart" : -1,
            "dnsStart" : -1,
            "receiveLast" : 1056.90799979493,
            "s_time" : 1055.30099989846,
            "sendEnd" : 0,
            "sendStart" : 0,
            "type" : "image/jpeg"
         }
      },
      {
         "when_comp_start" : -1,
         "url" : "https://r.mradx.net/pictures/70/C13824.jpg",
         "id" : "r68",
         "comps" : [],
         "download" : {
            "receiveFirst" : 0,
            "len" : 14166,
            "dns" : 0,
            "dnsEnd" : -1,
            "receiveHeadersEnd" : 0,
            "sslEnd" : -1,
            "connectEnd" : 0,
            "connectStart" : 0,
            "id" : "download_56",
            "receivedTime" : "1058.2249998115",
            "sslStart" : -1,
            "dnsStart" : -1,
            "receiveLast" : 1058.2249998115,
            "s_time" : 1056.77599972114,
            "sendEnd" : 0,
            "sendStart" : 0,
            "type" : "image/jpeg"
         }
      },
      {
         "when_comp_start" : -1,
         "url" : "http://limg.imgsmail.ru/splash/v/i/logo_wide-b41947b93e.v5.png",
         "id" : "r71",
         "comps" : [],
         "download" : {
            "receiveFirst" : 0,
            "len" : 2721,
            "dns" : 0,
            "dnsEnd" : -1,
            "receiveHeadersEnd" : 0,
            "sslEnd" : -1,
            "connectEnd" : 0,
            "connectStart" : 0,
            "id" : "download_57",
            "receivedTime" : "1059.32600004598",
            "sslStart" : -1,
            "dnsStart" : -1,
            "receiveLast" : 1059.32600004598,
            "s_time" : 1058.13500005752,
            "sendEnd" : 0,
            "sendStart" : 0,
            "type" : "image/png"
         }
      },
      {
         "when_comp_start" : -1,
         "url" : "https://rs.mail.ru/d8264804.gif?rnd=163070871&ts=1461794066",
         "id" : "r59",
         "comps" : [],
         "download" : {
            "receiveFirst" : 142,
            "len" : 43,
            "dns" : 0,
            "dnsEnd" : -1,
            "receiveHeadersEnd" : 281,
            "sslEnd" : -1,
            "connectEnd" : 139,
            "connectStart" : 0,
            "id" : "download_58",
            "receivedTime" : "1180.59200001881",
            "sslStart" : -1,
            "dnsStart" : -1,
            "receiveLast" : 899.592000018805,
            "s_time" : 898.606000002474,
            "sendEnd" : 139,
            "sendStart" : 139,
            "type" : "image/gif"
         }
      },
      {
         "when_comp_start" : -1,
         "url" : "https://rs.mail.ru/d8269263.gif?rnd=148275723&ts=1461794066",
         "id" : "r60",
         "comps" : [],
         "download" : {
            "receiveFirst" : 144,
            "len" : 43,
            "dns" : 0,
            "dnsEnd" : -1,
            "receiveHeadersEnd" : 292,
            "sslEnd" : -1,
            "connectEnd" : 147,
            "connectStart" : 0,
            "id" : "download_59",
            "receivedTime" : "1196.22799986973",
            "sslStart" : -1,
            "dnsStart" : -1,
            "receiveLast" : 904.227999869734,
            "s_time" : 903.119999915361,
            "sendEnd" : 148,
            "sendStart" : 147,
            "type" : "image/gif"
         }
      },
      {
         "when_comp_start" : -1,
         "url" : "https://rs.mail.ru/d787365.gif?rnd=174155027&ts=1461794066",
         "id" : "r63",
         "comps" : [],
         "download" : {
            "receiveFirst" : 143,
            "len" : 43,
            "dns" : 0,
            "dnsEnd" : -1,
            "receiveHeadersEnd" : 284,
            "sslEnd" : -1,
            "connectEnd" : 140,
            "connectStart" : 0,
            "id" : "download_60",
            "receivedTime" : "1200.63699968159",
            "sslStart" : -1,
            "dnsStart" : -1,
            "receiveLast" : 916.636999681592,
            "s_time" : 915.258999913931,
            "sendEnd" : 141,
            "sendStart" : 140,
            "type" : "image/gif"
         }
      },
      {
         "when_comp_start" : -1,
         "url" : "https://rs.mail.ru/d799297.gif?rnd=757565372&ts=1461794066",
         "id" : "r64",
         "comps" : [],
         "download" : {
            "receiveFirst" : 150,
            "len" : 43,
            "dns" : 0,
            "dnsEnd" : 0,
            "receiveHeadersEnd" : 237,
            "sslEnd" : 85,
            "connectEnd" : 86,
            "connectStart" : 0,
            "id" : "download_61",
            "receivedTime" : "1208.40099966154",
            "sslStart" : 0,
            "dnsStart" : 0,
            "receiveLast" : 971.400999661535,
            "s_time" : 970.679999794811,
            "sendEnd" : 87,
            "sendStart" : 86,
            "type" : "image/gif"
         }
      },
      {
         "when_comp_start" : -1,
         "url" : "http://r3.mail.ru/k?fver=0&mh=81e4121baf7286eca0b199916eff4bfd&js=1",
         "id" : "r83",
         "comps" : [],
         "download" : {
            "receiveFirst" : 0,
            "len" : 43,
            "dns" : 0,
            "dnsEnd" : -1,
            "receiveHeadersEnd" : 0,
            "sslEnd" : -1,
            "connectEnd" : 0,
            "connectStart" : 0,
            "id" : "download_62",
            "receivedTime" : "1209.17299995199",
            "sslStart" : -1,
            "dnsStart" : -1,
            "receiveLast" : 1209.17299995199,
            "s_time" : 1208.15999992192,
            "sendEnd" : 0,
            "sendStart" : 0,
            "type" : "image/gif"
         }
      },
      {
         "when_comp_start" : -1,
         "url" : "https://rs.mail.ru/d782134.gif?rnd=232739083&ts=1461794066",
         "id" : "r65",
         "comps" : [],
         "download" : {
            "receiveFirst" : 160,
            "len" : 43,
            "dns" : 0,
            "dnsEnd" : 0,
            "receiveHeadersEnd" : 203,
            "sslEnd" : 43,
            "connectEnd" : 43,
            "connectStart" : 0,
            "id" : "download_63",
            "receivedTime" : "1242.91099980474",
            "sslStart" : 0,
            "dnsStart" : 0,
            "receiveLast" : 1039.91099980474,
            "s_time" : 1038.02799992263,
            "sendEnd" : 43,
            "sendStart" : 43,
            "type" : "image/gif"
         }
      },
      {
         "when_comp_start" : -1,
         "url" : "https://rs.mail.ru/d1111856.gif?rnd=831258757&ts=1461794066",
         "id" : "r66",
         "comps" : [],
         "download" : {
            "receiveFirst" : 138,
            "len" : 43,
            "dns" : 0,
            "dnsEnd" : 0,
            "receiveHeadersEnd" : 194,
            "sslEnd" : 56,
            "connectEnd" : 56,
            "connectStart" : 0,
            "id" : "download_64",
            "receivedTime" : "1245.55499991402",
            "sslStart" : 0,
            "dnsStart" : 0,
            "receiveLast" : 1051.55499991402,
            "s_time" : 1050.34999968484,
            "sendEnd" : 56,
            "sendStart" : 56,
            "type" : "image/gif"
         }
      },
      {
         "when_comp_start" : -1,
         "url" : "http://ad.mail.ru/cm.gif?p=17&google_gid=CAESEHi4bYtxhAJ07IqnDS7a5wU&google_cver=1",
         "id" : "r75",
         "comps" : [],
         "download" : {
            "receiveFirst" : 0,
            "len" : 43,
            "dns" : 0,
            "dnsEnd" : -1,
            "receiveHeadersEnd" : 0,
            "sslEnd" : -1,
            "connectEnd" : 0,
            "connectStart" : 0,
            "id" : "download_65",
            "receivedTime" : "1285.57699965313",
            "sslStart" : -1,
            "dnsStart" : -1,
            "receiveLast" : 1285.57699965313,
            "s_time" : 1284.38000008464,
            "sendEnd" : 0,
            "sendStart" : 0,
            "type" : "image/gif"
         }
      },
      {
         "when_comp_start" : -1,
         "url" : "https://rs.mail.ru/d15956665.gif?rnd=129880468&ts=1461794066",
         "id" : "r24",
         "comps" : [],
         "download" : {
            "receiveFirst" : 136,
            "len" : 43,
            "dns" : 0,
            "dnsEnd" : -1,
            "receiveHeadersEnd" : 700,
            "sslEnd" : -1,
            "connectEnd" : 564,
            "connectStart" : 0,
            "id" : "download_66",
            "receivedTime" : "1317.67599983141",
            "sslStart" : -1,
            "dnsStart" : -1,
            "receiveLast" : 617.675999831408,
            "s_time" : 616.667000111192,
            "sendEnd" : 564,
            "sendStart" : 564,
            "type" : "image/gif"
         }
      },
      {
         "when_comp_start" : -1,
         "url" : "http://mail.radar.imgsmail.ru/update?p=mail&t=main&v=819&i=&rnd=219696345",
         "id" : "r82",
         "comps" : [],
         "download" : {
            "receiveFirst" : 136,
            "len" : 43,
            "dns" : 0,
            "dnsEnd" : -1,
            "receiveHeadersEnd" : 136,
            "sslEnd" : -1,
            "connectEnd" : 0,
            "connectStart" : 0,
            "id" : "download_67",
            "receivedTime" : "1333.59399996698",
            "sslStart" : -1,
            "dnsStart" : -1,
            "receiveLast" : 1197.59399996698,
            "s_time" : 1196.26799970865,
            "sendEnd" : 0,
            "sendStart" : 0,
            "type" : "image/gif"
         }
      },
      {
         "when_comp_start" : -1,
         "url" : "https://rs.mail.ru/d20900891.gif?sz=0&rnd=189638797&ts=1461794066&sz=0",
         "id" : "r35",
         "comps" : [],
         "download" : {
            "receiveFirst" : 141,
            "len" : 43,
            "dns" : 0,
            "dnsEnd" : -1,
            "receiveHeadersEnd" : 580,
            "sslEnd" : -1,
            "connectEnd" : 439,
            "connectStart" : 0,
            "id" : "download_68",
            "receivedTime" : "1339.11000005901",
            "sslStart" : -1,
            "dnsStart" : -1,
            "receiveLast" : 759.110000059009,
            "s_time" : 757.451999932528,
            "sendEnd" : 439,
            "sendStart" : 439,
            "type" : "image/gif"
         }
      },
      {
         "when_comp_start" : -1,
         "url" : "http://rs.mail.ru/d523187.gif",
         "id" : "r72",
         "comps" : [],
         "download" : {
            "receiveFirst" : 139,
            "len" : 43,
            "dns" : 0,
            "dnsEnd" : -1,
            "receiveHeadersEnd" : 139,
            "sslEnd" : -1,
            "connectEnd" : 0,
            "connectStart" : 0,
            "id" : "download_69",
            "receivedTime" : "1340.802999679",
            "sslStart" : -1,
            "dnsStart" : -1,
            "receiveLast" : 1201.802999679,
            "s_time" : 1200.53200004622,
            "sendEnd" : 0,
            "sendStart" : 0,
            "type" : "image/gif"
         }
      },
      {
         "when_comp_start" : -1,
         "url" : "https://rs.mail.ru/d13718767.gif?sz=0&rnd=176802161&ts=1461794066&sz=0",
         "id" : "r37",
         "comps" : [],
         "download" : {
            "receiveFirst" : 141,
            "len" : 43,
            "dns" : 0,
            "dnsEnd" : -1,
            "receiveHeadersEnd" : 580,
            "sslEnd" : -1,
            "connectEnd" : 439,
            "connectStart" : 0,
            "id" : "download_70",
            "receivedTime" : "1342.78200007975",
            "sslStart" : -1,
            "dnsStart" : -1,
            "receiveLast" : 762.782000079751,
            "s_time" : 761.116999667138,
            "sendEnd" : 439,
            "sendStart" : 439,
            "type" : "image/gif"
         }
      },
      {
         "when_comp_start" : -1,
         "url" : "https://rs.mail.ru/d1165028.gif?rnd=404125180&ts=1461794066",
         "id" : "r74",
         "comps" : [],
         "download" : {
            "receiveFirst" : 154,
            "len" : 43,
            "dns" : 0,
            "dnsEnd" : -1,
            "receiveHeadersEnd" : 155,
            "sslEnd" : -1,
            "connectEnd" : 1,
            "connectStart" : 0,
            "id" : "download_71",
            "receivedTime" : "1399.238999933",
            "sslStart" : -1,
            "dnsStart" : -1,
            "receiveLast" : 1244.238999933,
            "s_time" : 1242.96499975026,
            "sendEnd" : 1,
            "sendStart" : 1,
            "type" : "image/gif"
         }
      },
      {
         "when_comp_start" : -1,
         "url" : "http://r.mradx.net/img/08/6402B8.jpg",
         "id" : "r86",
         "comps" : [],
         "download" : {
            "receiveFirst" : 0,
            "len" : 13282,
            "dns" : 0,
            "dnsEnd" : -1,
            "receiveHeadersEnd" : 0,
            "sslEnd" : -1,
            "connectEnd" : 0,
            "connectStart" : 0,
            "id" : "download_72",
            "receivedTime" : "1399.72899993882",
            "sslStart" : -1,
            "dnsStart" : -1,
            "receiveLast" : 1399.72899993882,
            "s_time" : 1398.40300008655,
            "sendEnd" : 0,
            "sendStart" : 0,
            "type" : "image/jpeg"
         }
      },
      {
         "when_comp_start" : -1,
         "url" : "http://pix04.revsci.net/J13421/a1/0/3/match.gif?DM_LOC=http://mail.ru&id=dbc4097a912d1561",
         "id" : "r76",
         "comps" : [],
         "download" : {
            "receiveFirst" : 8,
            "len" : 43,
            "dns" : 9,
            "dnsEnd" : 9,
            "receiveHeadersEnd" : 24,
            "sslEnd" : -1,
            "connectEnd" : 16,
            "connectStart" : 0,
            "id" : "download_73",
            "receivedTime" : "1450.31099999323",
            "sslStart" : -1,
            "dnsStart" : 0,
            "receiveLast" : 1426.31099999323,
            "s_time" : 1424.62599975988,
            "sendEnd" : 16,
            "sendStart" : 16,
            "type" : "image/gif"
         }
      },
      {
         "when_comp_start" : -1,
         "url" : "http://rs.mail.ru/un?uniq=WggEAE54BAABCAABpAhFAQAIAAFWUGEAAfAeAfT5XAABOAcB&euniq=WwgDADs6AQADCAAByxgAAAkIAAEnBAAACQgAAQ==&rnd=130829789",
         "id" : "r78",
         "comps" : [],
         "download" : {
            "receiveFirst" : 138,
            "len" : 43,
            "dns" : 0,
            "dnsEnd" : -1,
            "receiveHeadersEnd" : 139,
            "sslEnd" : -1,
            "connectEnd" : 1,
            "connectStart" : 0,
            "id" : "download_74",
            "receivedTime" : "1474.09299993888",
            "sslStart" : -1,
            "dnsStart" : -1,
            "receiveLast" : 1335.09299993888,
            "s_time" : 1333.41699978337,
            "sendEnd" : 1,
            "sendStart" : 1,
            "type" : "image/gif"
         }
      },
      {
         "when_comp_start" : -1,
         "url" : "https://stat.radar.imgsmail.ru/update?p=splash&t=page&v=754&i=all:754,preleftcol:15,server:13,promoBar:1,headline:20,leftcol:89,social:13,baseStyles:465,baseStyles_loaded:1,search:3,content:151,news:1,tgb:13,informers:33,Splashjs:49,JSLoad:27,JSInit:20,JSParse:1,Splashjs_loaded:1,banner:5,postLoad:3",
         "id" : "r80",
         "comps" : [],
         "download" : {
            "receiveFirst" : 134,
            "len" : 43,
            "dns" : 0,
            "dnsEnd" : 0,
            "receiveHeadersEnd" : 414,
            "sslEnd" : 278,
            "connectEnd" : 280,
            "connectStart" : 0,
            "id" : "download_75",
            "receivedTime" : "1474.75000005215",
            "sslStart" : 138,
            "dnsStart" : 0,
            "receiveLast" : 1060.75000005215,
            "s_time" : 1059.24499966204,
            "sendEnd" : 280,
            "sendStart" : 280,
            "type" : "image/gif"
         }
      },
      {
         "when_comp_start" : -1,
         "url" : "http://rs.mail.ru/d703057.gif",
         "id" : "r79",
         "comps" : [],
         "download" : {
            "receiveFirst" : 137,
            "len" : 43,
            "dns" : 0,
            "dnsEnd" : -1,
            "receiveHeadersEnd" : 138,
            "sslEnd" : -1,
            "connectEnd" : 1,
            "connectStart" : 0,
            "id" : "download_76",
            "receivedTime" : "1477.25600004196",
            "sslStart" : -1,
            "dnsStart" : -1,
            "receiveLast" : 1339.25600004196,
            "s_time" : 1338.78499967977,
            "sendEnd" : 1,
            "sendStart" : 1,
            "type" : "image/gif"
         }
      },
      {
         "when_comp_start" : -1,
         "url" : "http://stat.radar.imgsmail.ru/update?p=splash&t=tgb_afterBlock&v=298&rnd=0.9228298398666084",
         "id" : "r84",
         "comps" : [],
         "download" : {
            "receiveFirst" : 138,
            "len" : 43,
            "dns" : 0,
            "dnsEnd" : -1,
            "receiveHeadersEnd" : 140,
            "sslEnd" : -1,
            "connectEnd" : 1,
            "connectStart" : 0,
            "id" : "download_77",
            "receivedTime" : "1481.83299973607",
            "sslStart" : -1,
            "dnsStart" : -1,
            "receiveLast" : 1341.83299973607,
            "s_time" : 1340.02099977806,
            "sendEnd" : 2,
            "sendStart" : 1,
            "type" : "image/gif"
         }
      },
      {
         "when_comp_start" : -1,
         "url" : "http://rs.mail.ru/d20783386.gif?&rnd=817588389",
         "id" : "r85",
         "comps" : [],
         "download" : {
            "receiveFirst" : 139,
            "len" : 43,
            "dns" : 0,
            "dnsEnd" : -1,
            "receiveHeadersEnd" : 140,
            "sslEnd" : -1,
            "connectEnd" : 1,
            "connectStart" : 0,
            "id" : "download_78",
            "receivedTime" : "1482.62899974361",
            "sslStart" : -1,
            "dnsStart" : -1,
            "receiveLast" : 1342.62899974361,
            "s_time" : 1341.43099980429,
            "sendEnd" : 1,
            "sendStart" : 1,
            "type" : "image/gif"
         }
      },
      {
         "when_comp_start" : -1,
         "url" : "http://reklama.mail.ru/d17184638.gif",
         "id" : "r73",
         "comps" : [],
         "download" : {
            "receiveFirst" : 140,
            "len" : 43,
            "dns" : 12,
            "dnsEnd" : 12,
            "receiveHeadersEnd" : 293,
            "sslEnd" : -1,
            "connectEnd" : 153,
            "connectStart" : 0,
            "id" : "download_79",
            "receivedTime" : "1503.69199970737",
            "sslStart" : -1,
            "dnsStart" : 0,
            "receiveLast" : 1210.69199970737,
            "s_time" : 1209.13100009784,
            "sendEnd" : 153,
            "sendStart" : 153,
            "type" : "image/gif"
         }
      },
      {
         "when_comp_start" : -1,
         "url" : "https://stat.radar.imgsmail.ru/update?p=splash&t=additional&v=13&i=all:13,additionalJs:13,additionalJSLoad:1,additionalJSInit:4&rnd=99290588498115540",
         "id" : "r81",
         "comps" : [],
         "download" : {
            "receiveFirst" : 142,
            "len" : 43,
            "dns" : 0,
            "dnsEnd" : 0,
            "receiveHeadersEnd" : 436,
            "sslEnd" : 292,
            "connectEnd" : 294,
            "connectStart" : 0,
            "id" : "download_80",
            "receivedTime" : "1617.60200001299",
            "sslStart" : 143,
            "dnsStart" : 0,
            "receiveLast" : 1181.60200001299,
            "s_time" : 1180.41899986565,
            "sendEnd" : 294,
            "sendStart" : 294,
            "type" : "image/gif"
         }
      },
      {
         "when_comp_start" : -1,
         "url" : "http://an.mail.ru/count/U_4amj0WIlW40000gP800OwtQLST1MnPYBhJ0H04fa2A0Qe1fPKSEf6yq4ba1fE53K6kzkZQUDHmh-04iG6xw-iJiLPxqLHx1m00,an.mail.ru,9825151661461877892,1715476188",
         "id" : "r77",
         "comps" : [],
         "download" : {
            "receiveFirst" : 167,
            "len" : 43,
            "dns" : 0,
            "dnsEnd" : -1,
            "receiveHeadersEnd" : 167,
            "sslEnd" : -1,
            "connectEnd" : 0,
            "connectStart" : 0,
            "id" : "download_81",
            "receivedTime" : "1905.55700007826",
            "sslStart" : -1,
            "dnsStart" : -1,
            "receiveLast" : 1738.55700007826,
            "s_time" : 1737.40499978885,
            "sendEnd" : 0,
            "sendStart" : 0,
            "type" : "image/gif"
         }
      },
      {
         "when_comp_start" : -1,
         "url" : "https://rs.mail.ru/e20900891.gif?e=1",
         "id" : "r87",
         "comps" : [],
         "download" : {
            "receiveFirst" : 153,
            "len" : 43,
            "dns" : 0,
            "dnsEnd" : -1,
            "receiveHeadersEnd" : 154,
            "sslEnd" : -1,
            "connectEnd" : 1,
            "connectStart" : 0,
            "id" : "download_82",
            "receivedTime" : "1946.78899971768",
            "sslStart" : -1,
            "dnsStart" : -1,
            "receiveLast" : 1792.78899971768,
            "s_time" : 1790.97899980843,
            "sendEnd" : 1,
            "sendStart" : 1,
            "type" : "image/gif"
         }
      }
   ],
   "deps" : [
      {
         "a2" : "r1_c2",
         "time" : -1,
         "id" : "dep1",
         "a1" : "comp_96"
      },
      {
         "a2" : "r1_c3",
         "time" : -1,
         "id" : "dep2",
         "a1" : "comp_108"
      },
      {
         "a2" : "r1_c4",
         "time" : -1,
         "id" : "dep3",
         "a1" : "comp_142"
      },
      {
         "a2" : "r1_c5",
         "time" : -1,
         "id" : "dep4",
         "a1" : "comp_144"
      },
      {
         "a2" : "download_82",
         "time" : -1,
         "id" : "dep5",
         "a1" : "r1_c5"
      },
      {
         "a2" : "download_81",
         "time" : 882.703999988734,
         "id" : "dep6",
         "a1" : "r1_c5"
      },
      {
         "a2" : "download_80",
         "time" : 325.718000065534,
         "id" : "dep7",
         "a1" : "r1_c5"
      },
      {
         "a2" : "download_79",
         "time" : 354.430000297724,
         "id" : "dep8",
         "a1" : "r1_c5"
      },
      {
         "a2" : "download_78",
         "time" : 486.730000004174,
         "id" : "dep9",
         "a1" : "r1_c5"
      },
      {
         "a2" : "download_77",
         "time" : 485.319999977944,
         "id" : "dep10",
         "a1" : "r1_c5"
      },
      {
         "a2" : "download_76",
         "time" : 484.083999879654,
         "id" : "dep11",
         "a1" : "r1_c5"
      },
      {
         "a2" : "download_75",
         "time" : 204.543999861924,
         "id" : "dep12",
         "a1" : "r1_c5"
      },
      {
         "a2" : "download_74",
         "time" : 478.715999983254,
         "id" : "dep13",
         "a1" : "r1_c5"
      },
      {
         "a2" : "download_73",
         "time" : 569.924999959764,
         "id" : "dep14",
         "a1" : "r1_c5"
      },
      {
         "a2" : "download_72",
         "time" : 543.702000286434,
         "id" : "dep15",
         "a1" : "r1_c5"
      },
      {
         "a2" : "download_71",
         "time" : 388.263999950144,
         "id" : "dep16",
         "a1" : "r1_c5"
      },
      {
         "a2" : "download_70",
         "time" : -1,
         "id" : "dep17",
         "a1" : "r1_c1"
      },
      {
         "a2" : "download_69",
         "time" : 345.831000246104,
         "id" : "dep18",
         "a1" : "r1_c5"
      },
      {
         "a2" : "download_68",
         "time" : 723.343000281603,
         "id" : "dep19",
         "a1" : "r1_c1"
      },
      {
         "a2" : "download_67",
         "time" : 341.566999908534,
         "id" : "dep20",
         "a1" : "r1_c5"
      },
      {
         "a2" : "download_66",
         "time" : 582.558000460267,
         "id" : "dep21",
         "a1" : "r1_c1"
      },
      {
         "a2" : "download_65",
         "time" : 429.679000284524,
         "id" : "dep22",
         "a1" : "r1_c5"
      },
      {
         "a2" : "download_64",
         "time" : 195.648999884724,
         "id" : "dep23",
         "a1" : "r1_c5"
      },
      {
         "a2" : "download_63",
         "time" : 183.327000122514,
         "id" : "dep24",
         "a1" : "r1_c5"
      },
      {
         "a2" : "download_62",
         "time" : 353.459000121804,
         "id" : "dep25",
         "a1" : "r1_c5"
      },
      {
         "a2" : "download_61",
         "time" : 115.978999994695,
         "id" : "dep26",
         "a1" : "r1_c5"
      },
      {
         "a2" : "download_60",
         "time" : 60.558000113815,
         "id" : "dep27",
         "a1" : "r1_c5"
      },
      {
         "a2" : "download_59",
         "time" : 48.4190001152449,
         "id" : "dep28",
         "a1" : "r1_c5"
      },
      {
         "a2" : "download_58",
         "time" : 43.905000202358,
         "id" : "dep29",
         "a1" : "r1_c5"
      },
      {
         "a2" : "download_57",
         "time" : 203.434000257404,
         "id" : "dep30",
         "a1" : "r1_c5"
      },
      {
         "a2" : "download_56",
         "time" : 202.074999921024,
         "id" : "dep31",
         "a1" : "r1_c5"
      },
      {
         "a2" : "download_55",
         "time" : 200.600000098344,
         "id" : "dep32",
         "a1" : "r1_c5"
      },
      {
         "a2" : "download_54",
         "time" : -1,
         "id" : "dep33",
         "a1" : "r1_c4"
      },
      {
         "a2" : "download_53",
         "time" : -1,
         "id" : "dep34",
         "a1" : "r1_c3"
      },
      {
         "a2" : "download_52",
         "time" : 32.527999952435,
         "id" : "dep35",
         "a1" : "r1_c3"
      },
      {
         "a2" : "download_51",
         "time" : 30.617000069469,
         "id" : "dep36",
         "a1" : "r1_c3"
      },
      {
         "a2" : "download_50",
         "time" : 620.424000080675,
         "id" : "dep37",
         "a1" : "r1_c1"
      },
      {
         "a2" : "download_49",
         "time" : 58.9580000378189,
         "id" : "dep38",
         "a1" : "r1_c5"
      },
      {
         "a2" : "download_48",
         "time" : 57.1420001797379,
         "id" : "dep39",
         "a1" : "r1_c5"
      },
      {
         "a2" : "download_47",
         "time" : 577.679000329227,
         "id" : "dep40",
         "a1" : "r1_c1"
      },
      {
         "a2" : "download_46",
         "time" : 718.690000008792,
         "id" : "dep41",
         "a1" : "r1_c1"
      },
      {
         "a2" : "download_45",
         "time" : 42.714999988675,
         "id" : "dep42",
         "a1" : "r1_c5"
      },
      {
         "a2" : "download_44",
         "time" : 41.058000177145,
         "id" : "dep43",
         "a1" : "r1_c5"
      },
      {
         "a2" : "download_43",
         "time" : 664.351000450552,
         "id" : "dep44",
         "a1" : "r1_c1"
      },
      {
         "a2" : "download_42",
         "time" : 663.805000018329,
         "id" : "dep45",
         "a1" : "r1_c1"
      },
      {
         "a2" : "download_41",
         "time" : -1,
         "id" : "dep46",
         "a1" : "r1_c3"
      },
      {
         "a2" : "download_41",
         "time" : 38.3729999884961,
         "id" : "dep47",
         "a1" : "r1_c3"
      },
      {
         "a2" : "download_40",
         "time" : 30.265999957919,
         "id" : "dep48",
         "a1" : "r1_c3"
      },
      {
         "a2" : "download_39",
         "time" : 29.881000053137,
         "id" : "dep49",
         "a1" : "r1_c3"
      },
      {
         "a2" : "download_38",
         "time" : 28.31199998036,
         "id" : "dep50",
         "a1" : "r1_c3"
      },
      {
         "a2" : "download_37",
         "time" : 27.819999959319,
         "id" : "dep51",
         "a1" : "r1_c3"
      },
      {
         "a2" : "download_36",
         "time" : 27.248000260442,
         "id" : "dep52",
         "a1" : "r1_c3"
      },
      {
         "a2" : "download_35",
         "time" : 24.8279999941581,
         "id" : "dep53",
         "a1" : "r1_c3"
      },
      {
         "a2" : "download_34",
         "time" : 24.635999929159,
         "id" : "dep54",
         "a1" : "r1_c3"
      },
      {
         "a2" : "download_33",
         "time" : 24.366000201553,
         "id" : "dep55",
         "a1" : "r1_c3"
      },
      {
         "a2" : "download_32",
         "time" : 1.93999987095503,
         "id" : "dep56",
         "a1" : "r1_c3"
      },
      {
         "a2" : "download_31",
         "time" : 1.59600004553704,
         "id" : "dep57",
         "a1" : "r1_c3"
      },
      {
         "a2" : "download_30",
         "time" : 607.178000267595,
         "id" : "dep58",
         "a1" : "r1_c1"
      },
      {
         "a2" : "download_29",
         "time" : -1,
         "id" : "dep59",
         "a1" : "r1_c1"
      },
      {
         "a2" : "download_28",
         "time" : 732.035000342876,
         "id" : "dep60",
         "a1" : "r1_c1"
      },
      {
         "a2" : "download_27",
         "time" : 730.159000027925,
         "id" : "dep61",
         "a1" : "r1_c1"
      },
      {
         "a2" : "download_26",
         "time" : 729.148000013084,
         "id" : "dep62",
         "a1" : "r1_c1"
      },
      {
         "a2" : "download_25",
         "time" : 582.159000448883,
         "id" : "dep63",
         "a1" : "r1_c1"
      },
      {
         "a2" : "download_24",
         "time" : 577.072000131011,
         "id" : "dep64",
         "a1" : "r1_c1"
      },
      {
         "a2" : "download_23",
         "time" : 724.999000318349,
         "id" : "dep65",
         "a1" : "r1_c1"
      },
      {
         "a2" : "download_22",
         "time" : 574.985000304878,
         "id" : "dep66",
         "a1" : "r1_c1"
      },
      {
         "a2" : "download_21",
         "time" : 721.933000255376,
         "id" : "dep67",
         "a1" : "r1_c1"
      },
      {
         "a2" : "download_20",
         "time" : 720.068000257016,
         "id" : "dep68",
         "a1" : "r1_c1"
      },
      {
         "a2" : "download_19",
         "time" : 75.0080002471806,
         "id" : "dep69",
         "a1" : "r1_c1"
      },
      {
         "a2" : "download_18",
         "time" : 575.541000347585,
         "id" : "dep70",
         "a1" : "r1_c1"
      },
      {
         "a2" : "download_17",
         "time" : 705.23100020364,
         "id" : "dep71",
         "a1" : "r1_c1"
      },
      {
         "a2" : "download_17",
         "time" : 705.23100020364,
         "id" : "dep72",
         "a1" : "r1_c1"
      },
      {
         "a2" : "download_16",
         "time" : 703.623000066728,
         "id" : "dep73",
         "a1" : "r1_c1"
      },
      {
         "a2" : "download_15",
         "time" : 608.491000253708,
         "id" : "dep74",
         "a1" : "r1_c1"
      },
      {
         "a2" : "download_14",
         "time" : 576.208000071347,
         "id" : "dep75",
         "a1" : "r1_c1"
      },
      {
         "a2" : "download_13",
         "time" : 138.252000324428,
         "id" : "dep76",
         "a1" : "r1_c1"
      },
      {
         "a2" : "download_12",
         "time" : 73.7890000455086,
         "id" : "dep77",
         "a1" : "r1_c1"
      },
      {
         "a2" : "download_11",
         "time" : 73.4610003419216,
         "id" : "dep78",
         "a1" : "r1_c1"
      },
      {
         "a2" : "download_10",
         "time" : 67.6100002601746,
         "id" : "dep79",
         "a1" : "r1_c1"
      },
      {
         "a2" : "download_9",
         "time" : 65.6380001455545,
         "id" : "dep80",
         "a1" : "r1_c1"
      },
      {
         "a2" : "download_8",
         "time" : 16.0010000690818,
         "id" : "dep81",
         "a1" : "r1_c1"
      },
      {
         "a2" : "download_7",
         "time" : 11.0980002209544,
         "id" : "dep82",
         "a1" : "r1_c1"
      },
      {
         "a2" : "download_6",
         "time" : 17.7860003896058,
         "id" : "dep83",
         "a1" : "r1_c1"
      },
      {
         "a2" : "download_5",
         "time" : 15.7630001194775,
         "id" : "dep84",
         "a1" : "r1_c1"
      },
      {
         "a2" : "download_4",
         "time" : 11.7410002276301,
         "id" : "dep85",
         "a1" : "r1_c1"
      },
      {
         "a2" : "download_3",
         "time" : 51.2680001556873,
         "id" : "dep86",
         "a1" : "r1_c1"
      },
      {
         "a2" : "download_2",
         "time" : 46.718000434339,
         "id" : "dep87",
         "a1" : "r1_c1"
      },
      {
         "a2" : "download_1",
         "time" : 16.8550000526011,
         "id" : "dep88",
         "a1" : "r1_c1"
      }
   ]
}
