{
   "n_download_no_trigger" : 1,
   "start_activity" : "download_0",
   "name" : "modified.testbed.localhost_www.stackoverflow.com_",
   "load_activity" : -1,
   "objs" : [
      {
         "when_comp_start" : 1,
         "url" : "http://modified.testbed.localhost/www.stackoverflow.com/",
         "id" : "r1",
         "comps" : [
            {
               "s_time" : 59.6260000020266,
               "time" : 2.3659998551011,
               "id" : "r1_c1",
               "type" : "evalhtml",
               "e_time" : 61.9919998571277
            },
            {
               "s_time" : 157.649999950081,
               "time" : -3379838350.838,
               "id" : "r1_c2",
               "type" : "evalhtml",
               "e_time" : -3379838193.188
            },
            {
               "s_time" : 170.003000181168,
               "time" : 936.879999935632,
               "type" : "evalhtml",
               "id" : "r1_c3",
               "e_time" : 1106.8830001168
            }
         ],
         "download" : {
            "receiveFirst" : 4,
            "len" : 260931,
            "dns" : 0,
            "dnsEnd" : -1,
            "receiveHeadersEnd" : 5,
            "sslEnd" : -1,
            "connectEnd" : 1,
            "connectStart" : 0,
            "id" : "download_0",
            "receivedTime" : "58.9939998462796",
            "sslStart" : -1,
            "dnsStart" : -1,
            "receiveLast" : 53.9939998462796,
            "s_time" : 0,
            "sendEnd" : 1,
            "sendStart" : 1,
            "type" : "text/html"
         }
      },
      {
         "when_comp_start" : -1,
         "url" : "http://modified.testbed.localhost/ajax.googleapis.com/ajax/libs/jquery/1.7.1/jquery.min.js",
         "id" : "r2",
         "comps" : [
            {
               "s_time" : 82.355999853462,
               "time" : 75.294000096619,
               "type" : 1,
               "id" : "comp_0",
               "e_time" : 157.649999950081
            }
         ],
         "download" : {
            "receiveFirst" : 5,
            "len" : 93868,
            "dns" : 0,
            "dnsEnd" : -1,
            "receiveHeadersEnd" : 9,
            "sslEnd" : -1,
            "connectEnd" : 3,
            "connectStart" : 0,
            "id" : "download_1",
            "receivedTime" : "82.0309999398887",
            "sslStart" : -1,
            "dnsStart" : -1,
            "receiveLast" : 73.0309999398887,
            "s_time" : 60.9800000675023,
            "sendEnd" : 4,
            "sendStart" : 3,
            "type" : "application/javascript"
         }
      },
      {
         "when_comp_start" : -1,
         "url" : "http://modified.testbed.localhost/cdn.sstatic.net/Js/stub.en.js%3Fv=eb1d547a9670",
         "id" : "r3",
         "comps" : [
            {
               "s_time" : 158.14600000158,
               "time" : 11.857000179588,
               "type" : 1,
               "id" : "comp_2",
               "e_time" : 170.003000181168
            }
         ],
         "download" : {
            "receiveFirst" : 7,
            "len" : 36667,
            "dns" : 0,
            "dnsEnd" : -1,
            "receiveHeadersEnd" : 10,
            "sslEnd" : -1,
            "connectEnd" : 3,
            "connectStart" : 0,
            "id" : "download_2",
            "receivedTime" : "158.001999836415",
            "sslStart" : -1,
            "dnsStart" : -1,
            "receiveLast" : 148.001999836415,
            "s_time" : 61.5079998970032,
            "sendEnd" : 3,
            "sendStart" : 3,
            "type" : "text/plain"
         }
      },
      {
         "when_comp_start" : -1,
         "url" : "http://modified.testbed.localhost/cdn.sstatic.net/Sites/stackoverflow/all.css%3Fv=a047e63185b6.css",
         "id" : "r4",
         "comps" : [
            {
               "s_time" : 174.004999920726,
               "time" : 107.731000054627,
               "type" : 4,
               "id" : "comp_4",
               "e_time" : 281.735999975353
            }
         ],
         "download" : {
            "receiveFirst" : 8,
            "len" : 486321,
            "dns" : 0,
            "dnsEnd" : -1,
            "receiveHeadersEnd" : 10,
            "sslEnd" : -1,
            "connectEnd" : 2,
            "connectStart" : 0,
            "id" : "download_3",
            "receivedTime" : "173.698000144213",
            "sslStart" : -1,
            "dnsStart" : -1,
            "receiveLast" : 163.698000144213,
            "s_time" : 61.9919998571277,
            "sendEnd" : 2,
            "sendStart" : 2,
            "type" : "text/css"
         }
      },
      {
         "when_comp_start" : 1,
         "url" : "http://modified.testbed.localhost/ssum-sec.casalemedia.com/usermatch%3Fs=183712&cb=https:%252F%252Fengine.adzerk.net%252Fudb%252F22%252Fsync%252Fi.gif%3FpartnerId=1&userId=.html",
         "id" : "r5",
         "comps" : [
            {
               "s_time" : 674.149999860674,
               "time" : 0.380000099539984,
               "type" : "evalhtml",
               "id" : "r5_c1",
               "e_time" : 674.529999960214
            }
         ],
         "download" : {
            "receiveFirst" : 4,
            "len" : 224,
            "dns" : 0,
            "dnsEnd" : -1,
            "receiveHeadersEnd" : 6,
            "sslEnd" : -1,
            "connectEnd" : 2,
            "connectStart" : 0,
            "id" : "download_4",
            "receivedTime" : "413.207999896258",
            "sslStart" : -1,
            "dnsStart" : -1,
            "receiveLast" : 407.207999896258,
            "s_time" : 273.07299990207,
            "sendEnd" : 2,
            "sendStart" : 2,
            "type" : "text/html"
         }
      },
      {
         "when_comp_start" : -1,
         "url" : "http://modified.testbed.localhost/cdn.sstatic.net/img/share-sprite-new.svg%3Fv=e63ed0b867d8",
         "id" : "r6",
         "comps" : [],
         "download" : {
            "receiveFirst" : 3,
            "len" : 32060,
            "dns" : 0,
            "dnsEnd" : -1,
            "receiveHeadersEnd" : 4,
            "sslEnd" : -1,
            "connectEnd" : 1,
            "connectStart" : 0,
            "id" : "download_5",
            "receivedTime" : "440.669999923557",
            "sslStart" : -1,
            "dnsStart" : -1,
            "receiveLast" : 436.669999923557,
            "s_time" : 294.489999767393,
            "sendEnd" : 1,
            "sendStart" : 1,
            "type" : "text/xml"
         }
      },
      {
         "when_comp_start" : -1,
         "url" : "http://modified.testbed.localhost/cdn.sstatic.net/Sites/stackoverflow/img/sprites.svg%3Fv=8c1c8cba242e",
         "id" : "r7",
         "comps" : [],
         "download" : {
            "receiveFirst" : 3,
            "len" : 8131,
            "dns" : 0,
            "dnsEnd" : -1,
            "receiveHeadersEnd" : 4,
            "sslEnd" : -1,
            "connectEnd" : 1,
            "connectStart" : 0,
            "id" : "download_6",
            "receivedTime" : "441.376999951899",
            "sslStart" : -1,
            "dnsStart" : -1,
            "receiveLast" : 437.376999951899,
            "s_time" : 308.280999772251,
            "sendEnd" : 1,
            "sendStart" : 1,
            "type" : "text/xml"
         }
      },
      {
         "when_comp_start" : -1,
         "url" : "http://modified.testbed.localhost/i.stack.imgur.com/tKsDb.png",
         "id" : "r8",
         "comps" : [],
         "download" : {
            "receiveFirst" : 5,
            "len" : 259,
            "dns" : 0,
            "dnsEnd" : -1,
            "receiveHeadersEnd" : 7,
            "sslEnd" : -1,
            "connectEnd" : 2,
            "connectStart" : 0,
            "id" : "download_7",
            "receivedTime" : "596.861999947578",
            "sslStart" : -1,
            "dnsStart" : -1,
            "receiveLast" : 589.861999947578,
            "s_time" : 397.644999902695,
            "sendEnd" : 2,
            "sendStart" : 2,
            "type" : "image/png"
         }
      },
      {
         "when_comp_start" : -1,
         "url" : "http://modified.testbed.localhost/i.stack.imgur.com/xqoqk.png",
         "id" : "r9",
         "comps" : [],
         "download" : {
            "receiveFirst" : 6,
            "len" : 996,
            "dns" : 0,
            "dnsEnd" : -1,
            "receiveHeadersEnd" : 8,
            "sslEnd" : -1,
            "connectEnd" : 2,
            "connectStart" : 0,
            "id" : "download_8",
            "receivedTime" : "597.417999990284",
            "sslStart" : -1,
            "dnsStart" : -1,
            "receiveLast" : 589.417999990284,
            "s_time" : 398.240999784321,
            "sendEnd" : 2,
            "sendStart" : 2,
            "type" : "image/png"
         }
      },
      {
         "when_comp_start" : -1,
         "url" : "http://modified.testbed.localhost/i.stack.imgur.com/uE37r.png",
         "id" : "r10",
         "comps" : [],
         "download" : {
            "receiveFirst" : 4,
            "len" : 633,
            "dns" : 0,
            "dnsEnd" : -1,
            "receiveHeadersEnd" : 6,
            "sslEnd" : -1,
            "connectEnd" : 2,
            "connectStart" : 0,
            "id" : "download_9",
            "receivedTime" : "673.812999855727",
            "sslStart" : -1,
            "dnsStart" : -1,
            "receiveLast" : 667.812999855727,
            "s_time" : 406.043000053614,
            "sendEnd" : 2,
            "sendStart" : 2,
            "type" : "image/png"
         }
      },
      {
         "when_comp_start" : -1,
         "url" : "http://modified.testbed.localhost/i.stack.imgur.com/sawHl.png",
         "id" : "r11",
         "comps" : [],
         "download" : {
            "receiveFirst" : 3,
            "len" : 789,
            "dns" : 0,
            "dnsEnd" : -1,
            "receiveHeadersEnd" : 4,
            "sslEnd" : -1,
            "connectEnd" : 1,
            "connectStart" : 0,
            "id" : "download_10",
            "receivedTime" : "675.31399987638",
            "sslStart" : -1,
            "dnsStart" : -1,
            "receiveLast" : 671.31399987638,
            "s_time" : 434.659999795258,
            "sendEnd" : 1,
            "sendStart" : 1,
            "type" : "image/png"
         }
      },
      {
         "when_comp_start" : -1,
         "url" : "http://static.adzerk.net/ados.js",
         "id" : "r12",
         "comps" : [
            {
               "s_time" : 695.274999830872,
               "time" : 19.0840000286699,
               "type" : null,
               "id" : "comp_48",
               "e_time" : 714.358999859542
            }
         ],
         "download" : {
            "receiveFirst" : 1,
            "len" : 30309,
            "dns" : 0,
            "dnsEnd" : -1,
            "receiveHeadersEnd" : 1,
            "sslEnd" : -1,
            "connectEnd" : 0,
            "connectStart" : 0,
            "id" : "download_11",
            "receivedTime" : "677.137000020593",
            "sslStart" : -1,
            "dnsStart" : -1,
            "receiveLast" : 676.137000020593,
            "s_time" : 496.017999947071,
            "sendEnd" : 0,
            "sendStart" : 0,
            "type" : "application/javascript"
         }
      },
      {
         "when_comp_start" : -1,
         "url" : "http://modified.testbed.localhost/cdn.sstatic.net/img/favicons-sprite16.png%3Fv=66a719e51159",
         "id" : "r13",
         "comps" : [],
         "download" : {
            "receiveFirst" : 4,
            "len" : 59602,
            "dns" : 0,
            "dnsEnd" : -1,
            "receiveHeadersEnd" : 5,
            "sslEnd" : -1,
            "connectEnd" : 1,
            "connectStart" : 0,
            "id" : "download_12",
            "receivedTime" : "679.23799995333",
            "sslStart" : -1,
            "dnsStart" : -1,
            "receiveLast" : 674.23799995333,
            "s_time" : 523.302000015974,
            "sendEnd" : 1,
            "sendStart" : 1,
            "type" : "image/png"
         }
      },
      {
         "when_comp_start" : -1,
         "url" : "http://modified.testbed.localhost/cdn.sstatic.net/Sites/stackoverflow/img/sprites.svg%3Fv=8c1c8cba242e",
         "id" : "r14",
         "comps" : [],
         "download" : {
            "receiveFirst" : 3,
            "len" : 8131,
            "dns" : 0,
            "dnsEnd" : -1,
            "receiveHeadersEnd" : 5,
            "sslEnd" : -1,
            "connectEnd" : 1,
            "connectStart" : 0,
            "id" : "download_13",
            "receivedTime" : "678.669999819249",
            "sslStart" : -1,
            "dnsStart" : -1,
            "receiveLast" : 673.669999819249,
            "s_time" : 525.4319999367,
            "sendEnd" : 2,
            "sendStart" : 1,
            "type" : "text/xml"
         }
      },
      {
         "when_comp_start" : -1,
         "url" : "https://www.google-analytics.com/analytics.js",
         "id" : "r15",
         "comps" : [
            {
               "s_time" : 714.40100017935,
               "time" : 104.497999884189,
               "type" : null,
               "id" : "comp_50",
               "e_time" : 818.899000063539
            }
         ],
         "download" : {
            "receiveFirst" : 5,
            "len" : 26299,
            "dns" : 0,
            "dnsEnd" : -1,
            "receiveHeadersEnd" : 5,
            "sslEnd" : -1,
            "connectEnd" : 0,
            "connectStart" : 0,
            "id" : "download_14",
            "receivedTime" : "694.257999770343",
            "sslStart" : -1,
            "dnsStart" : -1,
            "receiveLast" : 689.257999770343,
            "s_time" : 595.941999927163,
            "sendEnd" : 0,
            "sendStart" : 0,
            "type" : "text/javascript"
         }
      },
      {
         "when_comp_start" : -1,
         "url" : "http://edge.quantserve.com/quant.js",
         "id" : "r16",
         "comps" : [
            {
               "s_time" : 818.96199984476,
               "time" : 12.295000255108,
               "type" : null,
               "id" : "comp_52",
               "e_time" : 831.257000099868
            }
         ],
         "download" : {
            "receiveFirst" : 5,
            "len" : 7874,
            "dns" : 0,
            "dnsEnd" : -1,
            "receiveHeadersEnd" : 5,
            "sslEnd" : -1,
            "connectEnd" : 0,
            "connectStart" : 0,
            "id" : "download_15",
            "receivedTime" : "694.532999768853",
            "sslStart" : -1,
            "dnsStart" : -1,
            "receiveLast" : 689.532999768853,
            "s_time" : 596.41300002113,
            "sendEnd" : 0,
            "sendStart" : 0,
            "type" : "application/x-javascript"
         }
      },
      {
         "when_comp_start" : -1,
         "url" : "http://b.scorecardresearch.com/beacon.js",
         "id" : "r17",
         "comps" : [
            {
               "s_time" : 831.30000019446,
               "time" : 4.02999995276298,
               "type" : null,
               "id" : "comp_54",
               "e_time" : 835.330000147223
            }
         ],
         "download" : {
            "receiveFirst" : 5,
            "len" : 1495,
            "dns" : 0,
            "dnsEnd" : -1,
            "receiveHeadersEnd" : 5,
            "sslEnd" : -1,
            "connectEnd" : 0,
            "connectStart" : 0,
            "id" : "download_16",
            "receivedTime" : "694.726999849081",
            "sslStart" : -1,
            "dnsStart" : -1,
            "receiveLast" : 689.726999849081,
            "s_time" : 596.74399998039,
            "sendEnd" : 0,
            "sendStart" : 0,
            "type" : "application/x-javascript"
         }
      },
      {
         "when_comp_start" : -1,
         "url" : "http://modified.testbed.localhost/engine.adzerk.net/udb/22/sync/i.gif%3FpartnerId=1&userId=VyE1oMAoJlYAAHWHMQYAAAEk&527",
         "id" : "r19",
         "comps" : [],
         "download" : {
            "receiveFirst" : 3,
            "len" : 43,
            "dns" : 0,
            "dnsEnd" : -1,
            "receiveHeadersEnd" : 5,
            "sslEnd" : -1,
            "connectEnd" : 2,
            "connectStart" : 0,
            "id" : "download_17",
            "receivedTime" : "835.963999852538",
            "sslStart" : -1,
            "dnsStart" : -1,
            "receiveLast" : 830.963999852538,
            "s_time" : 674.823999870569,
            "sendEnd" : 2,
            "sendStart" : 2,
            "type" : "image/gif"
         }
      },
      {
         "when_comp_start" : -1,
         "url" : "http://pixel.quantserve.com/pixel;r=2043447354;a=p-c1rF4kxgLUzNc;fpan=0;fpa=P0-1604743963-1461875138815;ns=0;ce=1;cm=;je=1;sr=1024x768x24;enc=n;dst=1;et=1461897111442;tzo=240;ref=;url=http%3A%2F%2Fmodified.testbed.localhost%2Fwww.stackoverflow.com%2F;ogl=type.website%2Cimage.http%3A%2F%2Fcdn%252Esst",
         "id" : "r22",
         "comps" : [],
         "download" : {
            "receiveFirst" : 9,
            "len" : 35,
            "dns" : 0,
            "dnsEnd" : -1,
            "receiveHeadersEnd" : 10,
            "sslEnd" : -1,
            "connectEnd" : 1,
            "connectStart" : 0,
            "id" : "download_18",
            "receivedTime" : "1092.75599988177",
            "sslStart" : -1,
            "dnsStart" : -1,
            "receiveLast" : 1082.75599988177,
            "s_time" : 831.726999953389,
            "sendEnd" : 1,
            "sendStart" : 1,
            "type" : "image/gif"
         }
      },
      {
         "when_comp_start" : -1,
         "url" : "http://engine.adzerk.net/ados?t=1461897111326&request={%22Placements%22:[{%22A%22:22,%22S%22:8277,%22D%22:%22adzerk1334911439%22,%22ATA%22:[5,17,2221],%22Z%22:45}],%22Keywords%22:%22undefined%22,%22Referrer%22:%22%22,%22IsAsync%22:true}",
         "id" : "r20",
         "comps" : [
            {
               "s_time" : 1102.15400019661,
               "time" : 4.40699979662008,
               "type" : null,
               "id" : "comp_64",
               "e_time" : 1106.56099999323
            }
         ],
         "download" : {
            "receiveFirst" : 133,
            "len" : 5348,
            "dns" : 0,
            "dnsEnd" : -1,
            "receiveHeadersEnd" : 134,
            "sslEnd" : -1,
            "connectEnd" : 1,
            "connectStart" : 0,
            "id" : "download_19",
            "receivedTime" : "1093.85799989104",
            "sslStart" : -1,
            "dnsStart" : -1,
            "receiveLast" : 959.857999891043,
            "s_time" : 714.449999853969,
            "sendEnd" : 1,
            "sendStart" : 1,
            "type" : "application/javascript"
         }
      },
      {
         "when_comp_start" : -1,
         "url" : "https://www.google-analytics.com/collect?v=1&_v=j41&a=448111200&t=pageview&_s=1&dl=http%3A%2F%2Fmodified.testbed.localhost%2Fwww.stackoverflow.com%2F&ul=en-us&de=ISO-8859-1&dt=Stack%20Overflow&sd=24-bit&sr=1024x768&vp=989x599&je=1&_utma=10762024.337840052.1461875325.1461888820.1461896298.4&_utmz=107",
         "id" : "r21",
         "comps" : [],
         "download" : {
            "receiveFirst" : 6,
            "len" : 35,
            "dns" : 0,
            "dnsEnd" : 3,
            "receiveHeadersEnd" : 35,
            "sslEnd" : 23,
            "connectEnd" : 27,
            "connectStart" : 0,
            "id" : "download_20",
            "receivedTime" : "1094.60800001398",
            "sslStart" : 9,
            "dnsStart" : 3,
            "receiveLast" : 1059.60800001398,
            "s_time" : 817.991999909282,
            "sendEnd" : 29,
            "sendStart" : 27,
            "type" : "image/gif"
         }
      },
      {
         "when_comp_start" : -1,
         "url" : "http://static.adzerk.net/Extensions/adFeedback.js",
         "id" : "r24",
         "comps" : [
            {
               "s_time" : 1108.9019998908,
               "time" : 2.2289999760701,
               "type" : null,
               "id" : "comp_66",
               "e_time" : 1111.13099986687
            }
         ],
         "download" : {
            "receiveFirst" : 1,
            "len" : 7616,
            "dns" : 0,
            "dnsEnd" : -1,
            "receiveHeadersEnd" : 1,
            "sslEnd" : -1,
            "connectEnd" : 0,
            "connectStart" : 0,
            "id" : "download_21",
            "receivedTime" : "1108.51900000125",
            "sslStart" : -1,
            "dnsStart" : -1,
            "receiveLast" : 1107.51900000125,
            "s_time" : 1105.74099980295,
            "sendEnd" : 0,
            "sendStart" : 0,
            "type" : "application/javascript"
         }
      },
      {
         "when_comp_start" : -1,
         "url" : "http://static.adzerk.net/Extensions/adFeedback.css",
         "id" : "r25",
         "comps" : [
            {
               "s_time" : 1111.74400011078,
               "time" : 3.48600000143006,
               "type" : null,
               "id" : "comp_68",
               "e_time" : 1115.23000011221
            }
         ],
         "download" : {
            "receiveFirst" : 1,
            "len" : 1852,
            "dns" : 0,
            "dnsEnd" : -1,
            "receiveHeadersEnd" : 1,
            "sslEnd" : -1,
            "connectEnd" : 0,
            "connectStart" : 0,
            "id" : "download_22",
            "receivedTime" : "1111.58900009468",
            "sslStart" : -1,
            "dnsStart" : -1,
            "receiveLast" : 1110.58900009468,
            "s_time" : 1106.8830001168,
            "sendEnd" : 0,
            "sendStart" : 0,
            "type" : "text/css"
         }
      }
   ],
   "deps" : [
      {
         "a2" : "r1_c2",
         "time" : -1,
         "id" : "dep1",
         "a1" : "comp_0"
      },
      {
         "a2" : "r1_c3",
         "time" : -1,
         "id" : "dep2",
         "a1" : "comp_2"
      },
      {
         "a2" : "comp_2",
         "time" : -1,
         "id" : "dep3",
         "a1" : "comp_0"
      },
      {
         "a2" : "download_22",
         "time" : -1,
         "id" : "dep4",
         "a1" : "r1_c3"
      },
      {
         "a2" : "download_21",
         "time" : 3.58699960633999,
         "id" : "dep5",
         "a1" : "comp_64"
      },
      {
         "a2" : "download_20",
         "time" : 103.590999729932,
         "id" : "dep6",
         "a1" : "comp_50"
      },
      {
         "a2" : "download_19",
         "time" : 0.0489996746189263,
         "id" : "dep7",
         "a1" : "comp_50"
      },
      {
         "a2" : "download_18",
         "time" : 0.426999758929014,
         "id" : "dep8",
         "a1" : "comp_54"
      },
      {
         "a2" : "download_17",
         "time" : 504.820999689401,
         "id" : "dep9",
         "a1" : "r1_c3"
      },
      {
         "a2" : "download_16",
         "time" : 426.740999799222,
         "id" : "dep10",
         "a1" : "r1_c3"
      },
      {
         "a2" : "download_15",
         "time" : 426.409999839962,
         "id" : "dep11",
         "a1" : "r1_c3"
      },
      {
         "a2" : "download_14",
         "time" : 425.938999745995,
         "id" : "dep12",
         "a1" : "r1_c3"
      },
      {
         "a2" : "download_13",
         "time" : 355.428999755532,
         "id" : "dep13",
         "a1" : "r1_c3"
      },
      {
         "a2" : "download_12",
         "time" : 353.298999834806,
         "id" : "dep14",
         "a1" : "r1_c3"
      },
      {
         "a2" : "download_11",
         "time" : 326.014999765903,
         "id" : "dep15",
         "a1" : "r1_c3"
      },
      {
         "a2" : "download_10",
         "time" : 264.65699961409,
         "id" : "dep16",
         "a1" : "r1_c3"
      },
      {
         "a2" : "download_9",
         "time" : 236.039999872446,
         "id" : "dep17",
         "a1" : "r1_c3"
      },
      {
         "a2" : "download_8",
         "time" : 228.237999603153,
         "id" : "dep18",
         "a1" : "r1_c3"
      },
      {
         "a2" : "download_7",
         "time" : 227.641999721527,
         "id" : "dep19",
         "a1" : "r1_c3"
      },
      {
         "a2" : "download_6",
         "time" : 138.277999591083,
         "id" : "dep20",
         "a1" : "r1_c3"
      },
      {
         "a2" : "download_5",
         "time" : 124.486999586225,
         "id" : "dep21",
         "a1" : "r1_c3"
      },
      {
         "a2" : "download_4",
         "time" : 103.069999720902,
         "id" : "dep22",
         "a1" : "r1_c3"
      },
      {
         "a2" : "download_3",
         "time" : -1,
         "id" : "dep23",
         "a1" : "r1_c1"
      },
      {
         "a2" : "download_2",
         "time" : 1.8819998949766,
         "id" : "dep24",
         "a1" : "r1_c1"
      },
      {
         "a2" : "download_2",
         "time" : 1.8819998949766,
         "id" : "dep25",
         "a1" : "r1_c1"
      },
      {
         "a2" : "download_1",
         "time" : 1.3540000654757,
         "id" : "dep26",
         "a1" : "r1_c1"
      }
   ]
}
