{
   "n_download_no_trigger" : 1,
   "start_activity" : "download_0",
   "name" : "modified.testbed.localhost_www.mumbaionlineflorists.com_",
   "load_activity" : -1,
   "objs" : [
      {
         "when_comp_start" : 1,
         "url" : "http://modified.testbed.localhost/www.mumbaionlineflorists.com/",
         "id" : "r1",
         "comps" : [
            {
               "s_time" : 47.5980001501739,
               "time" : -3383618301.411,
               "id" : "r1_c1",
               "type" : "evalhtml",
               "e_time" : -3383618253.813
            },
            {
               "s_time" : 1416.8850001879,
               "time" : 368.40699985624,
               "type" : "evalhtml",
               "id" : "r1_c2",
               "e_time" : 1785.29200004414
            }
         ],
         "download" : {
            "receiveFirst" : 5,
            "len" : 133074,
            "dns" : 0,
            "dnsEnd" : -1,
            "receiveHeadersEnd" : 6,
            "sslEnd" : -1,
            "connectEnd" : 1,
            "connectStart" : 0,
            "id" : "download_0",
            "receivedTime" : "47.0270002260804",
            "sslStart" : -1,
            "dnsStart" : -1,
            "receiveLast" : 41.0270002260804,
            "s_time" : 0,
            "sendEnd" : 1,
            "sendStart" : 1,
            "type" : "text/html"
         }
      },
      {
         "when_comp_start" : -1,
         "url" : "https://www.google-analytics.com/ga.js",
         "id" : "r22",
         "comps" : [],
         "download" : {
            "receiveFirst" : 8,
            "len" : 43082,
            "dns" : 0,
            "dnsEnd" : -1,
            "receiveHeadersEnd" : 8,
            "sslEnd" : -1,
            "connectEnd" : 0,
            "connectStart" : 0,
            "id" : "download_1",
            "receivedTime" : "1629.53499983996",
            "sslStart" : -1,
            "dnsStart" : -1,
            "receiveLast" : 1621.53499983996,
            "s_time" : 1506.94800028577,
            "sendEnd" : 0,
            "sendStart" : 0,
            "type" : "text/javascript"
         }
      },
      {
         "when_comp_start" : -1,
         "url" : "https://www.google-analytics.com/__utm.gif?utmwv=5.6.7&utms=7&utmn=88607170&utmhn=modified.testbed.localhost&utme=8(isMember*4!JoinedOn)9(0*4!0)11(1*4!1)&utmcs=ISO-8859-1&utmsr=1024x768&utmvp=989x599&utmsc=24-bit&utmul=en-us&utmje=1&utmfl=-&utmdt=Send%20Flowers%20to%20Mumbai%20Flower%20Delivery%20in",
         "id" : "r53",
         "comps" : [],
         "download" : {
            "receiveFirst" : 7,
            "len" : 35,
            "dns" : 0,
            "dnsEnd" : 1,
            "receiveHeadersEnd" : 34,
            "sslEnd" : 24,
            "connectEnd" : 26,
            "connectStart" : 0,
            "id" : "download_2",
            "receivedTime" : "1821.06500025839",
            "sslStart" : 7,
            "dnsStart" : 1,
            "receiveLast" : 1787.06500025839,
            "s_time" : 1785.29200004414,
            "sendEnd" : 27,
            "sendStart" : 26,
            "type" : "image/gif"
         }
      }
   ],
   "deps" : [
      {
         "a2" : "r1_c2",
         "time" : -1,
         "id" : "dep1",
         "a1" : "comp_11"
      },
      {
         "a2" : "download_2",
         "time" : -1,
         "id" : "dep2",
         "a1" : "r1_c2"
      },
      {
         "a2" : "download_1",
         "time" : 90.0630000978699,
         "id" : "dep3",
         "a1" : "r1_c2"
      }
   ]
}
