{
   "n_download_no_trigger" : 1,
   "start_activity" : "download_0",
   "name" : "modified.testbed.localhost_www.tmall.com_",
   "load_activity" : -1,
   "objs" : [
      {
         "when_comp_start" : 1,
         "url" : "http://modified.testbed.localhost/www.tmall.com/",
         "id" : "r1",
         "comps" : [
            {
               "s_time" : 69.5389998145401,
               "time" : 5533.38600043207,
               "type" : "evalhtml",
               "id" : "r1_c1",
               "e_time" : 5602.92500024661
            }
         ],
         "download" : {
            "receiveFirst" : 4,
            "len" : 213962,
            "dns" : 0,
            "dnsEnd" : -1,
            "receiveHeadersEnd" : 7,
            "sslEnd" : -1,
            "connectEnd" : 2,
            "connectStart" : 0,
            "id" : "download_0",
            "receivedTime" : "69.0649999305606",
            "sslStart" : -1,
            "dnsStart" : -1,
            "receiveLast" : 62.0649999305606,
            "s_time" : 0,
            "sendEnd" : 3,
            "sendStart" : 2,
            "type" : "text/html"
         }
      },
      {
         "when_comp_start" : -1,
         "url" : "http://modified.testbed.localhost/g.alicdn.com/index.html%3F%3Fmui%252Fglobal%252F3.0.15%252Fglobal.css,zebra-pages%252Ffp5%252F5.1.0%252Fpc%252Fcss%252Findex.css",
         "id" : "r2",
         "comps" : [
            {
               "s_time" : 94.7050000540912,
               "time" : 23.8470002077518,
               "type" : 4,
               "id" : "comp_1",
               "e_time" : 118.552000261843
            }
         ],
         "download" : {
            "receiveFirst" : 8,
            "len" : 139134,
            "dns" : 0,
            "dnsEnd" : -1,
            "receiveHeadersEnd" : 12,
            "sslEnd" : -1,
            "connectEnd" : 4,
            "connectStart" : 0,
            "id" : "download_1",
            "receivedTime" : "94.3880002014339",
            "sslStart" : -1,
            "dnsStart" : -1,
            "receiveLast" : 82.3880002014339,
            "s_time" : 71.7429998330772,
            "sendEnd" : 4,
            "sendStart" : 4,
            "type" : "text/css"
         }
      },
      {
         "when_comp_start" : -1,
         "url" : "http://modified.testbed.localhost/g.alicdn.com/secdev/pointman/js/index.js",
         "id" : "r4",
         "comps" : [],
         "download" : {
            "receiveFirst" : 10,
            "len" : 7288,
            "dns" : 0,
            "dnsEnd" : -1,
            "receiveHeadersEnd" : 13,
            "sslEnd" : -1,
            "connectEnd" : 3,
            "connectStart" : 0,
            "id" : "download_2",
            "receivedTime" : "91.5020001120865",
            "sslStart" : -1,
            "dnsStart" : -1,
            "receiveLast" : 78.5020001120865,
            "s_time" : 72.7490000426769,
            "sendEnd" : 3,
            "sendStart" : 3,
            "type" : "application/javascript"
         }
      },
      {
         "when_comp_start" : -1,
         "url" : "http://modified.testbed.localhost/img.alicdn.com/tps/i2/TB1xgT8LVXXXXaZXFXX8ueZHFXX-180-72.png",
         "id" : "r5",
         "comps" : [],
         "download" : {
            "receiveFirst" : 10,
            "len" : 2592,
            "dns" : 0,
            "dnsEnd" : -1,
            "receiveHeadersEnd" : 13,
            "sslEnd" : -1,
            "connectEnd" : 3,
            "connectStart" : 0,
            "id" : "download_3",
            "receivedTime" : "89.0629999339581",
            "sslStart" : -1,
            "dnsStart" : -1,
            "receiveLast" : 76.0629999339581,
            "s_time" : 73.2360002584755,
            "sendEnd" : 3,
            "sendStart" : 3,
            "type" : "image/png"
         }
      },
      {
         "when_comp_start" : -1,
         "url" : "http://modified.testbed.localhost/img.alicdn.com/tps/i3/TB1.560LVXXXXb7XVXX8ueZHFXX-180-72.png",
         "id" : "r6",
         "comps" : [],
         "download" : {
            "receiveFirst" : 8,
            "len" : 2881,
            "dns" : 0,
            "dnsEnd" : -1,
            "receiveHeadersEnd" : 12,
            "sslEnd" : -1,
            "connectEnd" : 4,
            "connectStart" : 0,
            "id" : "download_4",
            "receivedTime" : "119.173000101",
            "sslStart" : -1,
            "dnsStart" : -1,
            "receiveLast" : 107.173000101,
            "s_time" : 88.2609998807311,
            "sendEnd" : 4,
            "sendStart" : 4,
            "type" : "image/png"
         }
      },
      {
         "when_comp_start" : -1,
         "url" : "http://modified.testbed.localhost/img.alicdn.com/tps/TB1eREfLVXXXXaHXFXXXXXXXXXX-480-260.png",
         "id" : "r7",
         "comps" : [],
         "download" : {
            "receiveFirst" : 3,
            "len" : 4430,
            "dns" : 0,
            "dnsEnd" : -1,
            "receiveHeadersEnd" : 4,
            "sslEnd" : -1,
            "connectEnd" : 1,
            "connectStart" : 0,
            "id" : "download_5",
            "receivedTime" : "120.234999805689",
            "sslStart" : -1,
            "dnsStart" : -1,
            "receiveLast" : 116.234999805689,
            "s_time" : 101.39900026843,
            "sendEnd" : 1,
            "sendStart" : 1,
            "type" : "image/png"
         }
      },
      {
         "when_comp_start" : -1,
         "url" : "https://g.alicdn.com/??kissy/k/1.4.14/seed-min.js,mui/global/3.0.15/global-pc.js,mui/global/3.0.15/global.js,mui/globalmodule/3.0.56/seed.js,mui/btscfg-g/3.0.0/index.js,mui/bucket/3.0.4/index.js,mui/globalmodule/3.0.56/global-mod-pc.js,mui/globalmodule/3.0.56/global-mod.js,mui/kissy-polyfill/4.0.12/",
         "id" : "r3",
         "comps" : [],
         "download" : {
            "receiveFirst" : 18,
            "len" : 366971,
            "dns" : 10,
            "dnsEnd" : 12,
            "receiveHeadersEnd" : 161,
            "sslEnd" : 46,
            "connectEnd" : 47,
            "connectStart" : 0,
            "id" : "download_6",
            "receivedTime" : "264.204999897629",
            "sslStart" : 20,
            "dnsStart" : 2,
            "receiveLast" : 103.204999897629,
            "s_time" : 72.4920001812279,
            "sendEnd" : 143,
            "sendStart" : 47,
            "type" : "application/javascript"
         }
      },
      {
         "when_comp_start" : -1,
         "url" : "http://auto.alicdn.com/up/kirov/tmall.js",
         "id" : "r14",
         "comps" : [
            {
               "s_time" : 597.167000174522,
               "time" : 3.60099971294403,
               "type" : 3,
               "id" : "comp_11",
               "e_time" : 600.767999887466
            }
         ],
         "download" : {
            "receiveFirst" : 8,
            "len" : 1290,
            "dns" : 7,
            "dnsEnd" : 8,
            "receiveHeadersEnd" : 23,
            "sslEnd" : -1,
            "connectEnd" : 15,
            "connectStart" : 0,
            "id" : "download_7",
            "receivedTime" : "596.948999911547",
            "sslStart" : -1,
            "dnsStart" : 1,
            "receiveLast" : 573.948999911547,
            "s_time" : 571.624000091106,
            "sendEnd" : 15,
            "sendStart" : 15,
            "type" : "application/x-javascript"
         }
      },
      {
         "when_comp_start" : -1,
         "url" : "http://g.alicdn.com/alilog/mlog/aplus_v2.js",
         "id" : "r16",
         "comps" : [
            {
               "s_time" : 765.389999840409,
               "time" : 2.34300037845901,
               "type" : 2,
               "id" : "comp_28",
               "e_time" : 767.733000218868
            }
         ],
         "download" : {
            "receiveFirst" : 8,
            "len" : 3633,
            "dns" : 0,
            "dnsEnd" : 1,
            "receiveHeadersEnd" : 16,
            "sslEnd" : -1,
            "connectEnd" : 8,
            "connectStart" : 0,
            "id" : "download_8",
            "receivedTime" : "757.511999923736",
            "sslStart" : -1,
            "dnsStart" : 1,
            "receiveLast" : 741.511999923736,
            "s_time" : 602.415999863297,
            "sendEnd" : 8,
            "sendStart" : 8,
            "type" : "application/javascript"
         }
      },
      {
         "when_comp_start" : -1,
         "url" : "http://modified.testbed.localhost/img.alicdn.com/tps/i1/TB1Q4fJFVXXXXXiXFXXJgUmHVXX-184-38.gif",
         "id" : "r17",
         "comps" : [],
         "download" : {
            "receiveFirst" : 4,
            "len" : 7827,
            "dns" : 0,
            "dnsEnd" : -1,
            "receiveHeadersEnd" : 6,
            "sslEnd" : -1,
            "connectEnd" : 2,
            "connectStart" : 0,
            "id" : "download_9",
            "receivedTime" : "765.062999911606",
            "sslStart" : -1,
            "dnsStart" : -1,
            "receiveLast" : 759.062999911606,
            "s_time" : 629.025999922305,
            "sendEnd" : 2,
            "sendStart" : 2,
            "type" : "image/gif"
         }
      },
      {
         "when_comp_start" : -1,
         "url" : "http://modified.testbed.localhost/gtms03.alicdn.com/tps/i3/TB1qaIdKXXXXXXHXVXXBOphYpXX-1945-178.png",
         "id" : "r18",
         "comps" : [],
         "download" : {
            "receiveFirst" : 5,
            "len" : 11512,
            "dns" : 0,
            "dnsEnd" : -1,
            "receiveHeadersEnd" : 6,
            "sslEnd" : -1,
            "connectEnd" : 1,
            "connectStart" : 0,
            "id" : "download_10",
            "receivedTime" : "765.312000177801",
            "sslStart" : -1,
            "dnsStart" : -1,
            "receiveLast" : 759.312000177801,
            "s_time" : 630.538000259548,
            "sendEnd" : 1,
            "sendStart" : 1,
            "type" : "image/png"
         }
      },
      {
         "when_comp_start" : -1,
         "url" : "http://modified.testbed.localhost/at.alicdn.com/t/font_1401963178_8135476.woff",
         "id" : "r8",
         "comps" : [],
         "download" : {
            "receiveFirst" : 3,
            "len" : 4536,
            "dns" : 0,
            "dnsEnd" : -1,
            "receiveHeadersEnd" : 4,
            "sslEnd" : -1,
            "connectEnd" : 1,
            "connectStart" : 0,
            "id" : "download_11",
            "receivedTime" : "807.029000017792",
            "sslStart" : -1,
            "dnsStart" : -1,
            "receiveLast" : 803.029000017792,
            "s_time" : 757.222999818623,
            "sendEnd" : 1,
            "sendStart" : 1,
            "type" : "application/octet-stream"
         }
      },
      {
         "when_comp_start" : -1,
         "url" : "http://modified.testbed.localhost/at.alicdn.com/t/font_1460528889_0546324.woff",
         "id" : "r11",
         "comps" : [],
         "download" : {
            "receiveFirst" : 3,
            "len" : 22940,
            "dns" : 0,
            "dnsEnd" : -1,
            "receiveHeadersEnd" : 4,
            "sslEnd" : -1,
            "connectEnd" : 1,
            "connectStart" : 0,
            "id" : "download_12",
            "receivedTime" : "807.595000136644",
            "sslStart" : -1,
            "dnsStart" : -1,
            "receiveLast" : 803.595000136644,
            "s_time" : 757.426999974996,
            "sendEnd" : 1,
            "sendStart" : 1,
            "type" : "application/octet-stream"
         }
      },
      {
         "when_comp_start" : -1,
         "url" : "http://g.alicdn.com/alilog/s/6.1.11/aplus_v2.js",
         "id" : "r19",
         "comps" : [],
         "download" : {
            "receiveFirst" : 7,
            "len" : 64506,
            "dns" : 0,
            "dnsEnd" : 0,
            "receiveHeadersEnd" : 14,
            "sslEnd" : -1,
            "connectEnd" : 7,
            "connectStart" : 0,
            "id" : "download_13",
            "receivedTime" : "865.896999835968",
            "sslStart" : -1,
            "dnsStart" : 0,
            "receiveLast" : 851.896999835968,
            "s_time" : 767.858000006527,
            "sendEnd" : 7,
            "sendStart" : 7,
            "type" : "application/javascript"
         }
      },
      {
         "when_comp_start" : -1,
         "url" : "https://g.alicdn.com/kissy/k/1.4.14/??dom/base-min.js,event-min.js,event/dom/base-min.js,event/base-min.js,event/dom/focusin-min.js,event/custom-min.js,cookie-min.js",
         "id" : "r15",
         "comps" : [
            {
               "s_time" : 943.243999965489,
               "time" : 5.27499988675095,
               "type" : 2,
               "id" : "comp_39",
               "e_time" : 948.51899985224
            }
         ],
         "download" : {
            "receiveFirst" : 260,
            "len" : 52250,
            "dns" : 0,
            "dnsEnd" : -1,
            "receiveHeadersEnd" : 261,
            "sslEnd" : -1,
            "connectEnd" : 0,
            "connectStart" : 0,
            "id" : "download_14",
            "receivedTime" : "942.532000131905",
            "sslStart" : -1,
            "dnsStart" : -1,
            "receiveLast" : 681.532000131905,
            "s_time" : 590.338999871165,
            "sendEnd" : 1,
            "sendStart" : 0,
            "type" : "application/javascript"
         }
      },
      {
         "when_comp_start" : -1,
         "url" : "https://g.alicdn.com/kissy/k/1.4.14/??io-min.js,promise-min.js",
         "id" : "r22",
         "comps" : [
            {
               "s_time" : 998.976999893785,
               "time" : 1.513000112025,
               "type" : 2,
               "id" : "comp_42",
               "e_time" : 1000.49000000581
            }
         ],
         "download" : {
            "receiveFirst" : 8,
            "len" : 18998,
            "dns" : 0,
            "dnsEnd" : -1,
            "receiveHeadersEnd" : 8,
            "sslEnd" : -1,
            "connectEnd" : 0,
            "connectStart" : 0,
            "id" : "download_15",
            "receivedTime" : "998.810000251979",
            "sslStart" : -1,
            "dnsStart" : -1,
            "receiveLast" : 990.810000251979,
            "s_time" : 977.041999809444,
            "sendEnd" : 0,
            "sendStart" : 0,
            "type" : "application/javascript"
         }
      },
      {
         "when_comp_start" : -1,
         "url" : "https://g.alicdn.com/kissy/k/1.4.14/??base-min.js,attribute-min.js",
         "id" : "r23",
         "comps" : [
            {
               "s_time" : 1021.34199999273,
               "time" : 0.889000017189915,
               "type" : 2,
               "id" : "comp_45",
               "e_time" : 1022.23100000992
            }
         ],
         "download" : {
            "receiveFirst" : 7,
            "len" : 7854,
            "dns" : 0,
            "dnsEnd" : -1,
            "receiveHeadersEnd" : 7,
            "sslEnd" : -1,
            "connectEnd" : 0,
            "connectStart" : 0,
            "id" : "download_16",
            "receivedTime" : "1021.1620000191",
            "sslStart" : -1,
            "dnsStart" : -1,
            "receiveLast" : 1014.1620000191,
            "s_time" : 1012.48299982399,
            "sendEnd" : 0,
            "sendStart" : 0,
            "type" : "application/javascript"
         }
      },
      {
         "when_comp_start" : -1,
         "url" : "http://www.taobao.com/go/app/tmall/login-api.php?0.9582088256720454",
         "id" : "r24",
         "comps" : [
            {
               "s_time" : 1093.33099983633,
               "time" : 0.874000135800088,
               "type" : 2,
               "id" : "comp_48",
               "e_time" : 1094.20499997213
            }
         ],
         "download" : {
            "receiveFirst" : 26,
            "len" : 189,
            "dns" : 7,
            "dnsEnd" : 7,
            "receiveHeadersEnd" : 58,
            "sslEnd" : -1,
            "connectEnd" : 32,
            "connectStart" : 0,
            "id" : "download_17",
            "receivedTime" : "1093.08899985626",
            "sslStart" : -1,
            "dnsStart" : 0,
            "receiveLast" : 1035.08899985626,
            "s_time" : 1034.52000021935,
            "sendEnd" : 32,
            "sendStart" : 32,
            "type" : "application/x-javascript"
         }
      },
      {
         "when_comp_start" : -1,
         "url" : "http://g.alicdn.com/secdev/entry/index.js?t=203040",
         "id" : "r26",
         "comps" : [
            {
               "s_time" : 1939.32999996468,
               "time" : 2.01700022445016,
               "type" : 2,
               "id" : "comp_52",
               "e_time" : 1941.34700018913
            }
         ],
         "download" : {
            "receiveFirst" : 8,
            "len" : 275,
            "dns" : 0,
            "dnsEnd" : -1,
            "receiveHeadersEnd" : 9,
            "sslEnd" : -1,
            "connectEnd" : 1,
            "connectStart" : 0,
            "id" : "download_18",
            "receivedTime" : "1938.9220001176",
            "sslStart" : -1,
            "dnsStart" : -1,
            "receiveLast" : 1929.9220001176,
            "s_time" : 1928.5389999859,
            "sendEnd" : 1,
            "sendStart" : 1,
            "type" : "application/x-javascript"
         }
      },
      {
         "when_comp_start" : -1,
         "url" : "http://g.alicdn.com/sd/data_sufei/1.5.1/aplus/index.js",
         "id" : "r27",
         "comps" : [
            {
               "s_time" : 1952.0959998481,
               "time" : 12.2720003127999,
               "type" : 2,
               "id" : "comp_54",
               "e_time" : 1964.3680001609
            }
         ],
         "download" : {
            "receiveFirst" : 7,
            "len" : 6634,
            "dns" : 0,
            "dnsEnd" : -1,
            "receiveHeadersEnd" : 8,
            "sslEnd" : -1,
            "connectEnd" : 1,
            "connectStart" : 0,
            "id" : "download_19",
            "receivedTime" : "1951.53400022537",
            "sslStart" : -1,
            "dnsStart" : -1,
            "receiveLast" : 1943.53400022537,
            "s_time" : 1941.54000002891,
            "sendEnd" : 1,
            "sendStart" : 1,
            "type" : "application/javascript"
         }
      },
      {
         "when_comp_start" : -1,
         "url" : "http://log.mmstat.com/o.gif?logtype=1&title=%u5929%u732Btmall.com--%u4E0A%u5929%u732B%uFF0C%u5C31%u591F%u4E86&pre=&cache=177ce82&scr=1024x768&spm-cnt=875.7931836.0.0.JxNHJo&category=&uidaplus=&aplus&yunid=&&asid=AQAAAACwNCFXFWmmcAAAAABupkwF5XLOzw==&isbeta=7&p=1&o=linux&b=chrome31&s=1024x768&w=webkit",
         "id" : "r28",
         "comps" : [],
         "download" : {
            "receiveFirst" : 267,
            "len" : 43,
            "dns" : 0,
            "dnsEnd" : 1,
            "receiveHeadersEnd" : 535,
            "sslEnd" : -1,
            "connectEnd" : 267,
            "connectStart" : 0,
            "id" : "download_20",
            "receivedTime" : "2503.78300016746",
            "sslStart" : -1,
            "dnsStart" : 1,
            "receiveLast" : 1968.78300016746,
            "s_time" : 1967.32999989763,
            "sendEnd" : 268,
            "sendStart" : 267,
            "type" : "image/gif"
         }
      },
      {
         "when_comp_start" : -1,
         "url" : "https://aldh5.tmall.com/recommend2.htm?&appId=201602264,2016022910,2016022912,201602265,201602266,201603095,201603096,201602267,201602268,201603097,201603098,201602269,201603099,2016030910,2016030118,09044,201512172,2015112741&callback=jsonp_34160554",
         "id" : "r20",
         "comps" : [],
         "download" : {
            "receiveFirst" : 294,
            "len" : 25860,
            "dns" : 828,
            "dnsEnd" : 828,
            "receiveHeadersEnd" : 1683,
            "sslEnd" : 1387,
            "connectEnd" : 1387,
            "connectStart" : 0,
            "id" : "download_21",
            "receivedTime" : "2552.63900011778",
            "sslStart" : 1095,
            "dnsStart" : 0,
            "receiveLast" : 869.639000117779,
            "s_time" : 864.502999931574,
            "sendEnd" : 1389,
            "sendStart" : 1387,
            "type" : "application/json"
         }
      },
      {
         "when_comp_start" : -1,
         "url" : "https://img.alicdn.com/tps/TB1XihZMFXXXXbTXFXXXXXXXXXX-440-470.png_240x5000q100.jpg_.webp",
         "id" : "r29",
         "comps" : [],
         "download" : {
            "receiveFirst" : 9,
            "len" : 8840,
            "dns" : 0,
            "dnsEnd" : -1,
            "receiveHeadersEnd" : 12,
            "sslEnd" : -1,
            "connectEnd" : 2,
            "connectStart" : 0,
            "id" : "download_22",
            "receivedTime" : "2598.04699989036",
            "sslStart" : -1,
            "dnsStart" : -1,
            "receiveLast" : 2586.04699989036,
            "s_time" : 2583.08799983934,
            "sendEnd" : 3,
            "sendStart" : 2,
            "type" : "image/webp"
         }
      },
      {
         "when_comp_start" : -1,
         "url" : "http://img.alicdn.com/tps/i3/TB1NhZzJpXXXXc6XFXXPN1b5VXX-440-470.png_240x5000q100.jpg_.webp",
         "id" : "r30",
         "comps" : [],
         "download" : {
            "receiveFirst" : 9,
            "len" : 9968,
            "dns" : 0,
            "dnsEnd" : 1,
            "receiveHeadersEnd" : 17,
            "sslEnd" : -1,
            "connectEnd" : 8,
            "connectStart" : 0,
            "id" : "download_23",
            "receivedTime" : "2624.84099995345",
            "sslStart" : -1,
            "dnsStart" : 1,
            "receiveLast" : 2607.84099995345,
            "s_time" : 2583.99600023404,
            "sendEnd" : 8,
            "sendStart" : 8,
            "type" : "image/webp"
         }
      },
      {
         "when_comp_start" : -1,
         "url" : "http://img.alicdn.com/tps/i1/TB1ZkQYHpXXXXcPXXXX_RF9JFXX-1-1.gif",
         "id" : "r31",
         "comps" : [],
         "download" : {
            "receiveFirst" : 8,
            "len" : 43,
            "dns" : 0,
            "dnsEnd" : 1,
            "receiveHeadersEnd" : 17,
            "sslEnd" : -1,
            "connectEnd" : 9,
            "connectStart" : 0,
            "id" : "download_24",
            "receivedTime" : "2625.64400024712",
            "sslStart" : -1,
            "dnsStart" : 1,
            "receiveLast" : 2608.64400024712,
            "s_time" : 2585.7810000889,
            "sendEnd" : 9,
            "sendStart" : 9,
            "type" : "image/gif"
         }
      },
      {
         "when_comp_start" : -1,
         "url" : "http://img.alicdn.com/tps/i1/TB1a0p1MFXXXXXgXpXXz1yY.pXX-1130-500.jpg_q100.jpg_.webp",
         "id" : "r33",
         "comps" : [],
         "download" : {
            "receiveFirst" : 8,
            "len" : 75432,
            "dns" : 0,
            "dnsEnd" : -1,
            "receiveHeadersEnd" : 11,
            "sslEnd" : -1,
            "connectEnd" : 3,
            "connectStart" : 0,
            "id" : "download_25",
            "receivedTime" : "2662.10900014266",
            "sslStart" : -1,
            "dnsStart" : -1,
            "receiveLast" : 2651.10900014266,
            "s_time" : 2599.62699981406,
            "sendEnd" : 3,
            "sendStart" : 3,
            "type" : "image/webp"
         }
      },
      {
         "when_comp_start" : -1,
         "url" : "http://g.alicdn.com/mui/slider/3.0.7/??index.js,base.js,slide-util.js,kissy2yui.js",
         "id" : "r34",
         "comps" : [
            {
               "s_time" : 2665.19000008702,
               "time" : 3.37800011039008,
               "type" : 2,
               "id" : "comp_76",
               "e_time" : 2668.56800019741
            }
         ],
         "download" : {
            "receiveFirst" : 13,
            "len" : 29095,
            "dns" : 0,
            "dnsEnd" : -1,
            "receiveHeadersEnd" : 14,
            "sslEnd" : -1,
            "connectEnd" : 1,
            "connectStart" : 0,
            "id" : "download_26",
            "receivedTime" : "2663.70199993253",
            "sslStart" : -1,
            "dnsStart" : -1,
            "receiveLast" : 2649.70199993253,
            "s_time" : 2616.14000005648,
            "sendEnd" : 1,
            "sendStart" : 1,
            "type" : "application/javascript"
         }
      },
      {
         "when_comp_start" : -1,
         "url" : "https://g.alicdn.com/kissy/k/1.4.14/??node-min.js,anim-min.js,anim/base-min.js,anim/timer-min.js,anim/transition-min.js",
         "id" : "r35",
         "comps" : [
            {
               "s_time" : 2668.84300019592,
               "time" : 4.05999971554002,
               "type" : 2,
               "id" : "comp_79",
               "e_time" : 2672.90299991146
            }
         ],
         "download" : {
            "receiveFirst" : 12,
            "len" : 23364,
            "dns" : 0,
            "dnsEnd" : -1,
            "receiveHeadersEnd" : 13,
            "sslEnd" : -1,
            "connectEnd" : 1,
            "connectStart" : 0,
            "id" : "download_27",
            "receivedTime" : "2664.10800023004",
            "sslStart" : -1,
            "dnsStart" : -1,
            "receiveLast" : 2651.10800023004,
            "s_time" : 2617.80400015414,
            "sendEnd" : 1,
            "sendStart" : 1,
            "type" : "application/javascript"
         }
      },
      {
         "when_comp_start" : -1,
         "url" : "https://suggest.taobao.com/sug?area=tmall-hq&code=utf-8&actId&type&src=mallfp..pc&_ksTS=1461893034396_36&callback=jsonp37",
         "id" : "r25",
         "comps" : [],
         "download" : {
            "receiveFirst" : 251,
            "len" : 1013,
            "dns" : 626,
            "dnsEnd" : 626,
            "receiveHeadersEnd" : 1604,
            "sslEnd" : 1352,
            "connectEnd" : 1352,
            "connectStart" : 0,
            "id" : "download_28",
            "receivedTime" : "2664.87600002438",
            "sslStart" : 862,
            "dnsStart" : 0,
            "receiveLast" : 1060.87600002438,
            "s_time" : 1045.0280001387,
            "sendEnd" : 1353,
            "sendStart" : 1352,
            "type" : "application/json"
         }
      },
      {
         "when_comp_start" : -1,
         "url" : "http://gm.mmstat.com/msearch.3.1?cache=8510bdc&gmkey=tmallsearch&gokey=t%E6%81%A4%E7%94%B7%2C%E5%A5%B3%E5%8C%85%2C%E8%BF%9E%E8%A1%A3%E8%A3%99%2C%E6%99%BA%E8%83%BD%E6%89%8B%E6%9C%BA%2C%E8%BF%90%E5%8A%A8%E9%9E%8B%2C%E5%A6%88%E5%A6%88%E8%A3%85%2C%E5%89%83%E9%A1%BB%E5%88%80%2C%E6%89%8B%E8%A1%A8%2C%E4%B8",
         "id" : "r36",
         "comps" : [],
         "download" : {
            "receiveFirst" : 81,
            "len" : 43,
            "dns" : 0,
            "dnsEnd" : 1,
            "receiveHeadersEnd" : 160,
            "sslEnd" : -1,
            "connectEnd" : 79,
            "connectStart" : 0,
            "id" : "download_29",
            "receivedTime" : "2910.51500011235",
            "sslStart" : -1,
            "dnsStart" : 1,
            "receiveLast" : 2750.51500011235,
            "s_time" : 2749.168000184,
            "sendEnd" : 79,
            "sendStart" : 79,
            "type" : "image/gif"
         }
      },
      {
         "when_comp_start" : -1,
         "url" : "http://img.alicdn.com/tps/TB12ZTKLVXXXXa6aXXXXXXXXXXX-114-114.png",
         "id" : "r38",
         "comps" : [],
         "download" : {
            "receiveFirst" : 7,
            "len" : 8099,
            "dns" : 0,
            "dnsEnd" : -1,
            "receiveHeadersEnd" : 8,
            "sslEnd" : -1,
            "connectEnd" : 1,
            "connectStart" : 0,
            "id" : "download_30",
            "receivedTime" : "5615.09100021794",
            "sslStart" : -1,
            "dnsStart" : -1,
            "receiveLast" : 5607.09100021794,
            "s_time" : 5602.92500024661,
            "sendEnd" : 1,
            "sendStart" : 1,
            "type" : "image/png"
         }
      },
      {
         "when_comp_start" : -1,
         "url" : "http://gm.mmstat.com/tmjs.1.1?type=error&name=error%3Aio.error1&parent=app.init&module=181&msg=Error%3A%20JSONP%20request%20to%20%2F%2Fvip.tmall.com%2Fapi%2Fvip%2FgetMemberModel.do%3F%20timed%20out&version=5.1.0&sample=1&time=4793&hash=1931388344",
         "id" : "r37",
         "comps" : [],
         "download" : {
            "receiveFirst" : 79,
            "len" : 43,
            "dns" : 0,
            "dnsEnd" : -1,
            "receiveHeadersEnd" : 80,
            "sslEnd" : -1,
            "connectEnd" : 1,
            "connectStart" : 0,
            "id" : "download_31",
            "receivedTime" : "5678.34600014612",
            "sslStart" : -1,
            "dnsStart" : -1,
            "receiveLast" : 5598.34600014612,
            "s_time" : 5595.81599989906,
            "sendEnd" : 1,
            "sendStart" : 1,
            "type" : "image/gif"
         }
      },
      {
         "when_comp_start" : -1,
         "url" : "https://log.mmstat.com/eg.js",
         "id" : "r21",
         "comps" : [],
         "download" : {
            "receiveFirst" : 267,
            "len" : 92,
            "dns" : 7,
            "dnsEnd" : 7,
            "receiveHeadersEnd" : 5357,
            "sslEnd" : 5090,
            "connectEnd" : 5090,
            "connectStart" : 0,
            "id" : "download_32",
            "receivedTime" : "6286.78999980912",
            "sslStart" : 1280,
            "dnsStart" : 0,
            "receiveLast" : 929.789999809116,
            "s_time" : 927.980000153184,
            "sendEnd" : 5090,
            "sendStart" : 5090,
            "type" : "application/javascript"
         }
      }
   ],
   "deps" : [
      {
         "a2" : "download_32",
         "time" : 858.441000338644,
         "id" : "dep1",
         "a1" : "r1_c1"
      },
      {
         "a2" : "download_31",
         "time" : 5526.27700008452,
         "id" : "dep2",
         "a1" : "r1_c1"
      },
      {
         "a2" : "download_30",
         "time" : -1,
         "id" : "dep3",
         "a1" : "r1_c1"
      },
      {
         "a2" : "download_29",
         "time" : 2679.62900036946,
         "id" : "dep4",
         "a1" : "r1_c1"
      },
      {
         "a2" : "download_28",
         "time" : 975.48900032416,
         "id" : "dep5",
         "a1" : "r1_c1"
      },
      {
         "a2" : "download_27",
         "time" : 2548.2650003396,
         "id" : "dep6",
         "a1" : "r1_c1"
      },
      {
         "a2" : "download_26",
         "time" : 2546.60100024194,
         "id" : "dep7",
         "a1" : "r1_c1"
      },
      {
         "a2" : "download_25",
         "time" : 2530.08799999952,
         "id" : "dep8",
         "a1" : "r1_c1"
      },
      {
         "a2" : "download_24",
         "time" : 2516.24200027436,
         "id" : "dep9",
         "a1" : "r1_c1"
      },
      {
         "a2" : "download_23",
         "time" : 2514.4570004195,
         "id" : "dep10",
         "a1" : "r1_c1"
      },
      {
         "a2" : "download_22",
         "time" : 2513.5490000248,
         "id" : "dep11",
         "a1" : "r1_c1"
      },
      {
         "a2" : "download_21",
         "time" : 794.964000117034,
         "id" : "dep12",
         "a1" : "r1_c1"
      },
      {
         "a2" : "download_20",
         "time" : 1897.79100008309,
         "id" : "dep13",
         "a1" : "r1_c1"
      },
      {
         "a2" : "download_19",
         "time" : 1872.00100021437,
         "id" : "dep14",
         "a1" : "r1_c1"
      },
      {
         "a2" : "download_18",
         "time" : 1859.00000017136,
         "id" : "dep15",
         "a1" : "r1_c1"
      },
      {
         "a2" : "download_17",
         "time" : 964.98100040481,
         "id" : "dep16",
         "a1" : "r1_c1"
      },
      {
         "a2" : "download_16",
         "time" : 942.94400000945,
         "id" : "dep17",
         "a1" : "r1_c1"
      },
      {
         "a2" : "download_15",
         "time" : 907.502999994904,
         "id" : "dep18",
         "a1" : "r1_c1"
      },
      {
         "a2" : "download_14",
         "time" : 520.800000056625,
         "id" : "dep19",
         "a1" : "r1_c1"
      },
      {
         "a2" : "download_13",
         "time" : 698.319000191987,
         "id" : "dep20",
         "a1" : "r1_c1"
      },
      {
         "a2" : "download_12",
         "time" : 687.888000160456,
         "id" : "dep21",
         "a1" : "r1_c1"
      },
      {
         "a2" : "download_11",
         "time" : 687.684000004083,
         "id" : "dep22",
         "a1" : "r1_c1"
      },
      {
         "a2" : "download_10",
         "time" : 560.999000445008,
         "id" : "dep23",
         "a1" : "r1_c1"
      },
      {
         "a2" : "download_9",
         "time" : 559.487000107765,
         "id" : "dep24",
         "a1" : "r1_c1"
      },
      {
         "a2" : "download_8",
         "time" : 532.877000048757,
         "id" : "dep25",
         "a1" : "r1_c1"
      },
      {
         "a2" : "download_7",
         "time" : 502.085000276566,
         "id" : "dep26",
         "a1" : "r1_c1"
      },
      {
         "a2" : "download_7",
         "time" : 502.085000276566,
         "id" : "dep27",
         "a1" : "r1_c1"
      },
      {
         "a2" : "download_6",
         "time" : 2.95300036668779,
         "id" : "dep28",
         "a1" : "r1_c1"
      },
      {
         "a2" : "download_5",
         "time" : 31.8600004538899,
         "id" : "dep29",
         "a1" : "r1_c1"
      },
      {
         "a2" : "download_4",
         "time" : 18.722000066191,
         "id" : "dep30",
         "a1" : "r1_c1"
      },
      {
         "a2" : "download_3",
         "time" : 3.69700044393539,
         "id" : "dep31",
         "a1" : "r1_c1"
      },
      {
         "a2" : "download_2",
         "time" : 3.21000022813679,
         "id" : "dep32",
         "a1" : "r1_c1"
      },
      {
         "a2" : "download_2",
         "time" : 3.21000022813679,
         "id" : "dep33",
         "a1" : "r1_c1"
      },
      {
         "a2" : "download_1",
         "time" : 2.2040000185371,
         "id" : "dep34",
         "a1" : "r1_c1"
      }
   ]
}
