{
   "n_download_no_trigger" : 1,
   "start_activity" : "download_0",
   "name" : "modified.testbed.localhost_www.meilende.com_",
   "load_activity" : -1,
   "objs" : [
      {
         "when_comp_start" : 1,
         "url" : "http://modified.testbed.localhost/www.meilende.com/",
         "id" : "r1",
         "comps" : [
            {
               "s_time" : 27.4229999631643,
               "time" : 555.638999678195,
               "id" : "r1_c1",
               "type" : "evalhtml",
               "e_time" : 583.061999641359
            },
            {
               "s_time" : 587.424999568611,
               "time" : -3381978516.79,
               "id" : "r1_c2",
               "type" : "evalhtml",
               "e_time" : -3381977929.365
            },
            {
               "s_time" : 672.544999979436,
               "time" : -3381978601.91,
               "id" : "r1_c3",
               "type" : "evalhtml",
               "e_time" : -3381977929.365
            },
            {
               "s_time" : 675.607999786735,
               "time" : -3381978604.973,
               "id" : "r1_c4",
               "type" : "evalhtml",
               "e_time" : -3381977929.365
            },
            {
               "s_time" : 700.940999668092,
               "time" : 182.270999997854,
               "id" : "r1_c5",
               "type" : "evalhtml",
               "e_time" : 883.211999665946
            },
            {
               "s_time" : 889.046999625862,
               "time" : 333.641000092028,
               "type" : "evalhtml",
               "id" : "r1_c6",
               "e_time" : 1222.68799971789
            }
         ],
         "download" : {
            "receiveFirst" : 2,
            "len" : 59430,
            "dns" : 0,
            "dnsEnd" : -1,
            "receiveHeadersEnd" : 3,
            "sslEnd" : -1,
            "connectEnd" : 0,
            "connectStart" : 0,
            "id" : "download_0",
            "receivedTime" : "27.1289995871484",
            "sslStart" : -1,
            "dnsStart" : -1,
            "receiveLast" : 24.1289995871484,
            "s_time" : 0,
            "sendEnd" : 1,
            "sendStart" : 0,
            "type" : "text/html"
         }
      },
      {
         "when_comp_start" : -1,
         "url" : "http://modified.testbed.localhost/www.meilende.com/public/A.animated.css+templates,,_cleanblog-15,,_css,,_bootstrap.min.css+templates,,_cleanblog-15,,_css,,_clean-blog.min.css,,qv==1,Mcc.OYJEO_tCX9.css.pagespeed.cf.5QPxz2cs2W.css",
         "id" : "r2",
         "comps" : [
            {
               "s_time" : 53.9569999091327,
               "time" : 54.5649998821323,
               "type" : 4,
               "id" : "comp_0",
               "e_time" : 108.521999791265
            }
         ],
         "download" : {
            "receiveFirst" : 4,
            "len" : 195106,
            "dns" : 0,
            "dnsEnd" : -1,
            "receiveHeadersEnd" : 6,
            "sslEnd" : -1,
            "connectEnd" : 2,
            "connectStart" : 0,
            "id" : "download_1",
            "receivedTime" : "53.657999727875",
            "sslStart" : -1,
            "dnsStart" : -1,
            "receiveLast" : 47.657999727875,
            "s_time" : 28.5419998690486,
            "sendEnd" : 2,
            "sendStart" : 2,
            "type" : "text/css"
         }
      },
      {
         "when_comp_start" : -1,
         "url" : "http://modified.testbed.localhost/pagead2.googlesyndication.com/pagead/js/adsbygoogle.js",
         "id" : "r3",
         "comps" : [
            {
               "s_time" : 134.581999853253,
               "time" : 62.857000157237,
               "type" : 3,
               "id" : "comp_9",
               "e_time" : 197.43900001049
            },
            {
               "s_time" : 197.458999697119,
               "time" : 1.455000136048,
               "type" : 3,
               "id" : "comp_19",
               "e_time" : 198.913999833167
            }
         ],
         "download" : {
            "receiveFirst" : 6,
            "len" : 34835,
            "dns" : 0,
            "dnsEnd" : -1,
            "receiveHeadersEnd" : 8,
            "sslEnd" : -1,
            "connectEnd" : 1,
            "connectStart" : 0,
            "id" : "download_2",
            "receivedTime" : "42.4009999260306",
            "sslStart" : -1,
            "dnsStart" : -1,
            "receiveLast" : 34.4009999260306,
            "s_time" : 29.128999914974,
            "sendEnd" : 2,
            "sendStart" : 1,
            "type" : "application/javascript"
         }
      },
      {
         "when_comp_start" : 1,
         "url" : "http://modified.testbed.localhost/pagespeed_static/1.JiBnMqyl6S.gif",
         "id" : "r8",
         "comps" : [],
         "download" : {
            "receiveFirst" : 4,
            "len" : 323,
            "dns" : 0,
            "dnsEnd" : -1,
            "receiveHeadersEnd" : 5,
            "sslEnd" : -1,
            "connectEnd" : 1,
            "connectStart" : 0,
            "id" : "download_3",
            "receivedTime" : "228.511999826878",
            "sslStart" : -1,
            "dnsStart" : -1,
            "receiveLast" : 223.511999826878,
            "s_time" : 100.265999790281,
            "sendEnd" : 1,
            "sendStart" : 1,
            "type" : "text/html"
         }
      },
      {
         "when_comp_start" : -1,
         "url" : "http://modified.testbed.localhost/www.meilende.com/bgimg/index.html%3Fxrand=10&id=348",
         "id" : "r9",
         "comps" : [],
         "download" : {
            "receiveFirst" : 4,
            "len" : 41652,
            "dns" : 0,
            "dnsEnd" : -1,
            "receiveHeadersEnd" : 6,
            "sslEnd" : -1,
            "connectEnd" : 1,
            "connectStart" : 0,
            "id" : "download_4",
            "receivedTime" : "288.161999545991",
            "sslStart" : -1,
            "dnsStart" : -1,
            "receiveLast" : 282.161999545991,
            "s_time" : 116.900999564677,
            "sendEnd" : 2,
            "sendStart" : 1,
            "type" : "image/jpeg"
         }
      },
      {
         "when_comp_start" : -1,
         "url" : "https://pagead2.googlesyndication.com/pub-config/r20160212/ca-pub-7647018814670339.js",
         "id" : "r10",
         "comps" : [
            {
               "s_time" : 290.110999718308,
               "time" : 8.41200025752198,
               "type" : 2,
               "id" : "comp_33",
               "e_time" : 298.52299997583
            }
         ],
         "download" : {
            "receiveFirst" : 1,
            "len" : 178,
            "dns" : 0,
            "dnsEnd" : -1,
            "receiveHeadersEnd" : 1,
            "sslEnd" : -1,
            "connectEnd" : 0,
            "connectStart" : 0,
            "id" : "download_5",
            "receivedTime" : "288.6199997738",
            "sslStart" : -1,
            "dnsStart" : -1,
            "receiveLast" : 287.6199997738,
            "s_time" : 165.995999705046,
            "sendEnd" : 0,
            "sendStart" : 0,
            "type" : "text/javascript"
         }
      },
      {
         "when_comp_start" : -1,
         "url" : "http://pagead2.googlesyndication.com/pagead/js/r20160426/r20151006/show_ads_impl.js",
         "id" : "r12",
         "comps" : [
            {
               "s_time" : 309.717999771237,
               "time" : 277.706999797374,
               "type" : 1,
               "id" : "comp_34",
               "e_time" : 587.424999568611
            },
            {
               "s_time" : 847.368999850005,
               "time" : 41.677999775857,
               "type" : 1,
               "id" : "comp_71",
               "e_time" : 889.046999625862
            }
         ],
         "download" : {
            "receiveFirst" : 1,
            "len" : 305587,
            "dns" : 0,
            "dnsEnd" : -1,
            "receiveHeadersEnd" : 1,
            "sslEnd" : -1,
            "connectEnd" : 0,
            "connectStart" : 0,
            "id" : "download_6",
            "receivedTime" : "309.444999787956",
            "sslStart" : -1,
            "dnsStart" : -1,
            "receiveLast" : 308.444999787956,
            "s_time" : 197.408000007272,
            "sendEnd" : 0,
            "sendStart" : 0,
            "type" : "text/javascript"
         }
      },
      {
         "when_comp_start" : 1,
         "url" : "https://googleads.g.doubleclick.net/pagead/html/r20160426/r20151006/zrt_lookup.html",
         "id" : "r11",
         "comps" : [
            {
               "s_time" : 817.690999712795,
               "time" : 5.67500013858103,
               "type" : "evalhtml",
               "id" : "r11_c1",
               "e_time" : 823.365999851376
            }
         ],
         "download" : {
            "receiveFirst" : 3,
            "len" : 9883,
            "dns" : 0,
            "dnsEnd" : -1,
            "receiveHeadersEnd" : 3,
            "sslEnd" : -1,
            "connectEnd" : 0,
            "connectStart" : 0,
            "id" : "download_7",
            "receivedTime" : "299.326999578625",
            "sslStart" : -1,
            "dnsStart" : -1,
            "receiveLast" : 296.326999578625,
            "s_time" : 199.093999806792,
            "sendEnd" : 0,
            "sendStart" : 0,
            "type" : "text/html"
         }
      },
      {
         "when_comp_start" : -1,
         "url" : "https://www.google-analytics.com/analytics.js",
         "id" : "r7",
         "comps" : [],
         "download" : {
            "receiveFirst" : 7,
            "len" : 26299,
            "dns" : 0,
            "dnsEnd" : -1,
            "receiveHeadersEnd" : 7,
            "sslEnd" : -1,
            "connectEnd" : 0,
            "connectStart" : 0,
            "id" : "download_8",
            "receivedTime" : "587.898999918252",
            "sslStart" : -1,
            "dnsStart" : -1,
            "receiveLast" : 580.898999918252,
            "s_time" : 225.697999820113,
            "sendEnd" : 0,
            "sendStart" : 0,
            "type" : "text/javascript"
         }
      },
      {
         "when_comp_start" : -1,
         "url" : "http://modified.testbed.localhost/www.meilende.com/pagespeed_static/1.JiBnMqyl6S.gif",
         "id" : "r13",
         "comps" : [],
         "download" : {
            "receiveFirst" : 4,
            "len" : 53,
            "dns" : 0,
            "dnsEnd" : -1,
            "receiveHeadersEnd" : 13,
            "sslEnd" : -1,
            "connectEnd" : 9,
            "connectStart" : 0,
            "id" : "download_9",
            "receivedTime" : "588.81299989298",
            "sslStart" : -1,
            "dnsStart" : -1,
            "receiveLast" : 575.81299989298,
            "s_time" : 226.47099988535,
            "sendEnd" : 9,
            "sendStart" : 9,
            "type" : "image/gif"
         }
      },
      {
         "when_comp_start" : -1,
         "url" : "http://modified.testbed.localhost/www.meilende.com/public/templates/cleanblog-15/js/jquery.js.pagespeed.jm.57gVchIV6e.js",
         "id" : "r14",
         "comps" : [
            {
               "s_time" : 590.179999824613,
               "time" : 82.3650001548231,
               "type" : 1,
               "id" : "comp_38",
               "e_time" : 672.544999979436
            }
         ],
         "download" : {
            "receiveFirst" : 4,
            "len" : 132061,
            "dns" : 0,
            "dnsEnd" : -1,
            "receiveHeadersEnd" : 12,
            "sslEnd" : -1,
            "connectEnd" : 8,
            "connectStart" : 0,
            "id" : "download_10",
            "receivedTime" : "590.018999762833",
            "sslStart" : -1,
            "dnsStart" : -1,
            "receiveLast" : 578.018999762833,
            "s_time" : 227.919999975711,
            "sendEnd" : 8,
            "sendStart" : 8,
            "type" : "application/javascript"
         }
      },
      {
         "when_comp_start" : -1,
         "url" : "http://modified.testbed.localhost/www.meilende.com/public/templates/cleanblog-15/js/bootstrap.min.js+clean-blog.min.js.pagespeed.jc.hdEmunz_S3.js",
         "id" : "r15",
         "comps" : [
            {
               "s_time" : 672.725999727845,
               "time" : 2.88200005889007,
               "type" : 1,
               "id" : "comp_40",
               "e_time" : 675.607999786735
            }
         ],
         "download" : {
            "receiveFirst" : 5,
            "len" : 59075,
            "dns" : 0,
            "dnsEnd" : -1,
            "receiveHeadersEnd" : 13,
            "sslEnd" : -1,
            "connectEnd" : 7,
            "connectStart" : 0,
            "id" : "download_11",
            "receivedTime" : "589.709999971092",
            "sslStart" : -1,
            "dnsStart" : -1,
            "receiveLast" : 576.709999971092,
            "s_time" : 228.786999825388,
            "sendEnd" : 8,
            "sendStart" : 7,
            "type" : "application/javascript"
         }
      },
      {
         "when_comp_start" : -1,
         "url" : "http://modified.testbed.localhost/www.meilende.com/public/cookies/cookieconsent.latest.min.js.pagespeed.ce.EwfKrjzLH8.js",
         "id" : "r16",
         "comps" : [
            {
               "s_time" : 697.987999767065,
               "time" : 2.95299990102694,
               "type" : 1,
               "id" : "comp_45",
               "e_time" : 700.940999668092
            }
         ],
         "download" : {
            "receiveFirst" : 11,
            "len" : 4496,
            "dns" : 0,
            "dnsEnd" : -1,
            "receiveHeadersEnd" : 18,
            "sslEnd" : -1,
            "connectEnd" : 6,
            "connectStart" : 0,
            "id" : "download_12",
            "receivedTime" : "589.499999769032",
            "sslStart" : -1,
            "dnsStart" : -1,
            "receiveLast" : 571.499999769032,
            "s_time" : 229.603999760002,
            "sendEnd" : 7,
            "sendStart" : 6,
            "type" : "application/javascript"
         }
      },
      {
         "when_comp_start" : -1,
         "url" : "https://pagead2.googlesyndication.com/pagead/osd.js",
         "id" : "r18",
         "comps" : [
            {
               "s_time" : 890.473999548703,
               "time" : 49.063000362367,
               "type" : null,
               "id" : "comp_76",
               "e_time" : 939.53699991107
            }
         ],
         "download" : {
            "receiveFirst" : 3,
            "len" : 62045,
            "dns" : 0,
            "dnsEnd" : -1,
            "receiveHeadersEnd" : 3,
            "sslEnd" : -1,
            "connectEnd" : 0,
            "connectStart" : 0,
            "id" : "download_13",
            "receivedTime" : "825.282999780029",
            "sslStart" : -1,
            "dnsStart" : -1,
            "receiveLast" : 822.282999780029,
            "s_time" : 583.061999641359,
            "sendEnd" : 0,
            "sendStart" : 0,
            "type" : "text/javascript"
         }
      },
      {
         "when_comp_start" : -1,
         "url" : "https://pagead2.googlesyndication.com/pagead/js/r20160426/r20151006/expansion_embed.js",
         "id" : "r19",
         "comps" : [
            {
               "s_time" : 1232.80999995768,
               "time" : 55.9589997865301,
               "type" : 2,
               "id" : "comp_91",
               "e_time" : 1288.76899974421
            },
            {
               "s_time" : 939.582999795675,
               "time" : 91.111999936405,
               "type" : null,
               "id" : "comp_81",
               "e_time" : 1030.69499973208
            }
         ],
         "download" : {
            "receiveFirst" : 1,
            "len" : 157034,
            "dns" : 0,
            "dnsEnd" : -1,
            "receiveHeadersEnd" : 1,
            "sslEnd" : -1,
            "connectEnd" : 0,
            "connectStart" : 0,
            "id" : "download_14",
            "receivedTime" : "844.008999876678",
            "sslStart" : -1,
            "dnsStart" : -1,
            "receiveLast" : 843.008999876678,
            "s_time" : 771.069000009447,
            "sendEnd" : 0,
            "sendStart" : 0,
            "type" : "text/javascript"
         }
      },
      {
         "when_comp_start" : 1,
         "url" : "https://googleads.g.doubleclick.net/pagead/ads?client=ca-pub-7647018814670339&format=728x90&output=html&h=90&slotname=1758291209&adk=675516742&w=728&lmt=1461913650&flash=0&url=http%3A%2F%2Fmodified.testbed.localhost%2Fwww.meilende.com%2F&wgl=1&dt=1461899250512&bpp=33&bdt=130&fdt=39&idt=336&shv=r2016",
         "id" : "r17",
         "comps" : [
            {
               "s_time" : 1212.70599961281,
               "time" : 9.98200010508003,
               "id" : "r17_c1",
               "type" : "evalhtml",
               "e_time" : 1222.68799971789
            },
            {
               "s_time" : 1325.28299978003,
               "time" : -3381979254.648,
               "id" : "r17_c2",
               "type" : "evalhtml",
               "e_time" : -3381977929.365
            },
            {
               "s_time" : 1363.74899977818,
               "time" : 238.99400001392,
               "type" : "evalhtml",
               "id" : "r17_c3",
               "e_time" : 1602.7429997921
            }
         ],
         "download" : {
            "receiveFirst" : 247,
            "len" : 102184,
            "dns" : 0,
            "dnsEnd" : 1,
            "receiveHeadersEnd" : 275,
            "sslEnd" : 26,
            "connectEnd" : 27,
            "connectStart" : 0,
            "id" : "download_15",
            "receivedTime" : "1047.42099996656",
            "sslStart" : 9,
            "dnsStart" : 1,
            "receiveLast" : 772.420999966562,
            "s_time" : 577.966999728233,
            "sendEnd" : 28,
            "sendStart" : 27,
            "type" : "text/html"
         }
      },
      {
         "when_comp_start" : -1,
         "url" : "https://www.google-analytics.com/collect?v=1&_v=j41&a=977368817&t=pageview&_s=1&dl=http%3A%2F%2Fmodified.testbed.localhost%2Fwww.meilende.com%2F&ul=en-us&de=UTF-8&dt=%7C%20Meilende.com&sd=24-bit&sr=1024x768&vp=989x744&je=1&_utma=10762024.337840052.1461875325.1461888820.1461896298.4&_utmz=10762024.14",
         "id" : "r20",
         "comps" : [],
         "download" : {
            "receiveFirst" : 6,
            "len" : 35,
            "dns" : 0,
            "dnsEnd" : 4,
            "receiveHeadersEnd" : 39,
            "sslEnd" : 31,
            "connectEnd" : 31,
            "connectStart" : 0,
            "id" : "download_16",
            "receivedTime" : "1048.01899986342",
            "sslStart" : 12,
            "dnsStart" : 4,
            "receiveLast" : 1009.01899986342,
            "s_time" : 844.655999913812,
            "sendEnd" : 33,
            "sendStart" : 31,
            "type" : "image/gif"
         }
      },
      {
         "when_comp_start" : 1,
         "url" : "https://googleads.g.doubleclick.net/pagead/ads?client=ca-pub-7647018814670339&format=728x90&output=html&h=90&slotname=7665224005&adk=2192396692&w=728&lmt=1461913650&flash=0&url=http%3A%2F%2Fmodified.testbed.localhost%2Fwww.meilende.com%2F&wgl=1&dt=1461899250554&bpp=26&bdt=173&fdt=648&idt=651&shv=r20",
         "id" : "r22",
         "comps" : [
            {
               "s_time" : 1377.56999954581,
               "time" : -3381979306.935,
               "id" : "r22_c1",
               "type" : "evalhtml",
               "e_time" : -3381977929.365
            },
            {
               "s_time" : 1409.56699987873,
               "time" : -3381979338.932,
               "id" : "r22_c2",
               "type" : "evalhtml",
               "e_time" : -3381977929.365
            },
            {
               "s_time" : 1442.44199991226,
               "time" : 114.55299984664,
               "type" : "evalhtml",
               "id" : "r22_c3",
               "e_time" : 1556.9949997589
            }
         ],
         "download" : {
            "receiveFirst" : 255,
            "len" : 102402,
            "dns" : 0,
            "dnsEnd" : -1,
            "receiveHeadersEnd" : 258,
            "sslEnd" : -1,
            "connectEnd" : 2,
            "connectStart" : 0,
            "id" : "download_17",
            "receivedTime" : "1232.36499959603",
            "sslStart" : -1,
            "dnsStart" : -1,
            "receiveLast" : 974.36499959603,
            "s_time" : 883.211999665946,
            "sendEnd" : 3,
            "sendStart" : 2,
            "type" : "text/html"
         }
      },
      {
         "when_comp_start" : -1,
         "url" : "https://tpc.googlesyndication.com/pagead/js/r20160426/r20110914/client/ext/m_js_controller.js",
         "id" : "r24",
         "comps" : [
            {
               "s_time" : 1294.99399987981,
               "time" : 30.28899990022,
               "type" : 1,
               "id" : "comp_95",
               "e_time" : 1325.28299978003
            },
            {
               "s_time" : 1385.22399961948,
               "time" : 24.3430002592499,
               "type" : 1,
               "id" : "comp_108",
               "e_time" : 1409.56699987873
            }
         ],
         "download" : {
            "receiveFirst" : 2,
            "len" : 66638,
            "dns" : 0,
            "dnsEnd" : -1,
            "receiveHeadersEnd" : 2,
            "sslEnd" : -1,
            "connectEnd" : 0,
            "connectStart" : 0,
            "id" : "download_18",
            "receivedTime" : "1294.85499998555",
            "sslStart" : -1,
            "dnsStart" : -1,
            "receiveLast" : 1292.85499998555,
            "s_time" : 1221.79299965501,
            "sendEnd" : 0,
            "sendStart" : 0,
            "type" : "text/javascript"
         }
      },
      {
         "when_comp_start" : -1,
         "url" : "https://encrypted-tbn3.gstatic.com/favicon?q=tbn:ANd9GcT80A0a4g7Zp--rE93_WtQY_2BAxk1mZo4FGfeXwuMVWwLvfbkXlYHYq8THFAvgffM09f59PhZdmU4",
         "id" : "r25",
         "comps" : [],
         "download" : {
            "receiveFirst" : 4,
            "len" : 209,
            "dns" : 0,
            "dnsEnd" : -1,
            "receiveHeadersEnd" : 4,
            "sslEnd" : -1,
            "connectEnd" : 0,
            "connectStart" : 0,
            "id" : "download_19",
            "receivedTime" : "1293.97299978882",
            "sslStart" : -1,
            "dnsStart" : -1,
            "receiveLast" : 1289.97299978882,
            "s_time" : 1222.25399967283,
            "sendEnd" : 0,
            "sendStart" : 0,
            "type" : "image/png"
         }
      },
      {
         "when_comp_start" : -1,
         "url" : "https://tpc.googlesyndication.com/pagead/js/r20160426/r20110914/abg.js",
         "id" : "r26",
         "comps" : [
            {
               "s_time" : 1337.90999976918,
               "time" : 25.8390000089998,
               "type" : 1,
               "id" : "comp_103",
               "e_time" : 1363.74899977818
            },
            {
               "s_time" : 1421.0929996334,
               "time" : 21.3490002788599,
               "type" : 1,
               "id" : "comp_116",
               "e_time" : 1442.44199991226
            }
         ],
         "download" : {
            "receiveFirst" : 4,
            "len" : 65907,
            "dns" : 0,
            "dnsEnd" : -1,
            "receiveHeadersEnd" : 4,
            "sslEnd" : -1,
            "connectEnd" : 0,
            "connectStart" : 0,
            "id" : "download_20",
            "receivedTime" : "1337.71299989894",
            "sslStart" : -1,
            "dnsStart" : -1,
            "receiveLast" : 1333.71299989894,
            "s_time" : 1222.68799971789,
            "sendEnd" : 0,
            "sendStart" : 0,
            "type" : "text/javascript"
         }
      },
      {
         "when_comp_start" : -1,
         "url" : "https://tpc.googlesyndication.com/pagead/images/x_button_blue2.svg",
         "id" : "r30",
         "comps" : [],
         "download" : {
            "receiveFirst" : 3,
            "len" : 249,
            "dns" : 0,
            "dnsEnd" : -1,
            "receiveHeadersEnd" : 3,
            "sslEnd" : -1,
            "connectEnd" : 0,
            "connectStart" : 0,
            "id" : "download_21",
            "receivedTime" : "1560.4789997451",
            "sslStart" : -1,
            "dnsStart" : -1,
            "receiveLast" : 1557.4789997451,
            "s_time" : 1448.83899996057,
            "sendEnd" : 0,
            "sendStart" : 0,
            "type" : "image/svg+xml"
         }
      },
      {
         "when_comp_start" : -1,
         "url" : "https://www.gstatic.com/images/branding/googlelogo/1x/googlelogo_color_112x36dp.png",
         "id" : "r32",
         "comps" : [],
         "download" : {
            "receiveFirst" : 1,
            "len" : 2449,
            "dns" : 0,
            "dnsEnd" : -1,
            "receiveHeadersEnd" : 1,
            "sslEnd" : -1,
            "connectEnd" : 0,
            "connectStart" : 0,
            "id" : "download_22",
            "receivedTime" : "1585.16999986023",
            "sslStart" : -1,
            "dnsStart" : -1,
            "receiveLast" : 1584.16999986023,
            "s_time" : 1495.30799966305,
            "sendEnd" : 0,
            "sendStart" : 0,
            "type" : "image/png"
         }
      }
   ],
   "deps" : [
      {
         "a2" : "r1_c2",
         "time" : -1,
         "id" : "dep1",
         "a1" : "comp_34"
      },
      {
         "a2" : "r1_c3",
         "time" : -1,
         "id" : "dep2",
         "a1" : "comp_38"
      },
      {
         "a2" : "r1_c4",
         "time" : -1,
         "id" : "dep3",
         "a1" : "comp_40"
      },
      {
         "a2" : "r1_c5",
         "time" : -1,
         "id" : "dep4",
         "a1" : "comp_45"
      },
      {
         "a2" : "r1_c6",
         "time" : -1,
         "id" : "dep5",
         "a1" : "comp_71"
      },
      {
         "a2" : "comp_40",
         "time" : -1,
         "id" : "dep6",
         "a1" : "comp_38"
      },
      {
         "a2" : "r17_c2",
         "time" : -1,
         "id" : "dep7",
         "a1" : "comp_95"
      },
      {
         "a2" : "r17_c3",
         "time" : -1,
         "id" : "dep8",
         "a1" : "comp_103"
      },
      {
         "a2" : "r22_c2",
         "time" : -1,
         "id" : "dep9",
         "a1" : "comp_108"
      },
      {
         "a2" : "r22_c3",
         "time" : -1,
         "id" : "dep10",
         "a1" : "comp_116"
      },
      {
         "a2" : "download_22",
         "time" : 52.86599975079,
         "id" : "dep11",
         "a1" : "r22_c3"
      },
      {
         "a2" : "download_22",
         "time" : 131.55899988487,
         "id" : "dep12",
         "a1" : "r17_c3"
      },
      {
         "a2" : "download_21",
         "time" : 6.39700004831002,
         "id" : "dep13",
         "a1" : "r22_c3"
      },
      {
         "a2" : "download_21",
         "time" : 85.09000018239,
         "id" : "dep14",
         "a1" : "r17_c3"
      },
      {
         "a2" : "download_20",
         "time" : -1,
         "id" : "dep15",
         "a1" : "r1_c6"
      },
      {
         "a2" : "download_20",
         "time" : -1,
         "id" : "dep16",
         "a1" : "r17_c1"
      },
      {
         "a2" : "download_19",
         "time" : 333.207000046968,
         "id" : "dep17",
         "a1" : "r1_c6"
      },
      {
         "a2" : "download_19",
         "time" : 9.54800006002006,
         "id" : "dep18",
         "a1" : "r17_c1"
      },
      {
         "a2" : "download_18",
         "time" : 9.08700004219986,
         "id" : "dep19",
         "a1" : "r17_c1"
      },
      {
         "a2" : "download_17",
         "time" : -1,
         "id" : "dep20",
         "a1" : "r1_c5"
      },
      {
         "a2" : "download_16",
         "time" : 143.71500024572,
         "id" : "dep21",
         "a1" : "r1_c5"
      },
      {
         "a2" : "download_15",
         "time" : -1,
         "id" : "dep22",
         "a1" : "r1_c1"
      },
      {
         "a2" : "download_14",
         "time" : 70.128000341355,
         "id" : "dep23",
         "a1" : "r1_c5"
      },
      {
         "a2" : "download_13",
         "time" : -1,
         "id" : "dep24",
         "a1" : "r1_c1"
      },
      {
         "a2" : "download_12",
         "time" : 202.180999796838,
         "id" : "dep25",
         "a1" : "r1_c1"
      },
      {
         "a2" : "download_11",
         "time" : 201.363999862224,
         "id" : "dep26",
         "a1" : "r1_c1"
      },
      {
         "a2" : "download_10",
         "time" : 200.497000012547,
         "id" : "dep27",
         "a1" : "r1_c1"
      },
      {
         "a2" : "download_9",
         "time" : 199.047999922186,
         "id" : "dep28",
         "a1" : "r1_c1"
      },
      {
         "a2" : "download_8",
         "time" : 198.274999856949,
         "id" : "dep29",
         "a1" : "r1_c1"
      },
      {
         "a2" : "download_7",
         "time" : 171.670999843628,
         "id" : "dep30",
         "a1" : "r1_c1"
      },
      {
         "a2" : "download_6",
         "time" : 169.985000044108,
         "id" : "dep31",
         "a1" : "r1_c1"
      },
      {
         "a2" : "download_5",
         "time" : 138.572999741882,
         "id" : "dep32",
         "a1" : "r1_c1"
      },
      {
         "a2" : "download_4",
         "time" : 89.4779996015127,
         "id" : "dep33",
         "a1" : "r1_c1"
      },
      {
         "a2" : "download_3",
         "time" : 72.8429998271167,
         "id" : "dep34",
         "a1" : "r1_c1"
      },
      {
         "a2" : "download_2",
         "time" : 1.7059999518097,
         "id" : "dep35",
         "a1" : "r1_c1"
      },
      {
         "a2" : "download_2",
         "time" : 1.7059999518097,
         "id" : "dep36",
         "a1" : "r1_c1"
      },
      {
         "a2" : "download_1",
         "time" : 1.1189999058843,
         "id" : "dep37",
         "a1" : "r1_c1"
      }
   ]
}
