{
   "n_download_no_trigger" : 1,
   "start_activity" : "download_0",
   "name" : "modified.testbed.localhost_www.brenspeed.com_",
   "load_activity" : -1,
   "objs" : [
      {
         "when_comp_start" : 1,
         "url" : "http://modified.testbed.localhost/www.brenspeed.com/",
         "id" : "r1",
         "comps" : [
            {
               "s_time" : 55.2920000627637,
               "time" : 46.2710000574593,
               "id" : "r1_c1",
               "type" : "evalhtml",
               "e_time" : 101.563000120223
            },
            {
               "s_time" : 181.243000086397,
               "time" : -3383461018.904,
               "id" : "r1_c2",
               "type" : "evalhtml",
               "e_time" : -3383460837.661
            },
            {
               "s_time" : 183.418000116944,
               "time" : -3383461021.079,
               "id" : "r1_c3",
               "type" : "evalhtml",
               "e_time" : -3383460837.661
            },
            {
               "s_time" : 192.809999920428,
               "time" : -3383461030.471,
               "id" : "r1_c4",
               "type" : "evalhtml",
               "e_time" : -3383460837.661
            },
            {
               "s_time" : 193.700000178069,
               "time" : -3383461031.361,
               "id" : "r1_c5",
               "type" : "evalhtml",
               "e_time" : -3383460837.661
            },
            {
               "s_time" : 195.807999931276,
               "time" : -3383461033.469,
               "id" : "r1_c6",
               "type" : "evalhtml",
               "e_time" : -3383460837.661
            },
            {
               "s_time" : 225.796999875456,
               "time" : -3383461063.458,
               "id" : "r1_c7",
               "type" : "evalhtml",
               "e_time" : -3383460837.661
            },
            {
               "s_time" : 1494.16599981487,
               "time" : -3383462331.827,
               "id" : "r1_c8",
               "type" : "evalhtml",
               "e_time" : -3383460837.661
            },
            {
               "s_time" : 1500.37699984387,
               "time" : -3383462338.038,
               "id" : "r1_c9",
               "type" : "evalhtml",
               "e_time" : -3383460837.661
            },
            {
               "s_time" : 1501.08100008219,
               "time" : -3383462338.742,
               "id" : "r1_c10",
               "type" : "evalhtml",
               "e_time" : -3383460837.661
            },
            {
               "s_time" : 1501.61299994215,
               "time" : -3383462339.274,
               "id" : "r1_c11",
               "type" : "evalhtml",
               "e_time" : -3383460837.661
            },
            {
               "s_time" : 1506.07400014997,
               "time" : 153.12699973583,
               "type" : "evalhtml",
               "id" : "r1_c12",
               "e_time" : 1659.2009998858
            }
         ],
         "download" : {
            "receiveFirst" : 5,
            "len" : 87854,
            "dns" : 0,
            "dnsEnd" : -1,
            "receiveHeadersEnd" : 6,
            "sslEnd" : -1,
            "connectEnd" : 1,
            "connectStart" : 0,
            "id" : "download_0",
            "receivedTime" : "50.6739998236299",
            "sslStart" : -1,
            "dnsStart" : -1,
            "receiveLast" : 44.6739998236299,
            "s_time" : 0,
            "sendEnd" : 1,
            "sendStart" : 1,
            "type" : "text/html"
         }
      },
      {
         "when_comp_start" : -1,
         "url" : "http://modified.testbed.localhost/www.brenspeed.com/yhst-35773164622644-styles.css",
         "id" : "r3",
         "comps" : [
            {
               "s_time" : 93.3130001649261,
               "time" : 13.1230000406499,
               "type" : 4,
               "id" : "comp_4",
               "e_time" : 106.436000205576
            }
         ],
         "download" : {
            "receiveFirst" : 4,
            "len" : 49022,
            "dns" : 0,
            "dnsEnd" : -1,
            "receiveHeadersEnd" : 25,
            "sslEnd" : -1,
            "connectEnd" : 20,
            "connectStart" : 0,
            "id" : "download_1",
            "receivedTime" : "92.9700001142919",
            "sslStart" : -1,
            "dnsStart" : -1,
            "receiveLast" : 67.9700001142919,
            "s_time" : 59.2200001701713,
            "sendEnd" : 21,
            "sendStart" : 20,
            "type" : "text/css"
         }
      },
      {
         "when_comp_start" : -1,
         "url" : "http://modified.testbed.localhost/ajax.googleapis.com/ajax/libs/jquery/1.7.2/jquery.min.js",
         "id" : "r4",
         "comps" : [
            {
               "s_time" : 108.60799998045,
               "time" : 72.635000105947,
               "type" : 1,
               "id" : "comp_5",
               "e_time" : 181.243000086397
            }
         ],
         "download" : {
            "receiveFirst" : 7,
            "len" : 94840,
            "dns" : 0,
            "dnsEnd" : -1,
            "receiveHeadersEnd" : 26,
            "sslEnd" : -1,
            "connectEnd" : 19,
            "connectStart" : 0,
            "id" : "download_2",
            "receivedTime" : "108.436999842525",
            "sslStart" : -1,
            "dnsStart" : -1,
            "receiveLast" : 82.4369998425245,
            "s_time" : 59.9930002354085,
            "sendEnd" : 19,
            "sendStart" : 19,
            "type" : "application/javascript"
         }
      },
      {
         "when_comp_start" : -1,
         "url" : "http://modified.testbed.localhost/lib.store.yahoo.net/lib/yhst-35773164622644/sc-responsive-scripts.js",
         "id" : "r5",
         "comps" : [
            {
               "s_time" : 181.46299989894,
               "time" : 1.95500021800399,
               "type" : 1,
               "id" : "comp_7",
               "e_time" : 183.418000116944
            }
         ],
         "download" : {
            "receiveFirst" : 7,
            "len" : 7282,
            "dns" : 0,
            "dnsEnd" : -1,
            "receiveHeadersEnd" : 25,
            "sslEnd" : -1,
            "connectEnd" : 18,
            "connectStart" : 0,
            "id" : "download_3",
            "receivedTime" : "89.2730001360178",
            "sslStart" : -1,
            "dnsStart" : -1,
            "receiveLast" : 64.2730001360178,
            "s_time" : 60.825000051409,
            "sendEnd" : 18,
            "sendStart" : 18,
            "type" : "application/javascript"
         }
      },
      {
         "when_comp_start" : -1,
         "url" : "http://modified.testbed.localhost/lib.store.yahoo.net/lib/yhst-35773164622644/jquery-flexslider.min.js",
         "id" : "r6",
         "comps" : [
            {
               "s_time" : 183.54000011459,
               "time" : 9.26999980583801,
               "type" : 1,
               "id" : "comp_9",
               "e_time" : 192.809999920428
            }
         ],
         "download" : {
            "receiveFirst" : 8,
            "len" : 21426,
            "dns" : 0,
            "dnsEnd" : -1,
            "receiveHeadersEnd" : 25,
            "sslEnd" : -1,
            "connectEnd" : 17,
            "connectStart" : 0,
            "id" : "download_4",
            "receivedTime" : "107.526999898255",
            "sslStart" : -1,
            "dnsStart" : -1,
            "receiveLast" : 82.5269998982549,
            "s_time" : 61.4649998024106,
            "sendEnd" : 17,
            "sendStart" : 17,
            "type" : "application/javascript"
         }
      },
      {
         "when_comp_start" : -1,
         "url" : "http://modified.testbed.localhost/lib.store.yahoo.net/lib/yhst-35773164622644/jquery-responsiveslides.js",
         "id" : "r7",
         "comps" : [
            {
               "s_time" : 192.991000134498,
               "time" : 0.709000043570995,
               "type" : 1,
               "id" : "comp_11",
               "e_time" : 193.700000178069
            }
         ],
         "download" : {
            "receiveFirst" : 9,
            "len" : 3292,
            "dns" : 0,
            "dnsEnd" : -1,
            "receiveHeadersEnd" : 26,
            "sslEnd" : -1,
            "connectEnd" : 16,
            "connectStart" : 0,
            "id" : "download_5",
            "receivedTime" : "92.2090001404285",
            "sslStart" : -1,
            "dnsStart" : -1,
            "receiveLast" : 66.2090001404285,
            "s_time" : 62.067000195384,
            "sendEnd" : 17,
            "sendStart" : 16,
            "type" : "application/javascript"
         }
      },
      {
         "when_comp_start" : -1,
         "url" : "http://modified.testbed.localhost/lib.store.yahoo.net/lib/yhst-35773164622644/encrypt.js",
         "id" : "r8",
         "comps" : [
            {
               "s_time" : 195.243000052869,
               "time" : 0.564999878406979,
               "type" : 1,
               "id" : "comp_15",
               "e_time" : 195.807999931276
            }
         ],
         "download" : {
            "receiveFirst" : 11,
            "len" : 2593,
            "dns" : 0,
            "dnsEnd" : -1,
            "receiveHeadersEnd" : 27,
            "sslEnd" : -1,
            "connectEnd" : 16,
            "connectStart" : 0,
            "id" : "download_6",
            "receivedTime" : "107.117000035942",
            "sslStart" : -1,
            "dnsStart" : -1,
            "receiveLast" : 80.1170000359416,
            "s_time" : 62.6059998758137,
            "sendEnd" : 16,
            "sendStart" : 16,
            "type" : "application/javascript"
         }
      },
      {
         "when_comp_start" : -1,
         "url" : "http://modified.testbed.localhost/lib.store.yahoo.net/lib/yhst-35773164622644/recently-viewed.js",
         "id" : "r9",
         "comps" : [
            {
               "s_time" : 195.925999898463,
               "time" : 29.870999976993,
               "type" : 1,
               "id" : "comp_17",
               "e_time" : 225.796999875456
            }
         ],
         "download" : {
            "receiveFirst" : 6,
            "len" : 11048,
            "dns" : 0,
            "dnsEnd" : -1,
            "receiveHeadersEnd" : 29,
            "sslEnd" : -1,
            "connectEnd" : 23,
            "connectStart" : 0,
            "id" : "download_7",
            "receivedTime" : "108.146999962628",
            "sslStart" : -1,
            "dnsStart" : -1,
            "receiveLast" : 79.1469999626279,
            "s_time" : 63.291999977082,
            "sendEnd" : 23,
            "sendStart" : 23,
            "type" : "application/javascript"
         }
      },
      {
         "when_comp_start" : -1,
         "url" : "http://modified.testbed.localhost/ep.yimg.com/ay/yhst-35773164622644/home-7.png",
         "id" : "r10",
         "comps" : [],
         "download" : {
            "receiveFirst" : 5,
            "len" : 3278,
            "dns" : 0,
            "dnsEnd" : -1,
            "receiveHeadersEnd" : 12,
            "sslEnd" : -1,
            "connectEnd" : 7,
            "connectStart" : 0,
            "id" : "download_8",
            "receivedTime" : "258.146000094712",
            "sslStart" : -1,
            "dnsStart" : -1,
            "receiveLast" : 246.146000094712,
            "s_time" : 97.7360000833869,
            "sendEnd" : 7,
            "sendStart" : 7,
            "type" : "image/png"
         }
      },
      {
         "when_comp_start" : -1,
         "url" : "http://modified.testbed.localhost/ep.yimg.com/ay/yhst-35773164622644/home-6.png",
         "id" : "r11",
         "comps" : [],
         "download" : {
            "receiveFirst" : 6,
            "len" : 36830,
            "dns" : 0,
            "dnsEnd" : -1,
            "receiveHeadersEnd" : 13,
            "sslEnd" : -1,
            "connectEnd" : 7,
            "connectStart" : 0,
            "id" : "download_9",
            "receivedTime" : "262.232000008225",
            "sslStart" : -1,
            "dnsStart" : -1,
            "receiveLast" : 249.232000008225,
            "s_time" : 98.7809998914599,
            "sendEnd" : 7,
            "sendStart" : 7,
            "type" : "image/png"
         }
      },
      {
         "when_comp_start" : -1,
         "url" : "http://modified.testbed.localhost/ep.yimg.com/ay/yhst-35773164622644/home-9.png",
         "id" : "r12",
         "comps" : [],
         "download" : {
            "receiveFirst" : 9,
            "len" : 3175,
            "dns" : 0,
            "dnsEnd" : -1,
            "receiveHeadersEnd" : 16,
            "sslEnd" : -1,
            "connectEnd" : 7,
            "connectStart" : 0,
            "id" : "download_10",
            "receivedTime" : "262.672000098974",
            "sslStart" : -1,
            "dnsStart" : -1,
            "receiveLast" : 246.672000098974,
            "s_time" : 99.3739999830723,
            "sendEnd" : 7,
            "sendStart" : 7,
            "type" : "image/png"
         }
      },
      {
         "when_comp_start" : -1,
         "url" : "http://modified.testbed.localhost/lib.store.yahoo.net/lib/yhst-35773164622644/hd-phone-title.png",
         "id" : "r13",
         "comps" : [],
         "download" : {
            "receiveFirst" : 8,
            "len" : 3648,
            "dns" : 0,
            "dnsEnd" : -1,
            "receiveHeadersEnd" : 15,
            "sslEnd" : -1,
            "connectEnd" : 7,
            "connectStart" : 0,
            "id" : "download_11",
            "receivedTime" : "263.205999974161",
            "sslStart" : -1,
            "dnsStart" : -1,
            "receiveLast" : 248.205999974161,
            "s_time" : 100.083999801427,
            "sendEnd" : 7,
            "sendStart" : 7,
            "type" : "image/png"
         }
      },
      {
         "when_comp_start" : -1,
         "url" : "http://modified.testbed.localhost/lib.store.yahoo.net/lib/yhst-35773164622644/hd-facebook-icon.png",
         "id" : "r14",
         "comps" : [],
         "download" : {
            "receiveFirst" : 8,
            "len" : 3461,
            "dns" : 0,
            "dnsEnd" : -1,
            "receiveHeadersEnd" : 15,
            "sslEnd" : -1,
            "connectEnd" : 6,
            "connectStart" : 0,
            "id" : "download_12",
            "receivedTime" : "263.751000165939",
            "sslStart" : -1,
            "dnsStart" : -1,
            "receiveLast" : 248.751000165939,
            "s_time" : 100.577000062913,
            "sendEnd" : 7,
            "sendStart" : 6,
            "type" : "image/png"
         }
      },
      {
         "when_comp_start" : -1,
         "url" : "http://modified.testbed.localhost/lib.store.yahoo.net/lib/yhst-35773164622644/hd-twitter-icon.png",
         "id" : "r15",
         "comps" : [],
         "download" : {
            "receiveFirst" : 11,
            "len" : 3509,
            "dns" : 0,
            "dnsEnd" : -1,
            "receiveHeadersEnd" : 17,
            "sslEnd" : -1,
            "connectEnd" : 6,
            "connectStart" : 0,
            "id" : "download_13",
            "receivedTime" : "264.247999992222",
            "sslStart" : -1,
            "dnsStart" : -1,
            "receiveLast" : 247.247999992222,
            "s_time" : 101.133000105619,
            "sendEnd" : 6,
            "sendStart" : 6,
            "type" : "image/png"
         }
      },
      {
         "when_comp_start" : -1,
         "url" : "http://modified.testbed.localhost/lib.store.yahoo.net/lib/yhst-35773164622644/hd-instagram-icon.png",
         "id" : "r16",
         "comps" : [],
         "download" : {
            "receiveFirst" : 11,
            "len" : 3648,
            "dns" : 0,
            "dnsEnd" : -1,
            "receiveHeadersEnd" : 24,
            "sslEnd" : -1,
            "connectEnd" : 13,
            "connectStart" : 0,
            "id" : "download_14",
            "receivedTime" : "285.529999993742",
            "sslStart" : -1,
            "dnsStart" : -1,
            "receiveLast" : 261.529999993742,
            "s_time" : 101.563000120223,
            "sendEnd" : 13,
            "sendStart" : 13,
            "type" : "image/png"
         }
      },
      {
         "when_comp_start" : -1,
         "url" : "http://lib.store.yahoo.net/lib/yhst-35773164622644/StifflersBanner",
         "id" : "r124",
         "comps" : [],
         "download" : {
            "receiveFirst" : 18,
            "len" : 790519,
            "dns" : 3,
            "dnsEnd" : 5,
            "receiveHeadersEnd" : 39,
            "sslEnd" : -1,
            "connectEnd" : 21,
            "connectStart" : 0,
            "id" : "download_15",
            "receivedTime" : "1991.73199990764",
            "sslStart" : -1,
            "dnsStart" : 2,
            "receiveLast" : 1952.73199990764,
            "s_time" : 1653.21299992502,
            "sendEnd" : 21,
            "sendStart" : 21,
            "type" : "image/jpeg"
         }
      },
      {
         "when_comp_start" : -1,
         "url" : "http://lib.store.yahoo.net/lib/yhst-35773164622644/RoushPhase2Banner",
         "id" : "r125",
         "comps" : [],
         "download" : {
            "receiveFirst" : 20,
            "len" : 703479,
            "dns" : 3,
            "dnsEnd" : 3,
            "receiveHeadersEnd" : 40,
            "sslEnd" : -1,
            "connectEnd" : 20,
            "connectStart" : 0,
            "id" : "download_16",
            "receivedTime" : "2000.16399985179",
            "sslStart" : -1,
            "dnsStart" : 0,
            "receiveLast" : 1960.16399985179,
            "s_time" : 1655.00999987125,
            "sendEnd" : 20,
            "sendStart" : 20,
            "type" : "image/jpeg"
         }
      },
      {
         "when_comp_start" : -1,
         "url" : "http://lib.store.yahoo.net/lib/yhst-35773164622644/1516TractionPkg",
         "id" : "r126",
         "comps" : [],
         "download" : {
            "receiveFirst" : 21,
            "len" : 897892,
            "dns" : 2,
            "dnsEnd" : 2,
            "receiveHeadersEnd" : 40,
            "sslEnd" : -1,
            "connectEnd" : 18,
            "connectStart" : 0,
            "id" : "download_17",
            "receivedTime" : "2043.29100018367",
            "sslStart" : -1,
            "dnsStart" : 0,
            "receiveLast" : 2003.29100018367,
            "s_time" : 1656.57000010833,
            "sendEnd" : 19,
            "sendStart" : 18,
            "type" : "image/jpeg"
         }
      },
      {
         "when_comp_start" : -1,
         "url" : "http://lib.store.yahoo.net/lib/yhst-35773164622644/TeamGMGBanner",
         "id" : "r122",
         "comps" : [],
         "download" : {
            "receiveFirst" : 26,
            "len" : 879685,
            "dns" : 7,
            "dnsEnd" : 8,
            "receiveHeadersEnd" : 49,
            "sslEnd" : -1,
            "connectEnd" : 23,
            "connectStart" : 0,
            "id" : "download_18",
            "receivedTime" : "2551.98100022972",
            "sslStart" : -1,
            "dnsStart" : 1,
            "receiveLast" : 2502.98100022972,
            "s_time" : 1649.56500008702,
            "sendEnd" : 23,
            "sendStart" : 23,
            "type" : "image/jpeg"
         }
      },
      {
         "when_comp_start" : -1,
         "url" : "http://lib.store.yahoo.net/lib/yhst-35773164622644/AprilFRPPBanner",
         "id" : "r123",
         "comps" : [],
         "download" : {
            "receiveFirst" : 26,
            "len" : 560824,
            "dns" : 5,
            "dnsEnd" : 7,
            "receiveHeadersEnd" : 48,
            "sslEnd" : -1,
            "connectEnd" : 22,
            "connectStart" : 0,
            "id" : "download_19",
            "receivedTime" : "2022.24799990654",
            "sslStart" : -1,
            "dnsStart" : 2,
            "receiveLast" : 1974.24799990654,
            "s_time" : 1651.48800006136,
            "sendEnd" : 22,
            "sendStart" : 22,
            "type" : "image/jpeg"
         }
      },
      {
         "when_comp_start" : -1,
         "url" : "http://lib.store.yahoo.net/lib/yhst-35773164622644/DeatschFuelPumpBanner",
         "id" : "r128",
         "comps" : [],
         "download" : {
            "receiveFirst" : 25,
            "len" : 654394,
            "dns" : 0,
            "dnsEnd" : 1,
            "receiveHeadersEnd" : 41,
            "sslEnd" : -1,
            "connectEnd" : 16,
            "connectStart" : 0,
            "id" : "download_20",
            "receivedTime" : "2036.02300025523",
            "sslStart" : -1,
            "dnsStart" : 1,
            "receiveLast" : 1995.02300025523,
            "s_time" : 1659.2009998858,
            "sendEnd" : 16,
            "sendStart" : 16,
            "type" : "image/jpeg"
         }
      },
      {
         "when_comp_start" : -1,
         "url" : "https://lib.store.yahoo.net/lib/yhst-35773164622644/brencoolbanner",
         "id" : "r127",
         "comps" : [],
         "download" : {
            "receiveFirst" : 58,
            "len" : 795456,
            "dns" : 0,
            "dnsEnd" : 1,
            "receiveHeadersEnd" : 121,
            "sslEnd" : 61,
            "connectEnd" : 62,
            "connectStart" : 0,
            "id" : "download_21",
            "receivedTime" : "2090.68399993703",
            "sslStart" : 17,
            "dnsStart" : 1,
            "receiveLast" : 1969.68399993703,
            "s_time" : 1657.68900001422,
            "sendEnd" : 63,
            "sendStart" : 62,
            "type" : "image/jpeg"
         }
      }
   ],
   "deps" : [
      {
         "a2" : "r1_c2",
         "time" : -1,
         "id" : "dep1",
         "a1" : "comp_5"
      },
      {
         "a2" : "r1_c3",
         "time" : -1,
         "id" : "dep2",
         "a1" : "comp_7"
      },
      {
         "a2" : "r1_c4",
         "time" : -1,
         "id" : "dep3",
         "a1" : "comp_9"
      },
      {
         "a2" : "r1_c5",
         "time" : -1,
         "id" : "dep4",
         "a1" : "comp_11"
      },
      {
         "a2" : "r1_c6",
         "time" : -1,
         "id" : "dep5",
         "a1" : "comp_15"
      },
      {
         "a2" : "r1_c7",
         "time" : -1,
         "id" : "dep6",
         "a1" : "comp_17"
      },
      {
         "a2" : "r1_c8",
         "time" : -1,
         "id" : "dep7",
         "a1" : "comp_33"
      },
      {
         "a2" : "r1_c9",
         "time" : -1,
         "id" : "dep8",
         "a1" : "comp_35"
      },
      {
         "a2" : "r1_c10",
         "time" : -1,
         "id" : "dep9",
         "a1" : "comp_36"
      },
      {
         "a2" : "r1_c11",
         "time" : -1,
         "id" : "dep10",
         "a1" : "comp_37"
      },
      {
         "a2" : "r1_c12",
         "time" : -1,
         "id" : "dep11",
         "a1" : "comp_39"
      },
      {
         "a2" : "comp_5",
         "time" : -1,
         "id" : "dep12",
         "a1" : "comp_4"
      },
      {
         "a2" : "comp_7",
         "time" : -1,
         "id" : "dep13",
         "a1" : "comp_5"
      },
      {
         "a2" : "comp_9",
         "time" : -1,
         "id" : "dep14",
         "a1" : "comp_7"
      },
      {
         "a2" : "comp_11",
         "time" : -1,
         "id" : "dep15",
         "a1" : "comp_9"
      },
      {
         "a2" : "comp_17",
         "time" : -1,
         "id" : "dep16",
         "a1" : "comp_15"
      },
      {
         "a2" : "download_21",
         "time" : 151.61499986425,
         "id" : "dep17",
         "a1" : "r1_c12"
      },
      {
         "a2" : "download_20",
         "time" : -1,
         "id" : "dep18",
         "a1" : "r1_c12"
      },
      {
         "a2" : "download_19",
         "time" : 145.41399991139,
         "id" : "dep19",
         "a1" : "r1_c12"
      },
      {
         "a2" : "download_18",
         "time" : 143.49099993705,
         "id" : "dep20",
         "a1" : "r1_c12"
      },
      {
         "a2" : "download_17",
         "time" : 150.49599995836,
         "id" : "dep21",
         "a1" : "r1_c12"
      },
      {
         "a2" : "download_16",
         "time" : 148.93599972128,
         "id" : "dep22",
         "a1" : "r1_c12"
      },
      {
         "a2" : "download_15",
         "time" : 147.13899977505,
         "id" : "dep23",
         "a1" : "r1_c12"
      },
      {
         "a2" : "download_14",
         "time" : -1,
         "id" : "dep24",
         "a1" : "r1_c1"
      },
      {
         "a2" : "download_13",
         "time" : 45.8410000428553,
         "id" : "dep25",
         "a1" : "r1_c1"
      },
      {
         "a2" : "download_12",
         "time" : 45.2850000001493,
         "id" : "dep26",
         "a1" : "r1_c1"
      },
      {
         "a2" : "download_11",
         "time" : 44.7919997386633,
         "id" : "dep27",
         "a1" : "r1_c1"
      },
      {
         "a2" : "download_10",
         "time" : 44.0819999203086,
         "id" : "dep28",
         "a1" : "r1_c1"
      },
      {
         "a2" : "download_9",
         "time" : 43.4889998286962,
         "id" : "dep29",
         "a1" : "r1_c1"
      },
      {
         "a2" : "download_8",
         "time" : 42.4440000206232,
         "id" : "dep30",
         "a1" : "r1_c1"
      },
      {
         "a2" : "download_7",
         "time" : 7.9999999143183,
         "id" : "dep31",
         "a1" : "r1_c1"
      },
      {
         "a2" : "download_6",
         "time" : 7.31399981305,
         "id" : "dep32",
         "a1" : "r1_c1"
      },
      {
         "a2" : "download_5",
         "time" : 6.7750001326203,
         "id" : "dep33",
         "a1" : "r1_c1"
      },
      {
         "a2" : "download_4",
         "time" : 6.1729997396469,
         "id" : "dep34",
         "a1" : "r1_c1"
      },
      {
         "a2" : "download_3",
         "time" : 5.5329999886453,
         "id" : "dep35",
         "a1" : "r1_c1"
      },
      {
         "a2" : "download_2",
         "time" : 4.7010001726448,
         "id" : "dep36",
         "a1" : "r1_c1"
      },
      {
         "a2" : "download_1",
         "time" : 3.92800010740761,
         "id" : "dep37",
         "a1" : "r1_c1"
      }
   ]
}
