{
   "n_download_no_trigger" : 1,
   "start_activity" : "download_0",
   "name" : "modified.testbed.localhost_www.cashpk.com_",
   "load_activity" : -1,
   "objs" : [
      {
         "when_comp_start" : 1,
         "url" : "http://modified.testbed.localhost/www.cashpk.com/",
         "id" : "r1",
         "comps" : [
            {
               "s_time" : 23.1880000792444,
               "time" : 50.1199997961521,
               "id" : "r1_c1",
               "type" : "evalhtml",
               "e_time" : 73.3079998753965
            },
            {
               "s_time" : 99.6019998565316,
               "time" : -3381143403.993,
               "id" : "r1_c2",
               "type" : "evalhtml",
               "e_time" : -3381143304.391
            },
            {
               "s_time" : 103.567000012845,
               "time" : -3381143407.958,
               "id" : "r1_c3",
               "type" : "evalhtml",
               "e_time" : -3381143304.391
            },
            {
               "s_time" : 109.157999977469,
               "time" : -3381143413.549,
               "id" : "r1_c4",
               "type" : "evalhtml",
               "e_time" : -3381143304.391
            },
            {
               "s_time" : 109.740000218153,
               "time" : -3381143414.131,
               "id" : "r1_c5",
               "type" : "evalhtml",
               "e_time" : -3381143304.391
            },
            {
               "s_time" : 110.327000264078,
               "time" : 6.08699955046201,
               "id" : "r1_c6",
               "type" : "evalhtml",
               "e_time" : 116.41399981454
            },
            {
               "s_time" : 123.384000267833,
               "time" : 3.03199980408,
               "id" : "r1_c7",
               "type" : "evalhtml",
               "e_time" : 126.416000071913
            },
            {
               "s_time" : 145.7230001688,
               "time" : 20.207999739796,
               "id" : "r1_c8",
               "type" : "evalhtml",
               "e_time" : 165.930999908596
            },
            {
               "s_time" : 168.241000268608,
               "time" : -3381143472.632,
               "id" : "r1_c9",
               "type" : "evalhtml",
               "e_time" : -3381143304.391
            },
            {
               "s_time" : 171.111000236124,
               "time" : -3381143475.502,
               "id" : "r1_c10",
               "type" : "evalhtml",
               "e_time" : -3381143304.391
            },
            {
               "s_time" : 171.854000072926,
               "time" : -3381143476.245,
               "id" : "r1_c11",
               "type" : "evalhtml",
               "e_time" : -3381143304.391
            },
            {
               "s_time" : 172.245000023395,
               "time" : 143.137999810278,
               "type" : "evalhtml",
               "id" : "r1_c12",
               "e_time" : 315.382999833673
            }
         ],
         "download" : {
            "receiveFirst" : 4,
            "len" : 25437,
            "dns" : 0,
            "dnsEnd" : -1,
            "receiveHeadersEnd" : 4,
            "sslEnd" : -1,
            "connectEnd" : 0,
            "connectStart" : 0,
            "id" : "download_0",
            "receivedTime" : "22.9839999228716",
            "sslStart" : -1,
            "dnsStart" : -1,
            "receiveLast" : 18.9839999228716,
            "s_time" : 0,
            "sendEnd" : 0,
            "sendStart" : 0,
            "type" : "text/html"
         }
      },
      {
         "when_comp_start" : -1,
         "url" : "http://modified.testbed.localhost/cashpk.com/wp-content/themes/Nova/style.css",
         "id" : "r2",
         "comps" : [
            {
               "s_time" : 41.2210002541542,
               "time" : 17.3999997787178,
               "type" : 4,
               "id" : "comp_1",
               "e_time" : 58.621000032872
            }
         ],
         "download" : {
            "receiveFirst" : 4,
            "len" : 25796,
            "dns" : 0,
            "dnsEnd" : -1,
            "receiveHeadersEnd" : 11,
            "sslEnd" : -1,
            "connectEnd" : 7,
            "connectStart" : 0,
            "id" : "download_1",
            "receivedTime" : "41.1049998365343",
            "sslStart" : -1,
            "dnsStart" : -1,
            "receiveLast" : 30.1049998365343,
            "s_time" : 23.8709999248385,
            "sendEnd" : 7,
            "sendStart" : 7,
            "type" : "text/css"
         }
      },
      {
         "when_comp_start" : -1,
         "url" : "http://modified.testbed.localhost/cashpk.com/wp-content/themes/Nova/css/responsive.css%3Fver=4.5.1.css",
         "id" : "r3",
         "comps" : [
            {
               "s_time" : 58.7229998782277,
               "time" : 1.06600020080811,
               "type" : 4,
               "id" : "comp_4",
               "e_time" : 59.7890000790358
            }
         ],
         "download" : {
            "receiveFirst" : 6,
            "len" : 14912,
            "dns" : 0,
            "dnsEnd" : -1,
            "receiveHeadersEnd" : 13,
            "sslEnd" : -1,
            "connectEnd" : 7,
            "connectStart" : 0,
            "id" : "download_2",
            "receivedTime" : "58.6629998870194",
            "sslStart" : -1,
            "dnsStart" : -1,
            "receiveLast" : 45.6629998870194,
            "s_time" : 24.3660002015531,
            "sendEnd" : 7,
            "sendStart" : 7,
            "type" : "text/css"
         }
      },
      {
         "when_comp_start" : -1,
         "url" : "http://modified.testbed.localhost/cashpk.com/wp-content/themes/Nova/epanel/shortcodes/css/shortcodes.css%3Fver=3.0.css",
         "id" : "r4",
         "comps" : [
            {
               "s_time" : 61.3649999722838,
               "time" : 3.33000021055341,
               "type" : 4,
               "id" : "comp_7",
               "e_time" : 64.6950001828372
            }
         ],
         "download" : {
            "receiveFirst" : 7,
            "len" : 36253,
            "dns" : 0,
            "dnsEnd" : -1,
            "receiveHeadersEnd" : 13,
            "sslEnd" : -1,
            "connectEnd" : 6,
            "connectStart" : 0,
            "id" : "download_3",
            "receivedTime" : "61.3219998776913",
            "sslStart" : -1,
            "dnsStart" : -1,
            "receiveLast" : 48.3219998776913,
            "s_time" : 24.8040002770722,
            "sendEnd" : 6,
            "sendStart" : 6,
            "type" : "text/css"
         }
      },
      {
         "when_comp_start" : -1,
         "url" : "http://modified.testbed.localhost/cashpk.com/wp-content/themes/Nova/epanel/shortcodes/css/shortcodes_responsive.css%3Fver=3.0.css",
         "id" : "r5",
         "comps" : [
            {
               "s_time" : 40.4759999364614,
               "time" : 0.0169998966158005,
               "type" : 4,
               "id" : "comp_0",
               "e_time" : 40.4929998330772
            }
         ],
         "download" : {
            "receiveFirst" : 7,
            "len" : 3389,
            "dns" : 0,
            "dnsEnd" : -1,
            "receiveHeadersEnd" : 13,
            "sslEnd" : -1,
            "connectEnd" : 6,
            "connectStart" : 0,
            "id" : "download_4",
            "receivedTime" : "40.3559999540448",
            "sslStart" : -1,
            "dnsStart" : -1,
            "receiveLast" : 27.3559999540448,
            "s_time" : 25.2930000424385,
            "sendEnd" : 6,
            "sendStart" : 6,
            "type" : "text/css"
         }
      },
      {
         "when_comp_start" : -1,
         "url" : "http://modified.testbed.localhost/cashpk.com/wp-content/themes/Nova/epanel/page_templates/js/fancybox/jquery.fancybox-1.3.4.css%3Fver=1.3.4.css",
         "id" : "r6",
         "comps" : [
            {
               "s_time" : 59.9699998274446,
               "time" : 0.388000160455697,
               "type" : 4,
               "id" : "comp_5",
               "e_time" : 60.3579999879003
            }
         ],
         "download" : {
            "receiveFirst" : 8,
            "len" : 5609,
            "dns" : 0,
            "dnsEnd" : -1,
            "receiveHeadersEnd" : 13,
            "sslEnd" : -1,
            "connectEnd" : 5,
            "connectStart" : 0,
            "id" : "download_5",
            "receivedTime" : "59.9350002594292",
            "sslStart" : -1,
            "dnsStart" : -1,
            "receiveLast" : 46.9350002594292,
            "s_time" : 25.5510001443326,
            "sendEnd" : 5,
            "sendStart" : 5,
            "type" : "text/css"
         }
      },
      {
         "when_comp_start" : -1,
         "url" : "http://modified.testbed.localhost/cashpk.com/wp-content/themes/Nova/epanel/page_templates/page_templates.css%3Fver=1.8.css",
         "id" : "r7",
         "comps" : [
            {
               "s_time" : 60.5729999952018,
               "time" : 0.698000192642205,
               "type" : 4,
               "id" : "comp_6",
               "e_time" : 61.271000187844
            }
         ],
         "download" : {
            "receiveFirst" : 9,
            "len" : 8886,
            "dns" : 0,
            "dnsEnd" : -1,
            "receiveHeadersEnd" : 14,
            "sslEnd" : -1,
            "connectEnd" : 5,
            "connectStart" : 0,
            "id" : "download_6",
            "receivedTime" : "60.485000256449",
            "sslStart" : -1,
            "dnsStart" : -1,
            "receiveLast" : 46.485000256449,
            "s_time" : 26.2360000051558,
            "sendEnd" : 5,
            "sendStart" : 5,
            "type" : "text/css"
         }
      },
      {
         "when_comp_start" : -1,
         "url" : "http://modified.testbed.localhost/cashpk.com/wp-includes/js/jquery/jquery.js%3Fver=1.12.3",
         "id" : "r8",
         "comps" : [
            {
               "s_time" : 66.2779998965561,
               "time" : 33.3239999599755,
               "type" : 1,
               "id" : "comp_15",
               "e_time" : 99.6019998565316
            }
         ],
         "download" : {
            "receiveFirst" : 3,
            "len" : 97201,
            "dns" : 0,
            "dnsEnd" : -1,
            "receiveHeadersEnd" : 17,
            "sslEnd" : -1,
            "connectEnd" : 14,
            "connectStart" : 0,
            "id" : "download_7",
            "receivedTime" : "66.2259999662638",
            "sslStart" : -1,
            "dnsStart" : -1,
            "receiveLast" : 49.2259999662638,
            "s_time" : 26.2770000845194,
            "sendEnd" : 14,
            "sendStart" : 14,
            "type" : "text/plain"
         }
      },
      {
         "when_comp_start" : -1,
         "url" : "http://modified.testbed.localhost/cashpk.com/wp-includes/js/jquery/jquery-migrate.min.js%3Fver=1.4.0",
         "id" : "r9",
         "comps" : [
            {
               "s_time" : 99.7089999727905,
               "time" : 3.85800004005451,
               "type" : 1,
               "id" : "comp_17",
               "e_time" : 103.567000012845
            }
         ],
         "download" : {
            "receiveFirst" : 4,
            "len" : 9633,
            "dns" : 0,
            "dnsEnd" : -1,
            "receiveHeadersEnd" : 18,
            "sslEnd" : -1,
            "connectEnd" : 14,
            "connectStart" : 0,
            "id" : "download_8",
            "receivedTime" : "65.0860001333058",
            "sslStart" : -1,
            "dnsStart" : -1,
            "receiveLast" : 47.0860001333058,
            "s_time" : 26.231000199914,
            "sendEnd" : 14,
            "sendStart" : 14,
            "type" : "text/plain"
         }
      },
      {
         "when_comp_start" : -1,
         "url" : "http://modified.testbed.localhost/cashpk.com/wp-content/themes/Nova/js/jquery.cycle.all.min.js",
         "id" : "r23",
         "comps" : [
            {
               "s_time" : 105.814000125974,
               "time" : 3.343999851495,
               "type" : 1,
               "id" : "comp_19",
               "e_time" : 109.157999977469
            }
         ],
         "download" : {
            "receiveFirst" : 4,
            "len" : 27906,
            "dns" : 0,
            "dnsEnd" : -1,
            "receiveHeadersEnd" : 17,
            "sslEnd" : -1,
            "connectEnd" : 13,
            "connectStart" : 0,
            "id" : "download_9",
            "receivedTime" : "65.9320000559092",
            "sslStart" : -1,
            "dnsStart" : -1,
            "receiveLast" : 48.9320000559092,
            "s_time" : 27.6420000009239,
            "sendEnd" : 13,
            "sendStart" : 13,
            "type" : "application/javascript"
         }
      },
      {
         "when_comp_start" : -1,
         "url" : "http://modified.testbed.localhost/cashpk.com/wp-content/themes/Nova/js/jquery.easing.1.3.js",
         "id" : "r24",
         "comps" : [
            {
               "s_time" : 109.215000178665,
               "time" : 0.525000039488006,
               "type" : 1,
               "id" : "comp_21",
               "e_time" : 109.740000218153
            }
         ],
         "download" : {
            "receiveFirst" : 5,
            "len" : 8268,
            "dns" : 0,
            "dnsEnd" : -1,
            "receiveHeadersEnd" : 18,
            "sslEnd" : -1,
            "connectEnd" : 13,
            "connectStart" : 0,
            "id" : "download_10",
            "receivedTime" : "65.340000204742",
            "sslStart" : -1,
            "dnsStart" : -1,
            "receiveLast" : 47.340000204742,
            "s_time" : 27.8699998743832,
            "sendEnd" : 13,
            "sendStart" : 13,
            "type" : "application/javascript"
         }
      },
      {
         "when_comp_start" : -1,
         "url" : "http://modified.testbed.localhost/cashpk.com/wp-content/themes/Nova/js/superfish.js",
         "id" : "r25",
         "comps" : [
            {
               "s_time" : 109.798999968916,
               "time" : 0.528000295162002,
               "type" : 1,
               "id" : "comp_23",
               "e_time" : 110.327000264078
            }
         ],
         "download" : {
            "receiveFirst" : 6,
            "len" : 3822,
            "dns" : 0,
            "dnsEnd" : -1,
            "receiveHeadersEnd" : 19,
            "sslEnd" : -1,
            "connectEnd" : 13,
            "connectStart" : 0,
            "id" : "download_11",
            "receivedTime" : "65.5479999259114",
            "sslStart" : -1,
            "dnsStart" : -1,
            "receiveLast" : 46.5479999259114,
            "s_time" : 28.0789998359978,
            "sendEnd" : 13,
            "sendStart" : 13,
            "type" : "application/javascript"
         }
      },
      {
         "when_comp_start" : -1,
         "url" : "http://modified.testbed.localhost/cashpk.com/wp-content/uploads/2014/10/logo.png",
         "id" : "r10",
         "comps" : [],
         "download" : {
            "receiveFirst" : 6,
            "len" : 6645,
            "dns" : 0,
            "dnsEnd" : -1,
            "receiveHeadersEnd" : 22,
            "sslEnd" : -1,
            "connectEnd" : 15,
            "connectStart" : 0,
            "id" : "download_12",
            "receivedTime" : "65.8530001528561",
            "sslStart" : -1,
            "dnsStart" : -1,
            "receiveLast" : 43.8530001528561,
            "s_time" : 26.4679999090731,
            "sendEnd" : 16,
            "sendStart" : 15,
            "type" : "image/png"
         }
      },
      {
         "when_comp_start" : -1,
         "url" : "http://modified.testbed.localhost/cashpk.com/wp-content/themes/Nova/images/search_btn.png",
         "id" : "r11",
         "comps" : [],
         "download" : {
            "receiveFirst" : 7,
            "len" : 556,
            "dns" : 0,
            "dnsEnd" : -1,
            "receiveHeadersEnd" : 8,
            "sslEnd" : -1,
            "connectEnd" : 1,
            "connectStart" : 0,
            "id" : "download_13",
            "receivedTime" : "111.279999837279",
            "sslStart" : -1,
            "dnsStart" : -1,
            "receiveLast" : 103.279999837279,
            "s_time" : 49.9940002337098,
            "sendEnd" : 1,
            "sendStart" : 1,
            "type" : "image/png"
         }
      },
      {
         "when_comp_start" : -1,
         "url" : "http://cashpk.com/wp-includes/js/wp-emoji-release.min.js?ver=4.5.1",
         "id" : "r32",
         "comps" : [
            {
               "s_time" : 116.719999816269,
               "time" : 1.470000017434,
               "type" : 2,
               "id" : "comp_29",
               "e_time" : 118.189999833703
            }
         ],
         "download" : {
            "receiveFirst" : 1,
            "len" : 9802,
            "dns" : 0,
            "dnsEnd" : -1,
            "receiveHeadersEnd" : 1,
            "sslEnd" : -1,
            "connectEnd" : 0,
            "connectStart" : 0,
            "id" : "download_14",
            "receivedTime" : "111.444000154734",
            "sslStart" : -1,
            "dnsStart" : -1,
            "receiveLast" : 110.444000154734,
            "s_time" : 58.4640000015497,
            "sendEnd" : 0,
            "sendStart" : 0,
            "type" : "application/javascript"
         }
      },
      {
         "when_comp_start" : -1,
         "url" : "http://modified.testbed.localhost/cashpk.com/wp-content/uploads/2010/09/paypal.png",
         "id" : "r12",
         "comps" : [],
         "download" : {
            "receiveFirst" : 3,
            "len" : 29983,
            "dns" : 0,
            "dnsEnd" : -1,
            "receiveHeadersEnd" : 7,
            "sslEnd" : -1,
            "connectEnd" : 4,
            "connectStart" : 0,
            "id" : "download_15",
            "receivedTime" : "118.282000068575",
            "sslStart" : -1,
            "dnsStart" : -1,
            "receiveLast" : 111.282000068575,
            "s_time" : 55.4720000363886,
            "sendEnd" : 4,
            "sendStart" : 4,
            "type" : "image/png"
         }
      },
      {
         "when_comp_start" : -1,
         "url" : "http://modified.testbed.localhost/cashpk.com/wp-content/uploads/2010/09/Logotipo-Payoneer-Png-1.png",
         "id" : "r13",
         "comps" : [],
         "download" : {
            "receiveFirst" : 5,
            "len" : 12589,
            "dns" : 0,
            "dnsEnd" : -1,
            "receiveHeadersEnd" : 9,
            "sslEnd" : -1,
            "connectEnd" : 4,
            "connectStart" : 0,
            "id" : "download_16",
            "receivedTime" : "118.561999872327",
            "sslStart" : -1,
            "dnsStart" : -1,
            "receiveLast" : 109.561999872327,
            "s_time" : 55.7340001687407,
            "sendEnd" : 4,
            "sendStart" : 4,
            "type" : "image/png"
         }
      },
      {
         "when_comp_start" : -1,
         "url" : "http://modified.testbed.localhost/cashpk.com/wp-content/uploads/2010/09/payza.png",
         "id" : "r14",
         "comps" : [],
         "download" : {
            "receiveFirst" : 6,
            "len" : 17204,
            "dns" : 0,
            "dnsEnd" : -1,
            "receiveHeadersEnd" : 10,
            "sslEnd" : -1,
            "connectEnd" : 3,
            "connectStart" : 0,
            "id" : "download_17",
            "receivedTime" : "123.500999994576",
            "sslStart" : -1,
            "dnsStart" : -1,
            "receiveLast" : 113.500999994576,
            "s_time" : 56.0180000029504,
            "sendEnd" : 4,
            "sendStart" : 3,
            "type" : "image/png"
         }
      },
      {
         "when_comp_start" : -1,
         "url" : "http://modified.testbed.localhost/cashpk.com/wp-content/uploads/2010/09/our_company_slider_2013_a.png",
         "id" : "r15",
         "comps" : [],
         "download" : {
            "receiveFirst" : 8,
            "len" : 50585,
            "dns" : 0,
            "dnsEnd" : -1,
            "receiveHeadersEnd" : 11,
            "sslEnd" : -1,
            "connectEnd" : 3,
            "connectStart" : 0,
            "id" : "download_18",
            "receivedTime" : "124.511000234634",
            "sslStart" : -1,
            "dnsStart" : -1,
            "receiveLast" : 113.511000234634,
            "s_time" : 56.2869999557734,
            "sendEnd" : 3,
            "sendStart" : 3,
            "type" : "image/png"
         }
      },
      {
         "when_comp_start" : -1,
         "url" : "http://modified.testbed.localhost/cashpk.com/wp-content/uploads/2010/09/perfect_money_forex_logo_png.png",
         "id" : "r16",
         "comps" : [],
         "download" : {
            "receiveFirst" : 9,
            "len" : 19880,
            "dns" : 0,
            "dnsEnd" : -1,
            "receiveHeadersEnd" : 12,
            "sslEnd" : -1,
            "connectEnd" : 3,
            "connectStart" : 0,
            "id" : "download_19",
            "receivedTime" : "120.723000261933",
            "sslStart" : -1,
            "dnsStart" : -1,
            "receiveLast" : 108.723000261933,
            "s_time" : 56.5400002524257,
            "sendEnd" : 3,
            "sendStart" : 3,
            "type" : "image/png"
         }
      },
      {
         "when_comp_start" : -1,
         "url" : "http://modified.testbed.localhost/cashpk.com/wp-content/uploads/2010/09/Google-Adsense-logo.png",
         "id" : "r17",
         "comps" : [],
         "download" : {
            "receiveFirst" : 10,
            "len" : 32507,
            "dns" : 0,
            "dnsEnd" : -1,
            "receiveHeadersEnd" : 14,
            "sslEnd" : -1,
            "connectEnd" : 3,
            "connectStart" : 0,
            "id" : "download_20",
            "receivedTime" : "125.072999857366",
            "sslStart" : -1,
            "dnsStart" : -1,
            "receiveLast" : 111.072999857366,
            "s_time" : 56.7959998734295,
            "sendEnd" : 4,
            "sendStart" : 3,
            "type" : "image/png"
         }
      },
      {
         "when_comp_start" : -1,
         "url" : "http://modified.testbed.localhost/cashpk.com/wp-content/themes/Nova/js/jquery.flexslider-min.js%3Fver=1.0",
         "id" : "r33",
         "comps" : [
            {
               "s_time" : 121.269000228494,
               "time" : 2.11500003933901,
               "type" : 1,
               "id" : "comp_31",
               "e_time" : 123.384000267833
            }
         ],
         "download" : {
            "receiveFirst" : 7,
            "len" : 16845,
            "dns" : 0,
            "dnsEnd" : -1,
            "receiveHeadersEnd" : 8,
            "sslEnd" : -1,
            "connectEnd" : 1,
            "connectStart" : 0,
            "id" : "download_21",
            "receivedTime" : "121.228999923915",
            "sslStart" : -1,
            "dnsStart" : -1,
            "receiveLast" : 113.228999923915,
            "s_time" : 65.0659999810159,
            "sendEnd" : 1,
            "sendStart" : 1,
            "type" : "text/plain"
         }
      },
      {
         "when_comp_start" : -1,
         "url" : "http://modified.testbed.localhost/cashpk.com/wp-content/uploads/2010/12/FB-Like.png",
         "id" : "r18",
         "comps" : [],
         "download" : {
            "receiveFirst" : 8,
            "len" : 7449,
            "dns" : 0,
            "dnsEnd" : -1,
            "receiveHeadersEnd" : 17,
            "sslEnd" : -1,
            "connectEnd" : 9,
            "connectStart" : 0,
            "id" : "download_22",
            "receivedTime" : "123.926000203937",
            "sslStart" : -1,
            "dnsStart" : -1,
            "receiveLast" : 106.926000203937,
            "s_time" : 57.029000017792,
            "sendEnd" : 9,
            "sendStart" : 9,
            "type" : "image/png"
         }
      },
      {
         "when_comp_start" : -1,
         "url" : "http://modified.testbed.localhost/cashpk.com/wp-content/uploads/2010/12/twitter11-150x150.png",
         "id" : "r19",
         "comps" : [],
         "download" : {
            "receiveFirst" : 7,
            "len" : 28056,
            "dns" : 0,
            "dnsEnd" : -1,
            "receiveHeadersEnd" : 20,
            "sslEnd" : -1,
            "connectEnd" : 13,
            "connectStart" : 0,
            "id" : "download_23",
            "receivedTime" : "125.215000007302",
            "sslStart" : -1,
            "dnsStart" : -1,
            "receiveLast" : 105.215000007302,
            "s_time" : 57.2750000283122,
            "sendEnd" : 13,
            "sendStart" : 13,
            "type" : "image/png"
         }
      },
      {
         "when_comp_start" : -1,
         "url" : "http://modified.testbed.localhost/cashpk.com/wp-content/uploads/2010/12/gtalk_logo_footer.png",
         "id" : "r20",
         "comps" : [],
         "download" : {
            "receiveFirst" : 7,
            "len" : 5133,
            "dns" : 0,
            "dnsEnd" : -1,
            "receiveHeadersEnd" : 23,
            "sslEnd" : -1,
            "connectEnd" : 16,
            "connectStart" : 0,
            "id" : "download_24",
            "receivedTime" : "124.722999986261",
            "sslStart" : -1,
            "dnsStart" : -1,
            "receiveLast" : 101.722999986261,
            "s_time" : 57.5310001149774,
            "sendEnd" : 16,
            "sendStart" : 16,
            "type" : "image/png"
         }
      },
      {
         "when_comp_start" : -1,
         "url" : "http://modified.testbed.localhost/cashpk.com/wp-content/uploads/2010/12/mail_icon_footer.png",
         "id" : "r21",
         "comps" : [],
         "download" : {
            "receiveFirst" : 7,
            "len" : 4354,
            "dns" : 0,
            "dnsEnd" : -1,
            "receiveHeadersEnd" : 20,
            "sslEnd" : -1,
            "connectEnd" : 13,
            "connectStart" : 0,
            "id" : "download_25",
            "receivedTime" : "125.003000255674",
            "sslStart" : -1,
            "dnsStart" : -1,
            "receiveLast" : 105.003000255674,
            "s_time" : 60.5359999462962,
            "sendEnd" : 13,
            "sendStart" : 13,
            "type" : "image/png"
         }
      },
      {
         "when_comp_start" : -1,
         "url" : "http://modified.testbed.localhost/cashpk.com/wp-content/uploads/2010/12/skype_logo_footer.png",
         "id" : "r22",
         "comps" : [],
         "download" : {
            "receiveFirst" : 6,
            "len" : 3108,
            "dns" : 0,
            "dnsEnd" : -1,
            "receiveHeadersEnd" : 8,
            "sslEnd" : -1,
            "connectEnd" : 2,
            "connectStart" : 0,
            "id" : "download_26",
            "receivedTime" : "125.372999813408",
            "sslStart" : -1,
            "dnsStart" : -1,
            "receiveLast" : 117.372999813408,
            "s_time" : 73.3079998753965,
            "sendEnd" : 2,
            "sendStart" : 2,
            "type" : "image/png"
         }
      },
      {
         "when_comp_start" : -1,
         "url" : "http://modified.testbed.localhost/cashpk.com/wp-content/themes/Nova/images/top-bg.png",
         "id" : "r35",
         "comps" : [],
         "download" : {
            "receiveFirst" : 5,
            "len" : 546,
            "dns" : 0,
            "dnsEnd" : -1,
            "receiveHeadersEnd" : 6,
            "sslEnd" : -1,
            "connectEnd" : 1,
            "connectStart" : 0,
            "id" : "download_27",
            "receivedTime" : "145.843999926001",
            "sslStart" : -1,
            "dnsStart" : -1,
            "receiveLast" : 139.843999926001,
            "s_time" : 112.09399998188,
            "sendEnd" : 1,
            "sendStart" : 1,
            "type" : "image/png"
         }
      },
      {
         "when_comp_start" : -1,
         "url" : "http://modified.testbed.localhost/cashpk.com/wp-content/themes/Nova/images/center-highlight.png",
         "id" : "r36",
         "comps" : [],
         "download" : {
            "receiveFirst" : 5,
            "len" : 63233,
            "dns" : 0,
            "dnsEnd" : -1,
            "receiveHeadersEnd" : 6,
            "sslEnd" : -1,
            "connectEnd" : 1,
            "connectStart" : 0,
            "id" : "download_28",
            "receivedTime" : "147.24799990654",
            "sslStart" : -1,
            "dnsStart" : -1,
            "receiveLast" : 141.24799990654,
            "s_time" : 112.344000022858,
            "sendEnd" : 1,
            "sendStart" : 1,
            "type" : "image/png"
         }
      },
      {
         "when_comp_start" : -1,
         "url" : "http://modified.testbed.localhost/cashpk.com/wp-content/themes/Nova/js/et_flexslider.js%3Fver=1.0",
         "id" : "r34",
         "comps" : [
            {
               "s_time" : 126.188999973238,
               "time" : 19.534000195562,
               "type" : 1,
               "id" : "comp_44",
               "e_time" : 145.7230001688
            }
         ],
         "download" : {
            "receiveFirst" : 5,
            "len" : 2887,
            "dns" : 0,
            "dnsEnd" : -1,
            "receiveHeadersEnd" : 6,
            "sslEnd" : -1,
            "connectEnd" : 1,
            "connectStart" : 0,
            "id" : "download_29",
            "receivedTime" : "126.143000088632",
            "sslStart" : -1,
            "dnsStart" : -1,
            "receiveLast" : 120.143000088632,
            "s_time" : 111.489000264555,
            "sendEnd" : 1,
            "sendStart" : 1,
            "type" : "text/plain"
         }
      },
      {
         "when_comp_start" : -1,
         "url" : "http://modified.testbed.localhost/cashpk.com/wp-content/themes/Nova/images/menu-nav.png",
         "id" : "r37",
         "comps" : [],
         "download" : {
            "receiveFirst" : 3,
            "len" : 1463,
            "dns" : 0,
            "dnsEnd" : -1,
            "receiveHeadersEnd" : 6,
            "sslEnd" : -1,
            "connectEnd" : 3,
            "connectStart" : 0,
            "id" : "download_30",
            "receivedTime" : "146.461999975145",
            "sslStart" : -1,
            "dnsStart" : -1,
            "receiveLast" : 140.461999975145,
            "s_time" : 114.585000090301,
            "sendEnd" : 3,
            "sendStart" : 3,
            "type" : "image/png"
         }
      },
      {
         "when_comp_start" : -1,
         "url" : "http://modified.testbed.localhost/cashpk.com/wp-content/themes/Nova/images/search-form.png",
         "id" : "r38",
         "comps" : [],
         "download" : {
            "receiveFirst" : 4,
            "len" : 1071,
            "dns" : 0,
            "dnsEnd" : -1,
            "receiveHeadersEnd" : 6,
            "sslEnd" : -1,
            "connectEnd" : 2,
            "connectStart" : 0,
            "id" : "download_31",
            "receivedTime" : "146.352000068873",
            "sslStart" : -1,
            "dnsStart" : -1,
            "receiveLast" : 140.352000068873,
            "s_time" : 115.133999846876,
            "sendEnd" : 2,
            "sendStart" : 2,
            "type" : "image/png"
         }
      },
      {
         "when_comp_start" : -1,
         "url" : "http://modified.testbed.localhost/cashpk.com/wp-content/themes/Nova/images/ajax-loader.gif",
         "id" : "r39",
         "comps" : [],
         "download" : {
            "receiveFirst" : 4,
            "len" : 2605,
            "dns" : 0,
            "dnsEnd" : -1,
            "receiveHeadersEnd" : 6,
            "sslEnd" : -1,
            "connectEnd" : 2,
            "connectStart" : 0,
            "id" : "download_32",
            "receivedTime" : "146.707999985665",
            "sslStart" : -1,
            "dnsStart" : -1,
            "receiveLast" : 140.707999985665,
            "s_time" : 115.677000023425,
            "sendEnd" : 2,
            "sendStart" : 2,
            "type" : "image/gif"
         }
      },
      {
         "when_comp_start" : -1,
         "url" : "http://modified.testbed.localhost/cashpk.com/wp-content/themes/Nova/images/main-area.png",
         "id" : "r40",
         "comps" : [],
         "download" : {
            "receiveFirst" : 2,
            "len" : 113,
            "dns" : 0,
            "dnsEnd" : -1,
            "receiveHeadersEnd" : 6,
            "sslEnd" : -1,
            "connectEnd" : 3,
            "connectStart" : 0,
            "id" : "download_33",
            "receivedTime" : "146.846000105143",
            "sslStart" : -1,
            "dnsStart" : -1,
            "receiveLast" : 140.846000105143,
            "s_time" : 115.985000040382,
            "sendEnd" : 4,
            "sendStart" : 3,
            "type" : "image/png"
         }
      },
      {
         "when_comp_start" : -1,
         "url" : "http://modified.testbed.localhost/cashpk.com/wp-content/themes/Nova/images/readmore.png",
         "id" : "r41",
         "comps" : [],
         "download" : {
            "receiveFirst" : 3,
            "len" : 1467,
            "dns" : 0,
            "dnsEnd" : -1,
            "receiveHeadersEnd" : 7,
            "sslEnd" : -1,
            "connectEnd" : 4,
            "connectStart" : 0,
            "id" : "download_34",
            "receivedTime" : "147.129000164568",
            "sslStart" : -1,
            "dnsStart" : -1,
            "receiveLast" : 140.129000164568,
            "s_time" : 116.41399981454,
            "sendEnd" : 4,
            "sendStart" : 4,
            "type" : "image/png"
         }
      },
      {
         "when_comp_start" : -1,
         "url" : "http://modified.testbed.localhost/cashpk.com/wp-content/themes/Nova/epanel/page_templates/js/fancybox/jquery.easing-1.3.pack.js%3Fver=1.3.4",
         "id" : "r42",
         "comps" : [
            {
               "s_time" : 166.070000268519,
               "time" : 2.17100000008898,
               "type" : 1,
               "id" : "comp_52",
               "e_time" : 168.241000268608
            }
         ],
         "download" : {
            "receiveFirst" : 4,
            "len" : 6755,
            "dns" : 0,
            "dnsEnd" : -1,
            "receiveHeadersEnd" : 6,
            "sslEnd" : -1,
            "connectEnd" : 2,
            "connectStart" : 0,
            "id" : "download_35",
            "receivedTime" : "166.011000052094",
            "sslStart" : -1,
            "dnsStart" : -1,
            "receiveLast" : 160.011000052094,
            "s_time" : 125.648000277579,
            "sendEnd" : 2,
            "sendStart" : 2,
            "type" : "text/plain"
         }
      },
      {
         "when_comp_start" : -1,
         "url" : "http://modified.testbed.localhost/cashpk.com/wp-content/themes/Nova/epanel/page_templates/js/fancybox/jquery.fancybox-1.3.4.pack.js%3Fver=1.3.4",
         "id" : "r43",
         "comps" : [
            {
               "s_time" : 168.434000108391,
               "time" : 2.67700012773301,
               "type" : 1,
               "id" : "comp_54",
               "e_time" : 171.111000236124
            }
         ],
         "download" : {
            "receiveFirst" : 4,
            "len" : 16100,
            "dns" : 0,
            "dnsEnd" : -1,
            "receiveHeadersEnd" : 6,
            "sslEnd" : -1,
            "connectEnd" : 2,
            "connectStart" : 0,
            "id" : "download_36",
            "receivedTime" : "168.378000147641",
            "sslStart" : -1,
            "dnsStart" : -1,
            "receiveLast" : 162.378000147641,
            "s_time" : 125.847000163049,
            "sendEnd" : 2,
            "sendStart" : 2,
            "type" : "text/plain"
         }
      },
      {
         "when_comp_start" : -1,
         "url" : "http://modified.testbed.localhost/cashpk.com/wp-content/themes/Nova/epanel/page_templates/js/et-ptemplates-frontend.js%3Fver=1.1",
         "id" : "r44",
         "comps" : [
            {
               "s_time" : 171.579000074416,
               "time" : 0.274999998509998,
               "type" : 1,
               "id" : "comp_57",
               "e_time" : 171.854000072926
            }
         ],
         "download" : {
            "receiveFirst" : 7,
            "len" : 6596,
            "dns" : 0,
            "dnsEnd" : -1,
            "receiveHeadersEnd" : 8,
            "sslEnd" : -1,
            "connectEnd" : 1,
            "connectStart" : 0,
            "id" : "download_37",
            "receivedTime" : "171.540000010282",
            "sslStart" : -1,
            "dnsStart" : -1,
            "receiveLast" : 163.540000010282,
            "s_time" : 126.228000037372,
            "sendEnd" : 1,
            "sendStart" : 1,
            "type" : "text/plain"
         }
      },
      {
         "when_comp_start" : -1,
         "url" : "http://modified.testbed.localhost/cashpk.com/wp-includes/js/wp-embed.min.js%3Fver=4.5.1",
         "id" : "r45",
         "comps" : [
            {
               "s_time" : 171.908000018448,
               "time" : 0.337000004946987,
               "type" : 1,
               "id" : "comp_59",
               "e_time" : 172.245000023395
            }
         ],
         "download" : {
            "receiveFirst" : 7,
            "len" : 1403,
            "dns" : 0,
            "dnsEnd" : -1,
            "receiveHeadersEnd" : 8,
            "sslEnd" : -1,
            "connectEnd" : 1,
            "connectStart" : 0,
            "id" : "download_38",
            "receivedTime" : "171.475999988616",
            "sslStart" : -1,
            "dnsStart" : -1,
            "receiveLast" : 163.475999988616,
            "s_time" : 126.416000071913,
            "sendEnd" : 1,
            "sendStart" : 1,
            "type" : "text/plain"
         }
      },
      {
         "when_comp_start" : -1,
         "url" : "http://modified.testbed.localhost/cashpk.com/wp-content/themes/Nova/fonts/ColabThi-webfont.woff",
         "id" : "r26",
         "comps" : [],
         "download" : {
            "receiveFirst" : 4,
            "len" : 27708,
            "dns" : 0,
            "dnsEnd" : -1,
            "receiveHeadersEnd" : 4,
            "sslEnd" : -1,
            "connectEnd" : 0,
            "connectStart" : 0,
            "id" : "download_39",
            "receivedTime" : "321.866000071168",
            "sslStart" : -1,
            "dnsStart" : -1,
            "receiveLast" : 317.866000071168,
            "s_time" : 165.930999908596,
            "sendEnd" : 0,
            "sendStart" : 0,
            "type" : "application/octet-stream"
         }
      },
      {
         "when_comp_start" : -1,
         "url" : "http://modified.testbed.localhost/cashpk.com/wp-content/themes/Nova/images/menu-active-arrow.png",
         "id" : "r46",
         "comps" : [],
         "download" : {
            "receiveFirst" : 4,
            "len" : 191,
            "dns" : 0,
            "dnsEnd" : -1,
            "receiveHeadersEnd" : 7,
            "sslEnd" : -1,
            "connectEnd" : 3,
            "connectStart" : 0,
            "id" : "download_40",
            "receivedTime" : "324.22999991104",
            "sslStart" : -1,
            "dnsStart" : -1,
            "receiveLast" : 317.22999991104,
            "s_time" : 253.089000005275,
            "sendEnd" : 3,
            "sendStart" : 3,
            "type" : "image/png"
         }
      },
      {
         "when_comp_start" : -1,
         "url" : "http://modified.testbed.localhost/cashpk.com/wp-content/themes/Nova/images/active-tab2.png",
         "id" : "r47",
         "comps" : [],
         "download" : {
            "receiveFirst" : 5,
            "len" : 956,
            "dns" : 0,
            "dnsEnd" : -1,
            "receiveHeadersEnd" : 8,
            "sslEnd" : -1,
            "connectEnd" : 3,
            "connectStart" : 0,
            "id" : "download_41",
            "receivedTime" : "324.692000169307",
            "sslStart" : -1,
            "dnsStart" : -1,
            "receiveLast" : 316.692000169307,
            "s_time" : 253.760000225157,
            "sendEnd" : 3,
            "sendStart" : 3,
            "type" : "image/png"
         }
      },
      {
         "when_comp_start" : -1,
         "url" : "http://modified.testbed.localhost/cashpk.com/wp-content/themes/Nova/images/jointoday.png",
         "id" : "r48",
         "comps" : [],
         "download" : {
            "receiveFirst" : 4,
            "len" : 3957,
            "dns" : 0,
            "dnsEnd" : -1,
            "receiveHeadersEnd" : 6,
            "sslEnd" : -1,
            "connectEnd" : 1,
            "connectStart" : 0,
            "id" : "download_42",
            "receivedTime" : "325.287000276148",
            "sslStart" : -1,
            "dnsStart" : -1,
            "receiveLast" : 319.287000276148,
            "s_time" : 256.978000048548,
            "sendEnd" : 2,
            "sendStart" : 1,
            "type" : "image/png"
         }
      },
      {
         "when_comp_start" : -1,
         "url" : "http://modified.testbed.localhost/cashpk.com/wp-content/themes/Nova/images/controller2.png",
         "id" : "r49",
         "comps" : [],
         "download" : {
            "receiveFirst" : 4,
            "len" : 665,
            "dns" : 0,
            "dnsEnd" : -1,
            "receiveHeadersEnd" : 8,
            "sslEnd" : -1,
            "connectEnd" : 3,
            "connectStart" : 0,
            "id" : "download_43",
            "receivedTime" : "330.177000258118",
            "sslStart" : -1,
            "dnsStart" : -1,
            "receiveLast" : 322.177000258118,
            "s_time" : 312.929000239819,
            "sendEnd" : 4,
            "sendStart" : 3,
            "type" : "image/png"
         }
      },
      {
         "when_comp_start" : -1,
         "url" : "http://modified.testbed.localhost/cashpk.com/wp-content/themes/Nova/images/controller1.png",
         "id" : "r50",
         "comps" : [],
         "download" : {
            "receiveFirst" : 5,
            "len" : 523,
            "dns" : 0,
            "dnsEnd" : -1,
            "receiveHeadersEnd" : 8,
            "sslEnd" : -1,
            "connectEnd" : 3,
            "connectStart" : 0,
            "id" : "download_44",
            "receivedTime" : "330.510000232607",
            "sslStart" : -1,
            "dnsStart" : -1,
            "receiveLast" : 322.510000232607,
            "s_time" : 313.604000024498,
            "sendEnd" : 3,
            "sendStart" : 3,
            "type" : "image/png"
         }
      },
      {
         "when_comp_start" : -1,
         "url" : "http://modified.testbed.localhost/cashpk.com/wp-content/themes/Nova/fonts/ColabMed-webfont.woff",
         "id" : "r29",
         "comps" : [],
         "download" : {
            "receiveFirst" : 6,
            "len" : 27792,
            "dns" : 0,
            "dnsEnd" : -1,
            "receiveHeadersEnd" : 8,
            "sslEnd" : -1,
            "connectEnd" : 2,
            "connectStart" : 0,
            "id" : "download_45",
            "receivedTime" : "331.01399987936",
            "sslStart" : -1,
            "dnsStart" : -1,
            "receiveLast" : 323.01399987936,
            "s_time" : 315.382999833673,
            "sendEnd" : 2,
            "sendStart" : 2,
            "type" : "application/octet-stream"
         }
      }
   ],
   "deps" : [
      {
         "a2" : "r1_c2",
         "time" : -1,
         "id" : "dep1",
         "a1" : "comp_15"
      },
      {
         "a2" : "r1_c3",
         "time" : -1,
         "id" : "dep2",
         "a1" : "comp_17"
      },
      {
         "a2" : "r1_c4",
         "time" : -1,
         "id" : "dep3",
         "a1" : "comp_19"
      },
      {
         "a2" : "r1_c5",
         "time" : -1,
         "id" : "dep4",
         "a1" : "comp_21"
      },
      {
         "a2" : "r1_c6",
         "time" : -1,
         "id" : "dep5",
         "a1" : "comp_23"
      },
      {
         "a2" : "r1_c7",
         "time" : -1,
         "id" : "dep6",
         "a1" : "comp_31"
      },
      {
         "a2" : "r1_c8",
         "time" : -1,
         "id" : "dep7",
         "a1" : "comp_44"
      },
      {
         "a2" : "r1_c9",
         "time" : -1,
         "id" : "dep8",
         "a1" : "comp_52"
      },
      {
         "a2" : "r1_c10",
         "time" : -1,
         "id" : "dep9",
         "a1" : "comp_54"
      },
      {
         "a2" : "r1_c11",
         "time" : -1,
         "id" : "dep10",
         "a1" : "comp_57"
      },
      {
         "a2" : "r1_c12",
         "time" : -1,
         "id" : "dep11",
         "a1" : "comp_59"
      },
      {
         "a2" : "comp_15",
         "time" : -1,
         "id" : "dep12",
         "a1" : "comp_4"
      },
      {
         "a2" : "comp_15",
         "time" : -1,
         "id" : "dep13",
         "a1" : "comp_7"
      },
      {
         "a2" : "comp_15",
         "time" : -1,
         "id" : "dep14",
         "a1" : "comp_0"
      },
      {
         "a2" : "comp_15",
         "time" : -1,
         "id" : "dep15",
         "a1" : "comp_5"
      },
      {
         "a2" : "comp_15",
         "time" : -1,
         "id" : "dep16",
         "a1" : "comp_6"
      },
      {
         "a2" : "comp_17",
         "time" : -1,
         "id" : "dep17",
         "a1" : "comp_15"
      },
      {
         "a2" : "comp_19",
         "time" : -1,
         "id" : "dep18",
         "a1" : "comp_17"
      },
      {
         "a2" : "comp_21",
         "time" : -1,
         "id" : "dep19",
         "a1" : "comp_19"
      },
      {
         "a2" : "comp_23",
         "time" : -1,
         "id" : "dep20",
         "a1" : "comp_21"
      },
      {
         "a2" : "comp_44",
         "time" : -1,
         "id" : "dep21",
         "a1" : "comp_31"
      },
      {
         "a2" : "comp_52",
         "time" : -1,
         "id" : "dep22",
         "a1" : "comp_44"
      },
      {
         "a2" : "comp_54",
         "time" : -1,
         "id" : "dep23",
         "a1" : "comp_52"
      },
      {
         "a2" : "comp_59",
         "time" : -1,
         "id" : "dep24",
         "a1" : "comp_57"
      },
      {
         "a2" : "download_45",
         "time" : -1,
         "id" : "dep25",
         "a1" : "r1_c12"
      },
      {
         "a2" : "download_44",
         "time" : 141.359000001103,
         "id" : "dep26",
         "a1" : "r1_c12"
      },
      {
         "a2" : "download_43",
         "time" : 140.684000216424,
         "id" : "dep27",
         "a1" : "r1_c12"
      },
      {
         "a2" : "download_42",
         "time" : 84.733000025153,
         "id" : "dep28",
         "a1" : "r1_c12"
      },
      {
         "a2" : "download_41",
         "time" : 81.515000201762,
         "id" : "dep29",
         "a1" : "r1_c12"
      },
      {
         "a2" : "download_40",
         "time" : 80.84399998188,
         "id" : "dep30",
         "a1" : "r1_c12"
      },
      {
         "a2" : "download_39",
         "time" : -1,
         "id" : "dep31",
         "a1" : "r1_c8"
      },
      {
         "a2" : "download_38",
         "time" : -1,
         "id" : "dep32",
         "a1" : "r1_c7"
      },
      {
         "a2" : "download_38",
         "time" : 3.03199980408,
         "id" : "dep33",
         "a1" : "r1_c7"
      },
      {
         "a2" : "download_37",
         "time" : 2.843999769539,
         "id" : "dep34",
         "a1" : "r1_c7"
      },
      {
         "a2" : "download_37",
         "time" : 2.843999769539,
         "id" : "dep35",
         "a1" : "r1_c7"
      },
      {
         "a2" : "download_36",
         "time" : 2.462999895216,
         "id" : "dep36",
         "a1" : "r1_c7"
      },
      {
         "a2" : "download_36",
         "time" : 2.462999895216,
         "id" : "dep37",
         "a1" : "r1_c7"
      },
      {
         "a2" : "download_35",
         "time" : 2.264000009746,
         "id" : "dep38",
         "a1" : "r1_c7"
      },
      {
         "a2" : "download_35",
         "time" : 2.264000009746,
         "id" : "dep39",
         "a1" : "r1_c7"
      },
      {
         "a2" : "download_34",
         "time" : -1,
         "id" : "dep40",
         "a1" : "r1_c6"
      },
      {
         "a2" : "download_33",
         "time" : 5.65799977630401,
         "id" : "dep41",
         "a1" : "r1_c6"
      },
      {
         "a2" : "download_32",
         "time" : 5.349999759347,
         "id" : "dep42",
         "a1" : "r1_c6"
      },
      {
         "a2" : "download_31",
         "time" : 4.806999582798,
         "id" : "dep43",
         "a1" : "r1_c6"
      },
      {
         "a2" : "download_30",
         "time" : 4.257999826223,
         "id" : "dep44",
         "a1" : "r1_c6"
      },
      {
         "a2" : "download_29",
         "time" : 1.16200000047701,
         "id" : "dep45",
         "a1" : "r1_c6"
      },
      {
         "a2" : "download_29",
         "time" : 1.16200000047701,
         "id" : "dep46",
         "a1" : "r1_c6"
      },
      {
         "a2" : "download_28",
         "time" : 2.01699975878,
         "id" : "dep47",
         "a1" : "r1_c6"
      },
      {
         "a2" : "download_27",
         "time" : 1.76699971780201,
         "id" : "dep48",
         "a1" : "r1_c6"
      },
      {
         "a2" : "download_26",
         "time" : -1,
         "id" : "dep49",
         "a1" : "r1_c1"
      },
      {
         "a2" : "download_25",
         "time" : 37.3479998670518,
         "id" : "dep50",
         "a1" : "r1_c1"
      },
      {
         "a2" : "download_24",
         "time" : 34.343000035733,
         "id" : "dep51",
         "a1" : "r1_c1"
      },
      {
         "a2" : "download_23",
         "time" : 34.0869999490678,
         "id" : "dep52",
         "a1" : "r1_c1"
      },
      {
         "a2" : "download_22",
         "time" : 33.8409999385476,
         "id" : "dep53",
         "a1" : "r1_c1"
      },
      {
         "a2" : "download_21",
         "time" : 41.8779999017715,
         "id" : "dep54",
         "a1" : "r1_c1"
      },
      {
         "a2" : "download_21",
         "time" : 41.8779999017715,
         "id" : "dep55",
         "a1" : "r1_c1"
      },
      {
         "a2" : "download_20",
         "time" : 33.6079997941851,
         "id" : "dep56",
         "a1" : "r1_c1"
      },
      {
         "a2" : "download_19",
         "time" : 33.3520001731813,
         "id" : "dep57",
         "a1" : "r1_c1"
      },
      {
         "a2" : "download_18",
         "time" : 33.098999876529,
         "id" : "dep58",
         "a1" : "r1_c1"
      },
      {
         "a2" : "download_17",
         "time" : 32.829999923706,
         "id" : "dep59",
         "a1" : "r1_c1"
      },
      {
         "a2" : "download_16",
         "time" : 32.5460000894963,
         "id" : "dep60",
         "a1" : "r1_c1"
      },
      {
         "a2" : "download_15",
         "time" : 32.2839999571442,
         "id" : "dep61",
         "a1" : "r1_c1"
      },
      {
         "a2" : "download_14",
         "time" : 35.2759999223053,
         "id" : "dep62",
         "a1" : "r1_c1"
      },
      {
         "a2" : "download_13",
         "time" : 26.8060001544654,
         "id" : "dep63",
         "a1" : "r1_c1"
      },
      {
         "a2" : "download_12",
         "time" : 3.2799998298287,
         "id" : "dep64",
         "a1" : "r1_c1"
      },
      {
         "a2" : "download_11",
         "time" : 4.8909997567534,
         "id" : "dep65",
         "a1" : "r1_c1"
      },
      {
         "a2" : "download_10",
         "time" : 4.6819997951388,
         "id" : "dep66",
         "a1" : "r1_c1"
      },
      {
         "a2" : "download_9",
         "time" : 4.4539999216795,
         "id" : "dep67",
         "a1" : "r1_c1"
      },
      {
         "a2" : "download_8",
         "time" : 3.0430001206696,
         "id" : "dep68",
         "a1" : "r1_c1"
      },
      {
         "a2" : "download_7",
         "time" : 3.089000005275,
         "id" : "dep69",
         "a1" : "r1_c1"
      },
      {
         "a2" : "download_6",
         "time" : 3.0479999259114,
         "id" : "dep70",
         "a1" : "r1_c1"
      },
      {
         "a2" : "download_5",
         "time" : 2.3630000650882,
         "id" : "dep71",
         "a1" : "r1_c1"
      },
      {
         "a2" : "download_4",
         "time" : 2.1049999631941,
         "id" : "dep72",
         "a1" : "r1_c1"
      },
      {
         "a2" : "download_3",
         "time" : 1.6160001978278,
         "id" : "dep73",
         "a1" : "r1_c1"
      },
      {
         "a2" : "download_3",
         "time" : 1.6160001978278,
         "id" : "dep74",
         "a1" : "r1_c1"
      },
      {
         "a2" : "download_2",
         "time" : 1.1780001223087,
         "id" : "dep75",
         "a1" : "r1_c1"
      },
      {
         "a2" : "download_2",
         "time" : 1.1780001223087,
         "id" : "dep76",
         "a1" : "r1_c1"
      },
      {
         "a2" : "download_1",
         "time" : 0.6829998455941,
         "id" : "dep77",
         "a1" : "r1_c1"
      }
   ]
}
