{
   "n_download_no_trigger" : 1,
   "start_activity" : "download_0",
   "name" : "modified.testbed.localhost_www.google.es_",
   "load_activity" : -1,
   "objs" : [
      {
         "when_comp_start" : 1,
         "url" : "http://modified.testbed.localhost/www.google.es/",
         "id" : "r1",
         "comps" : [
            {
               "s_time" : 46.8899998813868,
               "time" : 31.0370000079274,
               "type" : "evalhtml",
               "id" : "r1_c1",
               "e_time" : 77.9269998893142
            }
         ],
         "download" : {
            "receiveFirst" : 5,
            "len" : 11779,
            "dns" : 0,
            "dnsEnd" : -1,
            "receiveHeadersEnd" : 6,
            "sslEnd" : -1,
            "connectEnd" : 1,
            "connectStart" : 0,
            "id" : "download_0",
            "receivedTime" : "46.1840000934899",
            "sslStart" : -1,
            "dnsStart" : -1,
            "receiveLast" : 40.1840000934899,
            "s_time" : 0,
            "sendEnd" : 1,
            "sendStart" : 1,
            "type" : "text/html"
         }
      },
      {
         "when_comp_start" : 1,
         "url" : "http://modified.testbed.localhost/client_204?&atyp=i&biw=1004&bih=686&ei=dzUhV61FyMt49tOf8AI",
         "id" : "r2",
         "comps" : [],
         "download" : {
            "receiveFirst" : 4,
            "len" : 300,
            "dns" : 0,
            "dnsEnd" : -1,
            "receiveHeadersEnd" : 5,
            "sslEnd" : -1,
            "connectEnd" : 1,
            "connectStart" : 0,
            "id" : "download_1",
            "receivedTime" : "80.5500000715256",
            "sslStart" : -1,
            "dnsStart" : -1,
            "receiveLast" : 75.5500000715256,
            "s_time" : 63.8680001720786,
            "sendEnd" : 1,
            "sendStart" : 1,
            "type" : "text/html"
         }
      },
      {
         "when_comp_start" : -1,
         "url" : "http://modified.testbed.localhost/www.google.es/images/branding/googlelogo/1x/googlelogo_white_background_color_272x92dp.png",
         "id" : "r3",
         "comps" : [],
         "download" : {
            "receiveFirst" : 3,
            "len" : 5482,
            "dns" : 0,
            "dnsEnd" : -1,
            "receiveHeadersEnd" : 5,
            "sslEnd" : -1,
            "connectEnd" : 2,
            "connectStart" : 0,
            "id" : "download_2",
            "receivedTime" : "81.0779999010265",
            "sslStart" : -1,
            "dnsStart" : -1,
            "receiveLast" : 76.0779999010265,
            "s_time" : 66.3930000737309,
            "sendEnd" : 2,
            "sendStart" : 2,
            "type" : "image/png"
         }
      },
      {
         "when_comp_start" : -1,
         "url" : "http://modified.testbed.localhost/www.google.es/images/nav_logo229.png",
         "id" : "r4",
         "comps" : [],
         "download" : {
            "receiveFirst" : 4,
            "len" : 17284,
            "dns" : 0,
            "dnsEnd" : -1,
            "receiveHeadersEnd" : 5,
            "sslEnd" : -1,
            "connectEnd" : 1,
            "connectStart" : 0,
            "id" : "download_3",
            "receivedTime" : "87.1150000020862",
            "sslStart" : -1,
            "dnsStart" : -1,
            "receiveLast" : 82.1150000020862,
            "s_time" : 77.9269998893142,
            "sendEnd" : 1,
            "sendStart" : 1,
            "type" : "image/png"
         }
      }
   ],
   "deps" : [
      {
         "a2" : "download_3",
         "time" : -1,
         "id" : "dep1",
         "a1" : "r1_c1"
      },
      {
         "a2" : "download_2",
         "time" : 19.5030001923441,
         "id" : "dep2",
         "a1" : "r1_c1"
      },
      {
         "a2" : "download_1",
         "time" : 16.9780002906918,
         "id" : "dep3",
         "a1" : "r1_c1"
      }
   ]
}
