{
   "n_download_no_trigger" : 1,
   "start_activity" : "download_0",
   "name" : "modified.testbed.localhost_www.intokomasaj.com_",
   "load_activity" : -1,
   "objs" : [
      {
         "when_comp_start" : 1,
         "url" : "http://modified.testbed.localhost/www.intokomasaj.com/",
         "id" : "r1",
         "comps" : [
            {
               "s_time" : 53.8620003499091,
               "time" : 63.8619996607299,
               "id" : "r1_c1",
               "type" : "evalhtml",
               "e_time" : 117.724000010639
            },
            {
               "s_time" : 144.309000112116,
               "time" : -3381697401.354,
               "id" : "r1_c2",
               "type" : "evalhtml",
               "e_time" : -3381697257.045
            },
            {
               "s_time" : 228.507000021636,
               "time" : -3381697485.552,
               "id" : "r1_c3",
               "type" : "evalhtml",
               "e_time" : -3381697257.045
            },
            {
               "s_time" : 356.922999955714,
               "time" : -3381697613.968,
               "id" : "r1_c4",
               "type" : "evalhtml",
               "e_time" : -3381697257.045
            },
            {
               "s_time" : 358.721999917179,
               "time" : -3381697615.767,
               "id" : "r1_c5",
               "type" : "evalhtml",
               "e_time" : -3381697257.045
            },
            {
               "s_time" : 361.845000181347,
               "time" : 152.578999754042,
               "type" : "evalhtml",
               "id" : "r1_c6",
               "e_time" : 514.423999935389
            }
         ],
         "download" : {
            "receiveFirst" : 4,
            "len" : 51496,
            "dns" : 0,
            "dnsEnd" : -1,
            "receiveHeadersEnd" : 5,
            "sslEnd" : -1,
            "connectEnd" : 1,
            "connectStart" : 0,
            "id" : "download_0",
            "receivedTime" : "48.994000069797",
            "sslStart" : -1,
            "dnsStart" : -1,
            "receiveLast" : 43.994000069797,
            "s_time" : 0,
            "sendEnd" : 1,
            "sendStart" : 1,
            "type" : "text/html"
         }
      },
      {
         "when_comp_start" : -1,
         "url" : "http://www.cherryhillmassage.com/theme/default/images/c3common.css",
         "id" : "r2",
         "comps" : [
            {
               "s_time" : 89.967000298202,
               "time" : 22.348999977112,
               "type" : 4,
               "id" : "comp_10",
               "e_time" : 112.316000275314
            }
         ],
         "download" : {
            "receiveFirst" : 7,
            "len" : 110602,
            "dns" : 0,
            "dnsEnd" : -1,
            "receiveHeadersEnd" : 7,
            "sslEnd" : -1,
            "connectEnd" : 0,
            "connectStart" : 0,
            "id" : "download_1",
            "receivedTime" : "89.7949999198318",
            "sslStart" : -1,
            "dnsStart" : -1,
            "receiveLast" : 82.7949999198318,
            "s_time" : 55.6479999795556,
            "sendEnd" : 0,
            "sendStart" : 0,
            "type" : "text/css"
         }
      },
      {
         "when_comp_start" : -1,
         "url" : "http://www.cherryhillmassage.com/theme/default/images/all.css",
         "id" : "r3",
         "comps" : [
            {
               "s_time" : 77.2820003330708,
               "time" : 0.842999666929202,
               "type" : 4,
               "id" : "comp_3",
               "e_time" : 78.125
            }
         ],
         "download" : {
            "receiveFirst" : 9,
            "len" : 2444,
            "dns" : 0,
            "dnsEnd" : -1,
            "receiveHeadersEnd" : 9,
            "sslEnd" : -1,
            "connectEnd" : 0,
            "connectStart" : 0,
            "id" : "download_2",
            "receivedTime" : "77.1520002745092",
            "sslStart" : -1,
            "dnsStart" : -1,
            "receiveLast" : 68.1520002745092,
            "s_time" : 55.6510002352297,
            "sendEnd" : 0,
            "sendStart" : 0,
            "type" : "text/css"
         }
      },
      {
         "when_comp_start" : -1,
         "url" : "http://www.cherryhillmassage.com/js/yadjs.js",
         "id" : "r4",
         "comps" : [
            {
               "s_time" : 114.181000273675,
               "time" : 30.127999838441,
               "type" : 1,
               "id" : "comp_12",
               "e_time" : 144.309000112116
            }
         ],
         "download" : {
            "receiveFirst" : 9,
            "len" : 100199,
            "dns" : 0,
            "dnsEnd" : -1,
            "receiveHeadersEnd" : 9,
            "sslEnd" : -1,
            "connectEnd" : 0,
            "connectStart" : 0,
            "id" : "download_3",
            "receivedTime" : "114.020999986678",
            "sslStart" : -1,
            "dnsStart" : -1,
            "receiveLast" : 105.020999986678,
            "s_time" : 56.0779999941587,
            "sendEnd" : 0,
            "sendStart" : 0,
            "type" : "application/javascript"
         }
      },
      {
         "when_comp_start" : -1,
         "url" : "http://www.cherryhillmassage.com/js/jquery/css/ui-lightness/jquery-ui.css",
         "id" : "r5",
         "comps" : [
            {
               "s_time" : 87.0210002176464,
               "time" : 0.202999915927592,
               "type" : 4,
               "id" : "comp_9",
               "e_time" : 87.224000133574
            }
         ],
         "download" : {
            "receiveFirst" : 9,
            "len" : 34288,
            "dns" : 0,
            "dnsEnd" : -1,
            "receiveHeadersEnd" : 9,
            "sslEnd" : -1,
            "connectEnd" : 0,
            "connectStart" : 0,
            "id" : "download_4",
            "receivedTime" : "86.8990002200007",
            "sslStart" : -1,
            "dnsStart" : -1,
            "receiveLast" : 77.8990002200007,
            "s_time" : 56.4700001850724,
            "sendEnd" : 0,
            "sendStart" : 0,
            "type" : "text/css"
         }
      },
      {
         "when_comp_start" : -1,
         "url" : "http://www.cherryhillmassage.com/css/main.css",
         "id" : "r6",
         "comps" : [
            {
               "s_time" : 80.5540001019835,
               "time" : 0.185000244528098,
               "type" : 4,
               "id" : "comp_4",
               "e_time" : 80.7390003465116
            }
         ],
         "download" : {
            "receiveFirst" : 9,
            "len" : 28954,
            "dns" : 0,
            "dnsEnd" : -1,
            "receiveHeadersEnd" : 9,
            "sslEnd" : -1,
            "connectEnd" : 0,
            "connectStart" : 0,
            "id" : "download_5",
            "receivedTime" : "80.3400003351271",
            "sslStart" : -1,
            "dnsStart" : -1,
            "receiveLast" : 71.3400003351271,
            "s_time" : 56.8160000257194,
            "sendEnd" : 0,
            "sendStart" : 0,
            "type" : "text/css"
         }
      },
      {
         "when_comp_start" : -1,
         "url" : "http://www.cherryhillmassage.com/js/jquery/css/tooltips.css",
         "id" : "r7",
         "comps" : [
            {
               "s_time" : 80.9369999915361,
               "time" : 0.00600004568700285,
               "type" : 4,
               "id" : "comp_5",
               "e_time" : 80.9430000372231
            }
         ],
         "download" : {
            "receiveFirst" : 10,
            "len" : 353,
            "dns" : 0,
            "dnsEnd" : -1,
            "receiveHeadersEnd" : 10,
            "sslEnd" : -1,
            "connectEnd" : 0,
            "connectStart" : 0,
            "id" : "download_6",
            "receivedTime" : "80.8359999209642",
            "sslStart" : -1,
            "dnsStart" : -1,
            "receiveLast" : 70.8359999209642,
            "s_time" : 57.1420001797378,
            "sendEnd" : 0,
            "sendStart" : 0,
            "type" : "text/css"
         }
      },
      {
         "when_comp_start" : -1,
         "url" : "http://www.cherryhillmassage.com/js/jquery/jquery-1.8.3.min.js",
         "id" : "r8",
         "comps" : [
            {
               "s_time" : 158.212000038475,
               "time" : 70.294999983161,
               "type" : 1,
               "id" : "comp_13",
               "e_time" : 228.507000021636
            }
         ],
         "download" : {
            "receiveFirst" : 12,
            "len" : 93636,
            "dns" : 0,
            "dnsEnd" : -1,
            "receiveHeadersEnd" : 12,
            "sslEnd" : -1,
            "connectEnd" : 0,
            "connectStart" : 0,
            "id" : "download_7",
            "receivedTime" : "158.038000110537",
            "sslStart" : -1,
            "dnsStart" : -1,
            "receiveLast" : 146.038000110537,
            "s_time" : 57.4720003642142,
            "sendEnd" : 0,
            "sendStart" : 0,
            "type" : "application/javascript"
         }
      },
      {
         "when_comp_start" : -1,
         "url" : "http://www.cherryhillmassage.com/js/jquery/jquery-ui-1.9.2.custom.min.js",
         "id" : "r9",
         "comps" : [
            {
               "s_time" : 230.394000187516,
               "time" : 126.528999768198,
               "type" : 1,
               "id" : "comp_15",
               "e_time" : 356.922999955714
            }
         ],
         "download" : {
            "receiveFirst" : 12,
            "len" : 237798,
            "dns" : 0,
            "dnsEnd" : -1,
            "receiveHeadersEnd" : 12,
            "sslEnd" : -1,
            "connectEnd" : 0,
            "connectStart" : 0,
            "id" : "download_8",
            "receivedTime" : "230.154999997467",
            "sslStart" : -1,
            "dnsStart" : -1,
            "receiveLast" : 218.154999997467,
            "s_time" : 57.8370001167059,
            "sendEnd" : 0,
            "sendStart" : 0,
            "type" : "application/javascript"
         }
      },
      {
         "when_comp_start" : -1,
         "url" : "http://www.cherryhillmassage.com/js/jquery/jquery-localization.js",
         "id" : "r10",
         "comps" : [
            {
               "s_time" : 357.127000112087,
               "time" : 1.59499980509202,
               "type" : 1,
               "id" : "comp_18",
               "e_time" : 358.721999917179
            }
         ],
         "download" : {
            "receiveFirst" : 12,
            "len" : 13342,
            "dns" : 0,
            "dnsEnd" : -1,
            "receiveHeadersEnd" : 12,
            "sslEnd" : -1,
            "connectEnd" : 0,
            "connectStart" : 0,
            "id" : "download_9",
            "receivedTime" : "83.3070003427565",
            "sslStart" : -1,
            "dnsStart" : -1,
            "receiveLast" : 71.3070003427565,
            "s_time" : 58.2449999637902,
            "sendEnd" : 0,
            "sendStart" : 0,
            "type" : "application/javascript"
         }
      },
      {
         "when_comp_start" : -1,
         "url" : "http://www.cherryhillmassage.com/js/scripts.js",
         "id" : "r11",
         "comps" : [
            {
               "s_time" : 358.85399999097,
               "time" : 2.99100019037701,
               "type" : 1,
               "id" : "comp_20",
               "e_time" : 361.845000181347
            }
         ],
         "download" : {
            "receiveFirst" : 14,
            "len" : 56564,
            "dns" : 0,
            "dnsEnd" : -1,
            "receiveHeadersEnd" : 14,
            "sslEnd" : -1,
            "connectEnd" : 0,
            "connectStart" : 0,
            "id" : "download_10",
            "receivedTime" : "87.9600001499057",
            "sslStart" : -1,
            "dnsStart" : -1,
            "receiveLast" : 73.9600001499057,
            "s_time" : 58.6500000208616,
            "sendEnd" : 0,
            "sendStart" : 0,
            "type" : "application/javascript"
         }
      },
      {
         "when_comp_start" : -1,
         "url" : "http://www.cherryhillmassage.com/theme/default/images/spacer.gif",
         "id" : "r12",
         "comps" : [],
         "download" : {
            "receiveFirst" : 14,
            "len" : 43,
            "dns" : 0,
            "dnsEnd" : -1,
            "receiveHeadersEnd" : 14,
            "sslEnd" : -1,
            "connectEnd" : 0,
            "connectStart" : 0,
            "id" : "download_11",
            "receivedTime" : "85.4319999925792",
            "sslStart" : -1,
            "dnsStart" : -1,
            "receiveLast" : 71.4319999925792,
            "s_time" : 58.978000190109,
            "sendEnd" : 0,
            "sendStart" : 0,
            "type" : "image/gif"
         }
      },
      {
         "when_comp_start" : -1,
         "url" : "http://www.cherryhillmassage.com/media/logo.jpg",
         "id" : "r13",
         "comps" : [],
         "download" : {
            "receiveFirst" : 4,
            "len" : 15550,
            "dns" : 0,
            "dnsEnd" : -1,
            "receiveHeadersEnd" : 4,
            "sslEnd" : -1,
            "connectEnd" : 0,
            "connectStart" : 0,
            "id" : "download_12",
            "receivedTime" : "228.860999923199",
            "sslStart" : -1,
            "dnsStart" : -1,
            "receiveLast" : 224.860999923199,
            "s_time" : 84.1169999912381,
            "sendEnd" : 0,
            "sendStart" : 0,
            "type" : "image/jpeg"
         }
      },
      {
         "when_comp_start" : -1,
         "url" : "http://www.cherryhillmassage.com/theme/default/images/index_04.gif",
         "id" : "r14",
         "comps" : [],
         "download" : {
            "receiveFirst" : 1,
            "len" : 389,
            "dns" : 0,
            "dnsEnd" : -1,
            "receiveHeadersEnd" : 1,
            "sslEnd" : -1,
            "connectEnd" : 0,
            "connectStart" : 0,
            "id" : "download_13",
            "receivedTime" : "229.984000325203",
            "sslStart" : -1,
            "dnsStart" : -1,
            "receiveLast" : 228.984000325203,
            "s_time" : 90.5289999209344,
            "sendEnd" : 0,
            "sendStart" : 0,
            "type" : "image/gif"
         }
      },
      {
         "when_comp_start" : -1,
         "url" : "http://www.cherryhillmassage.com/data/images/ajax-loader.gif",
         "id" : "r15",
         "comps" : [],
         "download" : {
            "receiveFirst" : 4,
            "len" : 10819,
            "dns" : 0,
            "dnsEnd" : -1,
            "receiveHeadersEnd" : 4,
            "sslEnd" : -1,
            "connectEnd" : 0,
            "connectStart" : 0,
            "id" : "download_14",
            "receivedTime" : "420.669000130147",
            "sslStart" : -1,
            "dnsStart" : -1,
            "receiveLast" : 416.669000130147,
            "s_time" : 93.4999999590218,
            "sendEnd" : 0,
            "sendStart" : 0,
            "type" : "image/gif"
         }
      },
      {
         "when_comp_start" : -1,
         "url" : "http://www.cherryhillmassage.com/evde-masaj.jpg",
         "id" : "r16",
         "comps" : [],
         "download" : {
            "receiveFirst" : 3,
            "len" : 16081,
            "dns" : 0,
            "dnsEnd" : -1,
            "receiveHeadersEnd" : 3,
            "sslEnd" : -1,
            "connectEnd" : 0,
            "connectStart" : 0,
            "id" : "download_15",
            "receivedTime" : "421.058000065386",
            "sslStart" : -1,
            "dnsStart" : -1,
            "receiveLast" : 418.058000065386,
            "s_time" : 94.5860003121197,
            "sendEnd" : 0,
            "sendStart" : 0,
            "type" : "image/jpeg"
         }
      },
      {
         "when_comp_start" : -1,
         "url" : "http://www.cherryhillmassage.com/ankara-masaj.jpg",
         "id" : "r17",
         "comps" : [],
         "download" : {
            "receiveFirst" : 3,
            "len" : 16714,
            "dns" : 0,
            "dnsEnd" : -1,
            "receiveHeadersEnd" : 3,
            "sslEnd" : -1,
            "connectEnd" : 0,
            "connectStart" : 0,
            "id" : "download_16",
            "receivedTime" : "421.471999958158",
            "sslStart" : -1,
            "dnsStart" : -1,
            "receiveLast" : 418.471999958158,
            "s_time" : 94.905000180006,
            "sendEnd" : 0,
            "sendStart" : 0,
            "type" : "image/jpeg"
         }
      },
      {
         "when_comp_start" : -1,
         "url" : "http://www.cherryhillmassage.com/ankara-masoz.jpg",
         "id" : "r18",
         "comps" : [],
         "download" : {
            "receiveFirst" : 3,
            "len" : 13958,
            "dns" : 0,
            "dnsEnd" : -1,
            "receiveHeadersEnd" : 3,
            "sslEnd" : -1,
            "connectEnd" : 0,
            "connectStart" : 0,
            "id" : "download_17",
            "receivedTime" : "421.789000276476",
            "sslStart" : -1,
            "dnsStart" : -1,
            "receiveLast" : 418.789000276476,
            "s_time" : 95.2920001000166,
            "sendEnd" : 0,
            "sendStart" : 0,
            "type" : "image/jpeg"
         }
      },
      {
         "when_comp_start" : -1,
         "url" : "http://www.cherryhillmassage.com/ankara-masaj-salonlari.jpg",
         "id" : "r19",
         "comps" : [],
         "download" : {
            "receiveFirst" : 3,
            "len" : 16714,
            "dns" : 0,
            "dnsEnd" : -1,
            "receiveHeadersEnd" : 3,
            "sslEnd" : -1,
            "connectEnd" : 0,
            "connectStart" : 0,
            "id" : "download_18",
            "receivedTime" : "441.455000080168",
            "sslStart" : -1,
            "dnsStart" : -1,
            "receiveLast" : 438.455000080168,
            "s_time" : 95.5529999919236,
            "sendEnd" : 0,
            "sendStart" : 0,
            "type" : "image/jpeg"
         }
      },
      {
         "when_comp_start" : -1,
         "url" : "http://www.cherryhillmassage.com/media/cls_cat_1_5520.jpg",
         "id" : "r20",
         "comps" : [],
         "download" : {
            "receiveFirst" : 3,
            "len" : 480,
            "dns" : 0,
            "dnsEnd" : -1,
            "receiveHeadersEnd" : 3,
            "sslEnd" : -1,
            "connectEnd" : 0,
            "connectStart" : 0,
            "id" : "download_19",
            "receivedTime" : "441.828000359237",
            "sslStart" : -1,
            "dnsStart" : -1,
            "receiveLast" : 438.828000359237,
            "s_time" : 95.8660002797842,
            "sendEnd" : 0,
            "sendStart" : 0,
            "type" : "image/jpeg"
         }
      },
      {
         "when_comp_start" : -1,
         "url" : "http://www.cherryhillmassage.com/media/cls_cat_2_5520.jpg",
         "id" : "r21",
         "comps" : [],
         "download" : {
            "receiveFirst" : 2,
            "len" : 480,
            "dns" : 0,
            "dnsEnd" : -1,
            "receiveHeadersEnd" : 2,
            "sslEnd" : -1,
            "connectEnd" : 0,
            "connectStart" : 0,
            "id" : "download_20",
            "receivedTime" : "442.09700031206",
            "sslStart" : -1,
            "dnsStart" : -1,
            "receiveLast" : 440.09700031206,
            "s_time" : 96.2970000691712,
            "sendEnd" : 0,
            "sendStart" : 0,
            "type" : "image/jpeg"
         }
      },
      {
         "when_comp_start" : -1,
         "url" : "http://www.cherryhillmassage.com/media/cls_cat_4_5520.jpg",
         "id" : "r22",
         "comps" : [],
         "download" : {
            "receiveFirst" : 2,
            "len" : 480,
            "dns" : 0,
            "dnsEnd" : -1,
            "receiveHeadersEnd" : 2,
            "sslEnd" : -1,
            "connectEnd" : 0,
            "connectStart" : 0,
            "id" : "download_21",
            "receivedTime" : "442.349000368267",
            "sslStart" : -1,
            "dnsStart" : -1,
            "receiveLast" : 440.349000368267,
            "s_time" : 96.6440001502633,
            "sendEnd" : 0,
            "sendStart" : 0,
            "type" : "image/jpeg"
         }
      },
      {
         "when_comp_start" : -1,
         "url" : "http://www.cherryhillmassage.com/media/cls_cat_6_5520.jpg",
         "id" : "r23",
         "comps" : [],
         "download" : {
            "receiveFirst" : 2,
            "len" : 681,
            "dns" : 0,
            "dnsEnd" : -1,
            "receiveHeadersEnd" : 2,
            "sslEnd" : -1,
            "connectEnd" : 0,
            "connectStart" : 0,
            "id" : "download_22",
            "receivedTime" : "442.592000123113",
            "sslStart" : -1,
            "dnsStart" : -1,
            "receiveLast" : 440.592000123113,
            "s_time" : 96.925999969244,
            "sendEnd" : 0,
            "sendStart" : 0,
            "type" : "image/jpeg"
         }
      },
      {
         "when_comp_start" : -1,
         "url" : "http://www.cherryhillmassage.com/media/cls_cat_7_5520.jpg",
         "id" : "r24",
         "comps" : [],
         "download" : {
            "receiveFirst" : 2,
            "len" : 681,
            "dns" : 0,
            "dnsEnd" : -1,
            "receiveHeadersEnd" : 2,
            "sslEnd" : -1,
            "connectEnd" : 0,
            "connectStart" : 0,
            "id" : "download_23",
            "receivedTime" : "442.83700035885",
            "sslStart" : -1,
            "dnsStart" : -1,
            "receiveLast" : 440.83700035885,
            "s_time" : 97.4079999141395,
            "sendEnd" : 0,
            "sendStart" : 0,
            "type" : "image/jpeg"
         }
      },
      {
         "when_comp_start" : -1,
         "url" : "http://www.cherryhillmassage.com/media/cls_cat_8_5520.jpg",
         "id" : "r25",
         "comps" : [],
         "download" : {
            "receiveFirst" : 3,
            "len" : 681,
            "dns" : 0,
            "dnsEnd" : -1,
            "receiveHeadersEnd" : 3,
            "sslEnd" : -1,
            "connectEnd" : 0,
            "connectStart" : 0,
            "id" : "download_24",
            "receivedTime" : "443.320000078529",
            "sslStart" : -1,
            "dnsStart" : -1,
            "receiveLast" : 440.320000078529,
            "s_time" : 117.724000010639,
            "sendEnd" : 0,
            "sendStart" : 0,
            "type" : "image/jpeg"
         }
      },
      {
         "when_comp_start" : -1,
         "url" : "http://www.cherryhillmassage.com/theme/default/images/logoback_withoutsearch.gif",
         "id" : "r26",
         "comps" : [],
         "download" : {
            "receiveFirst" : 1,
            "len" : 1986,
            "dns" : 0,
            "dnsEnd" : -1,
            "receiveHeadersEnd" : 1,
            "sslEnd" : -1,
            "connectEnd" : 0,
            "connectStart" : 0,
            "id" : "download_25",
            "receivedTime" : "525.169000029564",
            "sslStart" : -1,
            "dnsStart" : -1,
            "receiveLast" : 524.169000029564,
            "s_time" : 378.142999950796,
            "sendEnd" : 0,
            "sendStart" : 0,
            "type" : "image/gif"
         }
      },
      {
         "when_comp_start" : -1,
         "url" : "http://www.cherryhillmassage.com/theme/default/images/logoback_withoutsearch_bg.gif",
         "id" : "r27",
         "comps" : [],
         "download" : {
            "receiveFirst" : 3,
            "len" : 181,
            "dns" : 0,
            "dnsEnd" : -1,
            "receiveHeadersEnd" : 3,
            "sslEnd" : -1,
            "connectEnd" : 0,
            "connectStart" : 0,
            "id" : "download_26",
            "receivedTime" : "525.648000184447",
            "sslStart" : -1,
            "dnsStart" : -1,
            "receiveLast" : 522.648000184447,
            "s_time" : 379.04700031504,
            "sendEnd" : 0,
            "sendStart" : 0,
            "type" : "image/gif"
         }
      },
      {
         "when_comp_start" : -1,
         "url" : "http://www.cherryhillmassage.com/theme/default/images/index_05.gif",
         "id" : "r28",
         "comps" : [],
         "download" : {
            "receiveFirst" : 3,
            "len" : 66,
            "dns" : 0,
            "dnsEnd" : -1,
            "receiveHeadersEnd" : 3,
            "sslEnd" : -1,
            "connectEnd" : 0,
            "connectStart" : 0,
            "id" : "download_27",
            "receivedTime" : "525.890999939293",
            "sslStart" : -1,
            "dnsStart" : -1,
            "receiveLast" : 522.890999939293,
            "s_time" : 379.688000306487,
            "sendEnd" : 0,
            "sendStart" : 0,
            "type" : "image/gif"
         }
      },
      {
         "when_comp_start" : -1,
         "url" : "http://www.cherryhillmassage.com/theme/default/images/index_15.gif",
         "id" : "r29",
         "comps" : [],
         "download" : {
            "receiveFirst" : 3,
            "len" : 219,
            "dns" : 0,
            "dnsEnd" : -1,
            "receiveHeadersEnd" : 3,
            "sslEnd" : -1,
            "connectEnd" : 0,
            "connectStart" : 0,
            "id" : "download_28",
            "receivedTime" : "526.624000165612",
            "sslStart" : -1,
            "dnsStart" : -1,
            "receiveLast" : 523.624000165612,
            "s_time" : 380.588000174612,
            "sendEnd" : 0,
            "sendStart" : 0,
            "type" : "image/gif"
         }
      },
      {
         "when_comp_start" : -1,
         "url" : "http://www.cherryhillmassage.com/theme/default/images/index_17.gif",
         "id" : "r30",
         "comps" : [],
         "download" : {
            "receiveFirst" : 3,
            "len" : 220,
            "dns" : 0,
            "dnsEnd" : -1,
            "receiveHeadersEnd" : 3,
            "sslEnd" : -1,
            "connectEnd" : 0,
            "connectStart" : 0,
            "id" : "download_29",
            "receivedTime" : "526.938000228256",
            "sslStart" : -1,
            "dnsStart" : -1,
            "receiveLast" : 523.938000228256,
            "s_time" : 381.022999994457,
            "sendEnd" : 0,
            "sendStart" : 0,
            "type" : "image/gif"
         }
      },
      {
         "when_comp_start" : -1,
         "url" : "http://www.cherryhillmassage.com/theme/default/images/index_19.gif",
         "id" : "r31",
         "comps" : [],
         "download" : {
            "receiveFirst" : 3,
            "len" : 68,
            "dns" : 0,
            "dnsEnd" : -1,
            "receiveHeadersEnd" : 3,
            "sslEnd" : -1,
            "connectEnd" : 0,
            "connectStart" : 0,
            "id" : "download_30",
            "receivedTime" : "527.306000236422",
            "sslStart" : -1,
            "dnsStart" : -1,
            "receiveLast" : 524.306000236422,
            "s_time" : 381.308000069112,
            "sendEnd" : 0,
            "sendStart" : 0,
            "type" : "image/gif"
         }
      },
      {
         "when_comp_start" : -1,
         "url" : "http://www.cherryhillmassage.com/theme/default/images/searchButtonSlice.gif",
         "id" : "r34",
         "comps" : [],
         "download" : {
            "receiveFirst" : 0,
            "len" : 178,
            "dns" : 0,
            "dnsEnd" : -1,
            "receiveHeadersEnd" : 0,
            "sslEnd" : -1,
            "connectEnd" : 0,
            "connectStart" : 0,
            "id" : "download_31",
            "receivedTime" : "527.786999940872",
            "sslStart" : -1,
            "dnsStart" : -1,
            "receiveLast" : 527.786999940872,
            "s_time" : 387.752000242472,
            "sendEnd" : 0,
            "sendStart" : 0,
            "type" : "image/gif"
         }
      },
      {
         "when_comp_start" : -1,
         "url" : "http://www.cherryhillmassage.com/theme/default/images/bullet.gif",
         "id" : "r35",
         "comps" : [],
         "download" : {
            "receiveFirst" : 0,
            "len" : 44,
            "dns" : 0,
            "dnsEnd" : -1,
            "receiveHeadersEnd" : 0,
            "sslEnd" : -1,
            "connectEnd" : 0,
            "connectStart" : 0,
            "id" : "download_32",
            "receivedTime" : "528.166000265628",
            "sslStart" : -1,
            "dnsStart" : -1,
            "receiveLast" : 528.166000265628,
            "s_time" : 389.67900024727,
            "sendEnd" : 0,
            "sendStart" : 0,
            "type" : "image/gif"
         }
      },
      {
         "when_comp_start" : -1,
         "url" : "http://www.cherryhillmassage.com/media/cls_cat_50_5520.jpg",
         "id" : "r36",
         "comps" : [],
         "download" : {
            "receiveFirst" : 4,
            "len" : 480,
            "dns" : 0,
            "dnsEnd" : -1,
            "receiveHeadersEnd" : 4,
            "sslEnd" : -1,
            "connectEnd" : 0,
            "connectStart" : 0,
            "id" : "download_33",
            "receivedTime" : "542.53500001505",
            "sslStart" : -1,
            "dnsStart" : -1,
            "receiveLast" : 538.53500001505,
            "s_time" : 444.556000176817,
            "sendEnd" : 0,
            "sendStart" : 0,
            "type" : "image/jpeg"
         }
      },
      {
         "when_comp_start" : -1,
         "url" : "http://www.cherryhillmassage.com/media/cls_cat_9_5520.jpg",
         "id" : "r37",
         "comps" : [],
         "download" : {
            "receiveFirst" : 4,
            "len" : 465,
            "dns" : 0,
            "dnsEnd" : -1,
            "receiveHeadersEnd" : 4,
            "sslEnd" : -1,
            "connectEnd" : 0,
            "connectStart" : 0,
            "id" : "download_34",
            "receivedTime" : "543.045000173151",
            "sslStart" : -1,
            "dnsStart" : -1,
            "receiveLast" : 539.045000173151,
            "s_time" : 445.153000298887,
            "sendEnd" : 0,
            "sendStart" : 0,
            "type" : "image/jpeg"
         }
      },
      {
         "when_comp_start" : -1,
         "url" : "http://www.cherryhillmassage.com/media/cls_cat_54_5520.jpg",
         "id" : "r38",
         "comps" : [],
         "download" : {
            "receiveFirst" : 4,
            "len" : 4980,
            "dns" : 0,
            "dnsEnd" : -1,
            "receiveHeadersEnd" : 4,
            "sslEnd" : -1,
            "connectEnd" : 0,
            "connectStart" : 0,
            "id" : "download_35",
            "receivedTime" : "543.42700028792",
            "sslStart" : -1,
            "dnsStart" : -1,
            "receiveLast" : 539.42700028792,
            "s_time" : 445.664000231773,
            "sendEnd" : 0,
            "sendStart" : 0,
            "type" : "image/jpeg"
         }
      },
      {
         "when_comp_start" : -1,
         "url" : "http://www.cherryhillmassage.com/media/cls_cat_10_5520.jpg",
         "id" : "r39",
         "comps" : [],
         "download" : {
            "receiveFirst" : 4,
            "len" : 465,
            "dns" : 0,
            "dnsEnd" : -1,
            "receiveHeadersEnd" : 4,
            "sslEnd" : -1,
            "connectEnd" : 0,
            "connectStart" : 0,
            "id" : "download_36",
            "receivedTime" : "546.396000310779",
            "sslStart" : -1,
            "dnsStart" : -1,
            "receiveLast" : 542.396000310779,
            "s_time" : 446.250000037253,
            "sendEnd" : 0,
            "sendStart" : 0,
            "type" : "image/jpeg"
         }
      },
      {
         "when_comp_start" : -1,
         "url" : "http://www.cherryhillmassage.com/media/cls_cat_11_5520.jpg",
         "id" : "r40",
         "comps" : [],
         "download" : {
            "receiveFirst" : 4,
            "len" : 465,
            "dns" : 0,
            "dnsEnd" : -1,
            "receiveHeadersEnd" : 4,
            "sslEnd" : -1,
            "connectEnd" : 0,
            "connectStart" : 0,
            "id" : "download_37",
            "receivedTime" : "546.655000187457",
            "sslStart" : -1,
            "dnsStart" : -1,
            "receiveLast" : 542.655000187457,
            "s_time" : 446.710000280291,
            "sendEnd" : 0,
            "sendStart" : 0,
            "type" : "image/jpeg"
         }
      },
      {
         "when_comp_start" : -1,
         "url" : "http://www.cherryhillmassage.com/media/cls_cat_17_5520.jpg",
         "id" : "r41",
         "comps" : [],
         "download" : {
            "receiveFirst" : 4,
            "len" : 513,
            "dns" : 0,
            "dnsEnd" : -1,
            "receiveHeadersEnd" : 4,
            "sslEnd" : -1,
            "connectEnd" : 0,
            "connectStart" : 0,
            "id" : "download_38",
            "receivedTime" : "546.901999972761",
            "sslStart" : -1,
            "dnsStart" : -1,
            "receiveLast" : 542.901999972761,
            "s_time" : 447.310999967158,
            "sendEnd" : 0,
            "sendStart" : 0,
            "type" : "image/jpeg"
         }
      },
      {
         "when_comp_start" : -1,
         "url" : "http://www.cherryhillmassage.com/media/cls_cat_44_5520.jpg",
         "id" : "r42",
         "comps" : [],
         "download" : {
            "receiveFirst" : 4,
            "len" : 513,
            "dns" : 0,
            "dnsEnd" : -1,
            "receiveHeadersEnd" : 4,
            "sslEnd" : -1,
            "connectEnd" : 0,
            "connectStart" : 0,
            "id" : "download_39",
            "receivedTime" : "547.232000157237",
            "sslStart" : -1,
            "dnsStart" : -1,
            "receiveLast" : 543.232000157237,
            "s_time" : 447.862999979407,
            "sendEnd" : 0,
            "sendStart" : 0,
            "type" : "image/jpeg"
         }
      },
      {
         "when_comp_start" : -1,
         "url" : "http://www.cherryhillmassage.com/media/cls_cat_47_5520.jpg",
         "id" : "r43",
         "comps" : [],
         "download" : {
            "receiveFirst" : 4,
            "len" : 513,
            "dns" : 0,
            "dnsEnd" : -1,
            "receiveHeadersEnd" : 4,
            "sslEnd" : -1,
            "connectEnd" : 0,
            "connectStart" : 0,
            "id" : "download_40",
            "receivedTime" : "547.459000255913",
            "sslStart" : -1,
            "dnsStart" : -1,
            "receiveLast" : 543.459000255913,
            "s_time" : 448.406000155956,
            "sendEnd" : 0,
            "sendStart" : 0,
            "type" : "image/jpeg"
         }
      },
      {
         "when_comp_start" : -1,
         "url" : "http://www.cherryhillmassage.com/umut.jpg",
         "id" : "r44",
         "comps" : [],
         "download" : {
            "receiveFirst" : 3,
            "len" : 23778,
            "dns" : 0,
            "dnsEnd" : -1,
            "receiveHeadersEnd" : 3,
            "sslEnd" : -1,
            "connectEnd" : 0,
            "connectStart" : 0,
            "id" : "download_41",
            "receivedTime" : "547.835000324994",
            "sslStart" : -1,
            "dnsStart" : -1,
            "receiveLast" : 544.835000324994,
            "s_time" : 451.981999911368,
            "sendEnd" : 0,
            "sendStart" : 0,
            "type" : "image/jpeg"
         }
      },
      {
         "when_comp_start" : 1,
         "url" : "http://www.cherryhillmassage.com/theme/default/images/en-CA/browseAds_arrow.gif",
         "id" : "r32",
         "comps" : [],
         "download" : {
            "receiveFirst" : 127,
            "len" : 1148,
            "dns" : 0,
            "dnsEnd" : -1,
            "receiveHeadersEnd" : 130,
            "sslEnd" : -1,
            "connectEnd" : 3,
            "connectStart" : 0,
            "id" : "download_42",
            "receivedTime" : "548.452999908477",
            "sslStart" : -1,
            "dnsStart" : -1,
            "receiveLast" : 418.452999908477,
            "s_time" : 381.621000356972,
            "sendEnd" : 3,
            "sendStart" : 3,
            "type" : "text/html"
         }
      },
      {
         "when_comp_start" : -1,
         "url" : "http://www.cherryhillmassage.com/js/jquery/css/ui-lightness/images/ui-bg_highlight-soft_100_eeeeee_1x100.png",
         "id" : "r45",
         "comps" : [],
         "download" : {
            "receiveFirst" : 1,
            "len" : 90,
            "dns" : 0,
            "dnsEnd" : -1,
            "receiveHeadersEnd" : 1,
            "sslEnd" : -1,
            "connectEnd" : 0,
            "connectStart" : 0,
            "id" : "download_43",
            "receivedTime" : "548.778000287712",
            "sslStart" : -1,
            "dnsStart" : -1,
            "receiveLast" : 547.778000287712,
            "s_time" : 514.423999935389,
            "sendEnd" : 0,
            "sendStart" : 0,
            "type" : "image/png"
         }
      },
      {
         "when_comp_start" : 1,
         "url" : "http://www.cherryhillmassage.com/images/browseAds_arrow.gif",
         "id" : "r33",
         "comps" : [],
         "download" : {
            "receiveFirst" : 133,
            "len" : 1148,
            "dns" : 0,
            "dnsEnd" : -1,
            "receiveHeadersEnd" : 134,
            "sslEnd" : -1,
            "connectEnd" : 1,
            "connectStart" : 0,
            "id" : "download_44",
            "receivedTime" : "549.201000016183",
            "sslStart" : -1,
            "dnsStart" : -1,
            "receiveLast" : 415.201000016183,
            "s_time" : 387.109000235796,
            "sendEnd" : 1,
            "sendStart" : 1,
            "type" : "text/html"
         }
      }
   ],
   "deps" : [
      {
         "a2" : "r1_c2",
         "time" : -1,
         "id" : "dep1",
         "a1" : "comp_12"
      },
      {
         "a2" : "r1_c3",
         "time" : -1,
         "id" : "dep2",
         "a1" : "comp_13"
      },
      {
         "a2" : "r1_c4",
         "time" : -1,
         "id" : "dep3",
         "a1" : "comp_15"
      },
      {
         "a2" : "r1_c5",
         "time" : -1,
         "id" : "dep4",
         "a1" : "comp_18"
      },
      {
         "a2" : "r1_c6",
         "time" : -1,
         "id" : "dep5",
         "a1" : "comp_20"
      },
      {
         "a2" : "comp_12",
         "time" : -1,
         "id" : "dep6",
         "a1" : "comp_10"
      },
      {
         "a2" : "comp_12",
         "time" : -1,
         "id" : "dep7",
         "a1" : "comp_3"
      },
      {
         "a2" : "comp_13",
         "time" : -1,
         "id" : "dep8",
         "a1" : "comp_12"
      },
      {
         "a2" : "comp_13",
         "time" : -1,
         "id" : "dep9",
         "a1" : "comp_9"
      },
      {
         "a2" : "comp_13",
         "time" : -1,
         "id" : "dep10",
         "a1" : "comp_4"
      },
      {
         "a2" : "comp_13",
         "time" : -1,
         "id" : "dep11",
         "a1" : "comp_5"
      },
      {
         "a2" : "comp_15",
         "time" : -1,
         "id" : "dep12",
         "a1" : "comp_13"
      },
      {
         "a2" : "comp_18",
         "time" : -1,
         "id" : "dep13",
         "a1" : "comp_15"
      },
      {
         "a2" : "comp_20",
         "time" : -1,
         "id" : "dep14",
         "a1" : "comp_18"
      },
      {
         "a2" : "download_44",
         "time" : 25.264000054449,
         "id" : "dep15",
         "a1" : "r1_c6"
      },
      {
         "a2" : "download_43",
         "time" : -1,
         "id" : "dep16",
         "a1" : "r1_c6"
      },
      {
         "a2" : "download_42",
         "time" : 19.776000175625,
         "id" : "dep17",
         "a1" : "r1_c6"
      },
      {
         "a2" : "download_41",
         "time" : 90.136999730021,
         "id" : "dep18",
         "a1" : "r1_c6"
      },
      {
         "a2" : "download_40",
         "time" : 86.560999974609,
         "id" : "dep19",
         "a1" : "r1_c6"
      },
      {
         "a2" : "download_39",
         "time" : 86.01799979806,
         "id" : "dep20",
         "a1" : "r1_c6"
      },
      {
         "a2" : "download_38",
         "time" : 85.465999785811,
         "id" : "dep21",
         "a1" : "r1_c6"
      },
      {
         "a2" : "download_37",
         "time" : 84.865000098944,
         "id" : "dep22",
         "a1" : "r1_c6"
      },
      {
         "a2" : "download_36",
         "time" : 84.404999855906,
         "id" : "dep23",
         "a1" : "r1_c6"
      },
      {
         "a2" : "download_35",
         "time" : 83.819000050426,
         "id" : "dep24",
         "a1" : "r1_c6"
      },
      {
         "a2" : "download_34",
         "time" : 83.30800011754,
         "id" : "dep25",
         "a1" : "r1_c6"
      },
      {
         "a2" : "download_33",
         "time" : 82.71099999547,
         "id" : "dep26",
         "a1" : "r1_c6"
      },
      {
         "a2" : "download_32",
         "time" : 27.834000065923,
         "id" : "dep27",
         "a1" : "r1_c6"
      },
      {
         "a2" : "download_31",
         "time" : 25.907000061125,
         "id" : "dep28",
         "a1" : "r1_c6"
      },
      {
         "a2" : "download_30",
         "time" : 19.462999887765,
         "id" : "dep29",
         "a1" : "r1_c6"
      },
      {
         "a2" : "download_29",
         "time" : 19.17799981311,
         "id" : "dep30",
         "a1" : "r1_c6"
      },
      {
         "a2" : "download_28",
         "time" : 18.742999993265,
         "id" : "dep31",
         "a1" : "r1_c6"
      },
      {
         "a2" : "download_27",
         "time" : 17.84300012514,
         "id" : "dep32",
         "a1" : "r1_c6"
      },
      {
         "a2" : "download_26",
         "time" : 17.202000133693,
         "id" : "dep33",
         "a1" : "r1_c6"
      },
      {
         "a2" : "download_25",
         "time" : 16.297999769449,
         "id" : "dep34",
         "a1" : "r1_c6"
      },
      {
         "a2" : "download_24",
         "time" : -1,
         "id" : "dep35",
         "a1" : "r1_c1"
      },
      {
         "a2" : "download_23",
         "time" : 43.5459995642304,
         "id" : "dep36",
         "a1" : "r1_c1"
      },
      {
         "a2" : "download_22",
         "time" : 43.0639996193349,
         "id" : "dep37",
         "a1" : "r1_c1"
      },
      {
         "a2" : "download_21",
         "time" : 42.7819998003542,
         "id" : "dep38",
         "a1" : "r1_c1"
      },
      {
         "a2" : "download_20",
         "time" : 42.4349997192621,
         "id" : "dep39",
         "a1" : "r1_c1"
      },
      {
         "a2" : "download_19",
         "time" : 42.0039999298751,
         "id" : "dep40",
         "a1" : "r1_c1"
      },
      {
         "a2" : "download_18",
         "time" : 41.6909996420145,
         "id" : "dep41",
         "a1" : "r1_c1"
      },
      {
         "a2" : "download_17",
         "time" : 41.4299997501075,
         "id" : "dep42",
         "a1" : "r1_c1"
      },
      {
         "a2" : "download_16",
         "time" : 41.0429998300969,
         "id" : "dep43",
         "a1" : "r1_c1"
      },
      {
         "a2" : "download_15",
         "time" : 40.7239999622106,
         "id" : "dep44",
         "a1" : "r1_c1"
      },
      {
         "a2" : "download_14",
         "time" : 39.6379996091127,
         "id" : "dep45",
         "a1" : "r1_c1"
      },
      {
         "a2" : "download_13",
         "time" : 36.6669995710253,
         "id" : "dep46",
         "a1" : "r1_c1"
      },
      {
         "a2" : "download_12",
         "time" : 30.254999641329,
         "id" : "dep47",
         "a1" : "r1_c1"
      },
      {
         "a2" : "download_11",
         "time" : 5.1159998401999,
         "id" : "dep48",
         "a1" : "r1_c1"
      },
      {
         "a2" : "download_10",
         "time" : 4.78799967095249,
         "id" : "dep49",
         "a1" : "r1_c1"
      },
      {
         "a2" : "download_9",
         "time" : 4.3829996138811,
         "id" : "dep50",
         "a1" : "r1_c1"
      },
      {
         "a2" : "download_8",
         "time" : 3.9749997667968,
         "id" : "dep51",
         "a1" : "r1_c1"
      },
      {
         "a2" : "download_7",
         "time" : 3.6100000143051,
         "id" : "dep52",
         "a1" : "r1_c1"
      },
      {
         "a2" : "download_7",
         "time" : 3.6100000143051,
         "id" : "dep53",
         "a1" : "r1_c1"
      },
      {
         "a2" : "download_6",
         "time" : 3.2799998298287,
         "id" : "dep54",
         "a1" : "r1_c1"
      },
      {
         "a2" : "download_6",
         "time" : 3.2799998298287,
         "id" : "dep55",
         "a1" : "r1_c1"
      },
      {
         "a2" : "download_5",
         "time" : 2.95399967581029,
         "id" : "dep56",
         "a1" : "r1_c1"
      },
      {
         "a2" : "download_5",
         "time" : 2.95399967581029,
         "id" : "dep57",
         "a1" : "r1_c1"
      },
      {
         "a2" : "download_4",
         "time" : 2.6079998351633,
         "id" : "dep58",
         "a1" : "r1_c1"
      },
      {
         "a2" : "download_4",
         "time" : 2.6079998351633,
         "id" : "dep59",
         "a1" : "r1_c1"
      },
      {
         "a2" : "download_3",
         "time" : 2.2159996442496,
         "id" : "dep60",
         "a1" : "r1_c1"
      },
      {
         "a2" : "download_2",
         "time" : 1.7889998853206,
         "id" : "dep61",
         "a1" : "r1_c1"
      },
      {
         "a2" : "download_1",
         "time" : 1.7859996296465,
         "id" : "dep62",
         "a1" : "r1_c1"
      }
   ]
}
