{
   "n_download_no_trigger" : 1,
   "start_activity" : "download_0",
   "name" : "modified.testbed.localhost_www.pinterest.com_",
   "load_activity" : -1,
   "objs" : [
      {
         "when_comp_start" : 1,
         "url" : "http://modified.testbed.localhost/www.pinterest.com/",
         "id" : "r1",
         "comps" : [
            {
               "s_time" : 69.3370001390576,
               "time" : 2216.9669996947,
               "type" : "evalhtml",
               "id" : "r1_c1",
               "e_time" : 2286.30399983376
            }
         ],
         "download" : {
            "receiveFirst" : 4,
            "len" : 221827,
            "dns" : 0,
            "dnsEnd" : -1,
            "receiveHeadersEnd" : 6,
            "sslEnd" : -1,
            "connectEnd" : 1,
            "connectStart" : 0,
            "id" : "download_0",
            "receivedTime" : "64.2519998364151",
            "sslStart" : -1,
            "dnsStart" : -1,
            "receiveLast" : 58.2519998364151,
            "s_time" : 0,
            "sendEnd" : 2,
            "sendStart" : 1,
            "type" : "text/html"
         }
      },
      {
         "when_comp_start" : -1,
         "url" : "http://modified.testbed.localhost/s-passets-cache-ak0.pinimg.com/webapp/style/sprites/webapp-common-above_the_fold-1x-2dd7a441.png",
         "id" : "r3",
         "comps" : [],
         "download" : {
            "receiveFirst" : 21,
            "len" : 15079,
            "dns" : 0,
            "dnsEnd" : -1,
            "receiveHeadersEnd" : 23,
            "sslEnd" : -1,
            "connectEnd" : 2,
            "connectStart" : 0,
            "id" : "download_1",
            "receivedTime" : "102.498000022024",
            "sslStart" : -1,
            "dnsStart" : -1,
            "receiveLast" : 79.4980000220239,
            "s_time" : 71.3499998673797,
            "sendEnd" : 2,
            "sendStart" : 2,
            "type" : "image/png"
         }
      },
      {
         "when_comp_start" : -1,
         "url" : "http://modified.testbed.localhost/s-passets-cache-ak0.pinimg.com/webapp/js/external-core-1-d3df1c44.js",
         "id" : "r4",
         "comps" : [],
         "download" : {
            "receiveFirst" : 11,
            "len" : 125431,
            "dns" : 0,
            "dnsEnd" : -1,
            "receiveHeadersEnd" : 25,
            "sslEnd" : -1,
            "connectEnd" : 14,
            "connectStart" : 0,
            "id" : "download_2",
            "receivedTime" : "165.456000249833",
            "sslStart" : -1,
            "dnsStart" : -1,
            "receiveLast" : 140.456000249833,
            "s_time" : 78.4399998374283,
            "sendEnd" : 14,
            "sendStart" : 14,
            "type" : "application/javascript"
         }
      },
      {
         "when_comp_start" : -1,
         "url" : "http://modified.testbed.localhost/s-passets-cache-ak0.pinimg.com/webapp/js/external-core-2-220a16aa.js",
         "id" : "r5",
         "comps" : [],
         "download" : {
            "receiveFirst" : 11,
            "len" : 172861,
            "dns" : 0,
            "dnsEnd" : -1,
            "receiveHeadersEnd" : 25,
            "sslEnd" : -1,
            "connectEnd" : 13,
            "connectStart" : 0,
            "id" : "download_3",
            "receivedTime" : "374.23299998045",
            "sslStart" : -1,
            "dnsStart" : -1,
            "receiveLast" : 349.23299998045,
            "s_time" : 79.1159998625517,
            "sendEnd" : 14,
            "sendStart" : 13,
            "type" : "application/javascript"
         }
      },
      {
         "when_comp_start" : -1,
         "url" : "http://modified.testbed.localhost/s-passets-cache-ak0.pinimg.com/webapp/js/entryChunk-core-e85c25dc.js",
         "id" : "r6",
         "comps" : [],
         "download" : {
            "receiveFirst" : 10,
            "len" : 800457,
            "dns" : 0,
            "dnsEnd" : -1,
            "receiveHeadersEnd" : 24,
            "sslEnd" : -1,
            "connectEnd" : 13,
            "connectStart" : 0,
            "id" : "download_4",
            "receivedTime" : "767.742999829352",
            "sslStart" : -1,
            "dnsStart" : -1,
            "receiveLast" : 743.742999829352,
            "s_time" : 79.6699998900294,
            "sendEnd" : 14,
            "sendStart" : 13,
            "type" : "application/javascript"
         }
      },
      {
         "when_comp_start" : -1,
         "url" : "http://modified.testbed.localhost/s-passets-cache-ak0.pinimg.com/webapp/js/vendor-react-f3dc041c.js",
         "id" : "r7",
         "comps" : [],
         "download" : {
            "receiveFirst" : 9,
            "len" : 179811,
            "dns" : 0,
            "dnsEnd" : -1,
            "receiveHeadersEnd" : 27,
            "sslEnd" : -1,
            "connectEnd" : 17,
            "connectStart" : 0,
            "id" : "download_5",
            "receivedTime" : "504.614000208676",
            "sslStart" : -1,
            "dnsStart" : -1,
            "receiveLast" : 477.614000208676,
            "s_time" : 80.2370002493262,
            "sendEnd" : 18,
            "sendStart" : 17,
            "type" : "application/javascript"
         }
      },
      {
         "when_comp_start" : -1,
         "url" : "http://modified.testbed.localhost/s-passets-cache-ak0.pinimg.com/webapp/style/app/common/scss/bundle-desktop-main-27bb0342.css",
         "id" : "r9",
         "comps" : [
            {
               "s_time" : 157.29200001806,
               "time" : 6.79299980401998,
               "type" : 4,
               "id" : "comp_10",
               "e_time" : 164.08499982208
            }
         ],
         "download" : {
            "receiveFirst" : 16,
            "len" : 35748,
            "dns" : 1,
            "dnsEnd" : 10,
            "receiveHeadersEnd" : 35,
            "sslEnd" : -1,
            "connectEnd" : 19,
            "connectStart" : 0,
            "id" : "download_6",
            "receivedTime" : "156.963999848813",
            "sslStart" : -1,
            "dnsStart" : 9,
            "receiveLast" : 121.963999848813,
            "s_time" : 81.5250002779067,
            "sendEnd" : 19,
            "sendStart" : 19,
            "type" : "text/css"
         }
      },
      {
         "when_comp_start" : -1,
         "url" : "http://modified.testbed.localhost/s-passets-cache-ak0.pinimg.com/webapp/style/app/common/scss/bundle-desktop-modules0-bbf17cd8.css",
         "id" : "r10",
         "comps" : [
            {
               "s_time" : 661.278999876231,
               "time" : 106.207000091672,
               "type" : null,
               "id" : "comp_33",
               "e_time" : 767.485999967903
            }
         ],
         "download" : {
            "receiveFirst" : 17,
            "len" : 366175,
            "dns" : 0,
            "dnsEnd" : -1,
            "receiveHeadersEnd" : 37,
            "sslEnd" : -1,
            "connectEnd" : 19,
            "connectStart" : 0,
            "id" : "download_7",
            "receivedTime" : "660.947999916971",
            "sslStart" : -1,
            "dnsStart" : -1,
            "receiveLast" : 623.947999916971,
            "s_time" : 82.1560001932085,
            "sendEnd" : 20,
            "sendStart" : 19,
            "type" : "text/css"
         }
      },
      {
         "when_comp_start" : -1,
         "url" : "http://modified.testbed.localhost/s-passets-cache-ak0.pinimg.com/webapp/style/app/common/scss/bundle-desktop-modules1-25f42da1.css",
         "id" : "r11",
         "comps" : [
            {
               "s_time" : 553.532000165433,
               "time" : 55.1129998639219,
               "type" : null,
               "id" : "comp_25",
               "e_time" : 608.645000029355
            }
         ],
         "download" : {
            "receiveFirst" : 16,
            "len" : 310453,
            "dns" : 0,
            "dnsEnd" : -1,
            "receiveHeadersEnd" : 88,
            "sslEnd" : -1,
            "connectEnd" : 72,
            "connectStart" : 0,
            "id" : "download_8",
            "receivedTime" : "553.27899986878",
            "sslStart" : -1,
            "dnsStart" : -1,
            "receiveLast" : 465.27899986878,
            "s_time" : 82.7239998616278,
            "sendEnd" : 72,
            "sendStart" : 72,
            "type" : "text/css"
         }
      },
      {
         "when_comp_start" : -1,
         "url" : "http://modified.testbed.localhost/s-passets-cache-ak0.pinimg.com/webapp/style/app/common/scss/bundle-desktop-modules2-3d394c35.css",
         "id" : "r12",
         "comps" : [
            {
               "s_time" : 609.542999882251,
               "time" : 46.511000022292,
               "type" : null,
               "id" : "comp_26",
               "e_time" : 656.053999904543
            }
         ],
         "download" : {
            "receiveFirst" : 15,
            "len" : 284907,
            "dns" : 0,
            "dnsEnd" : -1,
            "receiveHeadersEnd" : 90,
            "sslEnd" : -1,
            "connectEnd" : 75,
            "connectStart" : 0,
            "id" : "download_9",
            "receivedTime" : "609.265999868512",
            "sslStart" : -1,
            "dnsStart" : -1,
            "receiveLast" : 519.265999868512,
            "s_time" : 83.3089998923242,
            "sendEnd" : 75,
            "sendStart" : 75,
            "type" : "text/css"
         }
      },
      {
         "when_comp_start" : -1,
         "url" : "http://modified.testbed.localhost/s-passets-cache-ak0.pinimg.com/webapp/style/app/common/scss/bundle-desktop-modules3-2b7c07b0.css",
         "id" : "r13",
         "comps" : [
            {
               "s_time" : 514.938999898732,
               "time" : 35.2230002172289,
               "type" : null,
               "id" : "comp_24",
               "e_time" : 550.162000115961
            }
         ],
         "download" : {
            "receiveFirst" : 18,
            "len" : 199821,
            "dns" : 0,
            "dnsEnd" : -1,
            "receiveHeadersEnd" : 94,
            "sslEnd" : -1,
            "connectEnd" : 76,
            "connectStart" : 0,
            "id" : "download_10",
            "receivedTime" : "514.748999848962",
            "sslStart" : -1,
            "dnsStart" : -1,
            "receiveLast" : 420.748999848962,
            "s_time" : 83.8480000384152,
            "sendEnd" : 76,
            "sendStart" : 76,
            "type" : "text/css"
         }
      },
      {
         "when_comp_start" : -1,
         "url" : "http://modified.testbed.localhost/s-passets-cache-ak0.pinimg.com/webapp/js/entryChunk-react-common-0f1f82ef.js",
         "id" : "r8",
         "comps" : [],
         "download" : {
            "receiveFirst" : 25,
            "len" : 1289450,
            "dns" : 0,
            "dnsEnd" : -1,
            "receiveHeadersEnd" : 115,
            "sslEnd" : -1,
            "connectEnd" : 90,
            "connectStart" : 0,
            "id" : "download_11",
            "receivedTime" : "1482.14199999347",
            "sslStart" : -1,
            "dnsStart" : -1,
            "receiveLast" : 1367.14199999347,
            "s_time" : 80.8510002680123,
            "sendEnd" : 90,
            "sendStart" : 90,
            "type" : "application/javascript"
         }
      },
      {
         "when_comp_start" : -1,
         "url" : "http://modified.testbed.localhost/s-passets-cache-ak0.pinimg.com/webapp/style/app/common/images/inspired-desktop/bg_parents_grid-a68da944.jpg",
         "id" : "r14",
         "comps" : [],
         "download" : {
            "receiveFirst" : 21,
            "len" : 64896,
            "dns" : 0,
            "dnsEnd" : -1,
            "receiveHeadersEnd" : 201,
            "sslEnd" : -1,
            "connectEnd" : 179,
            "connectStart" : 0,
            "id" : "download_12",
            "receivedTime" : "552.924000192434",
            "sslStart" : -1,
            "dnsStart" : -1,
            "receiveLast" : 351.924000192434,
            "s_time" : 85.5660000815988,
            "sendEnd" : 180,
            "sendStart" : 179,
            "type" : "image/jpeg"
         }
      },
      {
         "when_comp_start" : -1,
         "url" : "http://modified.testbed.localhost/s-passets-cache-ak0.pinimg.com/webapp/style/app/common/images/inspired-desktop/bg_parents-c9975ad6.jpg",
         "id" : "r15",
         "comps" : [],
         "download" : {
            "receiveFirst" : 16,
            "len" : 101525,
            "dns" : 0,
            "dnsEnd" : -1,
            "receiveHeadersEnd" : 223,
            "sslEnd" : -1,
            "connectEnd" : 207,
            "connectStart" : 0,
            "id" : "download_13",
            "receivedTime" : "657.548000104725",
            "sslStart" : -1,
            "dnsStart" : -1,
            "receiveLast" : 434.548000104725,
            "s_time" : 86.2170001491904,
            "sendEnd" : 207,
            "sendStart" : 207,
            "type" : "image/jpeg"
         }
      },
      {
         "when_comp_start" : -1,
         "url" : "http://modified.testbed.localhost/s-passets-cache-ak0.pinimg.com/webapp/style/sprites/webapp-common-above_the_fold-1x-2dd7a441.png",
         "id" : "r16",
         "comps" : [],
         "download" : {
            "receiveFirst" : 3,
            "len" : 15079,
            "dns" : 0,
            "dnsEnd" : -1,
            "receiveHeadersEnd" : 7,
            "sslEnd" : -1,
            "connectEnd" : 3,
            "connectStart" : 0,
            "id" : "download_14",
            "receivedTime" : "1477.93200006709",
            "sslStart" : -1,
            "dnsStart" : -1,
            "receiveLast" : 1470.93200006709,
            "s_time" : 747.212999965996,
            "sendEnd" : 4,
            "sendStart" : 3,
            "type" : "image/png"
         }
      },
      {
         "when_comp_start" : -1,
         "url" : "http://modified.testbed.localhost/s-passets-cache-ak0.pinimg.com/webapp/style/sprites/webapp-common-desktop-1x-c5832c71.png",
         "id" : "r17",
         "comps" : [],
         "download" : {
            "receiveFirst" : 5,
            "len" : 49897,
            "dns" : 0,
            "dnsEnd" : -1,
            "receiveHeadersEnd" : 7,
            "sslEnd" : -1,
            "connectEnd" : 2,
            "connectStart" : 0,
            "id" : "download_15",
            "receivedTime" : "1479.72099995241",
            "sslStart" : -1,
            "dnsStart" : -1,
            "receiveLast" : 1472.72099995241,
            "s_time" : 748.604999855161,
            "sendEnd" : 2,
            "sendStart" : 2,
            "type" : "image/png"
         }
      },
      {
         "when_comp_start" : -1,
         "url" : "http://modified.testbed.localhost/s-passets-cache-ak0.pinimg.com/webapp/style/sprites/webapp-common-main-1x-391fb06e.png",
         "id" : "r18",
         "comps" : [],
         "download" : {
            "receiveFirst" : 4,
            "len" : 17620,
            "dns" : 0,
            "dnsEnd" : -1,
            "receiveHeadersEnd" : 5,
            "sslEnd" : -1,
            "connectEnd" : 1,
            "connectStart" : 0,
            "id" : "download_16",
            "receivedTime" : "1480.90399987996",
            "sslStart" : -1,
            "dnsStart" : -1,
            "receiveLast" : 1475.90399987996,
            "s_time" : 763.921999838203,
            "sendEnd" : 1,
            "sendStart" : 1,
            "type" : "image/png"
         }
      },
      {
         "when_comp_start" : -1,
         "url" : "https://s-passets-cache-ak0.pinimg.com/webapp/js/chunk29-6d0b3b6e3d16e358ca54.js",
         "id" : "r19",
         "comps" : [
            {
               "s_time" : 2022.57200004533,
               "time" : 77.9880001209701,
               "type" : null,
               "id" : "comp_47",
               "e_time" : 2100.5600001663
            }
         ],
         "download" : {
            "receiveFirst" : 1,
            "len" : 41610,
            "dns" : 0,
            "dnsEnd" : -1,
            "receiveHeadersEnd" : 1,
            "sslEnd" : -1,
            "connectEnd" : 0,
            "connectStart" : 0,
            "id" : "download_17",
            "receivedTime" : "2022.11900008842",
            "sslStart" : -1,
            "dnsStart" : -1,
            "receiveLast" : 2021.11900008842,
            "s_time" : 1585.78399987891,
            "sendEnd" : 0,
            "sendStart" : 0,
            "type" : "application/javascript"
         }
      },
      {
         "when_comp_start" : -1,
         "url" : "https://s-passets-cache-ak0.pinimg.com/webapp/js/chunk62-ed7d509ff389ba49cde0.js",
         "id" : "r20",
         "comps" : [
            {
               "s_time" : 2356.96800006554,
               "time" : 349.44200003519,
               "type" : 2,
               "id" : "comp_76",
               "e_time" : 2706.41000010073
            }
         ],
         "download" : {
            "receiveFirst" : 0,
            "len" : 3248145,
            "dns" : 0,
            "dnsEnd" : -1,
            "receiveHeadersEnd" : 0,
            "sslEnd" : -1,
            "connectEnd" : 0,
            "connectStart" : 0,
            "id" : "download_18",
            "receivedTime" : "2355.88099993765",
            "sslStart" : -1,
            "dnsStart" : -1,
            "receiveLast" : 2355.88099993765,
            "s_time" : 2001.22900027782,
            "sendEnd" : 0,
            "sendStart" : 0,
            "type" : "application/javascript"
         }
      },
      {
         "when_comp_start" : -1,
         "url" : "https://s-passets-cache-ak0.pinimg.com/webapp/style/app/common/images/inspired-desktop/bg_parents_grid-a68da944.jpg",
         "id" : "r21",
         "comps" : [],
         "download" : {
            "receiveFirst" : 7,
            "len" : 64896,
            "dns" : 0,
            "dnsEnd" : 2,
            "receiveHeadersEnd" : 28,
            "sslEnd" : 19,
            "connectEnd" : 19,
            "connectStart" : 0,
            "id" : "download_19",
            "receivedTime" : "2124.00999991223",
            "sslStart" : 8,
            "dnsStart" : 2,
            "receiveLast" : 2096.00999991223,
            "s_time" : 2068.70499998331,
            "sendEnd" : 21,
            "sendStart" : 19,
            "type" : "image/jpeg"
         }
      },
      {
         "when_comp_start" : -1,
         "url" : "https://s-passets-cache-ak0.pinimg.com/webapp/style/app/common/images/inspired-desktop/bg_parents-c9975ad6.jpg",
         "id" : "r22",
         "comps" : [],
         "download" : {
            "receiveFirst" : 8,
            "len" : 101525,
            "dns" : 0,
            "dnsEnd" : 2,
            "receiveHeadersEnd" : 29,
            "sslEnd" : 21,
            "connectEnd" : 21,
            "connectStart" : 0,
            "id" : "download_20",
            "receivedTime" : "2124.8650001362",
            "sslStart" : 8,
            "dnsStart" : 2,
            "receiveLast" : 2095.8650001362,
            "s_time" : 2069.12600016221,
            "sendEnd" : 21,
            "sendStart" : 21,
            "type" : "image/jpeg"
         }
      },
      {
         "when_comp_start" : -1,
         "url" : "https://s-passets-cache-ak0.pinimg.com/webapp/js/chunk20-4027e38c7c40cbd27527.js",
         "id" : "r23",
         "comps" : [
            {
               "s_time" : 2126.86400022358,
               "time" : 0.846999697379943,
               "type" : null,
               "id" : "comp_52",
               "e_time" : 2127.71099992096
            }
         ],
         "download" : {
            "receiveFirst" : 0,
            "len" : 409,
            "dns" : 0,
            "dnsEnd" : -1,
            "receiveHeadersEnd" : 0,
            "sslEnd" : -1,
            "connectEnd" : 0,
            "connectStart" : 0,
            "id" : "download_21",
            "receivedTime" : "2124.74999995902",
            "sslStart" : -1,
            "dnsStart" : -1,
            "receiveLast" : 2124.74999995902,
            "s_time" : 2099.46900000796,
            "sendEnd" : 0,
            "sendStart" : 0,
            "type" : "application/javascript"
         }
      },
      {
         "when_comp_start" : -1,
         "url" : "http://connect.facebook.net/en_US/sdk.js",
         "id" : "r24",
         "comps" : [
            {
               "s_time" : 2160.44799983501,
               "time" : 65.44500030578,
               "type" : null,
               "id" : "comp_55",
               "e_time" : 2225.89300014079
            }
         ],
         "download" : {
            "receiveFirst" : 0,
            "len" : 186137,
            "dns" : 0,
            "dnsEnd" : -1,
            "receiveHeadersEnd" : 0,
            "sslEnd" : -1,
            "connectEnd" : 0,
            "connectStart" : 0,
            "id" : "download_22",
            "receivedTime" : "2158.26500020921",
            "sslStart" : -1,
            "dnsStart" : -1,
            "receiveLast" : 2158.26500020921,
            "s_time" : 2125.85500022396,
            "sendEnd" : 0,
            "sendStart" : 0,
            "type" : "application/x-javascript"
         }
      },
      {
         "when_comp_start" : 1,
         "url" : "http://staticxx.facebook.com/connect/xd_arbiter.php?version=42#channel=f19f4721d8&origin=http%3A%2F%2Fmodified.testbed.localhost",
         "id" : "r27",
         "comps" : [
            {
               "s_time" : 2356.34800000116,
               "time" : 365.95899984241,
               "type" : "evalhtml",
               "id" : "r27_c1",
               "e_time" : 2722.30699984357
            }
         ],
         "download" : {
            "receiveFirst" : 0,
            "len" : 34898,
            "dns" : 0,
            "dnsEnd" : -1,
            "receiveHeadersEnd" : 0,
            "sslEnd" : -1,
            "connectEnd" : 0,
            "connectStart" : 0,
            "id" : "download_23",
            "receivedTime" : "2319.33500012383",
            "sslStart" : -1,
            "dnsStart" : -1,
            "receiveLast" : 2319.33500012383,
            "s_time" : 2285.99900007248,
            "sendEnd" : 0,
            "sendStart" : 0,
            "type" : "text/html"
         }
      },
      {
         "when_comp_start" : 1,
         "url" : "https://staticxx.facebook.com/connect/xd_arbiter.php?version=42#channel=f19f4721d8&origin=http%3A%2F%2Fmodified.testbed.localhost",
         "id" : "r28",
         "comps" : [
            {
               "s_time" : 2706.52300026268,
               "time" : 40.12199956923,
               "type" : "evalhtml",
               "id" : "r28_c1",
               "e_time" : 2746.64499983191
            }
         ],
         "download" : {
            "receiveFirst" : 0,
            "len" : 34898,
            "dns" : 0,
            "dnsEnd" : -1,
            "receiveHeadersEnd" : 0,
            "sslEnd" : -1,
            "connectEnd" : 0,
            "connectStart" : 0,
            "id" : "download_24",
            "receivedTime" : "2319.59500024095",
            "sslStart" : -1,
            "dnsStart" : -1,
            "receiveLast" : 2319.59500024095,
            "s_time" : 2286.30399983376,
            "sendEnd" : 0,
            "sendStart" : 0,
            "type" : "text/html"
         }
      },
      {
         "when_comp_start" : 1,
         "url" : "http://modified.testbed.localhost/_/_/report/browser_extension/?report_context=%7B%22app_version%22%3A%22f5fe0b0%22%2C%22current_url%22%3A%22http%3A%2F%2Fmodified.testbed.localhost%2Fwww.pinterest.com%2F%22%2C%22app_invalid%22%3Afalse%2C%22page_load_request_identifier%22%3A%22784603738039%22%7D&repo",
         "id" : "r26",
         "comps" : [],
         "download" : {
            "receiveFirst" : 3,
            "len" : 319,
            "dns" : 0,
            "dnsEnd" : -1,
            "receiveHeadersEnd" : 4,
            "sslEnd" : -1,
            "connectEnd" : 1,
            "connectStart" : 0,
            "id" : "download_25",
            "receivedTime" : "2320.18500007689",
            "sslStart" : -1,
            "dnsStart" : -1,
            "receiveLast" : 2316.18500007689,
            "s_time" : 2283.96400017664,
            "sendEnd" : 1,
            "sendStart" : 1,
            "type" : "text/html"
         }
      },
      {
         "when_comp_start" : -1,
         "url" : "https://www.facebook.com/impression.php/f2c9971a48/?api_key=274266067164&lid=115&payload=%7B%22source%22%3A%22jssdk%22%7D",
         "id" : "r25",
         "comps" : [],
         "download" : {
            "receiveFirst" : 51,
            "len" : 43,
            "dns" : 0,
            "dnsEnd" : 1,
            "receiveHeadersEnd" : 83,
            "sslEnd" : 31,
            "connectEnd" : 31,
            "connectStart" : 0,
            "id" : "download_26",
            "receivedTime" : "2356.78699985147",
            "sslStart" : 14,
            "dnsStart" : 1,
            "receiveLast" : 2273.78699985147,
            "s_time" : 2229.40800013021,
            "sendEnd" : 32,
            "sendStart" : 31,
            "type" : "image/gif"
         }
      }
   ],
   "deps" : [
      {
         "a2" : "download_26",
         "time" : -1,
         "id" : "dep1",
         "a1" : "r1_c1"
      },
      {
         "a2" : "download_25",
         "time" : -1,
         "id" : "dep2",
         "a1" : "r1_c1"
      },
      {
         "a2" : "download_24",
         "time" : -1,
         "id" : "dep3",
         "a1" : "r1_c1"
      },
      {
         "a2" : "download_23",
         "time" : 2216.66199993342,
         "id" : "dep4",
         "a1" : "r1_c1"
      },
      {
         "a2" : "download_22",
         "time" : 2056.5180000849,
         "id" : "dep5",
         "a1" : "r1_c1"
      },
      {
         "a2" : "download_21",
         "time" : 76.8969999626299,
         "id" : "dep6",
         "a1" : "comp_47"
      },
      {
         "a2" : "download_20",
         "time" : 46.5540001168799,
         "id" : "dep7",
         "a1" : "comp_47"
      },
      {
         "a2" : "download_19",
         "time" : 46.1329999379798,
         "id" : "dep8",
         "a1" : "comp_47"
      },
      {
         "a2" : "download_18",
         "time" : 1931.89200013876,
         "id" : "dep9",
         "a1" : "r1_c1"
      },
      {
         "a2" : "download_17",
         "time" : 1516.44699973985,
         "id" : "dep10",
         "a1" : "r1_c1"
      },
      {
         "a2" : "download_16",
         "time" : 102.642999961972,
         "id" : "dep11",
         "a1" : "comp_33"
      },
      {
         "a2" : "download_15",
         "time" : 87.3259999789301,
         "id" : "dep12",
         "a1" : "comp_33"
      },
      {
         "a2" : "download_14",
         "time" : 85.934000089765,
         "id" : "dep13",
         "a1" : "comp_33"
      },
      {
         "a2" : "download_13",
         "time" : 16.8800000101328,
         "id" : "dep14",
         "a1" : "r1_c1"
      },
      {
         "a2" : "download_12",
         "time" : 16.2289999425412,
         "id" : "dep15",
         "a1" : "r1_c1"
      },
      {
         "a2" : "download_11",
         "time" : 11.5140001289547,
         "id" : "dep16",
         "a1" : "r1_c1"
      },
      {
         "a2" : "download_10",
         "time" : 14.5109998993576,
         "id" : "dep17",
         "a1" : "r1_c1"
      },
      {
         "a2" : "download_9",
         "time" : 13.9719997532666,
         "id" : "dep18",
         "a1" : "r1_c1"
      },
      {
         "a2" : "download_8",
         "time" : 13.3869997225702,
         "id" : "dep19",
         "a1" : "r1_c1"
      },
      {
         "a2" : "download_7",
         "time" : 12.8190000541509,
         "id" : "dep20",
         "a1" : "r1_c1"
      },
      {
         "a2" : "download_6",
         "time" : 12.1880001388491,
         "id" : "dep21",
         "a1" : "r1_c1"
      },
      {
         "a2" : "download_5",
         "time" : 10.9000001102686,
         "id" : "dep22",
         "a1" : "r1_c1"
      },
      {
         "a2" : "download_4",
         "time" : 10.3329997509718,
         "id" : "dep23",
         "a1" : "r1_c1"
      },
      {
         "a2" : "download_3",
         "time" : 9.77899972349411,
         "id" : "dep24",
         "a1" : "r1_c1"
      },
      {
         "a2" : "download_2",
         "time" : 9.10299969837071,
         "id" : "dep25",
         "a1" : "r1_c1"
      },
      {
         "a2" : "download_1",
         "time" : 2.0129997283221,
         "id" : "dep26",
         "a1" : "r1_c1"
      }
   ]
}
