{
   "n_download_no_trigger" : 1,
   "start_activity" : "download_0",
   "name" : "modified.testbed.localhost_www.google.com.br_",
   "load_activity" : -1,
   "objs" : [
      {
         "when_comp_start" : 1,
         "url" : "http://modified.testbed.localhost/www.google.com.br/",
         "id" : "r1",
         "comps" : [
            {
               "s_time" : 54.2889996431768,
               "time" : 38.413000293076,
               "type" : "evalhtml",
               "id" : "r1_c1",
               "e_time" : 92.7019999362528
            }
         ],
         "download" : {
            "receiveFirst" : 4,
            "len" : 11174,
            "dns" : 0,
            "dnsEnd" : -1,
            "receiveHeadersEnd" : 5,
            "sslEnd" : -1,
            "connectEnd" : 1,
            "connectStart" : 0,
            "id" : "download_0",
            "receivedTime" : "53.6769996397197",
            "sslStart" : -1,
            "dnsStart" : -1,
            "receiveLast" : 48.6769996397197,
            "s_time" : 0,
            "sendEnd" : 1,
            "sendStart" : 1,
            "type" : "text/html"
         }
      },
      {
         "when_comp_start" : -1,
         "url" : "http://modified.testbed.localhost/www.google.com.br/textinputassistant/tia.png",
         "id" : "r2",
         "comps" : [],
         "download" : {
            "receiveFirst" : 4,
            "len" : 387,
            "dns" : 0,
            "dnsEnd" : -1,
            "receiveHeadersEnd" : 5,
            "sslEnd" : -1,
            "connectEnd" : 1,
            "connectStart" : 0,
            "id" : "download_1",
            "receivedTime" : "95.5610000528395",
            "sslStart" : -1,
            "dnsStart" : -1,
            "receiveLast" : 90.5610000528395,
            "s_time" : 63.3709998801351,
            "sendEnd" : 1,
            "sendStart" : 1,
            "type" : "image/png"
         }
      },
      {
         "when_comp_start" : 1,
         "url" : "http://modified.testbed.localhost/client_204?&atyp=i&biw=1004&bih=686&ei=5TQhV8CQCsTWesyVruAL",
         "id" : "r3",
         "comps" : [],
         "download" : {
            "receiveFirst" : 4,
            "len" : 300,
            "dns" : 0,
            "dnsEnd" : -1,
            "receiveHeadersEnd" : 5,
            "sslEnd" : -1,
            "connectEnd" : 1,
            "connectStart" : 0,
            "id" : "download_2",
            "receivedTime" : "96.1349997669458",
            "sslStart" : -1,
            "dnsStart" : -1,
            "receiveLast" : 91.1349997669458,
            "s_time" : 66.4079999551177,
            "sendEnd" : 1,
            "sendStart" : 1,
            "type" : "text/html"
         }
      },
      {
         "when_comp_start" : -1,
         "url" : "http://modified.testbed.localhost/www.google.com.br/images/branding/googlelogo/1x/googlelogo_white_background_color_272x92dp.png",
         "id" : "r4",
         "comps" : [],
         "download" : {
            "receiveFirst" : 4,
            "len" : 5482,
            "dns" : 0,
            "dnsEnd" : -1,
            "receiveHeadersEnd" : 5,
            "sslEnd" : -1,
            "connectEnd" : 1,
            "connectStart" : 0,
            "id" : "download_3",
            "receivedTime" : "96.5849999338388",
            "sslStart" : -1,
            "dnsStart" : -1,
            "receiveLast" : 91.5849999338388,
            "s_time" : 73.706999886781,
            "sendEnd" : 1,
            "sendStart" : 1,
            "type" : "image/png"
         }
      },
      {
         "when_comp_start" : -1,
         "url" : "http://modified.testbed.localhost/www.google.com.br/images/nav_logo229.png",
         "id" : "r5",
         "comps" : [],
         "download" : {
            "receiveFirst" : 4,
            "len" : 17284,
            "dns" : 0,
            "dnsEnd" : -1,
            "receiveHeadersEnd" : 5,
            "sslEnd" : -1,
            "connectEnd" : 1,
            "connectStart" : 0,
            "id" : "download_4",
            "receivedTime" : "100.941000040621",
            "sslStart" : -1,
            "dnsStart" : -1,
            "receiveLast" : 95.9410000406206,
            "s_time" : 92.7019999362528,
            "sendEnd" : 1,
            "sendStart" : 1,
            "type" : "image/png"
         }
      }
   ],
   "deps" : [
      {
         "a2" : "download_4",
         "time" : -1,
         "id" : "dep1",
         "a1" : "r1_c1"
      },
      {
         "a2" : "download_3",
         "time" : 19.4180002436042,
         "id" : "dep2",
         "a1" : "r1_c1"
      },
      {
         "a2" : "download_2",
         "time" : 12.1190003119409,
         "id" : "dep3",
         "a1" : "r1_c1"
      },
      {
         "a2" : "download_1",
         "time" : 9.0820002369583,
         "id" : "dep4",
         "a1" : "r1_c1"
      }
   ]
}
