{
   "n_download_no_trigger" : 9,
   "start_activity" : "download_0",
   "name" : "modified.testbed.localhost_www.whitehouse.gov_",
   "load_activity" : -1,
   "objs" : [
      {
         "when_comp_start" : 1,
         "url" : "http://modified.testbed.localhost/www.whitehouse.gov/",
         "id" : "r1",
         "comps" : [
            {
               "s_time" : 53.4649998880923,
               "time" : 23.8120001740753,
               "id" : "r1_c1",
               "type" : "evalhtml",
               "e_time" : 77.2770000621676
            },
            {
               "s_time" : 330.790000036359,
               "time" : -3374965287.73,
               "id" : "r1_c2",
               "type" : "evalhtml",
               "e_time" : -3374964956.94
            },
            {
               "s_time" : 388.904999941587,
               "time" : -3374965345.845,
               "id" : "r1_c3",
               "type" : "evalhtml",
               "e_time" : -3374964956.94
            },
            {
               "s_time" : 391.824999824166,
               "time" : -3374965348.765,
               "id" : "r1_c4",
               "type" : "evalhtml",
               "e_time" : -3374964956.94
            },
            {
               "s_time" : 404.850000049919,
               "time" : -3374965361.79,
               "id" : "r1_c5",
               "type" : "evalhtml",
               "e_time" : -3374964956.94
            },
            {
               "s_time" : 407.219000160694,
               "time" : -3374965364.159,
               "id" : "r1_c6",
               "type" : "evalhtml",
               "e_time" : -3374964956.94
            },
            {
               "s_time" : 409.822000190616,
               "time" : -3374965366.762,
               "id" : "r1_c7",
               "type" : "evalhtml",
               "e_time" : -3374964956.94
            },
            {
               "s_time" : 410.213000141084,
               "time" : -3374965367.153,
               "id" : "r1_c8",
               "type" : "evalhtml",
               "e_time" : -3374964956.94
            },
            {
               "s_time" : 418.671000283211,
               "time" : 212.75999955833,
               "id" : "r1_c9",
               "type" : "evalhtml",
               "e_time" : 631.430999841541
            },
            {
               "s_time" : 749.602000229061,
               "time" : 815.508999861779,
               "type" : "evalhtml",
               "id" : "r1_c10",
               "e_time" : 1565.11100009084
            }
         ],
         "download" : {
            "receiveFirst" : 5,
            "len" : 116416,
            "dns" : 0,
            "dnsEnd" : -1,
            "receiveHeadersEnd" : 6,
            "sslEnd" : -1,
            "connectEnd" : 1,
            "connectStart" : 0,
            "id" : "download_0",
            "receivedTime" : "52.9789999127388",
            "sslStart" : -1,
            "dnsStart" : -1,
            "receiveLast" : 46.9789999127388,
            "s_time" : 0,
            "sendEnd" : 1,
            "sendStart" : 1,
            "type" : "text/html"
         }
      },
      {
         "when_comp_start" : -1,
         "url" : "http://modified.testbed.localhost/www.whitehouse.gov/sites/whitehouse.gov/files/css/css_lQaZfjVpwP_oGNqdtWCSpJT1EMqXdMiU84ekLLxQnc4.css",
         "id" : "r2",
         "comps" : [
            {
               "s_time" : 77.9260001145303,
               "time" : 1.2169997207821,
               "type" : 4,
               "id" : "comp_0",
               "e_time" : 79.1429998353124
            }
         ],
         "download" : {
            "receiveFirst" : 5,
            "len" : 3111,
            "dns" : 0,
            "dnsEnd" : -1,
            "receiveHeadersEnd" : 20,
            "sslEnd" : -1,
            "connectEnd" : 15,
            "connectStart" : 0,
            "id" : "download_1",
            "receivedTime" : "77.7950002811849",
            "sslStart" : -1,
            "dnsStart" : -1,
            "receiveLast" : 57.7950002811849,
            "s_time" : 56.0449999757111,
            "sendEnd" : 15,
            "sendStart" : 15,
            "type" : "text/css"
         }
      },
      {
         "when_comp_start" : -1,
         "url" : "http://modified.testbed.localhost/www.whitehouse.gov/sites/whitehouse.gov/files/css/css_yU1ecLb-JQK8Zu-UAxooO-nvU4puNy9Vo8PpzTa6cX4.css",
         "id" : "r3",
         "comps" : [
            {
               "s_time" : 79.9489999189973,
               "time" : 3.2020001672208,
               "type" : 4,
               "id" : "comp_1",
               "e_time" : 83.1510000862181
            }
         ],
         "download" : {
            "receiveFirst" : 4,
            "len" : 20977,
            "dns" : 0,
            "dnsEnd" : -1,
            "receiveHeadersEnd" : 19,
            "sslEnd" : -1,
            "connectEnd" : 15,
            "connectStart" : 0,
            "id" : "download_2",
            "receivedTime" : "79.8599999397993",
            "sslStart" : -1,
            "dnsStart" : -1,
            "receiveLast" : 60.8599999397993,
            "s_time" : 56.6350002773106,
            "sendEnd" : 15,
            "sendStart" : 15,
            "type" : "text/css"
         }
      },
      {
         "when_comp_start" : -1,
         "url" : "http://modified.testbed.localhost/www.whitehouse.gov/sites/whitehouse.gov/files/css/css_2oCJ0RskfnmEh9znTNY-IJifw6J4BCzT2d88oZuCjDo.css",
         "id" : "r4",
         "comps" : [
            {
               "s_time" : 90.1520000770688,
               "time" : 11.5789999254052,
               "type" : 4,
               "id" : "comp_4",
               "e_time" : 101.731000002474
            }
         ],
         "download" : {
            "receiveFirst" : 5,
            "len" : 72916,
            "dns" : 0,
            "dnsEnd" : -1,
            "receiveHeadersEnd" : 21,
            "sslEnd" : -1,
            "connectEnd" : 16,
            "connectStart" : 0,
            "id" : "download_3",
            "receivedTime" : "89.8720002733171",
            "sslStart" : -1,
            "dnsStart" : -1,
            "receiveLast" : 68.8720002733171,
            "s_time" : 57.2589999064803,
            "sendEnd" : 16,
            "sendStart" : 16,
            "type" : "text/css"
         }
      },
      {
         "when_comp_start" : -1,
         "url" : "http://modified.testbed.localhost/cloud.typography.com/6570712/721006/css/fonts.css",
         "id" : "r7",
         "comps" : [
            {
               "s_time" : 187.78399983421,
               "time" : 239.224000368267,
               "type" : 4,
               "id" : "comp_9",
               "e_time" : 427.008000202477
            }
         ],
         "download" : {
            "receiveFirst" : 7,
            "len" : 677783,
            "dns" : 0,
            "dnsEnd" : -1,
            "receiveHeadersEnd" : 22,
            "sslEnd" : -1,
            "connectEnd" : 14,
            "connectStart" : 0,
            "id" : "download_4",
            "receivedTime" : "187.297000084072",
            "sslStart" : -1,
            "dnsStart" : -1,
            "receiveLast" : 165.297000084072,
            "s_time" : 58.8469998911023,
            "sendEnd" : 15,
            "sendStart" : 14,
            "type" : "text/css"
         }
      },
      {
         "when_comp_start" : -1,
         "url" : "http://modified.testbed.localhost/www.whitehouse.gov/sites/whitehouse.gov/files/css/css_lhZ2r95cVv6XPZeCq2neqJ2WkJfOx4FGwB5NFslhk94.css",
         "id" : "r6",
         "comps" : [
            {
               "s_time" : 86.4929999224842,
               "time" : 0.152000226080403,
               "type" : 4,
               "id" : "comp_3",
               "e_time" : 86.6450001485646
            }
         ],
         "download" : {
            "receiveFirst" : 9,
            "len" : 293,
            "dns" : 0,
            "dnsEnd" : -1,
            "receiveHeadersEnd" : 24,
            "sslEnd" : -1,
            "connectEnd" : 15,
            "connectStart" : 0,
            "id" : "download_5",
            "receivedTime" : "86.3740001805127",
            "sslStart" : -1,
            "dnsStart" : -1,
            "receiveLast" : 62.3740001805127,
            "s_time" : 58.3279998973012,
            "sendEnd" : 15,
            "sendStart" : 15,
            "type" : "text/css"
         }
      },
      {
         "when_comp_start" : -1,
         "url" : "http://modified.testbed.localhost/www.whitehouse.gov/sites/whitehouse.gov/files/css/css_n-PjoZ-gDcNukhc4jFBjlvpGzuEkmOSckysxO7f6tuo.css",
         "id" : "r8",
         "comps" : [
            {
               "s_time" : 102.628000080585,
               "time" : 7.32599990442401,
               "type" : 4,
               "id" : "comp_5",
               "e_time" : 109.953999985009
            }
         ],
         "download" : {
            "receiveFirst" : 8,
            "len" : 41138,
            "dns" : 0,
            "dnsEnd" : -1,
            "receiveHeadersEnd" : 25,
            "sslEnd" : -1,
            "connectEnd" : 17,
            "connectStart" : 0,
            "id" : "download_6",
            "receivedTime" : "102.530000265688",
            "sslStart" : -1,
            "dnsStart" : -1,
            "receiveLast" : 77.5300002656877,
            "s_time" : 59.4339999370277,
            "sendEnd" : 17,
            "sendStart" : 17,
            "type" : "text/css"
         }
      },
      {
         "when_comp_start" : -1,
         "url" : "http://modified.testbed.localhost/www.whitehouse.gov/sites/whitehouse.gov/files/css/css_bS-2Cq02LdaKdec12vU20dMGQSdgihJADtPC-kQVVmE.css",
         "id" : "r9",
         "comps" : [
            {
               "s_time" : 153.861000202596,
               "time" : 19.479000009597,
               "type" : 4,
               "id" : "comp_8",
               "e_time" : 173.340000212193
            }
         ],
         "download" : {
            "receiveFirst" : 10,
            "len" : 128231,
            "dns" : 0,
            "dnsEnd" : -1,
            "receiveHeadersEnd" : 30,
            "sslEnd" : -1,
            "connectEnd" : 20,
            "connectStart" : 0,
            "id" : "download_7",
            "receivedTime" : "153.590000234544",
            "sslStart" : -1,
            "dnsStart" : -1,
            "receiveLast" : 123.590000234544,
            "s_time" : 59.9750000983477,
            "sendEnd" : 20,
            "sendStart" : 20,
            "type" : "text/css"
         }
      },
      {
         "when_comp_start" : -1,
         "url" : "http://modified.testbed.localhost/www.whitehouse.gov/sites/whitehouse.gov/files/js/js_MpKfe1sTh5JIVGCZ17DsAuT1rqAC38MLLlkjqjQ1X_k.js",
         "id" : "r10",
         "comps" : [
            {
               "s_time" : 246.509000193328,
               "time" : 84.280999843031,
               "type" : 1,
               "id" : "comp_10",
               "e_time" : 330.790000036359
            }
         ],
         "download" : {
            "receiveFirst" : 13,
            "len" : 112884,
            "dns" : 0,
            "dnsEnd" : -1,
            "receiveHeadersEnd" : 33,
            "sslEnd" : -1,
            "connectEnd" : 20,
            "connectStart" : 0,
            "id" : "download_8",
            "receivedTime" : "141.460000071675",
            "sslStart" : -1,
            "dnsStart" : -1,
            "receiveLast" : 108.460000071675,
            "s_time" : 60.5310001410544,
            "sendEnd" : 20,
            "sendStart" : 20,
            "type" : "application/javascript"
         }
      },
      {
         "when_comp_start" : -1,
         "url" : "http://modified.testbed.localhost/www.whitehouse.gov/sites/whitehouse.gov/files/js/js_dpcaZHeWwtmqOEhy_RAIdKsPWHEDVNfKu0v8oY9XuOI.js",
         "id" : "r11",
         "comps" : [
            {
               "s_time" : 330.972000025213,
               "time" : 57.932999916374,
               "type" : 1,
               "id" : "comp_12",
               "e_time" : 388.904999941587
            }
         ],
         "download" : {
            "receiveFirst" : 15,
            "len" : 136531,
            "dns" : 0,
            "dnsEnd" : -1,
            "receiveHeadersEnd" : 37,
            "sslEnd" : -1,
            "connectEnd" : 22,
            "connectStart" : 0,
            "id" : "download_9",
            "receivedTime" : "143.577000126243",
            "sslStart" : -1,
            "dnsStart" : -1,
            "receiveLast" : 106.577000126243,
            "s_time" : 61.0440000891685,
            "sendEnd" : 22,
            "sendStart" : 22,
            "type" : "application/javascript"
         }
      },
      {
         "when_comp_start" : -1,
         "url" : "http://modified.testbed.localhost/www.whitehouse.gov/sites/whitehouse.gov/files/js/js_uPNzaRP-bkimN_p8zvZONy7fi8Oh54S1WQzdPUW-yro.js",
         "id" : "r12",
         "comps" : [
            {
               "s_time" : 389.070000033826,
               "time" : 2.75499979034004,
               "type" : 1,
               "id" : "comp_15",
               "e_time" : 391.824999824166
            }
         ],
         "download" : {
            "receiveFirst" : 13,
            "len" : 19817,
            "dns" : 0,
            "dnsEnd" : -1,
            "receiveHeadersEnd" : 39,
            "sslEnd" : -1,
            "connectEnd" : 26,
            "connectStart" : 0,
            "id" : "download_10",
            "receivedTime" : "110.966000240296",
            "sslStart" : -1,
            "dnsStart" : -1,
            "receiveLast" : 71.9660002402961,
            "s_time" : 61.5739999338984,
            "sendEnd" : 26,
            "sendStart" : 26,
            "type" : "application/javascript"
         }
      },
      {
         "when_comp_start" : -1,
         "url" : "http://modified.testbed.localhost/www.whitehouse.gov/sites/whitehouse.gov/files/js/js_7A5xyLkXyLAj7O051G-zmQW0DzTaab-GPGPcoPFTC3w.js",
         "id" : "r13",
         "comps" : [
            {
               "s_time" : 391.940000001341,
               "time" : 12.910000048578,
               "type" : 1,
               "id" : "comp_17",
               "e_time" : 404.850000049919
            }
         ],
         "download" : {
            "receiveFirst" : 13,
            "len" : 55432,
            "dns" : 0,
            "dnsEnd" : -1,
            "receiveHeadersEnd" : 46,
            "sslEnd" : -1,
            "connectEnd" : 33,
            "connectStart" : 0,
            "id" : "download_11",
            "receivedTime" : "136.675999965519",
            "sslStart" : -1,
            "dnsStart" : -1,
            "receiveLast" : 90.6759999655187,
            "s_time" : 62.0430000126362,
            "sendEnd" : 33,
            "sendStart" : 33,
            "type" : "application/javascript"
         }
      },
      {
         "when_comp_start" : -1,
         "url" : "http://modified.testbed.localhost/www.whitehouse.gov/sites/whitehouse.gov/files/js/js_ZLR9AniROdeoCHWP-EH_xh-8M8GedFTjELHBIFv_kys.js",
         "id" : "r14",
         "comps" : [
            {
               "s_time" : 406.421000137925,
               "time" : 0.798000022769031,
               "type" : 1,
               "id" : "comp_20",
               "e_time" : 407.219000160694
            }
         ],
         "download" : {
            "receiveFirst" : 15,
            "len" : 2999,
            "dns" : 0,
            "dnsEnd" : -1,
            "receiveHeadersEnd" : 56,
            "sslEnd" : -1,
            "connectEnd" : 41,
            "connectStart" : 0,
            "id" : "download_12",
            "receivedTime" : "123.794999904931",
            "sslStart" : -1,
            "dnsStart" : -1,
            "receiveLast" : 67.7949999049306,
            "s_time" : 62.5360002741218,
            "sendEnd" : 41,
            "sendStart" : 41,
            "type" : "application/javascript"
         }
      },
      {
         "when_comp_start" : -1,
         "url" : "http://modified.testbed.localhost/www.whitehouse.gov/sites/whitehouse.gov/files/js/js_BnLp98TAFdrK4aTBmEXyC9rHYtfrp4gWf3_kvziFVJc.js",
         "id" : "r15",
         "comps" : [
            {
               "s_time" : 407.333000097424,
               "time" : 2.48900009319198,
               "type" : 1,
               "id" : "comp_22",
               "e_time" : 409.822000190616
            }
         ],
         "download" : {
            "receiveFirst" : 14,
            "len" : 15017,
            "dns" : 0,
            "dnsEnd" : -1,
            "receiveHeadersEnd" : 73,
            "sslEnd" : -1,
            "connectEnd" : 59,
            "connectStart" : 0,
            "id" : "download_13",
            "receivedTime" : "141.977999825031",
            "sslStart" : -1,
            "dnsStart" : -1,
            "receiveLast" : 68.9779998250306,
            "s_time" : 62.9920000210404,
            "sendEnd" : 59,
            "sendStart" : 59,
            "type" : "application/javascript"
         }
      },
      {
         "when_comp_start" : -1,
         "url" : "http://modified.testbed.localhost/www.whitehouse.gov/sites/whitehouse.gov/files/js/js_S4ZZGC9DHcaMDgTpvRN7MBcmXkzFjVLWzboXJJewXOk.js",
         "id" : "r16",
         "comps" : [
            {
               "s_time" : 409.938999917358,
               "time" : 0.274000223726034,
               "type" : 1,
               "id" : "comp_24",
               "e_time" : 410.213000141084
            }
         ],
         "download" : {
            "receiveFirst" : 10,
            "len" : 1023,
            "dns" : 0,
            "dnsEnd" : -1,
            "receiveHeadersEnd" : 81,
            "sslEnd" : -1,
            "connectEnd" : 70,
            "connectStart" : 0,
            "id" : "download_14",
            "receivedTime" : "148.986999876797",
            "sslStart" : -1,
            "dnsStart" : -1,
            "receiveLast" : 67.9869998767972,
            "s_time" : 63.6559999547899,
            "sendEnd" : 71,
            "sendStart" : 70,
            "type" : "application/javascript"
         }
      },
      {
         "when_comp_start" : -1,
         "url" : "http://modified.testbed.localhost/www.whitehouse.gov/sites/whitehouse.gov/modules/contrib/usfedgov_google_analytics/js/Universal-Federated-Analytics-Min.js%3Fagency=Executive%20Office%20of%20the%20President&subagency=The%20White%20House",
         "id" : "r17",
         "comps" : [
            {
               "s_time" : 413.792999926955,
               "time" : 4.878000356256,
               "type" : 1,
               "id" : "comp_27",
               "e_time" : 418.671000283211
            }
         ],
         "download" : {
            "receiveFirst" : 7,
            "len" : 19550,
            "dns" : 0,
            "dnsEnd" : -1,
            "receiveHeadersEnd" : 81,
            "sslEnd" : -1,
            "connectEnd" : 74,
            "connectStart" : 0,
            "id" : "download_15",
            "receivedTime" : "151.128000114113",
            "sslStart" : -1,
            "dnsStart" : -1,
            "receiveLast" : 70.1280001141131,
            "s_time" : 64.1450001858175,
            "sendEnd" : 74,
            "sendStart" : 74,
            "type" : "text/plain"
         }
      },
      {
         "when_comp_start" : -1,
         "url" : "http://modified.testbed.localhost/www.whitehouse.gov/profiles/forall/modules/custom/gov_whitehouse_www/images/icons/wh_logo_seal.png",
         "id" : "r18",
         "comps" : [],
         "download" : {
            "receiveFirst" : 10,
            "len" : 8737,
            "dns" : 0,
            "dnsEnd" : -1,
            "receiveHeadersEnd" : 71,
            "sslEnd" : -1,
            "connectEnd" : 61,
            "connectStart" : 0,
            "id" : "download_16",
            "receivedTime" : "173.812999855727",
            "sslStart" : -1,
            "dnsStart" : -1,
            "receiveLast" : 102.812999855727,
            "s_time" : 77.2770000621676,
            "sendEnd" : 61,
            "sendStart" : 61,
            "type" : "image/png"
         }
      },
      {
         "when_comp_start" : -1,
         "url" : "http://modified.testbed.localhost/www.whitehouse.gov/profiles/forall/themes/custom/fortyfour/images/fortyfour/bg/wh_header_decor_desktop_large_format.png%3F1449244366",
         "id" : "r55",
         "comps" : [],
         "download" : {
            "receiveFirst" : 4,
            "len" : 39804,
            "dns" : 0,
            "dnsEnd" : -1,
            "receiveHeadersEnd" : 5,
            "sslEnd" : -1,
            "connectEnd" : 1,
            "connectStart" : 0,
            "id" : "download_17",
            "receivedTime" : "591.578000225127",
            "sslStart" : -1,
            "dnsStart" : -1,
            "receiveLast" : 586.578000225127,
            "s_time" : 434.423000086099,
            "sendEnd" : 1,
            "sendStart" : 1,
            "type" : "image/png"
         }
      },
      {
         "when_comp_start" : -1,
         "url" : "http://modified.testbed.localhost/www.whitehouse.gov/profiles/forall/themes/custom/fortyfour/images/fortyfour/sprites/contact-nav-icons.png%3F1449244367",
         "id" : "r56",
         "comps" : [],
         "download" : {
            "receiveFirst" : 5,
            "len" : 260,
            "dns" : 0,
            "dnsEnd" : -1,
            "receiveHeadersEnd" : 6,
            "sslEnd" : -1,
            "connectEnd" : 1,
            "connectStart" : 0,
            "id" : "download_18",
            "receivedTime" : "591.963999904692",
            "sslStart" : -1,
            "dnsStart" : -1,
            "receiveLast" : 585.963999904692,
            "s_time" : 436.203999910504,
            "sendEnd" : 1,
            "sendStart" : 1,
            "type" : "image/png"
         }
      },
      {
         "when_comp_start" : -1,
         "url" : "http://modified.testbed.localhost/www.whitehouse.gov/profiles/forall/modules/custom/gov_whitehouse_www/modules/whitehouse_nav/images/sprites/search-icon-all-viewports.png%3F1409066161",
         "id" : "r57",
         "comps" : [],
         "download" : {
            "receiveFirst" : 3,
            "len" : 438,
            "dns" : 0,
            "dnsEnd" : -1,
            "receiveHeadersEnd" : 4,
            "sslEnd" : -1,
            "connectEnd" : 1,
            "connectStart" : 0,
            "id" : "download_19",
            "receivedTime" : "592.437000013888",
            "sslStart" : -1,
            "dnsStart" : -1,
            "receiveLast" : 588.437000013888,
            "s_time" : 452.306999824941,
            "sendEnd" : 1,
            "sendStart" : 1,
            "type" : "image/png"
         }
      },
      {
         "when_comp_start" : -1,
         "url" : "http://modified.testbed.localhost/www.whitehouse.gov/sites/whitehouse.gov/files/hero-backgrounds/paperHeo.jpg",
         "id" : "r58",
         "comps" : [],
         "download" : {
            "receiveFirst" : 3,
            "len" : 633262,
            "dns" : 0,
            "dnsEnd" : -1,
            "receiveHeadersEnd" : 9,
            "sslEnd" : -1,
            "connectEnd" : 6,
            "connectStart" : 0,
            "id" : "download_26",
            "receivedTime" : "1397.22099993378",
            "sslStart" : -1,
            "dnsStart" : -1,
            "receiveLast" : 1388.22099993378,
            "s_time" : 501.279999967664,
            "sendEnd" : 6,
            "sendStart" : 6,
            "type" : "image/jpeg"
         }
      },
      {
         "when_comp_start" : -1,
         "url" : "http://modified.testbed.localhost/www.whitehouse.gov/sites/whitehouse.gov/files/tout_images/signatureTout.jpg",
         "id" : "r59",
         "comps" : [],
         "download" : {
            "receiveFirst" : 5,
            "len" : 73527,
            "dns" : 0,
            "dnsEnd" : -1,
            "receiveHeadersEnd" : 10,
            "sslEnd" : -1,
            "connectEnd" : 5,
            "connectStart" : 0,
            "id" : "download_27",
            "receivedTime" : "732.664000242949",
            "sslStart" : -1,
            "dnsStart" : -1,
            "receiveLast" : 722.664000242949,
            "s_time" : 502.611000090837,
            "sendEnd" : 5,
            "sendStart" : 5,
            "type" : "image/jpeg"
         }
      },
      {
         "when_comp_start" : -1,
         "url" : "http://modified.testbed.localhost/www.whitehouse.gov/sites/whitehouse.gov/files/tout_images/signingDay.jpg",
         "id" : "r60",
         "comps" : [],
         "download" : {
            "receiveFirst" : 8,
            "len" : 300841,
            "dns" : 0,
            "dnsEnd" : -1,
            "receiveHeadersEnd" : 13,
            "sslEnd" : -1,
            "connectEnd" : 5,
            "connectStart" : 0,
            "id" : "download_28",
            "receivedTime" : "1069.99700004235",
            "sslStart" : -1,
            "dnsStart" : -1,
            "receiveLast" : 1056.99700004235,
            "s_time" : 503.355999942869,
            "sendEnd" : 5,
            "sendStart" : 5,
            "type" : "image/jpeg"
         }
      },
      {
         "when_comp_start" : -1,
         "url" : "http://modified.testbed.localhost/www.whitehouse.gov/sites/whitehouse.gov/files/tout_images/presidents_schedule_tout_02.jpg",
         "id" : "r61",
         "comps" : [],
         "download" : {
            "receiveFirst" : 10,
            "len" : 124960,
            "dns" : 0,
            "dnsEnd" : -1,
            "receiveHeadersEnd" : 14,
            "sslEnd" : -1,
            "connectEnd" : 4,
            "connectStart" : 0,
            "id" : "download_29",
            "receivedTime" : "741.34000018239",
            "sslStart" : -1,
            "dnsStart" : -1,
            "receiveLast" : 727.34000018239,
            "s_time" : 504.211999941617,
            "sendEnd" : 4,
            "sendStart" : 4,
            "type" : "image/jpeg"
         }
      },
      {
         "when_comp_start" : -1,
         "url" : "http://modified.testbed.localhost/www.whitehouse.gov/sites/whitehouse.gov/files/tout_images/potus_phone_tout.jpg",
         "id" : "r62",
         "comps" : [],
         "download" : {
            "receiveFirst" : 17,
            "len" : 253824,
            "dns" : 0,
            "dnsEnd" : -1,
            "receiveHeadersEnd" : 20,
            "sslEnd" : -1,
            "connectEnd" : 3,
            "connectStart" : 0,
            "id" : "download_30",
            "receivedTime" : "1070.47600019723",
            "sslStart" : -1,
            "dnsStart" : -1,
            "receiveLast" : 1050.47600019723,
            "s_time" : 504.801000002772,
            "sendEnd" : 3,
            "sendStart" : 3,
            "type" : "image/jpeg"
         }
      },
      {
         "when_comp_start" : -1,
         "url" : "http://modified.testbed.localhost/www.whitehouse.gov/sites/whitehouse.gov/files/tout_images/POD_03022016_tout.jpg",
         "id" : "r63",
         "comps" : [],
         "download" : {
            "receiveFirst" : 21,
            "len" : 320051,
            "dns" : 0,
            "dnsEnd" : -1,
            "receiveHeadersEnd" : 24,
            "sslEnd" : -1,
            "connectEnd" : 3,
            "connectStart" : 0,
            "id" : "download_31",
            "receivedTime" : "1056.52699992061",
            "sslStart" : -1,
            "dnsStart" : -1,
            "receiveLast" : 1032.52699992061,
            "s_time" : 505.392000079155,
            "sendEnd" : 3,
            "sendStart" : 3,
            "type" : "image/jpeg"
         }
      },
      {
         "when_comp_start" : -1,
         "url" : "http://modified.testbed.localhost/www.whitehouse.gov/profiles/forall/modules/custom/sixteenhundredfooter/sass/sixteenhundred/images/hr.jpg",
         "id" : "r64",
         "comps" : [],
         "download" : {
            "receiveFirst" : 14,
            "len" : 2743,
            "dns" : 0,
            "dnsEnd" : -1,
            "receiveHeadersEnd" : 26,
            "sslEnd" : -1,
            "connectEnd" : 12,
            "connectStart" : 0,
            "id" : "download_32",
            "receivedTime" : "735.512000042945",
            "sslStart" : -1,
            "dnsStart" : -1,
            "receiveLast" : 709.512000042945,
            "s_time" : 520.417999941856,
            "sendEnd" : 12,
            "sendStart" : 12,
            "type" : "image/jpeg"
         }
      },
      {
         "when_comp_start" : -1,
         "url" : "http://modified.testbed.localhost/www.whitehouse.gov/profiles/forall/modules/custom/sixteenhundredfooter/sass/sixteenhundred/images/vr.png",
         "id" : "r65",
         "comps" : [],
         "download" : {
            "receiveFirst" : 15,
            "len" : 131,
            "dns" : 0,
            "dnsEnd" : -1,
            "receiveHeadersEnd" : 40,
            "sslEnd" : -1,
            "connectEnd" : 24,
            "connectStart" : 0,
            "id" : "download_33",
            "receivedTime" : "740.85699999705",
            "sslStart" : -1,
            "dnsStart" : -1,
            "receiveLast" : 700.85699999705,
            "s_time" : 523.980000056326,
            "sendEnd" : 25,
            "sendStart" : 24,
            "type" : "image/png"
         }
      },
      {
         "when_comp_start" : -1,
         "url" : "https://www.google-analytics.com/analytics.js",
         "id" : "r54",
         "comps" : [],
         "download" : {
            "receiveFirst" : 8,
            "len" : 26299,
            "dns" : 0,
            "dnsEnd" : -1,
            "receiveHeadersEnd" : 8,
            "sslEnd" : -1,
            "connectEnd" : 0,
            "connectStart" : 0,
            "id" : "download_34",
            "receivedTime" : "745.85899990052",
            "sslStart" : -1,
            "dnsStart" : -1,
            "receiveLast" : 737.85899990052,
            "s_time" : 593.664000276476,
            "sendEnd" : 0,
            "sendStart" : 0,
            "type" : "text/javascript"
         }
      },
      {
         "when_comp_start" : -1,
         "url" : "http://modified.testbed.localhost/www.whitehouse.gov/sites/whitehouse.gov/files/js/js_2mdTQtvwCainuVKOqQsH1BuSMQvOxSgWO1is-qhBFoU.js",
         "id" : "r66",
         "comps" : [
            {
               "s_time" : 747.525000013411,
               "time" : 2.07700021564995,
               "type" : 1,
               "id" : "comp_34",
               "e_time" : 749.602000229061
            }
         ],
         "download" : {
            "receiveFirst" : 15,
            "len" : 9432,
            "dns" : 0,
            "dnsEnd" : -1,
            "receiveHeadersEnd" : 20,
            "sslEnd" : -1,
            "connectEnd" : 5,
            "connectStart" : 0,
            "id" : "download_35",
            "receivedTime" : "747.403000015765",
            "sslStart" : -1,
            "dnsStart" : -1,
            "receiveLast" : 727.403000015765,
            "s_time" : 591.066000051796,
            "sendEnd" : 5,
            "sendStart" : 5,
            "type" : "application/javascript"
         }
      },
      {
         "when_comp_start" : -1,
         "url" : "http://modified.testbed.localhost/platform.twitter.com/widgets.js",
         "id" : "r67",
         "comps" : [
            {
               "s_time" : 1242.41399997845,
               "time" : 77.09799986333,
               "type" : null,
               "id" : "comp_63",
               "e_time" : 1319.51199984178
            }
         ],
         "download" : {
            "receiveFirst" : 18,
            "len" : 95204,
            "dns" : 0,
            "dnsEnd" : -1,
            "receiveHeadersEnd" : 29,
            "sslEnd" : -1,
            "connectEnd" : 11,
            "connectStart" : 0,
            "id" : "download_36",
            "receivedTime" : "1061.90000008792",
            "sslStart" : -1,
            "dnsStart" : -1,
            "receiveLast" : 1032.90000008792,
            "s_time" : 591.533000115305,
            "sendEnd" : 11,
            "sendStart" : 11,
            "type" : "application/javascript"
         }
      },
      {
         "when_comp_start" : -1,
         "url" : "http://modified.testbed.localhost/www.whitehouse.gov/sites/whitehouse.gov/libraries/fontawesome/fonts/fontawesome-webfont.woff%3Fv=4.4.0",
         "id" : "r51",
         "comps" : [],
         "download" : {
            "receiveFirst" : 10,
            "len" : 81284,
            "dns" : 0,
            "dnsEnd" : -1,
            "receiveHeadersEnd" : 12,
            "sslEnd" : -1,
            "connectEnd" : 2,
            "connectStart" : 0,
            "id" : "download_39",
            "receivedTime" : "1065.01300027594",
            "sslStart" : -1,
            "dnsStart" : -1,
            "receiveLast" : 1053.01300027594,
            "s_time" : 631.430999841541,
            "sendEnd" : 2,
            "sendStart" : 2,
            "type" : "application/octet-stream"
         }
      },
      {
         "when_comp_start" : -1,
         "url" : "http://connect.facebook.net/en_US/sdk.js",
         "id" : "r68",
         "comps" : [
            {
               "s_time" : 1566.57100003213,
               "time" : 121.93900020793,
               "type" : null,
               "id" : "comp_71",
               "e_time" : 1688.51000024006
            }
         ],
         "download" : {
            "receiveFirst" : 1,
            "len" : 186137,
            "dns" : 0,
            "dnsEnd" : -1,
            "receiveHeadersEnd" : 1,
            "sslEnd" : -1,
            "connectEnd" : 0,
            "connectStart" : 0,
            "id" : "download_40",
            "receivedTime" : "1398.31699989736",
            "sslStart" : -1,
            "dnsStart" : -1,
            "receiveLast" : 1397.31699989736,
            "s_time" : 954.716000240296,
            "sendEnd" : 0,
            "sendStart" : 0,
            "type" : "application/x-javascript"
         }
      },
      {
         "when_comp_start" : -1,
         "url" : "https://www.google-analytics.com/r/collect?v=1&_v=j41&aip=1&a=1691337618&t=pageview&_s=1&dl=http%3A%2F%2Fmodified.testbed.localhost%2Fwww.whitehouse.gov%2F&dp=%2Fwww.whitehouse.gov%2F&ul=en-us&de=UTF-8&dt=The%20White%20House%20%7C%20whitehouse.gov&sd=24-bit&sr=1024x768&vp=989x614&je=1&_utma=10762024",
         "id" : "r70",
         "comps" : [],
         "download" : {
            "receiveFirst" : 21,
            "len" : 35,
            "dns" : 0,
            "dnsEnd" : 2,
            "receiveHeadersEnd" : 43,
            "sslEnd" : 21,
            "connectEnd" : 21,
            "connectStart" : 0,
            "id" : "download_41",
            "receivedTime" : "1565.64200017601",
            "sslStart" : 8,
            "dnsStart" : 2,
            "receiveLast" : 1522.64200017601,
            "s_time" : 1242.55200009793,
            "sendEnd" : 22,
            "sendStart" : 21,
            "type" : "image/gif"
         }
      },
      {
         "when_comp_start" : -1,
         "url" : "https://www.google-analytics.com/r/collect?v=1&_v=j41&aip=1&a=1691337618&t=pageview&_s=1&dl=http%3A%2F%2Fmodified.testbed.localhost%2Fwww.whitehouse.gov%2F&ul=en-us&de=UTF-8&dt=The%20White%20House%20%7C%20whitehouse.gov&sd=24-bit&sr=1024x768&vp=989x614&je=1&_utma=10762024.337840052.1461875325.146187",
         "id" : "r69",
         "comps" : [],
         "download" : {
            "receiveFirst" : 22,
            "len" : 35,
            "dns" : 0,
            "dnsEnd" : -1,
            "receiveHeadersEnd" : 24,
            "sslEnd" : -1,
            "connectEnd" : 1,
            "connectStart" : 0,
            "id" : "download_42",
            "receivedTime" : "1745.59100018814",
            "sslStart" : -1,
            "dnsStart" : -1,
            "receiveLast" : 1721.59100018814,
            "s_time" : 1565.11100009084,
            "sendEnd" : 2,
            "sendStart" : 1,
            "type" : "image/gif"
         }
      }
   ],
   "deps" : [
      {
         "a2" : "r1_c2",
         "time" : -1,
         "id" : "dep1",
         "a1" : "comp_10"
      },
      {
         "a2" : "r1_c3",
         "time" : -1,
         "id" : "dep2",
         "a1" : "comp_12"
      },
      {
         "a2" : "r1_c4",
         "time" : -1,
         "id" : "dep3",
         "a1" : "comp_15"
      },
      {
         "a2" : "r1_c5",
         "time" : -1,
         "id" : "dep4",
         "a1" : "comp_17"
      },
      {
         "a2" : "r1_c6",
         "time" : -1,
         "id" : "dep5",
         "a1" : "comp_20"
      },
      {
         "a2" : "r1_c7",
         "time" : -1,
         "id" : "dep6",
         "a1" : "comp_22"
      },
      {
         "a2" : "r1_c8",
         "time" : -1,
         "id" : "dep7",
         "a1" : "comp_24"
      },
      {
         "a2" : "r1_c9",
         "time" : -1,
         "id" : "dep8",
         "a1" : "comp_27"
      },
      {
         "a2" : "r1_c10",
         "time" : -1,
         "id" : "dep9",
         "a1" : "comp_34"
      },
      {
         "a2" : "comp_10",
         "time" : -1,
         "id" : "dep10",
         "a1" : "comp_0"
      },
      {
         "a2" : "comp_10",
         "time" : -1,
         "id" : "dep11",
         "a1" : "comp_1"
      },
      {
         "a2" : "comp_10",
         "time" : -1,
         "id" : "dep12",
         "a1" : "comp_4"
      },
      {
         "a2" : "comp_10",
         "time" : -1,
         "id" : "dep13",
         "a1" : "comp_2"
      },
      {
         "a2" : "comp_10",
         "time" : -1,
         "id" : "dep14",
         "a1" : "comp_3"
      },
      {
         "a2" : "comp_10",
         "time" : -1,
         "id" : "dep15",
         "a1" : "comp_9"
      },
      {
         "a2" : "comp_10",
         "time" : -1,
         "id" : "dep16",
         "a1" : "comp_5"
      },
      {
         "a2" : "comp_10",
         "time" : -1,
         "id" : "dep17",
         "a1" : "comp_8"
      },
      {
         "a2" : "comp_12",
         "time" : -1,
         "id" : "dep18",
         "a1" : "comp_10"
      },
      {
         "a2" : "comp_15",
         "time" : -1,
         "id" : "dep19",
         "a1" : "comp_12"
      },
      {
         "a2" : "comp_17",
         "time" : -1,
         "id" : "dep20",
         "a1" : "comp_15"
      },
      {
         "a2" : "comp_22",
         "time" : -1,
         "id" : "dep21",
         "a1" : "comp_20"
      },
      {
         "a2" : "comp_24",
         "time" : -1,
         "id" : "dep22",
         "a1" : "comp_22"
      },
      {
         "a2" : "comp_34",
         "time" : -1,
         "id" : "dep23",
         "a1" : "comp_27"
      },
      {
         "a2" : "download_42",
         "time" : -1,
         "id" : "dep24",
         "a1" : "r1_c10"
      },
      {
         "a2" : "download_41",
         "time" : 0.138000119480012,
         "id" : "dep25",
         "a1" : "comp_63"
      },
      {
         "a2" : "download_40",
         "time" : 205.114000011235,
         "id" : "dep26",
         "a1" : "r1_c10"
      },
      {
         "a2" : "download_39",
         "time" : -1,
         "id" : "dep27",
         "a1" : "r1_c9"
      },
      {
         "a2" : "download_36",
         "time" : 172.861999832094,
         "id" : "dep28",
         "a1" : "r1_c9"
      },
      {
         "a2" : "download_35",
         "time" : 172.394999768585,
         "id" : "dep29",
         "a1" : "r1_c9"
      },
      {
         "a2" : "download_34",
         "time" : 174.992999993265,
         "id" : "dep30",
         "a1" : "r1_c9"
      },
      {
         "a2" : "download_33",
         "time" : 105.308999773115,
         "id" : "dep31",
         "a1" : "r1_c9"
      },
      {
         "a2" : "download_32",
         "time" : 101.746999658645,
         "id" : "dep32",
         "a1" : "r1_c9"
      },
      {
         "a2" : "download_31",
         "time" : 86.720999795944,
         "id" : "dep33",
         "a1" : "r1_c9"
      },
      {
         "a2" : "download_30",
         "time" : 86.129999719561,
         "id" : "dep34",
         "a1" : "r1_c9"
      },
      {
         "a2" : "download_29",
         "time" : 85.540999658406,
         "id" : "dep35",
         "a1" : "r1_c9"
      },
      {
         "a2" : "download_28",
         "time" : 84.684999659658,
         "id" : "dep36",
         "a1" : "r1_c9"
      },
      {
         "a2" : "download_27",
         "time" : 83.939999807626,
         "id" : "dep37",
         "a1" : "r1_c9"
      },
      {
         "a2" : "download_26",
         "time" : 82.608999684453,
         "id" : "dep38",
         "a1" : "r1_c9"
      },
      {
         "a2" : "download_19",
         "time" : 33.63599954173,
         "id" : "dep39",
         "a1" : "r1_c9"
      },
      {
         "a2" : "download_18",
         "time" : 17.532999627293,
         "id" : "dep40",
         "a1" : "r1_c9"
      },
      {
         "a2" : "download_17",
         "time" : 15.751999802888,
         "id" : "dep41",
         "a1" : "r1_c9"
      },
      {
         "a2" : "download_16",
         "time" : -1,
         "id" : "dep42",
         "a1" : "r1_c1"
      },
      {
         "a2" : "download_15",
         "time" : 10.6800002977252,
         "id" : "dep43",
         "a1" : "r1_c1"
      },
      {
         "a2" : "download_14",
         "time" : 10.1910000666976,
         "id" : "dep44",
         "a1" : "r1_c1"
      },
      {
         "a2" : "download_13",
         "time" : 9.5270001329481,
         "id" : "dep45",
         "a1" : "r1_c1"
      },
      {
         "a2" : "download_12",
         "time" : 9.0710003860295,
         "id" : "dep46",
         "a1" : "r1_c1"
      },
      {
         "a2" : "download_11",
         "time" : 8.5780001245439,
         "id" : "dep47",
         "a1" : "r1_c1"
      },
      {
         "a2" : "download_10",
         "time" : 8.1090000458061,
         "id" : "dep48",
         "a1" : "r1_c1"
      },
      {
         "a2" : "download_9",
         "time" : 7.5790002010762,
         "id" : "dep49",
         "a1" : "r1_c1"
      },
      {
         "a2" : "download_8",
         "time" : 7.0660002529621,
         "id" : "dep50",
         "a1" : "r1_c1"
      },
      {
         "a2" : "download_7",
         "time" : 6.5100002102554,
         "id" : "dep51",
         "a1" : "r1_c1"
      },
      {
         "a2" : "download_6",
         "time" : 5.9690000489354,
         "id" : "dep52",
         "a1" : "r1_c1"
      },
      {
         "a2" : "download_5",
         "time" : 4.8630000092089,
         "id" : "dep53",
         "a1" : "r1_c1"
      },
      {
         "a2" : "download_4",
         "time" : 5.38200000301,
         "id" : "dep54",
         "a1" : "r1_c1"
      },
      {
         "a2" : "download_3",
         "time" : 3.794000018388,
         "id" : "dep55",
         "a1" : "r1_c1"
      },
      {
         "a2" : "download_2",
         "time" : 3.1700003892183,
         "id" : "dep56",
         "a1" : "r1_c1"
      },
      {
         "a2" : "download_1",
         "time" : 2.5800000876188,
         "id" : "dep57",
         "a1" : "r1_c1"
      }
   ]
}
