{
   "n_download_no_trigger" : 1,
   "start_activity" : "download_0",
   "name" : "modified.testbed.localhost_www.liveeyewear.com_",
   "load_activity" : -1,
   "objs" : [
      {
         "when_comp_start" : 1,
         "url" : "http://modified.testbed.localhost/www.liveeyewear.com/",
         "id" : "r1",
         "comps" : [
            {
               "s_time" : 22.8170002810657,
               "time" : 22.2720000892878,
               "id" : "r1_c1",
               "type" : "evalhtml",
               "e_time" : 45.0890003703535
            },
            {
               "s_time" : 46.0670003667474,
               "time" : -3380873890.103,
               "id" : "r1_c2",
               "type" : "evalhtml",
               "e_time" : -3380873844.036
            },
            {
               "s_time" : 48.9300000481308,
               "time" : 0.0780001282690961,
               "id" : "r1_c3",
               "type" : "evalhtml",
               "e_time" : 49.0080001763999
            },
            {
               "s_time" : 49.2239999584854,
               "time" : 0.6440002471208,
               "id" : "r1_c4",
               "type" : "evalhtml",
               "e_time" : 49.8680002056062
            },
            {
               "s_time" : 49.9380002729595,
               "time" : -3380873893.974,
               "id" : "r1_c5",
               "type" : "evalhtml",
               "e_time" : -3380873844.036
            },
            {
               "s_time" : 51.0470001026988,
               "time" : 0.198000110685797,
               "id" : "r1_c6",
               "type" : "evalhtml",
               "e_time" : 51.2450002133846
            },
            {
               "s_time" : 51.7959999851882,
               "time" : 23.0090003460646,
               "type" : "evalhtml",
               "id" : "r1_c7",
               "e_time" : 74.8050003312528
            }
         ],
         "download" : {
            "receiveFirst" : 3,
            "len" : 6850,
            "dns" : 0,
            "dnsEnd" : -1,
            "receiveHeadersEnd" : 3,
            "sslEnd" : -1,
            "connectEnd" : 0,
            "connectStart" : 0,
            "id" : "download_0",
            "receivedTime" : "22.1190000884235",
            "sslStart" : -1,
            "dnsStart" : -1,
            "receiveLast" : 19.1190000884235,
            "s_time" : 0,
            "sendEnd" : 0,
            "sendStart" : 0,
            "type" : "text/html"
         }
      },
      {
         "when_comp_start" : -1,
         "url" : "http://modified.testbed.localhost/fast.fonts.com/jsapi/a1ae08c2-5050-41d0-b924-08e4f8aafb4d.js",
         "id" : "r2",
         "comps" : [
            {
               "s_time" : 35.6160001829267,
               "time" : 10.4510001838207,
               "type" : 1,
               "id" : "comp_1",
               "e_time" : 46.0670003667474
            }
         ],
         "download" : {
            "receiveFirst" : 3,
            "len" : 19075,
            "dns" : 0,
            "dnsEnd" : -1,
            "receiveHeadersEnd" : 8,
            "sslEnd" : -1,
            "connectEnd" : 5,
            "connectStart" : 0,
            "id" : "download_1",
            "receivedTime" : "35.5569999665022",
            "sslStart" : -1,
            "dnsStart" : -1,
            "receiveLast" : 27.5569999665022,
            "s_time" : 23.6780000850558,
            "sendEnd" : 5,
            "sendStart" : 5,
            "type" : "application/javascript"
         }
      },
      {
         "when_comp_start" : -1,
         "url" : "http://modified.testbed.localhost/www.liveeyewear.com/css/style.css",
         "id" : "r3",
         "comps" : [
            {
               "s_time" : 33.3090000785887,
               "time" : 0.0160001218318939,
               "type" : 4,
               "id" : "comp_0",
               "e_time" : 33.3250002004206
            }
         ],
         "download" : {
            "receiveFirst" : 4,
            "len" : 3208,
            "dns" : 0,
            "dnsEnd" : -1,
            "receiveHeadersEnd" : 8,
            "sslEnd" : -1,
            "connectEnd" : 4,
            "connectStart" : 0,
            "id" : "download_2",
            "receivedTime" : "33.2250003702939",
            "sslStart" : -1,
            "dnsStart" : -1,
            "receiveLast" : 25.2250003702939,
            "s_time" : 23.9619999192655,
            "sendEnd" : 4,
            "sendStart" : 4,
            "type" : "text/css"
         }
      },
      {
         "when_comp_start" : -1,
         "url" : "http://modified.testbed.localhost/www.liveeyewear.com/js/functions.js",
         "id" : "r4",
         "comps" : [
            {
               "s_time" : 46.7759999446571,
               "time" : 2.1540001034737,
               "type" : 1,
               "id" : "comp_2",
               "e_time" : 48.9300000481308
            }
         ],
         "download" : {
            "receiveFirst" : 5,
            "len" : 2492,
            "dns" : 0,
            "dnsEnd" : -1,
            "receiveHeadersEnd" : 9,
            "sslEnd" : -1,
            "connectEnd" : 4,
            "connectStart" : 0,
            "id" : "download_3",
            "receivedTime" : "33.9609999209642",
            "sslStart" : -1,
            "dnsStart" : -1,
            "receiveLast" : 24.9609999209642,
            "s_time" : 24.1630002856255,
            "sendEnd" : 4,
            "sendStart" : 4,
            "type" : "application/javascript"
         }
      },
      {
         "when_comp_start" : -1,
         "url" : "http://modified.testbed.localhost/www.liveeyewear.com/js/dw_event.js",
         "id" : "r5",
         "comps" : [
            {
               "s_time" : 49.006000161171,
               "time" : 0.217999797314398,
               "type" : 1,
               "id" : "comp_4",
               "e_time" : 49.2239999584854
            }
         ],
         "download" : {
            "receiveFirst" : 4,
            "len" : 1372,
            "dns" : 0,
            "dnsEnd" : -1,
            "receiveHeadersEnd" : 8,
            "sslEnd" : -1,
            "connectEnd" : 4,
            "connectStart" : 0,
            "id" : "download_4",
            "receivedTime" : "34.5620000734925",
            "sslStart" : -1,
            "dnsStart" : -1,
            "receiveLast" : 26.5620000734925,
            "s_time" : 24.364999961108,
            "sendEnd" : 4,
            "sendStart" : 4,
            "type" : "application/javascript"
         }
      },
      {
         "when_comp_start" : -1,
         "url" : "http://modified.testbed.localhost/www.liveeyewear.com/js/dw_scroll.js",
         "id" : "r6",
         "comps" : [
            {
               "s_time" : 49.27400033921,
               "time" : 0.663999933749501,
               "type" : 1,
               "id" : "comp_6",
               "e_time" : 49.9380002729595
            }
         ],
         "download" : {
            "receiveFirst" : 5,
            "len" : 9328,
            "dns" : 0,
            "dnsEnd" : -1,
            "receiveHeadersEnd" : 9,
            "sslEnd" : -1,
            "connectEnd" : 4,
            "connectStart" : 0,
            "id" : "download_5",
            "receivedTime" : "34.8650002852082",
            "sslStart" : -1,
            "dnsStart" : -1,
            "receiveLast" : 25.8650002852082,
            "s_time" : 24.5650000870228,
            "sendEnd" : 4,
            "sendStart" : 4,
            "type" : "application/javascript"
         }
      },
      {
         "when_comp_start" : -1,
         "url" : "http://modified.testbed.localhost/www.liveeyewear.com/js/dw_scrollbar.js",
         "id" : "r7",
         "comps" : [
            {
               "s_time" : 50.3520001657307,
               "time" : 0.694999936968102,
               "type" : 1,
               "id" : "comp_11",
               "e_time" : 51.0470001026988
            }
         ],
         "download" : {
            "receiveFirst" : 6,
            "len" : 13385,
            "dns" : 0,
            "dnsEnd" : -1,
            "receiveHeadersEnd" : 9,
            "sslEnd" : -1,
            "connectEnd" : 3,
            "connectStart" : 0,
            "id" : "download_6",
            "receivedTime" : "50.2770002931356",
            "sslStart" : -1,
            "dnsStart" : -1,
            "receiveLast" : 41.2770002931356,
            "s_time" : 24.7909999452531,
            "sendEnd" : 3,
            "sendStart" : 3,
            "type" : "application/javascript"
         }
      },
      {
         "when_comp_start" : -1,
         "url" : "http://modified.testbed.localhost/www.liveeyewear.com/js/scroll_controls.js",
         "id" : "r8",
         "comps" : [
            {
               "s_time" : 51.3230003416538,
               "time" : 0.472999643534401,
               "type" : 1,
               "id" : "comp_13",
               "e_time" : 51.7959999851882
            }
         ],
         "download" : {
            "receiveFirst" : 3,
            "len" : 11233,
            "dns" : 0,
            "dnsEnd" : -1,
            "receiveHeadersEnd" : 10,
            "sslEnd" : -1,
            "connectEnd" : 7,
            "connectStart" : 0,
            "id" : "download_7",
            "receivedTime" : "51.2850000523031",
            "sslStart" : -1,
            "dnsStart" : -1,
            "receiveLast" : 41.2850000523031,
            "s_time" : 24.9920003116131,
            "sendEnd" : 7,
            "sendStart" : 7,
            "type" : "application/javascript"
         }
      },
      {
         "when_comp_start" : -1,
         "url" : "http://modified.testbed.localhost/www.liveeyewear.com/images/live_eyewear_logo.png",
         "id" : "r9",
         "comps" : [],
         "download" : {
            "receiveFirst" : 6,
            "len" : 9176,
            "dns" : 0,
            "dnsEnd" : -1,
            "receiveHeadersEnd" : 14,
            "sslEnd" : -1,
            "connectEnd" : 8,
            "connectStart" : 0,
            "id" : "download_8",
            "receivedTime" : "60.2850001305342",
            "sslStart" : -1,
            "dnsStart" : -1,
            "receiveLast" : 46.2850001305342,
            "s_time" : 25.1840003766119,
            "sendEnd" : 8,
            "sendStart" : 8,
            "type" : "image/png"
         }
      },
      {
         "when_comp_start" : -1,
         "url" : "http://modified.testbed.localhost/www.liveeyewear.com/images/menu_home_on.gif",
         "id" : "r10",
         "comps" : [],
         "download" : {
            "receiveFirst" : 2,
            "len" : 206,
            "dns" : 0,
            "dnsEnd" : -1,
            "receiveHeadersEnd" : 6,
            "sslEnd" : -1,
            "connectEnd" : 4,
            "connectStart" : 0,
            "id" : "download_9",
            "receivedTime" : "60.5370001867414",
            "sslStart" : -1,
            "dnsStart" : -1,
            "receiveLast" : 54.5370001867414,
            "s_time" : 35.9380003064871,
            "sendEnd" : 4,
            "sendStart" : 4,
            "type" : "image/gif"
         }
      },
      {
         "when_comp_start" : -1,
         "url" : "http://modified.testbed.localhost/www.liveeyewear.com/images/menu_contact_us_off.gif",
         "id" : "r11",
         "comps" : [],
         "download" : {
            "receiveFirst" : 4,
            "len" : 290,
            "dns" : 0,
            "dnsEnd" : -1,
            "receiveHeadersEnd" : 7,
            "sslEnd" : -1,
            "connectEnd" : 3,
            "connectStart" : 0,
            "id" : "download_10",
            "receivedTime" : "60.7920000329614",
            "sslStart" : -1,
            "dnsStart" : -1,
            "receiveLast" : 53.7920000329614,
            "s_time" : 36.2579999491572,
            "sendEnd" : 3,
            "sendStart" : 3,
            "type" : "image/gif"
         }
      },
      {
         "when_comp_start" : -1,
         "url" : "http://modified.testbed.localhost/www.liveeyewear.com/images/menu_dealer_locator_off.gif",
         "id" : "r12",
         "comps" : [],
         "download" : {
            "receiveFirst" : 4,
            "len" : 344,
            "dns" : 0,
            "dnsEnd" : -1,
            "receiveHeadersEnd" : 7,
            "sslEnd" : -1,
            "connectEnd" : 3,
            "connectStart" : 0,
            "id" : "download_11",
            "receivedTime" : "60.8930001035333",
            "sslStart" : -1,
            "dnsStart" : -1,
            "receiveLast" : 53.8930001035333,
            "s_time" : 36.5630001761019,
            "sendEnd" : 3,
            "sendStart" : 3,
            "type" : "image/gif"
         }
      },
      {
         "when_comp_start" : -1,
         "url" : "http://modified.testbed.localhost/www.liveeyewear.com/images/menu_register_warranty_off.gif",
         "id" : "r13",
         "comps" : [],
         "download" : {
            "receiveFirst" : 6,
            "len" : 636,
            "dns" : 0,
            "dnsEnd" : -1,
            "receiveHeadersEnd" : 9,
            "sslEnd" : -1,
            "connectEnd" : 3,
            "connectStart" : 0,
            "id" : "download_12",
            "receivedTime" : "61.192000284791",
            "sslStart" : -1,
            "dnsStart" : -1,
            "receiveLast" : 52.192000284791,
            "s_time" : 36.8389999493957,
            "sendEnd" : 3,
            "sendStart" : 3,
            "type" : "image/gif"
         }
      },
      {
         "when_comp_start" : -1,
         "url" : "http://modified.testbed.localhost/www.liveeyewear.com/images/menu_opportunities_off.gif",
         "id" : "r14",
         "comps" : [],
         "download" : {
            "receiveFirst" : 6,
            "len" : 307,
            "dns" : 0,
            "dnsEnd" : -1,
            "receiveHeadersEnd" : 9,
            "sslEnd" : -1,
            "connectEnd" : 3,
            "connectStart" : 0,
            "id" : "download_13",
            "receivedTime" : "61.2920001149178",
            "sslStart" : -1,
            "dnsStart" : -1,
            "receiveLast" : 52.2920001149178,
            "s_time" : 37.1420001611114,
            "sendEnd" : 3,
            "sendStart" : 3,
            "type" : "image/gif"
         }
      },
      {
         "when_comp_start" : -1,
         "url" : "http://modified.testbed.localhost/www.liveeyewear.com/images/menu_employment_off.gif",
         "id" : "r15",
         "comps" : [],
         "download" : {
            "receiveFirst" : 6,
            "len" : 303,
            "dns" : 0,
            "dnsEnd" : -1,
            "receiveHeadersEnd" : 9,
            "sslEnd" : -1,
            "connectEnd" : 3,
            "connectStart" : 0,
            "id" : "download_14",
            "receivedTime" : "61.4050002768636",
            "sslStart" : -1,
            "dnsStart" : -1,
            "receiveLast" : 52.4050002768636,
            "s_time" : 37.4120003543794,
            "sendEnd" : 3,
            "sendStart" : 3,
            "type" : "image/gif"
         }
      },
      {
         "when_comp_start" : -1,
         "url" : "http://modified.testbed.localhost/www.liveeyewear.com/images/menu_dealer_login_off.gif",
         "id" : "r16",
         "comps" : [],
         "download" : {
            "receiveFirst" : 6,
            "len" : 299,
            "dns" : 0,
            "dnsEnd" : -1,
            "receiveHeadersEnd" : 12,
            "sslEnd" : -1,
            "connectEnd" : 6,
            "connectStart" : 0,
            "id" : "download_15",
            "receivedTime" : "65.6730001792312",
            "sslStart" : -1,
            "dnsStart" : -1,
            "receiveLast" : 53.6730001792312,
            "s_time" : 37.6420002430677,
            "sendEnd" : 6,
            "sendStart" : 6,
            "type" : "image/gif"
         }
      },
      {
         "when_comp_start" : -1,
         "url" : "http://modified.testbed.localhost/www.liveeyewear.com/images/menu_legal_off.gif",
         "id" : "r17",
         "comps" : [],
         "download" : {
            "receiveFirst" : 5,
            "len" : 186,
            "dns" : 0,
            "dnsEnd" : -1,
            "receiveHeadersEnd" : 12,
            "sslEnd" : -1,
            "connectEnd" : 7,
            "connectStart" : 0,
            "id" : "download_16",
            "receivedTime" : "65.9159999340773",
            "sslStart" : -1,
            "dnsStart" : -1,
            "receiveLast" : 53.9159999340773,
            "s_time" : 37.8900002688169,
            "sendEnd" : 7,
            "sendStart" : 7,
            "type" : "image/gif"
         }
      },
      {
         "when_comp_start" : -1,
         "url" : "http://modified.testbed.localhost/www.liveeyewear.com/images/btn-up.gif",
         "id" : "r18",
         "comps" : [],
         "download" : {
            "receiveFirst" : 5,
            "len" : 243,
            "dns" : 0,
            "dnsEnd" : -1,
            "receiveHeadersEnd" : 12,
            "sslEnd" : -1,
            "connectEnd" : 7,
            "connectStart" : 0,
            "id" : "download_17",
            "receivedTime" : "66.0480000078678",
            "sslStart" : -1,
            "dnsStart" : -1,
            "receiveLast" : 54.0480000078678,
            "s_time" : 38.1260002031922,
            "sendEnd" : 7,
            "sendStart" : 7,
            "type" : "image/gif"
         }
      },
      {
         "when_comp_start" : -1,
         "url" : "http://modified.testbed.localhost/www.liveeyewear.com/images/btn-dn.gif",
         "id" : "r19",
         "comps" : [],
         "download" : {
            "receiveFirst" : 4,
            "len" : 186,
            "dns" : 0,
            "dnsEnd" : -1,
            "receiveHeadersEnd" : 12,
            "sslEnd" : -1,
            "connectEnd" : 8,
            "connectStart" : 0,
            "id" : "download_18",
            "receivedTime" : "66.2600002251565",
            "sslStart" : -1,
            "dnsStart" : -1,
            "receiveLast" : 54.2600002251565,
            "s_time" : 40.6840001232922,
            "sendEnd" : 8,
            "sendStart" : 8,
            "type" : "image/gif"
         }
      },
      {
         "when_comp_start" : -1,
         "url" : "http://modified.testbed.localhost/www.liveeyewear.com/images/button_cocoons.jpg",
         "id" : "r20",
         "comps" : [],
         "download" : {
            "receiveFirst" : 4,
            "len" : 35719,
            "dns" : 0,
            "dnsEnd" : -1,
            "receiveHeadersEnd" : 10,
            "sslEnd" : -1,
            "connectEnd" : 6,
            "connectStart" : 0,
            "id" : "download_19",
            "receivedTime" : "67.1970001421869",
            "sslStart" : -1,
            "dnsStart" : -1,
            "receiveLast" : 57.1970001421869,
            "s_time" : 43.2220003567636,
            "sendEnd" : 6,
            "sendStart" : 6,
            "type" : "image/jpeg"
         }
      },
      {
         "when_comp_start" : -1,
         "url" : "http://modified.testbed.localhost/www.liveeyewear.com/images/button_vistana.png",
         "id" : "r21",
         "comps" : [],
         "download" : {
            "receiveFirst" : 5,
            "len" : 6325,
            "dns" : 0,
            "dnsEnd" : -1,
            "receiveHeadersEnd" : 10,
            "sslEnd" : -1,
            "connectEnd" : 5,
            "connectStart" : 0,
            "id" : "download_20",
            "receivedTime" : "66.6990000754595",
            "sslStart" : -1,
            "dnsStart" : -1,
            "receiveLast" : 56.6990000754595,
            "s_time" : 44.5290002971888,
            "sendEnd" : 5,
            "sendStart" : 5,
            "type" : "image/png"
         }
      },
      {
         "when_comp_start" : -1,
         "url" : "http://modified.testbed.localhost/www.liveeyewear.com/images/background.gif",
         "id" : "r31",
         "comps" : [],
         "download" : {
            "receiveFirst" : 3,
            "len" : 1870,
            "dns" : 0,
            "dnsEnd" : -1,
            "receiveHeadersEnd" : 7,
            "sslEnd" : -1,
            "connectEnd" : 4,
            "connectStart" : 0,
            "id" : "download_21",
            "receivedTime" : "66.9550001621246",
            "sslStart" : -1,
            "dnsStart" : -1,
            "receiveLast" : 59.9550001621246,
            "s_time" : 49.0080001763999,
            "sendEnd" : 4,
            "sendStart" : 4,
            "type" : "image/gif"
         }
      },
      {
         "when_comp_start" : 1,
         "url" : "http://modified.testbed.localhost/images/menu_home_on.gif",
         "id" : "r32",
         "comps" : [],
         "download" : {
            "receiveFirst" : 6,
            "len" : 313,
            "dns" : 0,
            "dnsEnd" : -1,
            "receiveHeadersEnd" : 9,
            "sslEnd" : -1,
            "connectEnd" : 3,
            "connectStart" : 0,
            "id" : "download_22",
            "receivedTime" : "67.4290000461042",
            "sslStart" : -1,
            "dnsStart" : -1,
            "receiveLast" : 58.4290000461042,
            "s_time" : 49.4369999505579,
            "sendEnd" : 3,
            "sendStart" : 3,
            "type" : "text/html"
         }
      },
      {
         "when_comp_start" : 1,
         "url" : "http://modified.testbed.localhost/images/menu_home_off.gif",
         "id" : "r33",
         "comps" : [],
         "download" : {
            "receiveFirst" : 6,
            "len" : 314,
            "dns" : 0,
            "dnsEnd" : -1,
            "receiveHeadersEnd" : 9,
            "sslEnd" : -1,
            "connectEnd" : 3,
            "connectStart" : 0,
            "id" : "download_23",
            "receivedTime" : "67.6150000654161",
            "sslStart" : -1,
            "dnsStart" : -1,
            "receiveLast" : 58.6150000654161,
            "s_time" : 49.8680002056062,
            "sendEnd" : 3,
            "sendStart" : 3,
            "type" : "text/html"
         }
      },
      {
         "when_comp_start" : 1,
         "url" : "http://modified.testbed.localhost/images/menu_contact_us_on.gif",
         "id" : "r34",
         "comps" : [],
         "download" : {
            "receiveFirst" : 4,
            "len" : 319,
            "dns" : 0,
            "dnsEnd" : -1,
            "receiveHeadersEnd" : 8,
            "sslEnd" : -1,
            "connectEnd" : 4,
            "connectStart" : 0,
            "id" : "download_24",
            "receivedTime" : "67.6870001479983",
            "sslStart" : -1,
            "dnsStart" : -1,
            "receiveLast" : 59.6870001479983,
            "s_time" : 51.2450002133846,
            "sendEnd" : 4,
            "sendStart" : 4,
            "type" : "text/html"
         }
      },
      {
         "when_comp_start" : 1,
         "url" : "http://modified.testbed.localhost/images/menu_contact_us_off.gif",
         "id" : "r35",
         "comps" : [],
         "download" : {
            "receiveFirst" : 4,
            "len" : 320,
            "dns" : 0,
            "dnsEnd" : -1,
            "receiveHeadersEnd" : 9,
            "sslEnd" : -1,
            "connectEnd" : 5,
            "connectStart" : 0,
            "id" : "download_25",
            "receivedTime" : "67.8750001825392",
            "sslStart" : -1,
            "dnsStart" : -1,
            "receiveLast" : 58.8750001825392,
            "s_time" : 52.008000202477,
            "sendEnd" : 5,
            "sendStart" : 5,
            "type" : "text/html"
         }
      },
      {
         "when_comp_start" : 1,
         "url" : "http://modified.testbed.localhost/images/menu_dealer_locator_on.gif",
         "id" : "r36",
         "comps" : [],
         "download" : {
            "receiveFirst" : 4,
            "len" : 323,
            "dns" : 0,
            "dnsEnd" : -1,
            "receiveHeadersEnd" : 9,
            "sslEnd" : -1,
            "connectEnd" : 5,
            "connectStart" : 0,
            "id" : "download_26",
            "receivedTime" : "67.9970001801848",
            "sslStart" : -1,
            "dnsStart" : -1,
            "receiveLast" : 58.9970001801848,
            "s_time" : 52.5790001265705,
            "sendEnd" : 5,
            "sendStart" : 5,
            "type" : "text/html"
         }
      },
      {
         "when_comp_start" : 1,
         "url" : "http://modified.testbed.localhost/images/menu_dealer_locator_off.gif",
         "id" : "r37",
         "comps" : [],
         "download" : {
            "receiveFirst" : 4,
            "len" : 324,
            "dns" : 0,
            "dnsEnd" : -1,
            "receiveHeadersEnd" : 8,
            "sslEnd" : -1,
            "connectEnd" : 4,
            "connectStart" : 0,
            "id" : "download_27",
            "receivedTime" : "68.164000287652",
            "sslStart" : -1,
            "dnsStart" : -1,
            "receiveLast" : 60.164000287652,
            "s_time" : 54.4549999758601,
            "sendEnd" : 4,
            "sendStart" : 4,
            "type" : "text/html"
         }
      },
      {
         "when_comp_start" : 1,
         "url" : "http://modified.testbed.localhost/images/menu_register_warranty_on.gif",
         "id" : "r38",
         "comps" : [],
         "download" : {
            "receiveFirst" : 4,
            "len" : 326,
            "dns" : 0,
            "dnsEnd" : -1,
            "receiveHeadersEnd" : 8,
            "sslEnd" : -1,
            "connectEnd" : 4,
            "connectStart" : 0,
            "id" : "download_28",
            "receivedTime" : "68.4030000120401",
            "sslStart" : -1,
            "dnsStart" : -1,
            "receiveLast" : 60.4030000120401,
            "s_time" : 56.230999995023,
            "sendEnd" : 4,
            "sendStart" : 4,
            "type" : "text/html"
         }
      },
      {
         "when_comp_start" : 1,
         "url" : "http://modified.testbed.localhost/images/menu_register_warranty_off.gif",
         "id" : "r39",
         "comps" : [],
         "download" : {
            "receiveFirst" : 3,
            "len" : 327,
            "dns" : 0,
            "dnsEnd" : -1,
            "receiveHeadersEnd" : 7,
            "sslEnd" : -1,
            "connectEnd" : 4,
            "connectStart" : 0,
            "id" : "download_29",
            "receivedTime" : "68.5519999824464",
            "sslStart" : -1,
            "dnsStart" : -1,
            "receiveLast" : 61.5519999824464,
            "s_time" : 57.2319999337196,
            "sendEnd" : 4,
            "sendStart" : 4,
            "type" : "text/html"
         }
      },
      {
         "when_comp_start" : 1,
         "url" : "http://modified.testbed.localhost/images/menu_opportunities_on.gif",
         "id" : "r40",
         "comps" : [],
         "download" : {
            "receiveFirst" : 5,
            "len" : 322,
            "dns" : 0,
            "dnsEnd" : -1,
            "receiveHeadersEnd" : 8,
            "sslEnd" : -1,
            "connectEnd" : 3,
            "connectStart" : 0,
            "id" : "download_30",
            "receivedTime" : "68.7420000322163",
            "sslStart" : -1,
            "dnsStart" : -1,
            "receiveLast" : 60.7420000322163,
            "s_time" : 58.3910001441836,
            "sendEnd" : 3,
            "sendStart" : 3,
            "type" : "text/html"
         }
      },
      {
         "when_comp_start" : 1,
         "url" : "http://modified.testbed.localhost/images/menu_opportunities_off.gif",
         "id" : "r41",
         "comps" : [],
         "download" : {
            "receiveFirst" : 4,
            "len" : 323,
            "dns" : 0,
            "dnsEnd" : -1,
            "receiveHeadersEnd" : 8,
            "sslEnd" : -1,
            "connectEnd" : 4,
            "connectStart" : 0,
            "id" : "download_31",
            "receivedTime" : "68.9410003833473",
            "sslStart" : -1,
            "dnsStart" : -1,
            "receiveLast" : 60.9410003833473,
            "s_time" : 59.3550000339746,
            "sendEnd" : 4,
            "sendStart" : 4,
            "type" : "text/html"
         }
      },
      {
         "when_comp_start" : 1,
         "url" : "http://modified.testbed.localhost/images/menu_employment_on.gif",
         "id" : "r42",
         "comps" : [],
         "download" : {
            "receiveFirst" : 4,
            "len" : 319,
            "dns" : 0,
            "dnsEnd" : -1,
            "receiveHeadersEnd" : 7,
            "sslEnd" : -1,
            "connectEnd" : 3,
            "connectStart" : 0,
            "id" : "download_32",
            "receivedTime" : "69.1670002415776",
            "sslStart" : -1,
            "dnsStart" : -1,
            "receiveLast" : 62.1670002415776,
            "s_time" : 60.5950001627207,
            "sendEnd" : 3,
            "sendStart" : 3,
            "type" : "text/html"
         }
      },
      {
         "when_comp_start" : 1,
         "url" : "http://modified.testbed.localhost/images/menu_employment_off.gif",
         "id" : "r43",
         "comps" : [],
         "download" : {
            "receiveFirst" : 5,
            "len" : 320,
            "dns" : 0,
            "dnsEnd" : -1,
            "receiveHeadersEnd" : 8,
            "sslEnd" : -1,
            "connectEnd" : 3,
            "connectStart" : 0,
            "id" : "download_33",
            "receivedTime" : "70.2210003510118",
            "sslStart" : -1,
            "dnsStart" : -1,
            "receiveLast" : 62.2210003510118,
            "s_time" : 61.016000341624,
            "sendEnd" : 3,
            "sendStart" : 3,
            "type" : "text/html"
         }
      },
      {
         "when_comp_start" : 1,
         "url" : "http://modified.testbed.localhost/images/menu_dealer_login_on.gif",
         "id" : "r44",
         "comps" : [],
         "download" : {
            "receiveFirst" : 4,
            "len" : 321,
            "dns" : 0,
            "dnsEnd" : -1,
            "receiveHeadersEnd" : 8,
            "sslEnd" : -1,
            "connectEnd" : 4,
            "connectStart" : 0,
            "id" : "download_34",
            "receivedTime" : "71.6019999235868",
            "sslStart" : -1,
            "dnsStart" : -1,
            "receiveLast" : 63.6019999235868,
            "s_time" : 62.4410002492368,
            "sendEnd" : 4,
            "sendStart" : 4,
            "type" : "text/html"
         }
      },
      {
         "when_comp_start" : 1,
         "url" : "http://modified.testbed.localhost/images/menu_dealer_login_off.gif",
         "id" : "r45",
         "comps" : [],
         "download" : {
            "receiveFirst" : 4,
            "len" : 322,
            "dns" : 0,
            "dnsEnd" : -1,
            "receiveHeadersEnd" : 8,
            "sslEnd" : -1,
            "connectEnd" : 4,
            "connectStart" : 0,
            "id" : "download_35",
            "receivedTime" : "72.1269999630749",
            "sslStart" : -1,
            "dnsStart" : -1,
            "receiveLast" : 64.1269999630749,
            "s_time" : 62.9230001941323,
            "sendEnd" : 4,
            "sendStart" : 4,
            "type" : "text/html"
         }
      },
      {
         "when_comp_start" : 1,
         "url" : "http://modified.testbed.localhost/images/menu_legal_on.gif",
         "id" : "r46",
         "comps" : [],
         "download" : {
            "receiveFirst" : 4,
            "len" : 314,
            "dns" : 0,
            "dnsEnd" : -1,
            "receiveHeadersEnd" : 8,
            "sslEnd" : -1,
            "connectEnd" : 4,
            "connectStart" : 0,
            "id" : "download_36",
            "receivedTime" : "73.8320001401007",
            "sslStart" : -1,
            "dnsStart" : -1,
            "receiveLast" : 65.8320001401007,
            "s_time" : 63.8610003516078,
            "sendEnd" : 4,
            "sendStart" : 4,
            "type" : "text/html"
         }
      },
      {
         "when_comp_start" : 1,
         "url" : "http://modified.testbed.localhost/images/menu_legal_off.gif",
         "id" : "r47",
         "comps" : [],
         "download" : {
            "receiveFirst" : 5,
            "len" : 315,
            "dns" : 0,
            "dnsEnd" : -1,
            "receiveHeadersEnd" : 9,
            "sslEnd" : -1,
            "connectEnd" : 4,
            "connectStart" : 0,
            "id" : "download_37",
            "receivedTime" : "74.7440000995994",
            "sslStart" : -1,
            "dnsStart" : -1,
            "receiveLast" : 65.7440000995994,
            "s_time" : 65.3200000524521,
            "sendEnd" : 4,
            "sendStart" : 4,
            "type" : "text/html"
         }
      },
      {
         "when_comp_start" : -1,
         "url" : "http://modified.testbed.localhost/www.liveeyewear.com/images/button_cocoons_goggles.png",
         "id" : "r23",
         "comps" : [],
         "download" : {
            "receiveFirst" : 5,
            "len" : 7504,
            "dns" : 0,
            "dnsEnd" : -1,
            "receiveHeadersEnd" : 9,
            "sslEnd" : -1,
            "connectEnd" : 4,
            "connectStart" : 0,
            "id" : "download_38",
            "receivedTime" : "76.3100003823638",
            "sslStart" : -1,
            "dnsStart" : -1,
            "receiveLast" : 67.3100003823638,
            "s_time" : 65.1420000940561,
            "sendEnd" : 4,
            "sendStart" : 4,
            "type" : "image/png"
         }
      },
      {
         "when_comp_start" : -1,
         "url" : "http://modified.testbed.localhost/www.liveeyewear.com/images/button_cocoons_sidekick.png",
         "id" : "r24",
         "comps" : [],
         "download" : {
            "receiveFirst" : 4,
            "len" : 7084,
            "dns" : 0,
            "dnsEnd" : -1,
            "receiveHeadersEnd" : 7,
            "sslEnd" : -1,
            "connectEnd" : 3,
            "connectStart" : 0,
            "id" : "download_39",
            "receivedTime" : "76.4999999664724",
            "sslStart" : -1,
            "dnsStart" : -1,
            "receiveLast" : 69.4999999664724,
            "s_time" : 66.7930003255606,
            "sendEnd" : 3,
            "sendStart" : 3,
            "type" : "image/png"
         }
      },
      {
         "when_comp_start" : -1,
         "url" : "http://modified.testbed.localhost/www.liveeyewear.com/images/overx_banner.png",
         "id" : "r25",
         "comps" : [],
         "download" : {
            "receiveFirst" : 3,
            "len" : 5553,
            "dns" : 0,
            "dnsEnd" : -1,
            "receiveHeadersEnd" : 7,
            "sslEnd" : -1,
            "connectEnd" : 3,
            "connectStart" : 0,
            "id" : "download_40",
            "receivedTime" : "77.6590001769364",
            "sslStart" : -1,
            "dnsStart" : -1,
            "receiveLast" : 70.6590001769364,
            "s_time" : 67.9840003140271,
            "sendEnd" : 4,
            "sendStart" : 3,
            "type" : "image/png"
         }
      },
      {
         "when_comp_start" : -1,
         "url" : "http://modified.testbed.localhost/www.liveeyewear.com/images/best_sunglass.png",
         "id" : "r26",
         "comps" : [],
         "download" : {
            "receiveFirst" : 4,
            "len" : 1956,
            "dns" : 0,
            "dnsEnd" : -1,
            "receiveHeadersEnd" : 7,
            "sslEnd" : -1,
            "connectEnd" : 3,
            "connectStart" : 0,
            "id" : "download_41",
            "receivedTime" : "77.4730001576245",
            "sslStart" : -1,
            "dnsStart" : -1,
            "receiveLast" : 70.4730001576245,
            "s_time" : 68.4720003046095,
            "sendEnd" : 3,
            "sendStart" : 3,
            "type" : "image/png"
         }
      },
      {
         "when_comp_start" : -1,
         "url" : "http://modified.testbed.localhost/www.liveeyewear.com/images/copyright.png",
         "id" : "r27",
         "comps" : [],
         "download" : {
            "receiveFirst" : 3,
            "len" : 973,
            "dns" : 0,
            "dnsEnd" : -1,
            "receiveHeadersEnd" : 7,
            "sslEnd" : -1,
            "connectEnd" : 4,
            "connectStart" : 0,
            "id" : "download_42",
            "receivedTime" : "78.2960001379251",
            "sslStart" : -1,
            "dnsStart" : -1,
            "receiveLast" : 71.2960001379251,
            "s_time" : 69.5110000669956,
            "sendEnd" : 4,
            "sendStart" : 4,
            "type" : "image/png"
         }
      },
      {
         "when_comp_start" : -1,
         "url" : "http://modified.testbed.localhost/www.liveeyewear.com/images/facebook_icon.png",
         "id" : "r28",
         "comps" : [],
         "download" : {
            "receiveFirst" : 3,
            "len" : 3117,
            "dns" : 0,
            "dnsEnd" : -1,
            "receiveHeadersEnd" : 7,
            "sslEnd" : -1,
            "connectEnd" : 4,
            "connectStart" : 0,
            "id" : "download_43",
            "receivedTime" : "79.9370002932847",
            "sslStart" : -1,
            "dnsStart" : -1,
            "receiveLast" : 72.9370002932847,
            "s_time" : 70.9040001966059,
            "sendEnd" : 4,
            "sendStart" : 4,
            "type" : "image/png"
         }
      },
      {
         "when_comp_start" : -1,
         "url" : "http://modified.testbed.localhost/www.liveeyewear.com/images/background.jpg",
         "id" : "r48",
         "comps" : [],
         "download" : {
            "receiveFirst" : 3,
            "len" : 28244,
            "dns" : 0,
            "dnsEnd" : -1,
            "receiveHeadersEnd" : 7,
            "sslEnd" : -1,
            "connectEnd" : 4,
            "connectStart" : 0,
            "id" : "download_44",
            "receivedTime" : "82.7450002543628",
            "sslStart" : -1,
            "dnsStart" : -1,
            "receiveLast" : 75.7450002543628,
            "s_time" : 72.1909999847412,
            "sendEnd" : 4,
            "sendStart" : 4,
            "type" : "image/jpeg"
         }
      },
      {
         "when_comp_start" : -1,
         "url" : "http://modified.testbed.localhost/www.liveeyewear.com/images/leftnav_divider.gif",
         "id" : "r49",
         "comps" : [],
         "download" : {
            "receiveFirst" : 4,
            "len" : 516,
            "dns" : 0,
            "dnsEnd" : -1,
            "receiveHeadersEnd" : 7,
            "sslEnd" : -1,
            "connectEnd" : 3,
            "connectStart" : 0,
            "id" : "download_45",
            "receivedTime" : "81.4660000614822",
            "sslStart" : -1,
            "dnsStart" : -1,
            "receiveLast" : 74.4660000614822,
            "s_time" : 73.6770001240075,
            "sendEnd" : 3,
            "sendStart" : 3,
            "type" : "image/gif"
         }
      },
      {
         "when_comp_start" : -1,
         "url" : "http://modified.testbed.localhost/www.liveeyewear.com/images/content_bg.png",
         "id" : "r50",
         "comps" : [],
         "download" : {
            "receiveFirst" : 4,
            "len" : 1639,
            "dns" : 0,
            "dnsEnd" : -1,
            "receiveHeadersEnd" : 6,
            "sslEnd" : -1,
            "connectEnd" : 2,
            "connectStart" : 0,
            "id" : "download_46",
            "receivedTime" : "82.0150002837181",
            "sslStart" : -1,
            "dnsStart" : -1,
            "receiveLast" : 76.0150002837181,
            "s_time" : 74.8050003312528,
            "sendEnd" : 2,
            "sendStart" : 2,
            "type" : "image/png"
         }
      },
      {
         "when_comp_start" : -1,
         "url" : "http://modified.testbed.localhost/www.liveeyewear.com/images/button_cocoons_clipons.png",
         "id" : "r22",
         "comps" : [],
         "download" : {
            "receiveFirst" : 3,
            "len" : 5629,
            "dns" : 0,
            "dnsEnd" : -1,
            "receiveHeadersEnd" : 35,
            "sslEnd" : -1,
            "connectEnd" : 32,
            "connectStart" : 0,
            "id" : "download_47",
            "receivedTime" : "82.3699999600649",
            "sslStart" : -1,
            "dnsStart" : -1,
            "receiveLast" : 47.3699999600649,
            "s_time" : 45.0890003703535,
            "sendEnd" : 32,
            "sendStart" : 32,
            "type" : "image/png"
         }
      }
   ],
   "deps" : [
      {
         "a2" : "r1_c2",
         "time" : -1,
         "id" : "dep1",
         "a1" : "comp_1"
      },
      {
         "a2" : "r1_c3",
         "time" : -1,
         "id" : "dep2",
         "a1" : "comp_2"
      },
      {
         "a2" : "r1_c4",
         "time" : -1,
         "id" : "dep3",
         "a1" : "comp_4"
      },
      {
         "a2" : "r1_c5",
         "time" : -1,
         "id" : "dep4",
         "a1" : "comp_6"
      },
      {
         "a2" : "r1_c6",
         "time" : -1,
         "id" : "dep5",
         "a1" : "comp_11"
      },
      {
         "a2" : "r1_c7",
         "time" : -1,
         "id" : "dep6",
         "a1" : "comp_13"
      },
      {
         "a2" : "comp_2",
         "time" : -1,
         "id" : "dep7",
         "a1" : "comp_1"
      },
      {
         "a2" : "comp_2",
         "time" : -1,
         "id" : "dep8",
         "a1" : "comp_0"
      },
      {
         "a2" : "comp_4",
         "time" : -1,
         "id" : "dep9",
         "a1" : "comp_2"
      },
      {
         "a2" : "comp_6",
         "time" : -1,
         "id" : "dep10",
         "a1" : "comp_4"
      },
      {
         "a2" : "comp_11",
         "time" : -1,
         "id" : "dep11",
         "a1" : "comp_6"
      },
      {
         "a2" : "comp_13",
         "time" : -1,
         "id" : "dep12",
         "a1" : "comp_11"
      },
      {
         "a2" : "download_47",
         "time" : -1,
         "id" : "dep13",
         "a1" : "r1_c1"
      },
      {
         "a2" : "download_46",
         "time" : -1,
         "id" : "dep14",
         "a1" : "r1_c7"
      },
      {
         "a2" : "download_45",
         "time" : 21.8810001388193,
         "id" : "dep15",
         "a1" : "r1_c7"
      },
      {
         "a2" : "download_44",
         "time" : 20.394999999553,
         "id" : "dep16",
         "a1" : "r1_c7"
      },
      {
         "a2" : "download_43",
         "time" : 19.1080002114177,
         "id" : "dep17",
         "a1" : "r1_c7"
      },
      {
         "a2" : "download_42",
         "time" : 17.7150000818074,
         "id" : "dep18",
         "a1" : "r1_c7"
      },
      {
         "a2" : "download_41",
         "time" : 16.6760003194213,
         "id" : "dep19",
         "a1" : "r1_c7"
      },
      {
         "a2" : "download_40",
         "time" : 16.1880003288389,
         "id" : "dep20",
         "a1" : "r1_c7"
      },
      {
         "a2" : "download_39",
         "time" : 14.9970003403724,
         "id" : "dep21",
         "a1" : "r1_c7"
      },
      {
         "a2" : "download_38",
         "time" : 13.3460001088679,
         "id" : "dep22",
         "a1" : "r1_c7"
      },
      {
         "a2" : "download_37",
         "time" : 13.5240000672639,
         "id" : "dep23",
         "a1" : "r1_c7"
      },
      {
         "a2" : "download_36",
         "time" : 12.0650003664196,
         "id" : "dep24",
         "a1" : "r1_c7"
      },
      {
         "a2" : "download_35",
         "time" : 11.1270002089441,
         "id" : "dep25",
         "a1" : "r1_c7"
      },
      {
         "a2" : "download_34",
         "time" : 10.6450002640486,
         "id" : "dep26",
         "a1" : "r1_c7"
      },
      {
         "a2" : "download_33",
         "time" : 9.2200003564358,
         "id" : "dep27",
         "a1" : "r1_c7"
      },
      {
         "a2" : "download_32",
         "time" : 8.7990001775325,
         "id" : "dep28",
         "a1" : "r1_c7"
      },
      {
         "a2" : "download_31",
         "time" : 7.55900004878639,
         "id" : "dep29",
         "a1" : "r1_c7"
      },
      {
         "a2" : "download_30",
         "time" : 6.5950001589954,
         "id" : "dep30",
         "a1" : "r1_c7"
      },
      {
         "a2" : "download_29",
         "time" : 5.4359999485314,
         "id" : "dep31",
         "a1" : "r1_c7"
      },
      {
         "a2" : "download_28",
         "time" : 4.43500000983479,
         "id" : "dep32",
         "a1" : "r1_c7"
      },
      {
         "a2" : "download_27",
         "time" : 2.65899999067189,
         "id" : "dep33",
         "a1" : "r1_c7"
      },
      {
         "a2" : "download_26",
         "time" : 0.783000141382296,
         "id" : "dep34",
         "a1" : "r1_c7"
      },
      {
         "a2" : "download_25",
         "time" : 0.212000217288796,
         "id" : "dep35",
         "a1" : "r1_c7"
      },
      {
         "a2" : "download_24",
         "time" : -1,
         "id" : "dep36",
         "a1" : "r1_c6"
      },
      {
         "a2" : "download_23",
         "time" : -1,
         "id" : "dep37",
         "a1" : "r1_c4"
      },
      {
         "a2" : "download_22",
         "time" : 0.212999992072497,
         "id" : "dep38",
         "a1" : "r1_c4"
      },
      {
         "a2" : "download_21",
         "time" : -1,
         "id" : "dep39",
         "a1" : "r1_c3"
      },
      {
         "a2" : "download_20",
         "time" : 21.7120000161231,
         "id" : "dep40",
         "a1" : "r1_c1"
      },
      {
         "a2" : "download_19",
         "time" : 20.4050000756979,
         "id" : "dep41",
         "a1" : "r1_c1"
      },
      {
         "a2" : "download_18",
         "time" : 17.8669998422265,
         "id" : "dep42",
         "a1" : "r1_c1"
      },
      {
         "a2" : "download_17",
         "time" : 15.3089999221265,
         "id" : "dep43",
         "a1" : "r1_c1"
      },
      {
         "a2" : "download_16",
         "time" : 15.0729999877512,
         "id" : "dep44",
         "a1" : "r1_c1"
      },
      {
         "a2" : "download_15",
         "time" : 14.824999962002,
         "id" : "dep45",
         "a1" : "r1_c1"
      },
      {
         "a2" : "download_14",
         "time" : 14.5950000733137,
         "id" : "dep46",
         "a1" : "r1_c1"
      },
      {
         "a2" : "download_13",
         "time" : 14.3249998800457,
         "id" : "dep47",
         "a1" : "r1_c1"
      },
      {
         "a2" : "download_12",
         "time" : 14.02199966833,
         "id" : "dep48",
         "a1" : "r1_c1"
      },
      {
         "a2" : "download_11",
         "time" : 13.7459998950362,
         "id" : "dep49",
         "a1" : "r1_c1"
      },
      {
         "a2" : "download_10",
         "time" : 13.4409996680915,
         "id" : "dep50",
         "a1" : "r1_c1"
      },
      {
         "a2" : "download_9",
         "time" : 13.1210000254214,
         "id" : "dep51",
         "a1" : "r1_c1"
      },
      {
         "a2" : "download_8",
         "time" : 2.3670000955462,
         "id" : "dep52",
         "a1" : "r1_c1"
      },
      {
         "a2" : "download_8",
         "time" : 2.3670000955462,
         "id" : "dep53",
         "a1" : "r1_c1"
      },
      {
         "a2" : "download_7",
         "time" : 2.1750000305474,
         "id" : "dep54",
         "a1" : "r1_c1"
      },
      {
         "a2" : "download_7",
         "time" : 2.1750000305474,
         "id" : "dep55",
         "a1" : "r1_c1"
      },
      {
         "a2" : "download_6",
         "time" : 1.9739996641874,
         "id" : "dep56",
         "a1" : "r1_c1"
      },
      {
         "a2" : "download_6",
         "time" : 1.9739996641874,
         "id" : "dep57",
         "a1" : "r1_c1"
      },
      {
         "a2" : "download_5",
         "time" : 1.7479998059571,
         "id" : "dep58",
         "a1" : "r1_c1"
      },
      {
         "a2" : "download_5",
         "time" : 1.7479998059571,
         "id" : "dep59",
         "a1" : "r1_c1"
      },
      {
         "a2" : "download_4",
         "time" : 1.5479996800423,
         "id" : "dep60",
         "a1" : "r1_c1"
      },
      {
         "a2" : "download_4",
         "time" : 1.5479996800423,
         "id" : "dep61",
         "a1" : "r1_c1"
      },
      {
         "a2" : "download_3",
         "time" : 1.3460000045598,
         "id" : "dep62",
         "a1" : "r1_c1"
      },
      {
         "a2" : "download_3",
         "time" : 1.3460000045598,
         "id" : "dep63",
         "a1" : "r1_c1"
      },
      {
         "a2" : "download_2",
         "time" : 1.1449996381998,
         "id" : "dep64",
         "a1" : "r1_c1"
      },
      {
         "a2" : "download_2",
         "time" : 1.1449996381998,
         "id" : "dep65",
         "a1" : "r1_c1"
      },
      {
         "a2" : "download_1",
         "time" : 0.860999803990101,
         "id" : "dep66",
         "a1" : "r1_c1"
      }
   ]
}
