{
   "n_download_no_trigger" : 1,
   "start_activity" : "download_0",
   "name" : "modified.testbed.localhost_www.calledphone.com_",
   "load_activity" : -1,
   "objs" : [
      {
         "when_comp_start" : 1,
         "url" : "http://modified.testbed.localhost/www.calledphone.com/",
         "id" : "r1",
         "comps" : [
            {
               "s_time" : 53.1870000995696,
               "time" : 83.4860000759364,
               "id" : "r1_c1",
               "type" : "evalhtml",
               "e_time" : 136.673000175506
            },
            {
               "s_time" : 137.515000067651,
               "time" : 1.98600022122301,
               "id" : "r1_c2",
               "type" : "evalhtml",
               "e_time" : 139.501000288874
            },
            {
               "s_time" : 170.454000122845,
               "time" : 670.520999934524,
               "id" : "r1_c3",
               "type" : "evalhtml",
               "e_time" : 840.975000057369
            },
            {
               "s_time" : 845.194000285119,
               "time" : 296.875999774781,
               "id" : "r1_c4",
               "type" : "evalhtml",
               "e_time" : 1142.0700000599
            },
            {
               "s_time" : 1147.69400004297,
               "time" : 129.70700021834,
               "type" : "evalhtml",
               "id" : "r1_c5",
               "e_time" : 1277.40100026131
            }
         ],
         "download" : {
            "receiveFirst" : 4,
            "len" : 97267,
            "dns" : 0,
            "dnsEnd" : -1,
            "receiveHeadersEnd" : 5,
            "sslEnd" : -1,
            "connectEnd" : 1,
            "connectStart" : 0,
            "id" : "download_0",
            "receivedTime" : "52.6080001145601",
            "sslStart" : -1,
            "dnsStart" : -1,
            "receiveLast" : 47.6080001145601,
            "s_time" : 0,
            "sendEnd" : 1,
            "sendStart" : 1,
            "type" : "text/html"
         }
      },
      {
         "when_comp_start" : -1,
         "url" : "http://modified.testbed.localhost/www.calledphone.com/theme/callstyle/flag/Akron_Ohio_Flag.jpg",
         "id" : "r2",
         "comps" : [],
         "download" : {
            "receiveFirst" : 4,
            "len" : 1473,
            "dns" : 0,
            "dnsEnd" : -1,
            "receiveHeadersEnd" : 5,
            "sslEnd" : -1,
            "connectEnd" : 1,
            "connectStart" : 0,
            "id" : "download_1",
            "receivedTime" : "62.6449999399483",
            "sslStart" : -1,
            "dnsStart" : -1,
            "receiveLast" : 57.6449999399483,
            "s_time" : 54.7899999655783,
            "sendEnd" : 1,
            "sendStart" : 1,
            "type" : "image/jpeg"
         }
      },
      {
         "when_comp_start" : -1,
         "url" : "http://modified.testbed.localhost/maps.googleapis.com/maps/api/staticmap%3Fcenter=Akron&zoom=13&size=300x295&maptype=roadmap&sensor=false",
         "id" : "r4",
         "comps" : [],
         "download" : {
            "receiveFirst" : 4,
            "len" : 31996,
            "dns" : 0,
            "dnsEnd" : -1,
            "receiveHeadersEnd" : 8,
            "sslEnd" : -1,
            "connectEnd" : 4,
            "connectStart" : 0,
            "id" : "download_2",
            "receivedTime" : "75.2870002761483",
            "sslStart" : -1,
            "dnsStart" : -1,
            "receiveLast" : 67.2870002761483,
            "s_time" : 62.7520000562072,
            "sendEnd" : 4,
            "sendStart" : 4,
            "type" : "image/png"
         }
      },
      {
         "when_comp_start" : -1,
         "url" : "http://modified.testbed.localhost/pagead2.googlesyndication.com/pagead/show_ads.js",
         "id" : "r3",
         "comps" : [
            {
               "s_time" : 77.3060000501573,
               "time" : 60.2090000174937,
               "type" : 1,
               "id" : "comp_1",
               "e_time" : 137.515000067651
            },
            {
               "s_time" : 139.55399999395,
               "time" : 30.900000128895,
               "type" : 1,
               "id" : "comp_12",
               "e_time" : 170.454000122845
            }
         ],
         "download" : {
            "receiveFirst" : 7,
            "len" : 26423,
            "dns" : 0,
            "dnsEnd" : -1,
            "receiveHeadersEnd" : 13,
            "sslEnd" : -1,
            "connectEnd" : 6,
            "connectStart" : 0,
            "id" : "download_3",
            "receivedTime" : "77.0350000821054",
            "sslStart" : -1,
            "dnsStart" : -1,
            "receiveLast" : 64.0350000821054,
            "s_time" : 61.9360003620386,
            "sendEnd" : 6,
            "sendStart" : 6,
            "type" : "application/javascript"
         }
      },
      {
         "when_comp_start" : 1,
         "url" : "https://googleads.g.doubleclick.net/pagead/html/r20160426/r20151006/zrt_lookup.html",
         "id" : "r8",
         "comps" : [
            {
               "s_time" : 1094.86300032586,
               "time" : 6.48999959230014,
               "type" : "evalhtml",
               "id" : "r8_c1",
               "e_time" : 1101.35299991816
            }
         ],
         "download" : {
            "receiveFirst" : 6,
            "len" : 9883,
            "dns" : 0,
            "dnsEnd" : -1,
            "receiveHeadersEnd" : 6,
            "sslEnd" : -1,
            "connectEnd" : 0,
            "connectStart" : 0,
            "id" : "download_4",
            "receivedTime" : "358.264999929816",
            "sslStart" : -1,
            "dnsStart" : -1,
            "receiveLast" : 352.264999929816,
            "s_time" : 136.673000175506,
            "sendEnd" : 0,
            "sendStart" : 0,
            "type" : "text/html"
         }
      },
      {
         "when_comp_start" : -1,
         "url" : "http://pagead2.googlesyndication.com/pagead/js/r20160426/r20151006/show_ads_impl.js",
         "id" : "r9",
         "comps" : [
            {
               "s_time" : 369.56200003624,
               "time" : 475.632000248879,
               "type" : 1,
               "id" : "comp_19",
               "e_time" : 845.194000285119
            },
            {
               "s_time" : 1107.38900024444,
               "time" : 40.3049997985299,
               "type" : 1,
               "id" : "comp_49",
               "e_time" : 1147.69400004297
            }
         ],
         "download" : {
            "receiveFirst" : 3,
            "len" : 305587,
            "dns" : 0,
            "dnsEnd" : -1,
            "receiveHeadersEnd" : 3,
            "sslEnd" : -1,
            "connectEnd" : 0,
            "connectStart" : 0,
            "id" : "download_5",
            "receivedTime" : "369.299000129104",
            "sslStart" : -1,
            "dnsStart" : -1,
            "receiveLast" : 366.299000129104,
            "s_time" : 139.501000288874,
            "sendEnd" : 0,
            "sendStart" : 0,
            "type" : "text/javascript"
         }
      },
      {
         "when_comp_start" : -1,
         "url" : "https://pagead2.googlesyndication.com/pub-config/r20160212/ca-pub-8799180394138104.js",
         "id" : "r7",
         "comps" : [
            {
               "s_time" : 1078.03500024602,
               "time" : 0.293999910350067,
               "type" : 2,
               "id" : "comp_37",
               "e_time" : 1078.32900015637
            }
         ],
         "download" : {
            "receiveFirst" : 8,
            "len" : 179,
            "dns" : 8,
            "dnsEnd" : 8,
            "receiveHeadersEnd" : 55,
            "sslEnd" : 36,
            "connectEnd" : 43,
            "connectStart" : 0,
            "id" : "download_6",
            "receivedTime" : "845.571999903768",
            "sslStart" : 14,
            "dnsStart" : 0,
            "receiveLast" : 790.571999903768,
            "s_time" : 101.906999945641,
            "sendEnd" : 47,
            "sendStart" : 43,
            "type" : "text/javascript"
         }
      },
      {
         "when_comp_start" : -1,
         "url" : "https://pagead2.googlesyndication.com/pagead/osd.js",
         "id" : "r11",
         "comps" : [
            {
               "s_time" : 1148.2669999823,
               "time" : 53.38300019502,
               "type" : null,
               "id" : "comp_54",
               "e_time" : 1201.65000017732
            }
         ],
         "download" : {
            "receiveFirst" : 1,
            "len" : 62045,
            "dns" : 0,
            "dnsEnd" : -1,
            "receiveHeadersEnd" : 1,
            "sslEnd" : -1,
            "connectEnd" : 0,
            "connectStart" : 0,
            "id" : "download_7",
            "receivedTime" : "1103.28100016341",
            "sslStart" : -1,
            "dnsStart" : -1,
            "receiveLast" : 1102.28100016341,
            "s_time" : 840.975000057369,
            "sendEnd" : 0,
            "sendStart" : 0,
            "type" : "text/javascript"
         }
      },
      {
         "when_comp_start" : -1,
         "url" : "http://counterb.com/piwik.js",
         "id" : "r12",
         "comps" : [
            {
               "s_time" : 1215.53299995139,
               "time" : 52.07400023937,
               "type" : null,
               "id" : "comp_59",
               "e_time" : 1267.60700019076
            }
         ],
         "download" : {
            "receiveFirst" : 20,
            "len" : 54256,
            "dns" : 14,
            "dnsEnd" : 16,
            "receiveHeadersEnd" : 51,
            "sslEnd" : -1,
            "connectEnd" : 31,
            "connectStart" : 0,
            "id" : "download_8",
            "receivedTime" : "1103.94700011238",
            "sslStart" : -1,
            "dnsStart" : 2,
            "receiveLast" : 1052.94700011238,
            "s_time" : 851.319999899715,
            "sendEnd" : 31,
            "sendStart" : 31,
            "type" : "application/javascript"
         }
      },
      {
         "when_comp_start" : -1,
         "url" : "https://pagead2.googlesyndication.com/pagead/js/r20160426/r20151006/expansion_embed.js",
         "id" : "r15",
         "comps" : [
            {
               "s_time" : 1283.84800022468,
               "time" : 89.8949997499601,
               "type" : 2,
               "id" : "comp_67",
               "e_time" : 1373.74299997464
            },
            {
               "s_time" : 1462.86700014025,
               "time" : 12.92499992996,
               "type" : 2,
               "id" : "comp_92",
               "e_time" : 1475.79200007021
            }
         ],
         "download" : {
            "receiveFirst" : 1,
            "len" : 157034,
            "dns" : 0,
            "dnsEnd" : -1,
            "receiveHeadersEnd" : 1,
            "sslEnd" : -1,
            "connectEnd" : 0,
            "connectStart" : 0,
            "id" : "download_9",
            "receivedTime" : "1213.71800033376",
            "sslStart" : -1,
            "dnsStart" : -1,
            "receiveLast" : 1212.71800033376,
            "s_time" : 1077.88900006562,
            "sendEnd" : 0,
            "sendStart" : 0,
            "type" : "text/javascript"
         }
      },
      {
         "when_comp_start" : 1,
         "url" : "https://googleads.g.doubleclick.net/pagead/ads?client=ca-pub-8799180394138104&output=html&h=250&slotname=7292259147&adk=1726341794&w=300&lmt=1461915443&flash=0&url=http%3A%2F%2Fmodified.testbed.localhost%2Fwww.calledphone.com%2F&wgl=1&dt=1461901044527&bpp=40&bdt=36&fdt=47&idt=466&shv=r20160426&cbv=r",
         "id" : "r10",
         "comps" : [
            {
               "s_time" : 1269.30200029165,
               "time" : 8.09899996965987,
               "id" : "r10_c1",
               "type" : "evalhtml",
               "e_time" : 1277.40100026131
            },
            {
               "s_time" : 1403.14000006765,
               "time" : -3383773416.638,
               "id" : "r10_c2",
               "type" : "evalhtml",
               "e_time" : -3383772013.498
            },
            {
               "s_time" : 1435.1250003092,
               "time" : 314.43799985573,
               "type" : "evalhtml",
               "id" : "r10_c3",
               "e_time" : 1749.56300016493
            }
         ],
         "download" : {
            "receiveFirst" : 212,
            "len" : 83907,
            "dns" : 8,
            "dnsEnd" : 9,
            "receiveHeadersEnd" : 249,
            "sslEnd" : 35,
            "connectEnd" : 35,
            "connectStart" : 0,
            "id" : "download_10",
            "receivedTime" : "1214.46500020102",
            "sslStart" : 17,
            "dnsStart" : 1,
            "receiveLast" : 965.465000201017,
            "s_time" : 835.911000147462,
            "sendEnd" : 37,
            "sendStart" : 35,
            "type" : "text/html"
         }
      },
      {
         "when_comp_start" : -1,
         "url" : "https://tpc.googlesyndication.com/pagead/js/r20160426/r20110914/abg.js",
         "id" : "r20",
         "comps" : [
            {
               "s_time" : 1374.79100003839,
               "time" : 28.34900002926,
               "type" : 1,
               "id" : "comp_69",
               "e_time" : 1403.14000006765
            },
            {
               "s_time" : 1662.28200029582,
               "time" : 21.6560000553702,
               "type" : 1,
               "id" : "comp_114",
               "e_time" : 1683.93800035119
            }
         ],
         "download" : {
            "receiveFirst" : 3,
            "len" : 65907,
            "dns" : 0,
            "dnsEnd" : -1,
            "receiveHeadersEnd" : 3,
            "sslEnd" : -1,
            "connectEnd" : 0,
            "connectStart" : 0,
            "id" : "download_11",
            "receivedTime" : "1374.67200029641",
            "sslStart" : -1,
            "dnsStart" : -1,
            "receiveLast" : 1371.67200029641,
            "s_time" : 1276.98300033808,
            "sendEnd" : 0,
            "sendStart" : 0,
            "type" : "text/javascript"
         }
      },
      {
         "when_comp_start" : -1,
         "url" : "https://tpc.googlesyndication.com/pagead/js/r20160426/r20110914/client/ext/m_js_controller.js",
         "id" : "r21",
         "comps" : [
            {
               "s_time" : 1407.37200016156,
               "time" : 27.75300014764,
               "type" : 1,
               "id" : "comp_72",
               "e_time" : 1435.1250003092
            },
            {
               "s_time" : 1689.80000028387,
               "time" : 22.19299972057,
               "type" : 1,
               "id" : "comp_117",
               "e_time" : 1711.99300000444
            }
         ],
         "download" : {
            "receiveFirst" : 3,
            "len" : 66638,
            "dns" : 0,
            "dnsEnd" : -1,
            "receiveHeadersEnd" : 3,
            "sslEnd" : -1,
            "connectEnd" : 0,
            "connectStart" : 0,
            "id" : "download_12",
            "receivedTime" : "1407.21700014547",
            "sslStart" : -1,
            "dnsStart" : -1,
            "receiveLast" : 1404.21700014547,
            "s_time" : 1277.40100026131,
            "sendEnd" : 0,
            "sendStart" : 0,
            "type" : "text/javascript"
         }
      },
      {
         "when_comp_start" : -1,
         "url" : "https://tpc.googlesyndication.com/simgad/4192305835385062427",
         "id" : "r19",
         "comps" : [],
         "download" : {
            "receiveFirst" : 7,
            "len" : 34404,
            "dns" : 0,
            "dnsEnd" : 1,
            "receiveHeadersEnd" : 33,
            "sslEnd" : 23,
            "connectEnd" : 24,
            "connectStart" : 0,
            "id" : "download_13",
            "receivedTime" : "1462.62300014496",
            "sslStart" : 9,
            "dnsStart" : 1,
            "receiveLast" : 1429.62300014496,
            "s_time" : 1274.56500008702,
            "sendEnd" : 26,
            "sendStart" : 24,
            "type" : "image/jpeg"
         }
      },
      {
         "when_comp_start" : 1,
         "url" : "https://googleads.g.doubleclick.net/pagead/ads?client=ca-pub-8799180394138104&output=html&h=250&slotname=7292259147&adk=2425368502&w=300&lmt=1461915443&flash=0&url=http%3A%2F%2Fmodified.testbed.localhost%2Fwww.calledphone.com%2F&wgl=1&dt=1461901044579&bpp=30&bdt=89&fdt=967&idt=971&shv=r20160426&cbv=",
         "id" : "r17",
         "comps" : [
            {
               "s_time" : 1652.91400020942,
               "time" : 6.55600009485988,
               "id" : "r17_c1",
               "type" : "evalhtml",
               "e_time" : 1659.47000030428
            },
            {
               "s_time" : 1683.93800035119,
               "time" : -3383773697.436,
               "id" : "r17_c2",
               "type" : "evalhtml",
               "e_time" : -3383772013.498
            },
            {
               "s_time" : 1711.99300000444,
               "time" : 229.1330001317,
               "type" : "evalhtml",
               "id" : "r17_c3",
               "e_time" : 1941.12600013614
            }
         ],
         "download" : {
            "receiveFirst" : 245,
            "len" : 84300,
            "dns" : 0,
            "dnsEnd" : -1,
            "receiveHeadersEnd" : 246,
            "sslEnd" : -1,
            "connectEnd" : 0,
            "connectStart" : 0,
            "id" : "download_14",
            "receivedTime" : "1492.8080001846",
            "sslStart" : -1,
            "dnsStart" : -1,
            "receiveLast" : 1246.8080001846,
            "s_time" : 1142.0700000599,
            "sendEnd" : 1,
            "sendStart" : 0,
            "type" : "text/html"
         }
      },
      {
         "when_comp_start" : -1,
         "url" : "https://tpc.googlesyndication.com/pagead/images/x_button_blue2.svg",
         "id" : "r24",
         "comps" : [],
         "download" : {
            "receiveFirst" : 1,
            "len" : 249,
            "dns" : 0,
            "dnsEnd" : -1,
            "receiveHeadersEnd" : 1,
            "sslEnd" : -1,
            "connectEnd" : 0,
            "connectStart" : 0,
            "id" : "download_15",
            "receivedTime" : "1507.38000031561",
            "sslStart" : -1,
            "dnsStart" : -1,
            "receiveLast" : 1506.38000031561,
            "s_time" : 1459.77300032973,
            "sendEnd" : 0,
            "sendStart" : 0,
            "type" : "image/svg+xml"
         }
      },
      {
         "when_comp_start" : -1,
         "url" : "https://www.gstatic.com/images/branding/googlelogo/1x/googlelogo_color_112x36dp.png",
         "id" : "r25",
         "comps" : [],
         "download" : {
            "receiveFirst" : 1,
            "len" : 2449,
            "dns" : 0,
            "dnsEnd" : -1,
            "receiveHeadersEnd" : 1,
            "sslEnd" : -1,
            "connectEnd" : 0,
            "connectStart" : 0,
            "id" : "download_16",
            "receivedTime" : "1734.86400023103",
            "sslStart" : -1,
            "dnsStart" : -1,
            "receiveLast" : 1733.86400023103,
            "s_time" : 1496.55100004748,
            "sendEnd" : 0,
            "sendStart" : 0,
            "type" : "image/png"
         }
      },
      {
         "when_comp_start" : -1,
         "url" : "https://tpc.googlesyndication.com/simgad/14778260911326929059",
         "id" : "r26",
         "comps" : [],
         "download" : {
            "receiveFirst" : 6,
            "len" : 31921,
            "dns" : 0,
            "dnsEnd" : -1,
            "receiveHeadersEnd" : 7,
            "sslEnd" : -1,
            "connectEnd" : 0,
            "connectStart" : 0,
            "id" : "download_17",
            "receivedTime" : "1931.72800028697",
            "sslStart" : -1,
            "dnsStart" : -1,
            "receiveLast" : 1924.72800028697,
            "s_time" : 1659.47000030428,
            "sendEnd" : 1,
            "sendStart" : 0,
            "type" : "image/jpeg"
         }
      },
      {
         "when_comp_start" : -1,
         "url" : "https://pagead2.googlesyndication.com/bg/bjEnSSRtkQDmV5c2Pm_sWdo8WoIWRicVzzTAt_BvtSY.js",
         "id" : "r32",
         "comps" : [],
         "download" : {
            "receiveFirst" : 2,
            "len" : 10598,
            "dns" : 0,
            "dnsEnd" : -1,
            "receiveHeadersEnd" : 2,
            "sslEnd" : -1,
            "connectEnd" : 0,
            "connectStart" : 0,
            "id" : "download_18",
            "receivedTime" : "1948.7950000912",
            "sslStart" : -1,
            "dnsStart" : -1,
            "receiveLast" : 1946.7950000912,
            "s_time" : 1772.99600001425,
            "sendEnd" : 0,
            "sendStart" : 0,
            "type" : "text/javascript"
         }
      }
   ],
   "deps" : [
      {
         "a2" : "r1_c2",
         "time" : -1,
         "id" : "dep1",
         "a1" : "comp_1"
      },
      {
         "a2" : "r1_c3",
         "time" : -1,
         "id" : "dep2",
         "a1" : "comp_12"
      },
      {
         "a2" : "r1_c4",
         "time" : -1,
         "id" : "dep3",
         "a1" : "comp_19"
      },
      {
         "a2" : "r1_c5",
         "time" : -1,
         "id" : "dep4",
         "a1" : "comp_49"
      },
      {
         "a2" : "r10_c2",
         "time" : -1,
         "id" : "dep5",
         "a1" : "comp_69"
      },
      {
         "a2" : "r10_c3",
         "time" : -1,
         "id" : "dep6",
         "a1" : "comp_72"
      },
      {
         "a2" : "r17_c2",
         "time" : -1,
         "id" : "dep7",
         "a1" : "comp_114"
      },
      {
         "a2" : "r17_c3",
         "time" : -1,
         "id" : "dep8",
         "a1" : "comp_117"
      },
      {
         "a2" : "download_18",
         "time" : 61.00300000981,
         "id" : "dep9",
         "a1" : "r17_c3"
      },
      {
         "a2" : "download_17",
         "time" : -1,
         "id" : "dep10",
         "a1" : "r17_c1"
      },
      {
         "a2" : "download_17",
         "time" : 224.34499999508,
         "id" : "dep11",
         "a1" : "r10_c3"
      },
      {
         "a2" : "download_16",
         "time" : 61.4259997382801,
         "id" : "dep12",
         "a1" : "r10_c3"
      },
      {
         "a2" : "download_15",
         "time" : 24.6480000205299,
         "id" : "dep13",
         "a1" : "r10_c3"
      },
      {
         "a2" : "download_14",
         "time" : -1,
         "id" : "dep14",
         "a1" : "r1_c4"
      },
      {
         "a2" : "download_13",
         "time" : -1,
         "id" : "dep15",
         "a1" : "r10_c1"
      },
      {
         "a2" : "download_12",
         "time" : -1,
         "id" : "dep16",
         "a1" : "r1_c5"
      },
      {
         "a2" : "download_12",
         "time" : -1,
         "id" : "dep17",
         "a1" : "r10_c1"
      },
      {
         "a2" : "download_11",
         "time" : 7.68100004642997,
         "id" : "dep18",
         "a1" : "r10_c1"
      },
      {
         "a2" : "download_10",
         "time" : -1,
         "id" : "dep19",
         "a1" : "r1_c3"
      },
      {
         "a2" : "download_9",
         "time" : 232.694999780501,
         "id" : "dep20",
         "a1" : "r1_c4"
      },
      {
         "a2" : "download_8",
         "time" : 6.12599961459591,
         "id" : "dep21",
         "a1" : "r1_c4"
      },
      {
         "a2" : "download_7",
         "time" : -1,
         "id" : "dep22",
         "a1" : "r1_c3"
      },
      {
         "a2" : "download_6",
         "time" : -1,
         "id" : "dep23",
         "a1" : "r1_c1"
      },
      {
         "a2" : "download_5",
         "time" : -1,
         "id" : "dep24",
         "a1" : "r1_c2"
      },
      {
         "a2" : "download_4",
         "time" : -1,
         "id" : "dep25",
         "a1" : "r1_c1"
      },
      {
         "a2" : "download_3",
         "time" : 8.749000262469,
         "id" : "dep26",
         "a1" : "r1_c1"
      },
      {
         "a2" : "download_3",
         "time" : 8.749000262469,
         "id" : "dep27",
         "a1" : "r1_c1"
      },
      {
         "a2" : "download_2",
         "time" : 9.5649999566376,
         "id" : "dep28",
         "a1" : "r1_c1"
      },
      {
         "a2" : "download_2",
         "time" : 9.5649999566376,
         "id" : "dep29",
         "a1" : "r1_c1"
      },
      {
         "a2" : "download_1",
         "time" : 1.6029998660087,
         "id" : "dep30",
         "a1" : "r1_c1"
      }
   ]
}
