{
   "n_download_no_trigger" : 1,
   "start_activity" : "download_0",
   "name" : "modified.testbed.localhost_www.examiner.com_",
   "load_activity" : -1,
   "objs" : [
      {
         "when_comp_start" : 1,
         "url" : "http://modified.testbed.localhost/www.examiner.com/",
         "id" : "r1",
         "comps" : [
            {
               "s_time" : 44.3409999134019,
               "time" : 40.3400000650436,
               "id" : "r1_c1",
               "type" : "evalhtml",
               "e_time" : 84.6809999784455
            },
            {
               "s_time" : 138.70999997016,
               "time" : 100.149999954738,
               "id" : "r1_c2",
               "type" : "evalhtml",
               "e_time" : 238.859999924898
            },
            {
               "s_time" : 370.574999949895,
               "time" : -698585096.73,
               "id" : "r1_c3",
               "type" : "evalhtml",
               "e_time" : -698584726.155
            },
            {
               "s_time" : 505.661999923177,
               "time" : -698585231.817,
               "id" : "r1_c4",
               "type" : "evalhtml",
               "e_time" : -698584726.155
            },
            {
               "s_time" : 508.493999950588,
               "time" : -698585234.649,
               "id" : "r1_c5",
               "type" : "evalhtml",
               "e_time" : -698584726.155
            },
            {
               "s_time" : 571.221999940462,
               "time" : -698585297.377,
               "id" : "r1_c6",
               "type" : "evalhtml",
               "e_time" : -698584726.155
            },
            {
               "s_time" : 587.269999901764,
               "time" : 403.403000091203,
               "type" : "evalhtml",
               "id" : "r1_c7",
               "e_time" : 990.672999992967
            }
         ],
         "download" : {
            "receiveFirst" : 3,
            "len" : 107885,
            "dns" : 0,
            "dnsEnd" : -1,
            "receiveHeadersEnd" : 3,
            "sslEnd" : -1,
            "connectEnd" : 0,
            "connectStart" : 0,
            "id" : "download_0",
            "receivedTime" : "43.7199999578297",
            "sslStart" : -1,
            "dnsStart" : -1,
            "receiveLast" : 40.7199999578297,
            "s_time" : 0,
            "sendEnd" : 0,
            "sendStart" : 0,
            "type" : "text/html"
         }
      },
      {
         "when_comp_start" : -1,
         "url" : "http://modified.testbed.localhost/cdn2-b.examiner.com/sites/default/files/css/css_WVI5b0NR7PNdLQAufIMULGKRaPVj7ZWSixaaqpQ8iR4_452_1.css",
         "id" : "r2",
         "comps" : [
            {
               "s_time" : 92.9699999978766,
               "time" : 0.286999973468497,
               "type" : 4,
               "id" : "comp_1",
               "e_time" : 93.2569999713451
            }
         ],
         "download" : {
            "receiveFirst" : 3,
            "len" : 415,
            "dns" : 0,
            "dnsEnd" : -1,
            "receiveHeadersEnd" : 6,
            "sslEnd" : -1,
            "connectEnd" : 2,
            "connectStart" : 0,
            "id" : "download_1",
            "receivedTime" : "92.6810000091791",
            "sslStart" : -1,
            "dnsStart" : -1,
            "receiveLast" : 86.6810000091791,
            "s_time" : 83.5829999996349,
            "sendEnd" : 3,
            "sendStart" : 2,
            "type" : "text/css"
         }
      },
      {
         "when_comp_start" : -1,
         "url" : "http://modified.testbed.localhost/cdn2-b.examiner.com/sites/default/files/css/css_iM0e58F9UuXz9n7_NutmG7vEipuH3IgrlP8vGiwo9oA_452_1.css",
         "id" : "r3",
         "comps" : [
            {
               "s_time" : 101.965999929234,
               "time" : 49.286999972538,
               "type" : 4,
               "id" : "comp_5",
               "e_time" : 151.252999901772
            }
         ],
         "download" : {
            "receiveFirst" : 5,
            "len" : 131062,
            "dns" : 0,
            "dnsEnd" : -1,
            "receiveHeadersEnd" : 7,
            "sslEnd" : -1,
            "connectEnd" : 2,
            "connectStart" : 0,
            "id" : "download_2",
            "receivedTime" : "101.650999975391",
            "sslStart" : -1,
            "dnsStart" : -1,
            "receiveLast" : 94.6509999753907,
            "s_time" : 83.9679999044165,
            "sendEnd" : 2,
            "sendStart" : 2,
            "type" : "text/css"
         }
      },
      {
         "when_comp_start" : -1,
         "url" : "http://modified.testbed.localhost/cdn2-b.examiner.com/sites/default/files/css/css_-pOaQB6BsVmy1RffuEK02PxiDvG3CgnKQWUwLTx1FI8_452_1.css",
         "id" : "r4",
         "comps" : [
            {
               "s_time" : 98.2789999106899,
               "time" : 0.56499999482179,
               "type" : 4,
               "id" : "comp_3",
               "e_time" : 98.8439999055117
            }
         ],
         "download" : {
            "receiveFirst" : 8,
            "len" : 4354,
            "dns" : 0,
            "dnsEnd" : -1,
            "receiveHeadersEnd" : 10,
            "sslEnd" : -1,
            "connectEnd" : 2,
            "connectStart" : 0,
            "id" : "download_3",
            "receivedTime" : "97.9369999840856",
            "sslStart" : -1,
            "dnsStart" : -1,
            "receiveLast" : 87.9369999840856,
            "s_time" : 84.3190000159666,
            "sendEnd" : 2,
            "sendStart" : 2,
            "type" : "text/css"
         }
      },
      {
         "when_comp_start" : -1,
         "url" : "http://modified.testbed.localhost/cdn2-b.examiner.com/sites/default/files/js/js_izMbklKled8Iz36tDzoCaxKTK2LGkVInrJgIP9SfR_g_453_1.js%3Fo6dj05",
         "id" : "r5",
         "comps" : [
            {
               "s_time" : 125.827000010759,
               "time" : 12.882999959401,
               "type" : 1,
               "id" : "comp_6",
               "e_time" : 138.70999997016
            }
         ],
         "download" : {
            "receiveFirst" : 8,
            "len" : 7899,
            "dns" : 0,
            "dnsEnd" : -1,
            "receiveHeadersEnd" : 9,
            "sslEnd" : -1,
            "connectEnd" : 1,
            "connectStart" : 0,
            "id" : "download_4",
            "receivedTime" : "97.2779999719933",
            "sslStart" : -1,
            "dnsStart" : -1,
            "receiveLast" : 88.2779999719933,
            "s_time" : 84.6809999784455,
            "sendEnd" : 1,
            "sendStart" : 1,
            "type" : "text/plain"
         }
      },
      {
         "when_comp_start" : -1,
         "url" : "http://modified.testbed.localhost/cdn2-b.examiner.com/sites/all/themes/greyhound/assets/images/examiner-logo.png",
         "id" : "r27",
         "comps" : [],
         "download" : {
            "receiveFirst" : 6,
            "len" : 4826,
            "dns" : 0,
            "dnsEnd" : -1,
            "receiveHeadersEnd" : 22,
            "sslEnd" : -1,
            "connectEnd" : 16,
            "connectStart" : 0,
            "id" : "download_5",
            "receivedTime" : "239.456999930553",
            "sslStart" : -1,
            "dnsStart" : -1,
            "receiveLast" : 217.456999930553,
            "s_time" : 162.870000000112,
            "sendEnd" : 16,
            "sendStart" : 16,
            "type" : "image/png"
         }
      },
      {
         "when_comp_start" : -1,
         "url" : "http://modified.testbed.localhost/cdn2-b.examiner.com/sites/default/files/styles/hero_curated_large/hash/c4/f3/c4f37cae277f688eefd339b23701cddd.jpg%3Fitok=Hhv9ahid",
         "id" : "r28",
         "comps" : [],
         "download" : {
            "receiveFirst" : 7,
            "len" : 25987,
            "dns" : 0,
            "dnsEnd" : -1,
            "receiveHeadersEnd" : 22,
            "sslEnd" : -1,
            "connectEnd" : 15,
            "connectStart" : 0,
            "id" : "download_6",
            "receivedTime" : "240.489999996498",
            "sslStart" : -1,
            "dnsStart" : -1,
            "receiveLast" : 218.489999996498,
            "s_time" : 163.684999919496,
            "sendEnd" : 15,
            "sendStart" : 15,
            "type" : "image/jpeg"
         }
      },
      {
         "when_comp_start" : -1,
         "url" : "http://modified.testbed.localhost/cdn2-b.examiner.com/sites/default/files/styles/hero_curated_large/hash/a0/6f/a06fd3c379dac2c4143ae134fc4d5430.jpg%3Fitok=yhOjwrbH",
         "id" : "r29",
         "comps" : [],
         "download" : {
            "receiveFirst" : 9,
            "len" : 22301,
            "dns" : 0,
            "dnsEnd" : -1,
            "receiveHeadersEnd" : 24,
            "sslEnd" : -1,
            "connectEnd" : 15,
            "connectStart" : 0,
            "id" : "download_7",
            "receivedTime" : "240.698999958113",
            "sslStart" : -1,
            "dnsStart" : -1,
            "receiveLast" : 216.698999958113,
            "s_time" : 164.195999968797,
            "sendEnd" : 15,
            "sendStart" : 15,
            "type" : "image/jpeg"
         }
      },
      {
         "when_comp_start" : -1,
         "url" : "http://modified.testbed.localhost/pshared.5min.com/Scripts/Thumbseed2.js%3FtextLocation=1&thumbnailSize=0&displayHeader=false&sid=1304&width=1000&height=200&headerTextColor=%23000000&textFGColor=%23000&textBGColor=%23eeeeee&textBGColor_MO=%23eeeeee&textFGColor_MO=%23000&videoGroupID=156083",
         "id" : "r30",
         "comps" : [
            {
               "s_time" : 243.611000012606,
               "time" : 126.963999937289,
               "type" : 1,
               "id" : "comp_19",
               "e_time" : 370.574999949895
            }
         ],
         "download" : {
            "receiveFirst" : 10,
            "len" : 126269,
            "dns" : 0,
            "dnsEnd" : -1,
            "receiveHeadersEnd" : 24,
            "sslEnd" : -1,
            "connectEnd" : 14,
            "connectStart" : 0,
            "id" : "download_8",
            "receivedTime" : "243.444999912754",
            "sslStart" : -1,
            "dnsStart" : -1,
            "receiveLast" : 219.444999912754,
            "s_time" : 164.776999969035,
            "sendEnd" : 14,
            "sendStart" : 14,
            "type" : "text/plain"
         }
      },
      {
         "when_comp_start" : -1,
         "url" : "http://modified.testbed.localhost/cdn2-b.examiner.com/sites/default/files/styles/hero_curated_large/hash/6f/ec/6fecdacf65952b60a13255d4b492dfff.jpg%3Fitok=SXIZ9sws",
         "id" : "r32",
         "comps" : [],
         "download" : {
            "receiveFirst" : 15,
            "len" : 22808,
            "dns" : 0,
            "dnsEnd" : -1,
            "receiveHeadersEnd" : 28,
            "sslEnd" : -1,
            "connectEnd" : 13,
            "connectStart" : 0,
            "id" : "download_9",
            "receivedTime" : "241.956999991089",
            "sslStart" : -1,
            "dnsStart" : -1,
            "receiveLast" : 213.956999991089,
            "s_time" : 165.797999943607,
            "sendEnd" : 13,
            "sendStart" : 13,
            "type" : "image/jpeg"
         }
      },
      {
         "when_comp_start" : -1,
         "url" : "http://modified.testbed.localhost/cdn2-b.examiner.com/sites/default/files/styles/hero_curated_large/hash/85/1b/851bac6ad28bc45b4e632adfcb24c84d.jpg%3Fitok=SZAVtkwQ",
         "id" : "r31",
         "comps" : [],
         "download" : {
            "receiveFirst" : 18,
            "len" : 30257,
            "dns" : 0,
            "dnsEnd" : -1,
            "receiveHeadersEnd" : 32,
            "sslEnd" : -1,
            "connectEnd" : 14,
            "connectStart" : 0,
            "id" : "download_10",
            "receivedTime" : "242.417000001296",
            "sslStart" : -1,
            "dnsStart" : -1,
            "receiveLast" : 210.417000001296,
            "s_time" : 165.375999989919,
            "sendEnd" : 14,
            "sendStart" : 14,
            "type" : "image/jpeg"
         }
      },
      {
         "when_comp_start" : -1,
         "url" : "http://modified.testbed.localhost/cdn2-b.examiner.com/sites/default/files/styles/hero_curated_large/hash/51/e9/51e9c2494df7a6d58175be798e82b3be.jpg%3Fitok=A7DBAfOO",
         "id" : "r33",
         "comps" : [],
         "download" : {
            "receiveFirst" : 9,
            "len" : 33630,
            "dns" : 0,
            "dnsEnd" : -1,
            "receiveHeadersEnd" : 37,
            "sslEnd" : -1,
            "connectEnd" : 28,
            "connectStart" : 0,
            "id" : "download_11",
            "receivedTime" : "243.159999954514",
            "sslStart" : -1,
            "dnsStart" : -1,
            "receiveLast" : 206.159999954514,
            "s_time" : 166.1609999137,
            "sendEnd" : 28,
            "sendStart" : 28,
            "type" : "image/jpeg"
         }
      },
      {
         "when_comp_start" : -1,
         "url" : "http://modified.testbed.localhost/cdn2-b.examiner.com/sites/default/files/styles/hero_curated_large/hash/cc/09/cc09ad68e8e5a8f9c4e00ee3f3e9361c.jpg%3Fitok=vUNjBPww",
         "id" : "r34",
         "comps" : [],
         "download" : {
            "receiveFirst" : 9,
            "len" : 25158,
            "dns" : 0,
            "dnsEnd" : -1,
            "receiveHeadersEnd" : 40,
            "sslEnd" : -1,
            "connectEnd" : 31,
            "connectStart" : 0,
            "id" : "download_12",
            "receivedTime" : "379.704999970272",
            "sslStart" : -1,
            "dnsStart" : -1,
            "receiveLast" : 339.704999970272,
            "s_time" : 166.562999947928,
            "sendEnd" : 31,
            "sendStart" : 31,
            "type" : "image/jpeg"
         }
      },
      {
         "when_comp_start" : -1,
         "url" : "http://modified.testbed.localhost/cdn2-b.examiner.com/sites/default/files/styles/hero_curated_large/hash/97/5a/975a0f2e968527ab137106fb3204f7fb.jpg%3Fitok=pHMz6m9f",
         "id" : "r35",
         "comps" : [],
         "download" : {
            "receiveFirst" : 9,
            "len" : 32093,
            "dns" : 0,
            "dnsEnd" : -1,
            "receiveHeadersEnd" : 41,
            "sslEnd" : -1,
            "connectEnd" : 31,
            "connectStart" : 0,
            "id" : "download_13",
            "receivedTime" : "379.990999936126",
            "sslStart" : -1,
            "dnsStart" : -1,
            "receiveLast" : 338.990999936126,
            "s_time" : 166.976999957114,
            "sendEnd" : 32,
            "sendStart" : 31,
            "type" : "image/jpeg"
         }
      },
      {
         "when_comp_start" : -1,
         "url" : "http://modified.testbed.localhost/cdn2-b.examiner.com/sites/default/files/styles/hero_curated_large/hash/e4/93/e493e3cb91da304ec536e65ce56fdadf.jpg%3Fitok=Ec5rau9M",
         "id" : "r36",
         "comps" : [],
         "download" : {
            "receiveFirst" : 10,
            "len" : 30016,
            "dns" : 0,
            "dnsEnd" : -1,
            "receiveHeadersEnd" : 46,
            "sslEnd" : -1,
            "connectEnd" : 36,
            "connectStart" : 0,
            "id" : "download_14",
            "receivedTime" : "380.793999996968",
            "sslStart" : -1,
            "dnsStart" : -1,
            "receiveLast" : 334.793999996968,
            "s_time" : 167.375999968499,
            "sendEnd" : 36,
            "sendStart" : 36,
            "type" : "image/jpeg"
         }
      },
      {
         "when_comp_start" : -1,
         "url" : "http://modified.testbed.localhost/cdn2-b.examiner.com/sites/default/files/styles/hero_curated_large/hash/d7/f8/d7f8f3bc321a70df505bcbd821c9649d.jpg%3Fitok=wqezssPy",
         "id" : "r37",
         "comps" : [],
         "download" : {
            "receiveFirst" : 10,
            "len" : 20932,
            "dns" : 0,
            "dnsEnd" : -1,
            "receiveHeadersEnd" : 46,
            "sslEnd" : -1,
            "connectEnd" : 35,
            "connectStart" : 0,
            "id" : "download_15",
            "receivedTime" : "381.269000004977",
            "sslStart" : -1,
            "dnsStart" : -1,
            "receiveLast" : 335.269000004977,
            "s_time" : 167.718000011519,
            "sendEnd" : 36,
            "sendStart" : 35,
            "type" : "image/jpeg"
         }
      },
      {
         "when_comp_start" : -1,
         "url" : "http://modified.testbed.localhost/cdn2-b.examiner.com/sites/default/files/styles/hero_curated_large/hash/c5/2f/c52f7db8732010d53774c423c580dfb0.jpg%3Fitok=HUCo2boK",
         "id" : "r38",
         "comps" : [],
         "download" : {
            "receiveFirst" : 8,
            "len" : 25376,
            "dns" : 0,
            "dnsEnd" : -1,
            "receiveHeadersEnd" : 26,
            "sslEnd" : -1,
            "connectEnd" : 18,
            "connectStart" : 0,
            "id" : "download_16",
            "receivedTime" : "381.465999991633",
            "sslStart" : -1,
            "dnsStart" : -1,
            "receiveLast" : 355.465999991633,
            "s_time" : 188.464000006206,
            "sendEnd" : 18,
            "sendStart" : 18,
            "type" : "image/jpeg"
         }
      },
      {
         "when_comp_start" : -1,
         "url" : "http://modified.testbed.localhost/cdn2-b.examiner.com/sites/default/files/styles/hero_curated_large/hash/22/e1/22e1e52560b5b459b2d245e3b0540167.jpg%3Fitok=kp4llvG8",
         "id" : "r39",
         "comps" : [],
         "download" : {
            "receiveFirst" : 8,
            "len" : 40596,
            "dns" : 0,
            "dnsEnd" : -1,
            "receiveHeadersEnd" : 28,
            "sslEnd" : -1,
            "connectEnd" : 20,
            "connectStart" : 0,
            "id" : "download_17",
            "receivedTime" : "382.497999933548",
            "sslStart" : -1,
            "dnsStart" : -1,
            "receiveLast" : 354.497999933548,
            "s_time" : 191.65900000371,
            "sendEnd" : 20,
            "sendStart" : 20,
            "type" : "image/jpeg"
         }
      },
      {
         "when_comp_start" : -1,
         "url" : "http://modified.testbed.localhost/cdn2-b.examiner.com/sites/default/files/styles/hero_curated_large/hash/8f/3e/8f3eb8987fd189c2e2d258a8ba99b479.jpg%3Fitok=TBxgCF21",
         "id" : "r40",
         "comps" : [],
         "download" : {
            "receiveFirst" : 9,
            "len" : 40662,
            "dns" : 0,
            "dnsEnd" : -1,
            "receiveHeadersEnd" : 28,
            "sslEnd" : -1,
            "connectEnd" : 19,
            "connectStart" : 0,
            "id" : "download_18",
            "receivedTime" : "382.68399995286",
            "sslStart" : -1,
            "dnsStart" : -1,
            "receiveLast" : 354.68399995286,
            "s_time" : 193.763999966905,
            "sendEnd" : 19,
            "sendStart" : 19,
            "type" : "image/jpeg"
         }
      },
      {
         "when_comp_start" : -1,
         "url" : "http://modified.testbed.localhost/cdn2-b.examiner.com/sites/default/files/styles/hero_curated_large/hash/48/e6/48e6fdfb5715f6f9a17186a2a8ded7b2.jpg%3Fitok=ZQN1CMS9",
         "id" : "r41",
         "comps" : [],
         "download" : {
            "receiveFirst" : 11,
            "len" : 34330,
            "dns" : 0,
            "dnsEnd" : -1,
            "receiveHeadersEnd" : 27,
            "sslEnd" : -1,
            "connectEnd" : 16,
            "connectStart" : 0,
            "id" : "download_19",
            "receivedTime" : "383.374999975786",
            "sslStart" : -1,
            "dnsStart" : -1,
            "receiveLast" : 356.374999975786,
            "s_time" : 198.60499992501,
            "sendEnd" : 16,
            "sendStart" : 16,
            "type" : "image/jpeg"
         }
      },
      {
         "when_comp_start" : -1,
         "url" : "http://modified.testbed.localhost/cdn2-b.examiner.com/sites/default/files/styles/hero_curated_large/hash/61/36/6136d166d826cbfa435ea8e78f949a07.jpg%3Fitok=MGZzln94",
         "id" : "r42",
         "comps" : [],
         "download" : {
            "receiveFirst" : 8,
            "len" : 15948,
            "dns" : 0,
            "dnsEnd" : -1,
            "receiveHeadersEnd" : 26,
            "sslEnd" : -1,
            "connectEnd" : 18,
            "connectStart" : 0,
            "id" : "download_20",
            "receivedTime" : "383.598999935202",
            "sslStart" : -1,
            "dnsStart" : -1,
            "receiveLast" : 357.598999935202,
            "s_time" : 200.581999961287,
            "sendEnd" : 18,
            "sendStart" : 18,
            "type" : "image/jpeg"
         }
      },
      {
         "when_comp_start" : -1,
         "url" : "http://modified.testbed.localhost/cdn2-b.examiner.com/sites/default/files/styles/hero_curated_large/hash/ba/73/ba736f2b11f1d7caf33641ebac6d3705.jpg%3Fitok=mUf7C_pL",
         "id" : "r43",
         "comps" : [],
         "download" : {
            "receiveFirst" : 10,
            "len" : 11331,
            "dns" : 0,
            "dnsEnd" : -1,
            "receiveHeadersEnd" : 24,
            "sslEnd" : -1,
            "connectEnd" : 14,
            "connectStart" : 0,
            "id" : "download_21",
            "receivedTime" : "384.365999954753",
            "sslStart" : -1,
            "dnsStart" : -1,
            "receiveLast" : 360.365999954753,
            "s_time" : 205.29399998486,
            "sendEnd" : 14,
            "sendStart" : 14,
            "type" : "image/jpeg"
         }
      },
      {
         "when_comp_start" : -1,
         "url" : "http://modified.testbed.localhost/cdn2-b.examiner.com/sites/default/files/styles/hero_curated_large/hash/4b/95/4b957dd8a13c24ea745c4f2709dd620b.jpg%3Fitok=e9_u0r72",
         "id" : "r44",
         "comps" : [],
         "download" : {
            "receiveFirst" : 7,
            "len" : 18826,
            "dns" : 0,
            "dnsEnd" : -1,
            "receiveHeadersEnd" : 19,
            "sslEnd" : -1,
            "connectEnd" : 12,
            "connectStart" : 0,
            "id" : "download_22",
            "receivedTime" : "384.508999995887",
            "sslStart" : -1,
            "dnsStart" : -1,
            "receiveLast" : 365.508999995887,
            "s_time" : 210.565999965183,
            "sendEnd" : 12,
            "sendStart" : 12,
            "type" : "image/jpeg"
         }
      },
      {
         "when_comp_start" : -1,
         "url" : "http://modified.testbed.localhost/cdn2-b.examiner.com/sites/default/files/js/js_2cBQ1DfFkt8zrbf_MtJPF7di7jwslFByQwZU63t57EE_453_1.js%3Fo6dj05",
         "id" : "r45",
         "comps" : [
            {
               "s_time" : 448.787999921478,
               "time" : 56.874000001699,
               "type" : 1,
               "id" : "comp_47",
               "e_time" : 505.661999923177
            }
         ],
         "download" : {
            "receiveFirst" : 4,
            "len" : 104377,
            "dns" : 0,
            "dnsEnd" : -1,
            "receiveHeadersEnd" : 9,
            "sslEnd" : -1,
            "connectEnd" : 5,
            "connectStart" : 0,
            "id" : "download_23",
            "receivedTime" : "413.452000007965",
            "sslStart" : -1,
            "dnsStart" : -1,
            "receiveLast" : 404.452000007965,
            "s_time" : 236.603999976069,
            "sendEnd" : 5,
            "sendStart" : 5,
            "type" : "text/plain"
         }
      },
      {
         "when_comp_start" : -1,
         "url" : "http://modified.testbed.localhost/cdn2-b.examiner.com/sites/default/files/js/js_nCQ5nHRYiQ-6cTVFVyLSNp1fsTIBj2pbRuGiny4jTZs_453_1.js%3Fo6dj05",
         "id" : "r46",
         "comps" : [
            {
               "s_time" : 506.825999938883,
               "time" : 1.66800001170498,
               "type" : 1,
               "id" : "comp_51",
               "e_time" : 508.493999950588
            }
         ],
         "download" : {
            "receiveFirst" : 5,
            "len" : 5463,
            "dns" : 0,
            "dnsEnd" : -1,
            "receiveHeadersEnd" : 11,
            "sslEnd" : -1,
            "connectEnd" : 5,
            "connectStart" : 0,
            "id" : "download_24",
            "receivedTime" : "404.066000017338",
            "sslStart" : -1,
            "dnsStart" : -1,
            "receiveLast" : 393.066000017338,
            "s_time" : 236.945000011474,
            "sendEnd" : 6,
            "sendStart" : 5,
            "type" : "text/plain"
         }
      },
      {
         "when_comp_start" : -1,
         "url" : "http://modified.testbed.localhost/adg.bzgint.com/pub/adg/data.js",
         "id" : "r47",
         "comps" : [
            {
               "s_time" : 508.630999946035,
               "time" : 62.590999994427,
               "type" : 1,
               "id" : "comp_53",
               "e_time" : 571.221999940462
            }
         ],
         "download" : {
            "receiveFirst" : 6,
            "len" : 68244,
            "dns" : 0,
            "dnsEnd" : -1,
            "receiveHeadersEnd" : 12,
            "sslEnd" : -1,
            "connectEnd" : 6,
            "connectStart" : 0,
            "id" : "download_25",
            "receivedTime" : "410.521999932826",
            "sslStart" : -1,
            "dnsStart" : -1,
            "receiveLast" : 398.521999932826,
            "s_time" : 237.270999932662,
            "sendEnd" : 6,
            "sendStart" : 6,
            "type" : "application/javascript"
         }
      },
      {
         "when_comp_start" : -1,
         "url" : "http://modified.testbed.localhost/cdn2-b.examiner.com/sites/all/themes/greyhound/assets/fonts/proximanova-light-webfont.woff%3Fversion=452",
         "id" : "r9",
         "comps" : [],
         "download" : {
            "receiveFirst" : 7,
            "len" : 24356,
            "dns" : 0,
            "dnsEnd" : -1,
            "receiveHeadersEnd" : 13,
            "sslEnd" : -1,
            "connectEnd" : 6,
            "connectStart" : 0,
            "id" : "download_26",
            "receivedTime" : "405.27399990242",
            "sslStart" : -1,
            "dnsStart" : -1,
            "receiveLast" : 392.27399990242,
            "s_time" : 237.59599996265,
            "sendEnd" : 6,
            "sendStart" : 6,
            "type" : "application/octet-stream"
         }
      },
      {
         "when_comp_start" : -1,
         "url" : "http://modified.testbed.localhost/cdn2-b.examiner.com/sites/all/themes/greyhound/assets/fonts/RobotoSlab-Bold-webfont.woff%3Fversion=452",
         "id" : "r6",
         "comps" : [],
         "download" : {
            "receiveFirst" : 9,
            "len" : 28628,
            "dns" : 0,
            "dnsEnd" : -1,
            "receiveHeadersEnd" : 15,
            "sslEnd" : -1,
            "connectEnd" : 6,
            "connectStart" : 0,
            "id" : "download_27",
            "receivedTime" : "407.3769999668",
            "sslStart" : -1,
            "dnsStart" : -1,
            "receiveLast" : 392.3769999668,
            "s_time" : 237.911999924108,
            "sendEnd" : 6,
            "sendStart" : 6,
            "type" : "application/octet-stream"
         }
      },
      {
         "when_comp_start" : -1,
         "url" : "http://modified.testbed.localhost/cdn2-b.examiner.com/sites/all/themes/greyhound/assets/fonts/ExSymbolset.woff%3Fversion=452",
         "id" : "r15",
         "comps" : [],
         "download" : {
            "receiveFirst" : 13,
            "len" : 12184,
            "dns" : 0,
            "dnsEnd" : -1,
            "receiveHeadersEnd" : 18,
            "sslEnd" : -1,
            "connectEnd" : 5,
            "connectStart" : 0,
            "id" : "download_28",
            "receivedTime" : "409.608999965712",
            "sslStart" : -1,
            "dnsStart" : -1,
            "receiveLast" : 391.608999965712,
            "s_time" : 238.232999923639,
            "sendEnd" : 5,
            "sendStart" : 5,
            "type" : "application/octet-stream"
         }
      },
      {
         "when_comp_start" : -1,
         "url" : "http://modified.testbed.localhost/cdn2-b.examiner.com/sites/all/themes/greyhound/assets/fonts/proximanova-sbold-webfont.woff%3Fversion=452",
         "id" : "r12",
         "comps" : [],
         "download" : {
            "receiveFirst" : 13,
            "len" : 24720,
            "dns" : 0,
            "dnsEnd" : -1,
            "receiveHeadersEnd" : 24,
            "sslEnd" : -1,
            "connectEnd" : 11,
            "connectStart" : 0,
            "id" : "download_29",
            "receivedTime" : "411.064999992959",
            "sslStart" : -1,
            "dnsStart" : -1,
            "receiveLast" : 387.064999992959,
            "s_time" : 238.516999990679,
            "sendEnd" : 11,
            "sendStart" : 11,
            "type" : "application/octet-stream"
         }
      },
      {
         "when_comp_start" : -1,
         "url" : "http://modified.testbed.localhost/cdn2-b.examiner.com/sites/default/files/js/js_jd9MbK3K3XvvxdlsfYPlK6OAND4lK7SUM_KIBs2qENI_453_1.js%3Fo6dj05",
         "id" : "r48",
         "comps" : [
            {
               "s_time" : 571.391999954358,
               "time" : 15.877999947406,
               "type" : 1,
               "id" : "comp_56",
               "e_time" : 587.269999901764
            }
         ],
         "download" : {
            "receiveFirst" : 10,
            "len" : 52336,
            "dns" : 0,
            "dnsEnd" : -1,
            "receiveHeadersEnd" : 26,
            "sslEnd" : -1,
            "connectEnd" : 16,
            "connectStart" : 0,
            "id" : "download_30",
            "receivedTime" : "413.78199995961",
            "sslStart" : -1,
            "dnsStart" : -1,
            "receiveLast" : 387.78199995961,
            "s_time" : 238.859999924898,
            "sendEnd" : 16,
            "sendStart" : 16,
            "type" : "text/plain"
         }
      },
      {
         "when_comp_start" : -1,
         "url" : "http://modified.testbed.localhost/cdn2-b.examiner.com/sites/default/files/js/js_4Jw9dzqoP-ppZQwODDGwFZiSQTIaIGbYrJwGLTf18-M_453_1.js%3Fo6dj05",
         "id" : "r57",
         "comps" : [],
         "download" : {
            "receiveFirst" : 3,
            "len" : 52783,
            "dns" : 0,
            "dnsEnd" : -1,
            "receiveHeadersEnd" : 6,
            "sslEnd" : -1,
            "connectEnd" : 3,
            "connectStart" : 0,
            "id" : "download_31",
            "receivedTime" : "715.076999971643",
            "sslStart" : -1,
            "dnsStart" : -1,
            "receiveLast" : 709.076999971643,
            "s_time" : 588.030999992043,
            "sendEnd" : 3,
            "sendStart" : 3,
            "type" : "text/plain"
         }
      },
      {
         "when_comp_start" : 1,
         "url" : "http://modified.testbed.localhost/misc/help.png",
         "id" : "r60",
         "comps" : [],
         "download" : {
            "receiveFirst" : 3,
            "len" : 303,
            "dns" : 0,
            "dnsEnd" : -1,
            "receiveHeadersEnd" : 4,
            "sslEnd" : -1,
            "connectEnd" : 1,
            "connectStart" : 0,
            "id" : "download_32",
            "receivedTime" : "1315.3769999044",
            "sslStart" : -1,
            "dnsStart" : -1,
            "receiveLast" : 1311.3769999044,
            "s_time" : 872.289999970235,
            "sendEnd" : 1,
            "sendStart" : 1,
            "type" : "text/html"
         }
      }
   ],
   "deps" : [
      {
         "a2" : "r1_c2",
         "time" : -1,
         "id" : "dep1",
         "a1" : "comp_6"
      },
      {
         "a2" : "r1_c3",
         "time" : -1,
         "id" : "dep2",
         "a1" : "comp_19"
      },
      {
         "a2" : "r1_c4",
         "time" : -1,
         "id" : "dep3",
         "a1" : "comp_47"
      },
      {
         "a2" : "r1_c5",
         "time" : -1,
         "id" : "dep4",
         "a1" : "comp_51"
      },
      {
         "a2" : "r1_c6",
         "time" : -1,
         "id" : "dep5",
         "a1" : "comp_53"
      },
      {
         "a2" : "r1_c7",
         "time" : -1,
         "id" : "dep6",
         "a1" : "comp_56"
      },
      {
         "a2" : "comp_6",
         "time" : -1,
         "id" : "dep7",
         "a1" : "comp_1"
      },
      {
         "a2" : "comp_6",
         "time" : -1,
         "id" : "dep8",
         "a1" : "comp_5"
      },
      {
         "a2" : "comp_6",
         "time" : -1,
         "id" : "dep9",
         "a1" : "comp_3"
      },
      {
         "a2" : "comp_53",
         "time" : -1,
         "id" : "dep10",
         "a1" : "comp_51"
      },
      {
         "a2" : "comp_56",
         "time" : -1,
         "id" : "dep11",
         "a1" : "comp_53"
      },
      {
         "a2" : "download_32",
         "time" : 285.020000068471,
         "id" : "dep12",
         "a1" : "r1_c7"
      },
      {
         "a2" : "download_31",
         "time" : 0.761000090279026,
         "id" : "dep13",
         "a1" : "r1_c7"
      },
      {
         "a2" : "download_30",
         "time" : -1,
         "id" : "dep14",
         "a1" : "r1_c2"
      },
      {
         "a2" : "download_29",
         "time" : 99.807000020519,
         "id" : "dep15",
         "a1" : "r1_c2"
      },
      {
         "a2" : "download_28",
         "time" : 99.522999953479,
         "id" : "dep16",
         "a1" : "r1_c2"
      },
      {
         "a2" : "download_27",
         "time" : 99.201999953948,
         "id" : "dep17",
         "a1" : "r1_c2"
      },
      {
         "a2" : "download_26",
         "time" : 98.88599999249,
         "id" : "dep18",
         "a1" : "r1_c2"
      },
      {
         "a2" : "download_25",
         "time" : 98.560999962502,
         "id" : "dep19",
         "a1" : "r1_c2"
      },
      {
         "a2" : "download_25",
         "time" : 98.560999962502,
         "id" : "dep20",
         "a1" : "r1_c2"
      },
      {
         "a2" : "download_24",
         "time" : 98.235000041314,
         "id" : "dep21",
         "a1" : "r1_c2"
      },
      {
         "a2" : "download_24",
         "time" : 98.235000041314,
         "id" : "dep22",
         "a1" : "r1_c2"
      },
      {
         "a2" : "download_23",
         "time" : 97.894000005909,
         "id" : "dep23",
         "a1" : "r1_c2"
      },
      {
         "a2" : "download_23",
         "time" : 97.894000005909,
         "id" : "dep24",
         "a1" : "r1_c2"
      },
      {
         "a2" : "download_22",
         "time" : 71.855999995023,
         "id" : "dep25",
         "a1" : "r1_c2"
      },
      {
         "a2" : "download_21",
         "time" : 66.5840000147,
         "id" : "dep26",
         "a1" : "r1_c2"
      },
      {
         "a2" : "download_20",
         "time" : 61.871999991127,
         "id" : "dep27",
         "a1" : "r1_c2"
      },
      {
         "a2" : "download_19",
         "time" : 59.89499995485,
         "id" : "dep28",
         "a1" : "r1_c2"
      },
      {
         "a2" : "download_18",
         "time" : 55.053999996745,
         "id" : "dep29",
         "a1" : "r1_c2"
      },
      {
         "a2" : "download_17",
         "time" : 52.94900003355,
         "id" : "dep30",
         "a1" : "r1_c2"
      },
      {
         "a2" : "download_16",
         "time" : 49.754000036046,
         "id" : "dep31",
         "a1" : "r1_c2"
      },
      {
         "a2" : "download_15",
         "time" : 29.008000041359,
         "id" : "dep32",
         "a1" : "r1_c2"
      },
      {
         "a2" : "download_14",
         "time" : 28.665999998339,
         "id" : "dep33",
         "a1" : "r1_c2"
      },
      {
         "a2" : "download_13",
         "time" : 28.266999986954,
         "id" : "dep34",
         "a1" : "r1_c2"
      },
      {
         "a2" : "download_12",
         "time" : 27.852999977768,
         "id" : "dep35",
         "a1" : "r1_c2"
      },
      {
         "a2" : "download_11",
         "time" : 27.45099994354,
         "id" : "dep36",
         "a1" : "r1_c2"
      },
      {
         "a2" : "download_10",
         "time" : 26.666000019759,
         "id" : "dep37",
         "a1" : "r1_c2"
      },
      {
         "a2" : "download_9",
         "time" : 27.087999973447,
         "id" : "dep38",
         "a1" : "r1_c2"
      },
      {
         "a2" : "download_8",
         "time" : 26.066999998875,
         "id" : "dep39",
         "a1" : "r1_c2"
      },
      {
         "a2" : "download_7",
         "time" : 25.485999998637,
         "id" : "dep40",
         "a1" : "r1_c2"
      },
      {
         "a2" : "download_6",
         "time" : 24.974999949336,
         "id" : "dep41",
         "a1" : "r1_c2"
      },
      {
         "a2" : "download_5",
         "time" : 24.160000029952,
         "id" : "dep42",
         "a1" : "r1_c2"
      },
      {
         "a2" : "download_4",
         "time" : -1,
         "id" : "dep43",
         "a1" : "r1_c1"
      },
      {
         "a2" : "download_3",
         "time" : 39.9780001025647,
         "id" : "dep44",
         "a1" : "r1_c1"
      },
      {
         "a2" : "download_2",
         "time" : 39.6269999910146,
         "id" : "dep45",
         "a1" : "r1_c1"
      },
      {
         "a2" : "download_1",
         "time" : 39.242000086233,
         "id" : "dep46",
         "a1" : "r1_c1"
      }
   ]
}
