{
   "n_download_no_trigger" : 1,
   "start_activity" : "download_0",
   "name" : "modified.testbed.localhost_www.reddit.com_",
   "load_activity" : -1,
   "objs" : [
      {
         "when_comp_start" : 1,
         "url" : "http://modified.testbed.localhost/www.reddit.com/",
         "id" : "r1",
         "comps" : [
            {
               "s_time" : 47.4089999916032,
               "time" : 36.744000040926,
               "id" : "r1_c1",
               "type" : "evalhtml",
               "e_time" : 84.1530000325292
            },
            {
               "s_time" : 326.591999968514,
               "time" : 321.759000071324,
               "id" : "r1_c2",
               "type" : "evalhtml",
               "e_time" : 648.351000039838
            },
            {
               "s_time" : 719.050999963656,
               "time" : 168.820000020787,
               "type" : "evalhtml",
               "id" : "r1_c3",
               "e_time" : 887.870999984443
            }
         ],
         "download" : {
            "receiveFirst" : 5,
            "len" : 130442,
            "dns" : 0,
            "dnsEnd" : -1,
            "receiveHeadersEnd" : 8,
            "sslEnd" : -1,
            "connectEnd" : 2,
            "connectStart" : 0,
            "id" : "download_0",
            "receivedTime" : "47.0180000411347",
            "sslStart" : -1,
            "dnsStart" : -1,
            "receiveLast" : 39.0180000411347,
            "s_time" : 0,
            "sendEnd" : 3,
            "sendStart" : 2,
            "type" : "text/html"
         }
      },
      {
         "when_comp_start" : -1,
         "url" : "http://modified.testbed.localhost/www.redditstatic.com/reddit.ooBJpEoO9vY.css",
         "id" : "r2",
         "comps" : [
            {
               "s_time" : 105.234000016935,
               "time" : 52.435999969021,
               "type" : 4,
               "id" : "comp_12",
               "e_time" : 157.669999985956
            }
         ],
         "download" : {
            "receiveFirst" : 4,
            "len" : 292601,
            "dns" : 0,
            "dnsEnd" : -1,
            "receiveHeadersEnd" : 8,
            "sslEnd" : -1,
            "connectEnd" : 4,
            "connectStart" : 0,
            "id" : "download_1",
            "receivedTime" : "105.018000002019",
            "sslStart" : -1,
            "dnsStart" : -1,
            "receiveLast" : 97.0180000020191,
            "s_time" : 48.7020000582561,
            "sendEnd" : 4,
            "sendStart" : 4,
            "type" : "text/css"
         }
      },
      {
         "when_comp_start" : -1,
         "url" : "http://modified.testbed.localhost/www.redditstatic.com/reddit-init.en.qq9nT0inXvw.js",
         "id" : "r3",
         "comps" : [
            {
               "s_time" : 158.260000054725,
               "time" : 168.331999913789,
               "type" : 1,
               "id" : "comp_13",
               "e_time" : 326.591999968514
            }
         ],
         "download" : {
            "receiveFirst" : 4,
            "len" : 226927,
            "dns" : 0,
            "dnsEnd" : 2,
            "receiveHeadersEnd" : 9,
            "sslEnd" : -1,
            "connectEnd" : 5,
            "connectStart" : 0,
            "id" : "download_2",
            "receivedTime" : "157.985000056215",
            "sslStart" : -1,
            "dnsStart" : 2,
            "receiveLast" : 148.985000056215,
            "s_time" : 49.4119999930263,
            "sendEnd" : 5,
            "sendStart" : 5,
            "type" : "application/javascript"
         }
      },
      {
         "when_comp_start" : -1,
         "url" : "http://modified.testbed.localhost/www.redditstatic.com/subscribe-header.svg",
         "id" : "r4",
         "comps" : [],
         "download" : {
            "receiveFirst" : 6,
            "len" : 7716,
            "dns" : 0,
            "dnsEnd" : 2,
            "receiveHeadersEnd" : 10,
            "sslEnd" : -1,
            "connectEnd" : 4,
            "connectStart" : 0,
            "id" : "download_3",
            "receivedTime" : "63.2309999782592",
            "sslStart" : -1,
            "dnsStart" : 2,
            "receiveLast" : 53.2309999782592,
            "s_time" : 49.7960000066087,
            "sendEnd" : 4,
            "sendStart" : 4,
            "type" : "image/svg+xml"
         }
      },
      {
         "when_comp_start" : -1,
         "url" : "http://modified.testbed.localhost/www.redditstatic.com/subscribe-header-thanks.svg",
         "id" : "r5",
         "comps" : [],
         "download" : {
            "receiveFirst" : 5,
            "len" : 6679,
            "dns" : 0,
            "dnsEnd" : -1,
            "receiveHeadersEnd" : 7,
            "sslEnd" : -1,
            "connectEnd" : 2,
            "connectStart" : 0,
            "id" : "download_4",
            "receivedTime" : "91.9200000353158",
            "sslStart" : -1,
            "dnsStart" : -1,
            "receiveLast" : 84.9200000353158,
            "s_time" : 62.6880000345409,
            "sendEnd" : 2,
            "sendStart" : 2,
            "type" : "image/svg+xml"
         }
      },
      {
         "when_comp_start" : -1,
         "url" : "http://modified.testbed.localhost/a.thumbs.redditmedia.com/QNPOXRuN7ukq1migI1x_cw-onXwDP4Ooz5Tq8up9Bo8.jpg",
         "id" : "r6",
         "comps" : [],
         "download" : {
            "receiveFirst" : 4,
            "len" : 9238,
            "dns" : 0,
            "dnsEnd" : -1,
            "receiveHeadersEnd" : 5,
            "sslEnd" : -1,
            "connectEnd" : 1,
            "connectStart" : 0,
            "id" : "download_5",
            "receivedTime" : "101.723000057973",
            "sslStart" : -1,
            "dnsStart" : -1,
            "receiveLast" : 96.723000057973,
            "s_time" : 70.9379999898374,
            "sendEnd" : 1,
            "sendStart" : 1,
            "type" : "image/jpeg"
         }
      },
      {
         "when_comp_start" : -1,
         "url" : "http://modified.testbed.localhost/a.thumbs.redditmedia.com/mC4tk0eXpeyoqsuGJZGVBe9sdm3X5axUVyttnQ8KeE0.jpg",
         "id" : "r7",
         "comps" : [],
         "download" : {
            "receiveFirst" : 4,
            "len" : 4656,
            "dns" : 0,
            "dnsEnd" : -1,
            "receiveHeadersEnd" : 5,
            "sslEnd" : -1,
            "connectEnd" : 1,
            "connectStart" : 0,
            "id" : "download_6",
            "receivedTime" : "103.038000059314",
            "sslStart" : -1,
            "dnsStart" : -1,
            "receiveLast" : 98.0380000593141,
            "s_time" : 77.3460000054911,
            "sendEnd" : 1,
            "sendStart" : 1,
            "type" : "image/jpeg"
         }
      },
      {
         "when_comp_start" : -1,
         "url" : "http://modified.testbed.localhost/b.thumbs.redditmedia.com/rK6QksY80tmBLKUmhxk54sJSr6gpkYdCA_yZqcG3dgM.jpg",
         "id" : "r8",
         "comps" : [],
         "download" : {
            "receiveFirst" : 5,
            "len" : 5016,
            "dns" : 0,
            "dnsEnd" : -1,
            "receiveHeadersEnd" : 6,
            "sslEnd" : -1,
            "connectEnd" : 1,
            "connectStart" : 0,
            "id" : "download_7",
            "receivedTime" : "104.41000002902",
            "sslStart" : -1,
            "dnsStart" : -1,
            "receiveLast" : 98.41000002902,
            "s_time" : 84.1530000325292,
            "sendEnd" : 1,
            "sendStart" : 1,
            "type" : "image/jpeg"
         }
      },
      {
         "when_comp_start" : -1,
         "url" : "http://modified.testbed.localhost/www.redditstatic.com/droparrowgray.gif",
         "id" : "r12",
         "comps" : [],
         "download" : {
            "receiveFirst" : 3,
            "len" : 67,
            "dns" : 0,
            "dnsEnd" : -1,
            "receiveHeadersEnd" : 4,
            "sslEnd" : -1,
            "connectEnd" : 1,
            "connectStart" : 0,
            "id" : "download_8",
            "receivedTime" : "593.972000060603",
            "sslStart" : -1,
            "dnsStart" : -1,
            "receiveLast" : 589.972000060603,
            "s_time" : 352.643000078388,
            "sendEnd" : 1,
            "sendStart" : 1,
            "type" : "image/gif"
         }
      },
      {
         "when_comp_start" : -1,
         "url" : "http://modified.testbed.localhost/www.redditstatic.com/sprite-reddit.ZDiVRxCXXWg.png",
         "id" : "r13",
         "comps" : [],
         "download" : {
            "receiveFirst" : 3,
            "len" : 40375,
            "dns" : 0,
            "dnsEnd" : -1,
            "receiveHeadersEnd" : 4,
            "sslEnd" : -1,
            "connectEnd" : 1,
            "connectStart" : 0,
            "id" : "download_9",
            "receivedTime" : "595.980999991298",
            "sslStart" : -1,
            "dnsStart" : -1,
            "receiveLast" : 591.980999991298,
            "s_time" : 367.046999977902,
            "sendEnd" : 1,
            "sendStart" : 1,
            "type" : "image/png"
         }
      },
      {
         "when_comp_start" : -1,
         "url" : "http://modified.testbed.localhost/www.redditstatic.com/throbber.gif",
         "id" : "r14",
         "comps" : [],
         "download" : {
            "receiveFirst" : 4,
            "len" : 1100,
            "dns" : 0,
            "dnsEnd" : -1,
            "receiveHeadersEnd" : 5,
            "sslEnd" : -1,
            "connectEnd" : 1,
            "connectStart" : 0,
            "id" : "download_10",
            "receivedTime" : "634.941000025719",
            "sslStart" : -1,
            "dnsStart" : -1,
            "receiveLast" : 629.941000025719,
            "s_time" : 383.400000049733,
            "sendEnd" : 1,
            "sendStart" : 1,
            "type" : "image/gif"
         }
      },
      {
         "when_comp_start" : -1,
         "url" : "http://modified.testbed.localhost/b.thumbs.redditmedia.com/_rHw6qkyCwLTRyfWaYfIvCPuYZ10XzZHNsC_0Rjlwns.jpg",
         "id" : "r15",
         "comps" : [],
         "download" : {
            "receiveFirst" : 4,
            "len" : 3342,
            "dns" : 0,
            "dnsEnd" : -1,
            "receiveHeadersEnd" : 5,
            "sslEnd" : -1,
            "connectEnd" : 1,
            "connectStart" : 0,
            "id" : "download_11",
            "receivedTime" : "635.749000008218",
            "sslStart" : -1,
            "dnsStart" : -1,
            "receiveLast" : 630.749000008218,
            "s_time" : 386.620000004768,
            "sendEnd" : 1,
            "sendStart" : 1,
            "type" : "image/jpeg"
         }
      },
      {
         "when_comp_start" : -1,
         "url" : "http://modified.testbed.localhost/b.thumbs.redditmedia.com/vf7mmjOLTs8Nvq9Z1yeb3_gtRDd6UQvQKZ6LEBLf17M.jpg",
         "id" : "r16",
         "comps" : [],
         "download" : {
            "receiveFirst" : 4,
            "len" : 7797,
            "dns" : 0,
            "dnsEnd" : -1,
            "receiveHeadersEnd" : 5,
            "sslEnd" : -1,
            "connectEnd" : 1,
            "connectStart" : 0,
            "id" : "download_12",
            "receivedTime" : "636.089000036009",
            "sslStart" : -1,
            "dnsStart" : -1,
            "receiveLast" : 631.089000036009,
            "s_time" : 387.409999966621,
            "sendEnd" : 1,
            "sendStart" : 1,
            "type" : "image/jpeg"
         }
      },
      {
         "when_comp_start" : 1,
         "url" : "http://modified.testbed.localhost/api/request_promo",
         "id" : "r17",
         "comps" : [],
         "download" : {
            "receiveFirst" : 3,
            "len" : 307,
            "dns" : 0,
            "dnsEnd" : -1,
            "receiveHeadersEnd" : 3,
            "sslEnd" : -1,
            "connectEnd" : 0,
            "connectStart" : 0,
            "id" : "download_13",
            "receivedTime" : "636.483000009321",
            "sslStart" : -1,
            "dnsStart" : -1,
            "receiveLast" : 633.483000009321,
            "s_time" : 455.426000058651,
            "sendEnd" : 0,
            "sendStart" : 0,
            "type" : "text/html"
         }
      },
      {
         "when_comp_start" : -1,
         "url" : "http://modified.testbed.localhost/b.thumbs.redditmedia.com/5P_eeJp46v35litehU2fo_LAUWi7nH1QsdIuGZqhdxo.jpg",
         "id" : "r18",
         "comps" : [],
         "download" : {
            "receiveFirst" : 12,
            "len" : 2300,
            "dns" : 0,
            "dnsEnd" : -1,
            "receiveHeadersEnd" : 14,
            "sslEnd" : -1,
            "connectEnd" : 2,
            "connectStart" : 0,
            "id" : "download_14",
            "receivedTime" : "655.570000060834",
            "sslStart" : -1,
            "dnsStart" : -1,
            "receiveLast" : 641.570000060834,
            "s_time" : 462.235999992117,
            "sendEnd" : 2,
            "sendStart" : 2,
            "type" : "image/jpeg"
         }
      },
      {
         "when_comp_start" : -1,
         "url" : "http://modified.testbed.localhost/a.thumbs.redditmedia.com/-jPzyNxou_YPM7PfPoUmkOe1i4wRqQ5qmw2Lu8SFnq0.jpg",
         "id" : "r19",
         "comps" : [],
         "download" : {
            "receiveFirst" : 10,
            "len" : 3540,
            "dns" : 0,
            "dnsEnd" : -1,
            "receiveHeadersEnd" : 14,
            "sslEnd" : -1,
            "connectEnd" : 4,
            "connectStart" : 0,
            "id" : "download_15",
            "receivedTime" : "655.921000055969",
            "sslStart" : -1,
            "dnsStart" : -1,
            "receiveLast" : 641.921000055969,
            "s_time" : 463.148000068031,
            "sendEnd" : 4,
            "sendStart" : 4,
            "type" : "image/jpeg"
         }
      },
      {
         "when_comp_start" : -1,
         "url" : "http://modified.testbed.localhost/b.thumbs.redditmedia.com/2KF2UPp-F2gs_ScSbKFRQi9aP0M1KaxBaUz4IlFyVCM.jpg",
         "id" : "r20",
         "comps" : [],
         "download" : {
            "receiveFirst" : 12,
            "len" : 3930,
            "dns" : 0,
            "dnsEnd" : -1,
            "receiveHeadersEnd" : 20,
            "sslEnd" : -1,
            "connectEnd" : 7,
            "connectStart" : 0,
            "id" : "download_16",
            "receivedTime" : "656.871000071988",
            "sslStart" : -1,
            "dnsStart" : -1,
            "receiveLast" : 636.871000071988,
            "s_time" : 463.976999977604,
            "sendEnd" : 8,
            "sendStart" : 7,
            "type" : "image/jpeg"
         }
      },
      {
         "when_comp_start" : -1,
         "url" : "http://modified.testbed.localhost/b.thumbs.redditmedia.com/B25RrJzrnTCGERrhBVFhmDkj8N65UTCPXqeXLMADCXw.jpg",
         "id" : "r21",
         "comps" : [],
         "download" : {
            "receiveFirst" : 12,
            "len" : 4038,
            "dns" : 0,
            "dnsEnd" : 4,
            "receiveHeadersEnd" : 21,
            "sslEnd" : -1,
            "connectEnd" : 9,
            "connectStart" : 0,
            "id" : "download_17",
            "receivedTime" : "657.325000036508",
            "sslStart" : -1,
            "dnsStart" : 4,
            "receiveLast" : 636.325000036508,
            "s_time" : 464.679999975488,
            "sendEnd" : 9,
            "sendStart" : 9,
            "type" : "image/jpeg"
         }
      },
      {
         "when_comp_start" : -1,
         "url" : "http://modified.testbed.localhost/b.thumbs.redditmedia.com/Sin-sBNdfpsABJSPE9MY0hJtXBk8t933wYZ6YAB7qIo.jpg",
         "id" : "r22",
         "comps" : [],
         "download" : {
            "receiveFirst" : 11,
            "len" : 4686,
            "dns" : 0,
            "dnsEnd" : 6,
            "receiveHeadersEnd" : 25,
            "sslEnd" : -1,
            "connectEnd" : 14,
            "connectStart" : 0,
            "id" : "download_18",
            "receivedTime" : "657.899999991059",
            "sslStart" : -1,
            "dnsStart" : 6,
            "receiveLast" : 632.899999991059,
            "s_time" : 465.411000070162,
            "sendEnd" : 14,
            "sendStart" : 14,
            "type" : "image/jpeg"
         }
      },
      {
         "when_comp_start" : -1,
         "url" : "http://modified.testbed.localhost/b.thumbs.redditmedia.com/oHYrcfY-Q9ac-yioHP7FELbaqghpSweI2l3JZxvCbfA.jpg",
         "id" : "r23",
         "comps" : [],
         "download" : {
            "receiveFirst" : 11,
            "len" : 5198,
            "dns" : 0,
            "dnsEnd" : 5,
            "receiveHeadersEnd" : 24,
            "sslEnd" : -1,
            "connectEnd" : 13,
            "connectStart" : 0,
            "id" : "download_19",
            "receivedTime" : "658.087000017986",
            "sslStart" : -1,
            "dnsStart" : 5,
            "receiveLast" : 634.087000017986,
            "s_time" : 466.891000047326,
            "sendEnd" : 13,
            "sendStart" : 13,
            "type" : "image/jpeg"
         }
      },
      {
         "when_comp_start" : -1,
         "url" : "http://modified.testbed.localhost/a.thumbs.redditmedia.com/55Ox8ptKJiPH3RzHDek75s95jbHntxQvymLToRRF_A8.jpg",
         "id" : "r24",
         "comps" : [],
         "download" : {
            "receiveFirst" : 10,
            "len" : 3009,
            "dns" : 0,
            "dnsEnd" : -1,
            "receiveHeadersEnd" : 28,
            "sslEnd" : -1,
            "connectEnd" : 17,
            "connectStart" : 0,
            "id" : "download_20",
            "receivedTime" : "658.57099997811",
            "sslStart" : -1,
            "dnsStart" : -1,
            "receiveLast" : 630.57099997811,
            "s_time" : 468.050000024959,
            "sendEnd" : 18,
            "sendStart" : 17,
            "type" : "image/jpeg"
         }
      },
      {
         "when_comp_start" : -1,
         "url" : "http://modified.testbed.localhost/b.thumbs.redditmedia.com/EVwe-6Qr977twg_qz38_Nz0eEU7yi1kvEOWya5ae-Iw.jpg",
         "id" : "r25",
         "comps" : [],
         "download" : {
            "receiveFirst" : 10,
            "len" : 5996,
            "dns" : 0,
            "dnsEnd" : -1,
            "receiveHeadersEnd" : 27,
            "sslEnd" : -1,
            "connectEnd" : 16,
            "connectStart" : 0,
            "id" : "download_21",
            "receivedTime" : "659.015999990515",
            "sslStart" : -1,
            "dnsStart" : -1,
            "receiveLast" : 632.015999990515,
            "s_time" : 469.858000054955,
            "sendEnd" : 17,
            "sendStart" : 16,
            "type" : "image/jpeg"
         }
      },
      {
         "when_comp_start" : -1,
         "url" : "http://modified.testbed.localhost/www.redditstatic.com/reddit.en.xlHlxcJziiU.js",
         "id" : "r36",
         "comps" : [],
         "download" : {
            "receiveFirst" : 12,
            "len" : 143116,
            "dns" : 0,
            "dnsEnd" : -1,
            "receiveHeadersEnd" : 21,
            "sslEnd" : -1,
            "connectEnd" : 9,
            "connectStart" : 0,
            "id" : "download_22",
            "receivedTime" : "661.734999972396",
            "sslStart" : -1,
            "dnsStart" : -1,
            "receiveLast" : 640.734999972396,
            "s_time" : 483.37100003846,
            "sendEnd" : 9,
            "sendStart" : 9,
            "type" : "application/javascript"
         }
      },
      {
         "when_comp_start" : -1,
         "url" : "http://modified.testbed.localhost/www.redditstatic.com/expando-nsfw-flow.523m_EY1fww.js",
         "id" : "r37",
         "comps" : [
            {
               "s_time" : 716.417000046931,
               "time" : 2.63399991672497,
               "type" : 1,
               "id" : "comp_55",
               "e_time" : 719.050999963656
            }
         ],
         "download" : {
            "receiveFirst" : 13,
            "len" : 5496,
            "dns" : 0,
            "dnsEnd" : -1,
            "receiveHeadersEnd" : 22,
            "sslEnd" : -1,
            "connectEnd" : 9,
            "connectStart" : 0,
            "id" : "download_23",
            "receivedTime" : "659.719999996014",
            "sslStart" : -1,
            "dnsStart" : -1,
            "receiveLast" : 637.719999996014,
            "s_time" : 483.808999997564,
            "sendEnd" : 9,
            "sendStart" : 9,
            "type" : "application/javascript"
         }
      },
      {
         "when_comp_start" : -1,
         "url" : "http://modified.testbed.localhost/b.thumbs.redditmedia.com/4KqlXXV-uwGOtqj4p_VKBNMjT-UfID_-J2Baunb_pOM.jpg",
         "id" : "r26",
         "comps" : [],
         "download" : {
            "receiveFirst" : 10,
            "len" : 3017,
            "dns" : 0,
            "dnsEnd" : -1,
            "receiveHeadersEnd" : 40,
            "sslEnd" : -1,
            "connectEnd" : 30,
            "connectStart" : 0,
            "id" : "download_24",
            "receivedTime" : "660.82600003574",
            "sslStart" : -1,
            "dnsStart" : -1,
            "receiveLast" : 620.82600003574,
            "s_time" : 470.518000074662,
            "sendEnd" : 30,
            "sendStart" : 30,
            "type" : "image/jpeg"
         }
      },
      {
         "when_comp_start" : -1,
         "url" : "http://modified.testbed.localhost/b.thumbs.redditmedia.com/aB2lsZL2-a8lp4dQ5gcIc-xYIb_19o4lsV8p23-ydiU.jpg",
         "id" : "r27",
         "comps" : [],
         "download" : {
            "receiveFirst" : 11,
            "len" : 5237,
            "dns" : 0,
            "dnsEnd" : -1,
            "receiveHeadersEnd" : 38,
            "sslEnd" : -1,
            "connectEnd" : 27,
            "connectStart" : 0,
            "id" : "download_25",
            "receivedTime" : "661.012000055052",
            "sslStart" : -1,
            "dnsStart" : -1,
            "receiveLast" : 623.012000055052,
            "s_time" : 473.737000022084,
            "sendEnd" : 27,
            "sendStart" : 27,
            "type" : "image/jpeg"
         }
      },
      {
         "when_comp_start" : -1,
         "url" : "http://modified.testbed.localhost/b.thumbs.redditmedia.com/zfeUU_fhRUaj4tnN1UHuF4v3f27M2_9T4K-Dc4POxVs.jpg",
         "id" : "r28",
         "comps" : [],
         "download" : {
            "receiveFirst" : 10,
            "len" : 3466,
            "dns" : 0,
            "dnsEnd" : -1,
            "receiveHeadersEnd" : 35,
            "sslEnd" : -1,
            "connectEnd" : 25,
            "connectStart" : 0,
            "id" : "download_26",
            "receivedTime" : "661.238000029698",
            "sslStart" : -1,
            "dnsStart" : -1,
            "receiveLast" : 626.238000029698,
            "s_time" : 478.650000062771,
            "sendEnd" : 25,
            "sendStart" : 25,
            "type" : "image/jpeg"
         }
      },
      {
         "when_comp_start" : -1,
         "url" : "http://modified.testbed.localhost/b.thumbs.redditmedia.com/O2rDQ-hunRi4WaIqeXGzV2zuKzPqd2kKcxti3ivng6w.jpg",
         "id" : "r29",
         "comps" : [],
         "download" : {
            "receiveFirst" : 9,
            "len" : 7722,
            "dns" : 0,
            "dnsEnd" : -1,
            "receiveHeadersEnd" : 36,
            "sslEnd" : -1,
            "connectEnd" : 27,
            "connectStart" : 0,
            "id" : "download_27",
            "receivedTime" : "922.389999963343",
            "sslStart" : -1,
            "dnsStart" : -1,
            "receiveLast" : 886.389999963343,
            "s_time" : 480.550999986008,
            "sendEnd" : 27,
            "sendStart" : 27,
            "type" : "image/jpeg"
         }
      },
      {
         "when_comp_start" : -1,
         "url" : "http://modified.testbed.localhost/b.thumbs.redditmedia.com/FRBS-sZwT8_eO42xX6-2AkyKlV5Iwzggqp3ShmKLu7M.jpg",
         "id" : "r30",
         "comps" : [],
         "download" : {
            "receiveFirst" : 5,
            "len" : 5038,
            "dns" : 0,
            "dnsEnd" : -1,
            "receiveHeadersEnd" : 30,
            "sslEnd" : -1,
            "connectEnd" : 25,
            "connectStart" : 0,
            "id" : "download_28",
            "receivedTime" : "922.973999986425",
            "sslStart" : -1,
            "dnsStart" : -1,
            "receiveLast" : 892.973999986425,
            "s_time" : 489.622000022791,
            "sendEnd" : 25,
            "sendStart" : 25,
            "type" : "image/jpeg"
         }
      },
      {
         "when_comp_start" : -1,
         "url" : "http://modified.testbed.localhost/b.thumbs.redditmedia.com/el8QDTquuEVweSy0PV6bKR9kSIWpoN-P9tZJrEr0Psk.jpg",
         "id" : "r31",
         "comps" : [],
         "download" : {
            "receiveFirst" : 4,
            "len" : 2921,
            "dns" : 0,
            "dnsEnd" : -1,
            "receiveHeadersEnd" : 29,
            "sslEnd" : -1,
            "connectEnd" : 25,
            "connectStart" : 0,
            "id" : "download_29",
            "receivedTime" : "923.469000030309",
            "sslStart" : -1,
            "dnsStart" : -1,
            "receiveLast" : 894.469000030309,
            "s_time" : 491.708000074141,
            "sendEnd" : 25,
            "sendStart" : 25,
            "type" : "image/jpeg"
         }
      },
      {
         "when_comp_start" : -1,
         "url" : "http://modified.testbed.localhost/a.thumbs.redditmedia.com/_7_P1zoJRFAYel368evZGixQ5_2cz3tpzylWki-_tq0.jpg",
         "id" : "r32",
         "comps" : [],
         "download" : {
            "receiveFirst" : 4,
            "len" : 6020,
            "dns" : 0,
            "dnsEnd" : -1,
            "receiveHeadersEnd" : 27,
            "sslEnd" : -1,
            "connectEnd" : 23,
            "connectStart" : 0,
            "id" : "download_30",
            "receivedTime" : "924.041999969631",
            "sslStart" : -1,
            "dnsStart" : -1,
            "receiveLast" : 897.041999969631,
            "s_time" : 494.443000061437,
            "sendEnd" : 23,
            "sendStart" : 23,
            "type" : "image/jpeg"
         }
      },
      {
         "when_comp_start" : -1,
         "url" : "http://modified.testbed.localhost/a.thumbs.redditmedia.com/eWsdOU-9Cbn_TqYmdP_7qX1vksj8B99iP5OG4ZWGQT4.jpg",
         "id" : "r33",
         "comps" : [],
         "download" : {
            "receiveFirst" : 5,
            "len" : 6980,
            "dns" : 0,
            "dnsEnd" : -1,
            "receiveHeadersEnd" : 27,
            "sslEnd" : -1,
            "connectEnd" : 22,
            "connectStart" : 0,
            "id" : "download_31",
            "receivedTime" : "924.668999970891",
            "sslStart" : -1,
            "dnsStart" : -1,
            "receiveLast" : 897.668999970891,
            "s_time" : 495.249000028707,
            "sendEnd" : 22,
            "sendStart" : 22,
            "type" : "image/jpeg"
         }
      },
      {
         "when_comp_start" : -1,
         "url" : "http://modified.testbed.localhost/reddit.com/static/pixel.png",
         "id" : "r35",
         "comps" : [],
         "download" : {
            "receiveFirst" : 5,
            "len" : 67,
            "dns" : 0,
            "dnsEnd" : -1,
            "receiveHeadersEnd" : 23,
            "sslEnd" : -1,
            "connectEnd" : 18,
            "connectStart" : 0,
            "id" : "download_32",
            "receivedTime" : "924.90700003691",
            "sslStart" : -1,
            "dnsStart" : -1,
            "receiveLast" : 901.90700003691,
            "s_time" : 499.494999996386,
            "sendEnd" : 18,
            "sendStart" : 18,
            "type" : "image/png"
         }
      },
      {
         "when_comp_start" : -1,
         "url" : "http://modified.testbed.localhost/www.redditstatic.com/snoo-upside-down.png",
         "id" : "r38",
         "comps" : [],
         "download" : {
            "receiveFirst" : 3,
            "len" : 2782,
            "dns" : 0,
            "dnsEnd" : -1,
            "receiveHeadersEnd" : 4,
            "sslEnd" : -1,
            "connectEnd" : 1,
            "connectStart" : 0,
            "id" : "download_33",
            "receivedTime" : "958.945999969728",
            "sslStart" : -1,
            "dnsStart" : -1,
            "receiveLast" : 954.945999969728,
            "s_time" : 648.351000039838,
            "sendEnd" : 1,
            "sendStart" : 1,
            "type" : "image/png"
         }
      }
   ],
   "deps" : [
      {
         "a2" : "r1_c2",
         "time" : -1,
         "id" : "dep1",
         "a1" : "comp_13"
      },
      {
         "a2" : "r1_c3",
         "time" : -1,
         "id" : "dep2",
         "a1" : "comp_55"
      },
      {
         "a2" : "comp_13",
         "time" : -1,
         "id" : "dep3",
         "a1" : "comp_12"
      },
      {
         "a2" : "download_33",
         "time" : -1,
         "id" : "dep4",
         "a1" : "r1_c2"
      },
      {
         "a2" : "download_32",
         "time" : 172.903000027872,
         "id" : "dep5",
         "a1" : "r1_c2"
      },
      {
         "a2" : "download_31",
         "time" : 168.657000060193,
         "id" : "dep6",
         "a1" : "r1_c2"
      },
      {
         "a2" : "download_30",
         "time" : 167.851000092923,
         "id" : "dep7",
         "a1" : "r1_c2"
      },
      {
         "a2" : "download_29",
         "time" : 165.116000105627,
         "id" : "dep8",
         "a1" : "r1_c2"
      },
      {
         "a2" : "download_28",
         "time" : 163.030000054277,
         "id" : "dep9",
         "a1" : "r1_c2"
      },
      {
         "a2" : "download_27",
         "time" : 153.959000017494,
         "id" : "dep10",
         "a1" : "r1_c2"
      },
      {
         "a2" : "download_26",
         "time" : 152.058000094257,
         "id" : "dep11",
         "a1" : "r1_c2"
      },
      {
         "a2" : "download_25",
         "time" : 147.14500005357,
         "id" : "dep12",
         "a1" : "r1_c2"
      },
      {
         "a2" : "download_24",
         "time" : 143.926000106148,
         "id" : "dep13",
         "a1" : "r1_c2"
      },
      {
         "a2" : "download_23",
         "time" : 157.21700002905,
         "id" : "dep14",
         "a1" : "r1_c2"
      },
      {
         "a2" : "download_23",
         "time" : 157.21700002905,
         "id" : "dep15",
         "a1" : "r1_c2"
      },
      {
         "a2" : "download_22",
         "time" : 156.779000069946,
         "id" : "dep16",
         "a1" : "r1_c2"
      },
      {
         "a2" : "download_21",
         "time" : 143.266000086441,
         "id" : "dep17",
         "a1" : "r1_c2"
      },
      {
         "a2" : "download_20",
         "time" : 141.458000056445,
         "id" : "dep18",
         "a1" : "r1_c2"
      },
      {
         "a2" : "download_19",
         "time" : 140.299000078812,
         "id" : "dep19",
         "a1" : "r1_c2"
      },
      {
         "a2" : "download_18",
         "time" : 138.819000101648,
         "id" : "dep20",
         "a1" : "r1_c2"
      },
      {
         "a2" : "download_17",
         "time" : 138.088000006974,
         "id" : "dep21",
         "a1" : "r1_c2"
      },
      {
         "a2" : "download_16",
         "time" : 137.38500000909,
         "id" : "dep22",
         "a1" : "r1_c2"
      },
      {
         "a2" : "download_15",
         "time" : 136.556000099517,
         "id" : "dep23",
         "a1" : "r1_c2"
      },
      {
         "a2" : "download_14",
         "time" : 135.644000023603,
         "id" : "dep24",
         "a1" : "r1_c2"
      },
      {
         "a2" : "download_13",
         "time" : 128.834000090137,
         "id" : "dep25",
         "a1" : "r1_c2"
      },
      {
         "a2" : "download_12",
         "time" : 60.817999998107,
         "id" : "dep26",
         "a1" : "r1_c2"
      },
      {
         "a2" : "download_11",
         "time" : 60.028000036254,
         "id" : "dep27",
         "a1" : "r1_c2"
      },
      {
         "a2" : "download_10",
         "time" : 56.808000081219,
         "id" : "dep28",
         "a1" : "r1_c2"
      },
      {
         "a2" : "download_9",
         "time" : 40.455000009388,
         "id" : "dep29",
         "a1" : "r1_c2"
      },
      {
         "a2" : "download_8",
         "time" : 26.051000109874,
         "id" : "dep30",
         "a1" : "r1_c2"
      },
      {
         "a2" : "download_7",
         "time" : -1,
         "id" : "dep31",
         "a1" : "r1_c1"
      },
      {
         "a2" : "download_6",
         "time" : 29.9370000138879,
         "id" : "dep32",
         "a1" : "r1_c1"
      },
      {
         "a2" : "download_5",
         "time" : 23.5289999982342,
         "id" : "dep33",
         "a1" : "r1_c1"
      },
      {
         "a2" : "download_4",
         "time" : 15.2790000429377,
         "id" : "dep34",
         "a1" : "r1_c1"
      },
      {
         "a2" : "download_3",
         "time" : 2.3870000150055,
         "id" : "dep35",
         "a1" : "r1_c1"
      },
      {
         "a2" : "download_3",
         "time" : 2.3870000150055,
         "id" : "dep36",
         "a1" : "r1_c1"
      },
      {
         "a2" : "download_2",
         "time" : 2.0030000014231,
         "id" : "dep37",
         "a1" : "r1_c1"
      },
      {
         "a2" : "download_1",
         "time" : 1.29300006665289,
         "id" : "dep38",
         "a1" : "r1_c1"
      }
   ]
}
