{
   "n_download_no_trigger" : 1,
   "start_activity" : "download_0",
   "name" : "modified.testbed.localhost_www.mediaite.com_",
   "load_activity" : -1,
   "objs" : [
      {
         "when_comp_start" : 1,
         "url" : "http://modified.testbed.localhost/www.mediaite.com/",
         "id" : "r1",
         "comps" : [
            {
               "s_time" : 45.1250000623986,
               "time" : 4.9189999699593,
               "id" : "r1_c1",
               "type" : "evalhtml",
               "e_time" : 50.0440000323579
            },
            {
               "s_time" : 160.915000014938,
               "time" : -954495937.927,
               "id" : "r1_c2",
               "type" : "evalhtml",
               "e_time" : -954495777.012
            },
            {
               "s_time" : 168.269000016153,
               "time" : -954495945.281,
               "id" : "r1_c3",
               "type" : "evalhtml",
               "e_time" : -954495777.012
            },
            {
               "s_time" : 168.972000014037,
               "time" : -954495945.984,
               "id" : "r1_c4",
               "type" : "evalhtml",
               "e_time" : -954495777.012
            },
            {
               "s_time" : 170.259000035003,
               "time" : -954495947.271,
               "id" : "r1_c5",
               "type" : "evalhtml",
               "e_time" : -954495777.012
            },
            {
               "s_time" : 189.385000034235,
               "time" : 459.047000040301,
               "id" : "r1_c6",
               "type" : "evalhtml",
               "e_time" : 648.432000074536
            },
            {
               "s_time" : 651.170999975875,
               "time" : -954496428.183,
               "id" : "r1_c7",
               "type" : "evalhtml",
               "e_time" : -954495777.012
            },
            {
               "s_time" : 670.59600003995,
               "time" : -954496447.608,
               "id" : "r1_c8",
               "type" : "evalhtml",
               "e_time" : -954495777.012
            },
            {
               "s_time" : 717.590000014752,
               "time" : 256.922999978997,
               "type" : "evalhtml",
               "id" : "r1_c9",
               "e_time" : 974.512999993749
            }
         ],
         "download" : {
            "receiveFirst" : 3,
            "len" : 63843,
            "dns" : 0,
            "dnsEnd" : -1,
            "receiveHeadersEnd" : 4,
            "sslEnd" : -1,
            "connectEnd" : 0,
            "connectStart" : 0,
            "id" : "download_0",
            "receivedTime" : "44.3590000504628",
            "sslStart" : -1,
            "dnsStart" : -1,
            "receiveLast" : 40.3590000504628,
            "s_time" : 0,
            "sendEnd" : 1,
            "sendStart" : 0,
            "type" : "text/html"
         }
      },
      {
         "when_comp_start" : -1,
         "url" : "http://modified.testbed.localhost/static01.mediaite.com/med/wp-content/themes/m2015/style.css%3Fv=o6pnm8.css",
         "id" : "r2",
         "comps" : [
            {
               "s_time" : 64.4389999797568,
               "time" : 15.470000100322,
               "type" : 4,
               "id" : "comp_4",
               "e_time" : 79.9090000800788
            }
         ],
         "download" : {
            "receiveFirst" : 5,
            "len" : 57447,
            "dns" : 0,
            "dnsEnd" : -1,
            "receiveHeadersEnd" : 11,
            "sslEnd" : -1,
            "connectEnd" : 6,
            "connectStart" : 0,
            "id" : "download_1",
            "receivedTime" : "64.2370000714436",
            "sslStart" : -1,
            "dnsStart" : -1,
            "receiveLast" : 53.2370000714436,
            "s_time" : 46.1300000315532,
            "sendEnd" : 6,
            "sendStart" : 6,
            "type" : "text/css"
         }
      },
      {
         "when_comp_start" : -1,
         "url" : "http://modified.testbed.localhost/static01.mediaite.com/med/wp-content/themes/m2015/fancybox.1.1.css",
         "id" : "r3",
         "comps" : [
            {
               "s_time" : 60.0930000655353,
               "time" : 1.5150000108406,
               "type" : 4,
               "id" : "comp_0",
               "e_time" : 61.6080000763759
            }
         ],
         "download" : {
            "receiveFirst" : 5,
            "len" : 10174,
            "dns" : 0,
            "dnsEnd" : -1,
            "receiveHeadersEnd" : 11,
            "sslEnd" : -1,
            "connectEnd" : 6,
            "connectStart" : 0,
            "id" : "download_2",
            "receivedTime" : "59.8100000061095",
            "sslStart" : -1,
            "dnsStart" : -1,
            "receiveLast" : 48.8100000061095,
            "s_time" : 46.4570000767708,
            "sendEnd" : 6,
            "sendStart" : 6,
            "type" : "text/css"
         }
      },
      {
         "when_comp_start" : -1,
         "url" : "http://modified.testbed.localhost/static01.mediaite.com/med/wp-content/plugins/am-ngg-front-end/media/skin/skin.css%3Fver=4.4.3.css",
         "id" : "r4",
         "comps" : [
            {
               "s_time" : 62.5429999781772,
               "time" : 0.0370000489057034,
               "type" : 4,
               "id" : "comp_1",
               "e_time" : 62.5800000270829
            }
         ],
         "download" : {
            "receiveFirst" : 6,
            "len" : 4584,
            "dns" : 0,
            "dnsEnd" : -1,
            "receiveHeadersEnd" : 12,
            "sslEnd" : -1,
            "connectEnd" : 6,
            "connectStart" : 0,
            "id" : "download_3",
            "receivedTime" : "62.4529999913648",
            "sslStart" : -1,
            "dnsStart" : -1,
            "receiveLast" : 50.4529999913648,
            "s_time" : 46.9750000629574,
            "sendEnd" : 6,
            "sendStart" : 6,
            "type" : "text/css"
         }
      },
      {
         "when_comp_start" : -1,
         "url" : "http://modified.testbed.localhost/static01.mediaite.com/med/wp-content/plugins/am-ngg-front-end/media/style.css%3Fver=4.4.3.css",
         "id" : "r5",
         "comps" : [
            {
               "s_time" : 63.9390000142157,
               "time" : 0.033000018447602,
               "type" : 4,
               "id" : "comp_3",
               "e_time" : 63.9720000326633
            }
         ],
         "download" : {
            "receiveFirst" : 6,
            "len" : 4995,
            "dns" : 0,
            "dnsEnd" : -1,
            "receiveHeadersEnd" : 12,
            "sslEnd" : -1,
            "connectEnd" : 6,
            "connectStart" : 0,
            "id" : "download_4",
            "receivedTime" : "63.6609999928623",
            "sslStart" : -1,
            "dnsStart" : -1,
            "receiveLast" : 51.6609999928623,
            "s_time" : 47.3159999819472,
            "sendEnd" : 6,
            "sendStart" : 6,
            "type" : "text/css"
         }
      },
      {
         "when_comp_start" : -1,
         "url" : "http://modified.testbed.localhost/static01.mediaite.com/med/wp-content/plugins/wp-polls/polls-css.css%3Fver=2.73.css",
         "id" : "r6",
         "comps" : [
            {
               "s_time" : 62.8740000538528,
               "time" : 0.00899995211510429,
               "type" : 4,
               "id" : "comp_2",
               "e_time" : 62.8830000059679
            }
         ],
         "download" : {
            "receiveFirst" : 7,
            "len" : 2708,
            "dns" : 0,
            "dnsEnd" : -1,
            "receiveHeadersEnd" : 13,
            "sslEnd" : -1,
            "connectEnd" : 6,
            "connectStart" : 0,
            "id" : "download_5",
            "receivedTime" : "62.7400000812486",
            "sslStart" : -1,
            "dnsStart" : -1,
            "receiveLast" : 49.7400000812486,
            "s_time" : 47.603000071831,
            "sendEnd" : 6,
            "sendStart" : 6,
            "type" : "text/css"
         }
      },
      {
         "when_comp_start" : -1,
         "url" : "http://modified.testbed.localhost/static01.mediaite.com/med/wp-content/plugins/nextgen-gallery/css/nggallery.css%3Fver=1.0.0.css",
         "id" : "r7",
         "comps" : [
            {
               "s_time" : 80.225000041537,
               "time" : 0.964000006206305,
               "type" : 4,
               "id" : "comp_6",
               "e_time" : 81.1890000477433
            }
         ],
         "download" : {
            "receiveFirst" : 8,
            "len" : 6324,
            "dns" : 0,
            "dnsEnd" : -1,
            "receiveHeadersEnd" : 14,
            "sslEnd" : -1,
            "connectEnd" : 6,
            "connectStart" : 0,
            "id" : "download_6",
            "receivedTime" : "80.0850000232458",
            "sslStart" : -1,
            "dnsStart" : -1,
            "receiveLast" : 66.0850000232458,
            "s_time" : 47.9540000669658,
            "sendEnd" : 6,
            "sendStart" : 6,
            "type" : "text/css"
         }
      },
      {
         "when_comp_start" : -1,
         "url" : "http://modified.testbed.localhost/static01.mediaite.com/med/wp-content/plugins/nextgen-gallery/shutter/shutter-reloaded.css%3Fver=1.3.0.css",
         "id" : "r8",
         "comps" : [
            {
               "s_time" : 81.5799999982119,
               "time" : 0.71200006641439,
               "type" : 4,
               "id" : "comp_7",
               "e_time" : 82.2920000646263
            }
         ],
         "download" : {
            "receiveFirst" : 5,
            "len" : 1503,
            "dns" : 0,
            "dnsEnd" : -1,
            "receiveHeadersEnd" : 17,
            "sslEnd" : -1,
            "connectEnd" : 12,
            "connectStart" : 0,
            "id" : "download_7",
            "receivedTime" : "81.4480000408366",
            "sslStart" : -1,
            "dnsStart" : -1,
            "receiveLast" : 64.4480000408366,
            "s_time" : 48.3040000544861,
            "sendEnd" : 12,
            "sendStart" : 12,
            "type" : "text/css"
         }
      },
      {
         "when_comp_start" : -1,
         "url" : "http://modified.testbed.localhost/ajax.googleapis.com/ajax/libs/jquery/1.8.2/jquery.min.js",
         "id" : "r9",
         "comps" : [
            {
               "s_time" : 85.2830000221729,
               "time" : 75.6319999927651,
               "type" : 1,
               "id" : "comp_8",
               "e_time" : 160.915000014938
            }
         ],
         "download" : {
            "receiveFirst" : 3,
            "len" : 93435,
            "dns" : 0,
            "dnsEnd" : -1,
            "receiveHeadersEnd" : 18,
            "sslEnd" : -1,
            "connectEnd" : 15,
            "connectStart" : 0,
            "id" : "download_8",
            "receivedTime" : "85.1650000549853",
            "sslStart" : -1,
            "dnsStart" : -1,
            "receiveLast" : 67.1650000549853,
            "s_time" : 48.5829999670386,
            "sendEnd" : 15,
            "sendStart" : 15,
            "type" : "application/javascript"
         }
      },
      {
         "when_comp_start" : -1,
         "url" : "http://modified.testbed.localhost/static01.mediaite.com/med/wp-content/plugins/am-ngg-front-end/js/jquery.jcarousel.min.js%3Fver=4.4.3",
         "id" : "r10",
         "comps" : [
            {
               "s_time" : 161.078999983147,
               "time" : 7.19000003300599,
               "type" : 1,
               "id" : "comp_10",
               "e_time" : 168.269000016153
            }
         ],
         "download" : {
            "receiveFirst" : 6,
            "len" : 15650,
            "dns" : 0,
            "dnsEnd" : -1,
            "receiveHeadersEnd" : 20,
            "sslEnd" : -1,
            "connectEnd" : 14,
            "connectStart" : 0,
            "id" : "download_9",
            "receivedTime" : "83.887999993749",
            "sslStart" : -1,
            "dnsStart" : -1,
            "receiveLast" : 63.887999993749,
            "s_time" : 49.0410000784323,
            "sendEnd" : 14,
            "sendStart" : 14,
            "type" : "text/plain"
         }
      },
      {
         "when_comp_start" : -1,
         "url" : "http://modified.testbed.localhost/www.mediaite.com/wp-content/plugins/wp-buzz-quizz/modules/js/front.js%3Fver=1.0",
         "id" : "r11",
         "comps" : [
            {
               "s_time" : 168.40800002683,
               "time" : 0.563999987207012,
               "type" : 1,
               "id" : "comp_12",
               "e_time" : 168.972000014037
            }
         ],
         "download" : {
            "receiveFirst" : 7,
            "len" : 5361,
            "dns" : 0,
            "dnsEnd" : -1,
            "receiveHeadersEnd" : 21,
            "sslEnd" : -1,
            "connectEnd" : 14,
            "connectStart" : 0,
            "id" : "download_10",
            "receivedTime" : "83.3130000391975",
            "sslStart" : -1,
            "dnsStart" : -1,
            "receiveLast" : 62.3130000391975,
            "s_time" : 49.3199999909848,
            "sendEnd" : 14,
            "sendStart" : 14,
            "type" : "text/plain"
         }
      },
      {
         "when_comp_start" : -1,
         "url" : "http://modified.testbed.localhost/static01.mediaite.com/med/wp-content/plugins/nextgen-gallery/shutter/shutter-reloaded.js%3Fver=1.3.0",
         "id" : "r12",
         "comps" : [
            {
               "s_time" : 169.353000004776,
               "time" : 0.906000030227005,
               "type" : 1,
               "id" : "comp_15",
               "e_time" : 170.259000035003
            }
         ],
         "download" : {
            "receiveFirst" : 8,
            "len" : 8785,
            "dns" : 0,
            "dnsEnd" : -1,
            "receiveHeadersEnd" : 22,
            "sslEnd" : -1,
            "connectEnd" : 14,
            "connectStart" : 0,
            "id" : "download_11",
            "receivedTime" : "84.3950000125915",
            "sslStart" : -1,
            "dnsStart" : -1,
            "receiveLast" : 62.3950000125915,
            "s_time" : 49.7350000077859,
            "sendEnd" : 14,
            "sendStart" : 14,
            "type" : "text/plain"
         }
      },
      {
         "when_comp_start" : -1,
         "url" : "http://modified.testbed.localhost/static01.mediaite.com/med/wp-content/themes/m2015/js/am.min.js%3Fv=o4jp40",
         "id" : "r13",
         "comps" : [
            {
               "s_time" : 171.092999982648,
               "time" : 18.292000051587,
               "type" : 1,
               "id" : "comp_17",
               "e_time" : 189.385000034235
            }
         ],
         "download" : {
            "receiveFirst" : 9,
            "len" : 31070,
            "dns" : 0,
            "dnsEnd" : -1,
            "receiveHeadersEnd" : 23,
            "sslEnd" : -1,
            "connectEnd" : 14,
            "connectStart" : 0,
            "id" : "download_12",
            "receivedTime" : "84.6339999698102",
            "sslStart" : -1,
            "dnsStart" : -1,
            "receiveLast" : 61.6339999698102,
            "s_time" : 50.0440000323579,
            "sendEnd" : 14,
            "sendStart" : 14,
            "type" : "text/plain"
         }
      },
      {
         "when_comp_start" : -1,
         "url" : "http://modified.testbed.localhost/fonts.googleapis.com/css%3Ffamily=Roboto+Condensed:400,700,700italic,400italic.css",
         "id" : "r16",
         "comps" : [
            {
               "s_time" : 209.328999975696,
               "time" : 0.245000002905982,
               "type" : 4,
               "id" : "comp_28",
               "e_time" : 209.573999978602
            }
         ],
         "download" : {
            "receiveFirst" : 4,
            "len" : 1127,
            "dns" : 0,
            "dnsEnd" : -1,
            "receiveHeadersEnd" : 8,
            "sslEnd" : -1,
            "connectEnd" : 4,
            "connectStart" : 0,
            "id" : "download_13",
            "receivedTime" : "209.207999985665",
            "sslStart" : -1,
            "dnsStart" : -1,
            "receiveLast" : 201.207999985665,
            "s_time" : 192.477000062354,
            "sendEnd" : 4,
            "sendStart" : 4,
            "type" : "text/css"
         }
      },
      {
         "when_comp_start" : -1,
         "url" : "http://modified.testbed.localhost/fonts.googleapis.com/css%3Ffamily=Roboto+Slab:400,300,700.css",
         "id" : "r17",
         "comps" : [
            {
               "s_time" : 209.77600000333,
               "time" : 0.159000046551995,
               "type" : 4,
               "id" : "comp_29",
               "e_time" : 209.935000049882
            }
         ],
         "download" : {
            "receiveFirst" : 4,
            "len" : 779,
            "dns" : 0,
            "dnsEnd" : -1,
            "receiveHeadersEnd" : 7,
            "sslEnd" : -1,
            "connectEnd" : 3,
            "connectStart" : 0,
            "id" : "download_14",
            "receivedTime" : "209.666999988258",
            "sslStart" : -1,
            "dnsStart" : -1,
            "receiveLast" : 202.666999988258,
            "s_time" : 192.92000005953,
            "sendEnd" : 3,
            "sendStart" : 3,
            "type" : "text/css"
         }
      },
      {
         "when_comp_start" : -1,
         "url" : "http://modified.testbed.localhost/fonts.googleapis.com/css%3Ffamily=Open+Sans:700italic.css",
         "id" : "r19",
         "comps" : [
            {
               "s_time" : 210.141999996267,
               "time" : 0.0830000499269943,
               "type" : 4,
               "id" : "comp_30",
               "e_time" : 210.225000046194
            }
         ],
         "download" : {
            "receiveFirst" : 5,
            "len" : 263,
            "dns" : 0,
            "dnsEnd" : -1,
            "receiveHeadersEnd" : 7,
            "sslEnd" : -1,
            "connectEnd" : 2,
            "connectStart" : 0,
            "id" : "download_15",
            "receivedTime" : "210.023000021465",
            "sslStart" : -1,
            "dnsStart" : -1,
            "receiveLast" : 203.023000021465,
            "s_time" : 193.652000045404,
            "sendEnd" : 2,
            "sendStart" : 2,
            "type" : "text/css"
         }
      },
      {
         "when_comp_start" : -1,
         "url" : "http://modified.testbed.localhost/fonts.googleapis.com/css%3Ffamily=Open+Sans+Condensed:700,300italic,300.css",
         "id" : "r18",
         "comps" : [
            {
               "s_time" : 210.410000057891,
               "time" : 6.73599995206999,
               "type" : 4,
               "id" : "comp_31",
               "e_time" : 217.146000009961
            }
         ],
         "download" : {
            "receiveFirst" : 5,
            "len" : 892,
            "dns" : 0,
            "dnsEnd" : -1,
            "receiveHeadersEnd" : 8,
            "sslEnd" : -1,
            "connectEnd" : 3,
            "connectStart" : 0,
            "id" : "download_16",
            "receivedTime" : "210.308999987319",
            "sslStart" : -1,
            "dnsStart" : -1,
            "receiveLast" : 202.308999987319,
            "s_time" : 193.296000012197,
            "sendEnd" : 3,
            "sendStart" : 3,
            "type" : "text/css"
         }
      },
      {
         "when_comp_start" : -1,
         "url" : "http://modified.testbed.localhost/static01.mediaite.com/med/wp-content/themes/m2015/images/logo.png",
         "id" : "r21",
         "comps" : [],
         "download" : {
            "receiveFirst" : 5,
            "len" : 11366,
            "dns" : 0,
            "dnsEnd" : -1,
            "receiveHeadersEnd" : 5,
            "sslEnd" : -1,
            "connectEnd" : 0,
            "connectStart" : 0,
            "id" : "download_17",
            "receivedTime" : "282.570000039414",
            "sslStart" : -1,
            "dnsStart" : -1,
            "receiveLast" : 277.570000039414,
            "s_time" : 208.618000033312,
            "sendEnd" : 0,
            "sendStart" : 0,
            "type" : "image/png"
         }
      },
      {
         "when_comp_start" : -1,
         "url" : "http://modified.testbed.localhost/static01.mediaite.com/med/wp-content/themes/m2015/images/header-bg.jpg",
         "id" : "r36",
         "comps" : [],
         "download" : {
            "receiveFirst" : 3,
            "len" : 11876,
            "dns" : 0,
            "dnsEnd" : -1,
            "receiveHeadersEnd" : 3,
            "sslEnd" : -1,
            "connectEnd" : 0,
            "connectStart" : 0,
            "id" : "download_18",
            "receivedTime" : "283.905999967828",
            "sslStart" : -1,
            "dnsStart" : -1,
            "receiveLast" : 280.905999967828,
            "s_time" : 222.634000005201,
            "sendEnd" : 0,
            "sendStart" : 0,
            "type" : "image/jpeg"
         }
      },
      {
         "when_comp_start" : -1,
         "url" : "http://modified.testbed.localhost/fonts.gstatic.com/s/robotoslab/v6/y7lebkjgREBJK96VQi37Zp0EAVxt0G0biEntp43Qt6E.ttf",
         "id" : "r27",
         "comps" : [],
         "download" : {
            "receiveFirst" : 3,
            "len" : 36276,
            "dns" : 0,
            "dnsEnd" : -1,
            "receiveHeadersEnd" : 4,
            "sslEnd" : -1,
            "connectEnd" : 1,
            "connectStart" : 0,
            "id" : "download_19",
            "receivedTime" : "365.6089999713",
            "sslStart" : -1,
            "dnsStart" : -1,
            "receiveLast" : 361.6089999713,
            "s_time" : 272.431000019424,
            "sendEnd" : 1,
            "sendStart" : 1,
            "type" : "application/octet-stream"
         }
      },
      {
         "when_comp_start" : -1,
         "url" : "http://modified.testbed.localhost/static01.mediaite.com/med/wp-content/uploads/2016/05/trump-5.jpg",
         "id" : "r38",
         "comps" : [],
         "download" : {
            "receiveFirst" : 16,
            "len" : 59068,
            "dns" : 0,
            "dnsEnd" : -1,
            "receiveHeadersEnd" : 18,
            "sslEnd" : -1,
            "connectEnd" : 2,
            "connectStart" : 0,
            "id" : "download_20",
            "receivedTime" : "475.931000080891",
            "sslStart" : -1,
            "dnsStart" : -1,
            "receiveLast" : 457.931000080891,
            "s_time" : 286.228000069968,
            "sendEnd" : 2,
            "sendStart" : 2,
            "type" : "image/jpeg"
         }
      },
      {
         "when_comp_start" : -1,
         "url" : "http://modified.testbed.localhost/static01.mediaite.com/med/wp-content/uploads/2016/04/gbh.NEW_.TrumpChalk.3.30.16.036-e1459522486659.jpg",
         "id" : "r39",
         "comps" : [],
         "download" : {
            "receiveFirst" : 20,
            "len" : 46806,
            "dns" : 0,
            "dnsEnd" : -1,
            "receiveHeadersEnd" : 22,
            "sslEnd" : -1,
            "connectEnd" : 2,
            "connectStart" : 0,
            "id" : "download_21",
            "receivedTime" : "477.460999973118",
            "sslStart" : -1,
            "dnsStart" : -1,
            "receiveLast" : 455.460999973118,
            "s_time" : 287.499999976717,
            "sendEnd" : 2,
            "sendStart" : 2,
            "type" : "image/jpeg"
         }
      },
      {
         "when_comp_start" : -1,
         "url" : "http://modified.testbed.localhost/static01.mediaite.com/med/wp-content/uploads/2016/05/Screen-Shot-2016-05-12-at-11.50.55-AM.jpg",
         "id" : "r40",
         "comps" : [],
         "download" : {
            "receiveFirst" : 22,
            "len" : 116458,
            "dns" : 0,
            "dnsEnd" : -1,
            "receiveHeadersEnd" : 23,
            "sslEnd" : -1,
            "connectEnd" : 1,
            "connectStart" : 0,
            "id" : "download_22",
            "receivedTime" : "655.689000035636",
            "sslStart" : -1,
            "dnsStart" : -1,
            "receiveLast" : 632.689000035636,
            "s_time" : 287.987999967299,
            "sendEnd" : 1,
            "sendStart" : 1,
            "type" : "image/jpeg"
         }
      },
      {
         "when_comp_start" : -1,
         "url" : "http://modified.testbed.localhost/static01.mediaite.com/med/wp-content/uploads/2016/02/screen_shot_2016-02-08_at_10.41.00_am.jpg",
         "id" : "r41",
         "comps" : [],
         "download" : {
            "receiveFirst" : 22,
            "len" : 21072,
            "dns" : 0,
            "dnsEnd" : -1,
            "receiveHeadersEnd" : 23,
            "sslEnd" : -1,
            "connectEnd" : 1,
            "connectStart" : 0,
            "id" : "download_23",
            "receivedTime" : "476.926999981515",
            "sslStart" : -1,
            "dnsStart" : -1,
            "receiveLast" : 453.926999981515,
            "s_time" : 288.656000047922,
            "sendEnd" : 1,
            "sendStart" : 1,
            "type" : "image/jpeg"
         }
      },
      {
         "when_comp_start" : -1,
         "url" : "http://modified.testbed.localhost/static01.mediaite.com/med/wp-content/uploads/2014/10/carol-costello.jpg",
         "id" : "r42",
         "comps" : [],
         "download" : {
            "receiveFirst" : 16,
            "len" : 20748,
            "dns" : 0,
            "dnsEnd" : -1,
            "receiveHeadersEnd" : 24,
            "sslEnd" : -1,
            "connectEnd" : 8,
            "connectStart" : 0,
            "id" : "download_24",
            "receivedTime" : "478.490000008605",
            "sslStart" : -1,
            "dnsStart" : -1,
            "receiveLast" : 454.490000008605,
            "s_time" : 291.643999982625,
            "sendEnd" : 8,
            "sendStart" : 8,
            "type" : "image/jpeg"
         }
      },
      {
         "when_comp_start" : -1,
         "url" : "http://modified.testbed.localhost/static01.mediaite.com/med/wp-content/uploads/2016/05/facebook-e1462803926896.jpg",
         "id" : "r43",
         "comps" : [],
         "download" : {
            "receiveFirst" : 11,
            "len" : 10259,
            "dns" : 0,
            "dnsEnd" : -1,
            "receiveHeadersEnd" : 27,
            "sslEnd" : -1,
            "connectEnd" : 16,
            "connectStart" : 0,
            "id" : "download_25",
            "receivedTime" : "479.196000029333",
            "sslStart" : -1,
            "dnsStart" : -1,
            "receiveLast" : 452.196000029333,
            "s_time" : 292.750000022352,
            "sendEnd" : 16,
            "sendStart" : 16,
            "type" : "image/jpeg"
         }
      },
      {
         "when_comp_start" : -1,
         "url" : "http://modified.testbed.localhost/static01.mediaite.com/med/wp-content/uploads/2016/05/Screen-Shot-2016-05-12-at-2.02.26-PM-650x430.png",
         "id" : "r44",
         "comps" : [],
         "download" : {
            "receiveFirst" : 6,
            "len" : 392053,
            "dns" : 0,
            "dnsEnd" : -1,
            "receiveHeadersEnd" : 31,
            "sslEnd" : -1,
            "connectEnd" : 25,
            "connectStart" : 0,
            "id" : "download_26",
            "receivedTime" : "500.568000017665",
            "sslStart" : -1,
            "dnsStart" : -1,
            "receiveLast" : 469.568000017665,
            "s_time" : 293.462999979965,
            "sendEnd" : 25,
            "sendStart" : 25,
            "type" : "image/png"
         }
      },
      {
         "when_comp_start" : -1,
         "url" : "http://modified.testbed.localhost/static01.mediaite.com/med/wp-content/uploads/2016/05/ZsLBU0Oz_400x400-300x300.jpg",
         "id" : "r45",
         "comps" : [],
         "download" : {
            "receiveFirst" : 6,
            "len" : 18389,
            "dns" : 0,
            "dnsEnd" : -1,
            "receiveHeadersEnd" : 31,
            "sslEnd" : -1,
            "connectEnd" : 25,
            "connectStart" : 0,
            "id" : "download_27",
            "receivedTime" : "480.696000042371",
            "sslStart" : -1,
            "dnsStart" : -1,
            "receiveLast" : 449.696000042371,
            "s_time" : 295.396000030451,
            "sendEnd" : 25,
            "sendStart" : 25,
            "type" : "image/jpeg"
         }
      },
      {
         "when_comp_start" : -1,
         "url" : "http://modified.testbed.localhost/static01.mediaite.com/med/wp-content/uploads/2016/05/Screen-Shot-2016-05-12-at-11.50.55-AM-300x203.jpg",
         "id" : "r46",
         "comps" : [],
         "download" : {
            "receiveFirst" : 7,
            "len" : 23711,
            "dns" : 0,
            "dnsEnd" : -1,
            "receiveHeadersEnd" : 32,
            "sslEnd" : -1,
            "connectEnd" : 25,
            "connectStart" : 0,
            "id" : "download_28",
            "receivedTime" : "481.441000010818",
            "sslStart" : -1,
            "dnsStart" : -1,
            "receiveLast" : 449.441000010818,
            "s_time" : 296.077999984846,
            "sendEnd" : 25,
            "sendStart" : 25,
            "type" : "image/jpeg"
         }
      },
      {
         "when_comp_start" : -1,
         "url" : "http://modified.testbed.localhost/static01.mediaite.com/med/wp-content/uploads/2016/05/Screen-Shot-2016-05-12-at-10.52.34-AM-300x232.png",
         "id" : "r47",
         "comps" : [],
         "download" : {
            "receiveFirst" : 10,
            "len" : 107967,
            "dns" : 0,
            "dnsEnd" : -1,
            "receiveHeadersEnd" : 37,
            "sslEnd" : -1,
            "connectEnd" : 27,
            "connectStart" : 0,
            "id" : "download_29",
            "receivedTime" : "496.589999995194",
            "sslStart" : -1,
            "dnsStart" : -1,
            "receiveLast" : 459.589999995194,
            "s_time" : 296.839999966323,
            "sendEnd" : 27,
            "sendStart" : 27,
            "type" : "image/png"
         }
      },
      {
         "when_comp_start" : -1,
         "url" : "http://modified.testbed.localhost/static01.mediaite.com/med/wp-content/uploads/2016/04/gbh.NEW_.TrumpChalk.3.30.16.036-e1459522486659-300x197.jpg",
         "id" : "r48",
         "comps" : [],
         "download" : {
            "receiveFirst" : 12,
            "len" : 17957,
            "dns" : 0,
            "dnsEnd" : -1,
            "receiveHeadersEnd" : 21,
            "sslEnd" : -1,
            "connectEnd" : 9,
            "connectStart" : 0,
            "id" : "download_30",
            "receivedTime" : "483.61700004898",
            "sslStart" : -1,
            "dnsStart" : -1,
            "receiveLast" : 462.61700004898,
            "s_time" : 314.849000074901,
            "sendEnd" : 9,
            "sendStart" : 9,
            "type" : "image/jpeg"
         }
      },
      {
         "when_comp_start" : -1,
         "url" : "http://modified.testbed.localhost/static01.mediaite.com/med/wp-content/uploads/2016/05/trevor-3-1-300x197.jpg",
         "id" : "r49",
         "comps" : [],
         "download" : {
            "receiveFirst" : 9,
            "len" : 19597,
            "dns" : 0,
            "dnsEnd" : -1,
            "receiveHeadersEnd" : 24,
            "sslEnd" : -1,
            "connectEnd" : 15,
            "connectStart" : 0,
            "id" : "download_31",
            "receivedTime" : "484.679999994114",
            "sslStart" : -1,
            "dnsStart" : -1,
            "receiveLast" : 460.679999994114,
            "s_time" : 316.757000051439,
            "sendEnd" : 15,
            "sendStart" : 15,
            "type" : "image/jpeg"
         }
      },
      {
         "when_comp_start" : -1,
         "url" : "http://modified.testbed.localhost/static01.mediaite.com/med/wp-content/uploads/2016/05/Screen-Shot-2016-05-12-at-3.58.38-PM-300x196.png",
         "id" : "r50",
         "comps" : [],
         "download" : {
            "receiveFirst" : 9,
            "len" : 112097,
            "dns" : 0,
            "dnsEnd" : -1,
            "receiveHeadersEnd" : 26,
            "sslEnd" : -1,
            "connectEnd" : 16,
            "connectStart" : 0,
            "id" : "download_32",
            "receivedTime" : "497.80200002715",
            "sslStart" : -1,
            "dnsStart" : -1,
            "receiveLast" : 471.80200002715,
            "s_time" : 317.844000062905,
            "sendEnd" : 17,
            "sendStart" : 16,
            "type" : "image/png"
         }
      },
      {
         "when_comp_start" : -1,
         "url" : "http://modified.testbed.localhost/static01.mediaite.com/med/wp-content/uploads/2016/05/Screen-Shot-2016-05-12-at-3.49.17-PM-300x198.png",
         "id" : "r51",
         "comps" : [],
         "download" : {
            "receiveFirst" : 8,
            "len" : 85887,
            "dns" : 0,
            "dnsEnd" : -1,
            "receiveHeadersEnd" : 27,
            "sslEnd" : -1,
            "connectEnd" : 19,
            "connectStart" : 0,
            "id" : "download_33",
            "receivedTime" : "497.534999973141",
            "sslStart" : -1,
            "dnsStart" : -1,
            "receiveLast" : 470.534999973141,
            "s_time" : 321.016000001691,
            "sendEnd" : 19,
            "sendStart" : 19,
            "type" : "image/png"
         }
      },
      {
         "when_comp_start" : -1,
         "url" : "http://modified.testbed.localhost/static01.mediaite.com/med/wp-content/uploads/2016/05/3thum-9-300x202.jpg",
         "id" : "r52",
         "comps" : [],
         "download" : {
            "receiveFirst" : 10,
            "len" : 17939,
            "dns" : 0,
            "dnsEnd" : -1,
            "receiveHeadersEnd" : 32,
            "sslEnd" : -1,
            "connectEnd" : 21,
            "connectStart" : 0,
            "id" : "download_34",
            "receivedTime" : "488.320000004023",
            "sslStart" : -1,
            "dnsStart" : -1,
            "receiveLast" : 456.320000004023,
            "s_time" : 323.270000051707,
            "sendEnd" : 22,
            "sendStart" : 21,
            "type" : "image/jpeg"
         }
      },
      {
         "when_comp_start" : -1,
         "url" : "http://modified.testbed.localhost/static01.mediaite.com/med/wp-content/uploads/2016/05/Cemetary-300x201.jpg",
         "id" : "r53",
         "comps" : [],
         "download" : {
            "receiveFirst" : 36,
            "len" : 21949,
            "dns" : 0,
            "dnsEnd" : -1,
            "receiveHeadersEnd" : 64,
            "sslEnd" : -1,
            "connectEnd" : 28,
            "connectStart" : 0,
            "id" : "download_35",
            "receivedTime" : "499.041000031866",
            "sslStart" : -1,
            "dnsStart" : -1,
            "receiveLast" : 435.041000031866,
            "s_time" : 330.168000073172,
            "sendEnd" : 28,
            "sendStart" : 28,
            "type" : "image/jpeg"
         }
      },
      {
         "when_comp_start" : -1,
         "url" : "http://modified.testbed.localhost/static01.mediaite.com/med/wp-content/uploads/2016/05/PicMonkey-Collage-Calvin-Klein-300x197.jpg",
         "id" : "r54",
         "comps" : [],
         "download" : {
            "receiveFirst" : 24,
            "len" : 13562,
            "dns" : 0,
            "dnsEnd" : -1,
            "receiveHeadersEnd" : 64,
            "sslEnd" : -1,
            "connectEnd" : 40,
            "connectStart" : 0,
            "id" : "download_36",
            "receivedTime" : "499.900000053458",
            "sslStart" : -1,
            "dnsStart" : -1,
            "receiveLast" : 435.900000053458,
            "s_time" : 333.062999998219,
            "sendEnd" : 40,
            "sendStart" : 40,
            "type" : "image/jpeg"
         }
      },
      {
         "when_comp_start" : -1,
         "url" : "http://modified.testbed.localhost/static01.mediaite.com/med/wp-content/uploads/2016/05/TrumpandButler-300x197.jpg",
         "id" : "r55",
         "comps" : [],
         "download" : {
            "receiveFirst" : 9,
            "len" : 15882,
            "dns" : 0,
            "dnsEnd" : -1,
            "receiveHeadersEnd" : 65,
            "sslEnd" : -1,
            "connectEnd" : 56,
            "connectStart" : 0,
            "id" : "download_37",
            "receivedTime" : "501.322000054643",
            "sslStart" : -1,
            "dnsStart" : -1,
            "receiveLast" : 436.322000054643,
            "s_time" : 339.253999991342,
            "sendEnd" : 56,
            "sendStart" : 56,
            "type" : "image/jpeg"
         }
      },
      {
         "when_comp_start" : -1,
         "url" : "http://modified.testbed.localhost/static01.mediaite.com/med/wp-content/uploads/2016/05/Screen-Shot-2016-05-12-at-2.15.20-PM-300x193.png",
         "id" : "r56",
         "comps" : [],
         "download" : {
            "receiveFirst" : 10,
            "len" : 120275,
            "dns" : 0,
            "dnsEnd" : -1,
            "receiveHeadersEnd" : 61,
            "sslEnd" : -1,
            "connectEnd" : 51,
            "connectStart" : 0,
            "id" : "download_38",
            "receivedTime" : "504.723999998532",
            "sslStart" : -1,
            "dnsStart" : -1,
            "receiveLast" : 443.723999998532,
            "s_time" : 343.94000004977,
            "sendEnd" : 51,
            "sendStart" : 51,
            "type" : "image/png"
         }
      },
      {
         "when_comp_start" : -1,
         "url" : "http://modified.testbed.localhost/static01.mediaite.com/med/wp-content/uploads/2016/05/Screen-Shot-2016-05-12-at-10.48.24-AM-331x234-300x212.png",
         "id" : "r57",
         "comps" : [],
         "download" : {
            "receiveFirst" : 10,
            "len" : 103816,
            "dns" : 0,
            "dnsEnd" : -1,
            "receiveHeadersEnd" : 54,
            "sslEnd" : -1,
            "connectEnd" : 44,
            "connectStart" : 0,
            "id" : "download_39",
            "receivedTime" : "505.160000058822",
            "sslStart" : -1,
            "dnsStart" : -1,
            "receiveLast" : 451.160000058822,
            "s_time" : 357.058000052348,
            "sendEnd" : 44,
            "sendStart" : 44,
            "type" : "image/png"
         }
      },
      {
         "when_comp_start" : -1,
         "url" : "http://modified.testbed.localhost/static01.mediaite.com/med/wp-content/uploads/2016/05/Screen-Shot-2016-05-12-at-1.27.27-PM-300x194.png",
         "id" : "r58",
         "comps" : [],
         "download" : {
            "receiveFirst" : 10,
            "len" : 97153,
            "dns" : 0,
            "dnsEnd" : -1,
            "receiveHeadersEnd" : 49,
            "sslEnd" : -1,
            "connectEnd" : 39,
            "connectStart" : 0,
            "id" : "download_40",
            "receivedTime" : "509.969000006095",
            "sslStart" : -1,
            "dnsStart" : -1,
            "receiveLast" : 460.969000006095,
            "s_time" : 365.189000032842,
            "sendEnd" : 39,
            "sendStart" : 39,
            "type" : "image/png"
         }
      },
      {
         "when_comp_start" : -1,
         "url" : "http://modified.testbed.localhost/static01.mediaite.com/med/wp-content/uploads/2016/05/2thumb-9-300x202.jpg",
         "id" : "r59",
         "comps" : [],
         "download" : {
            "receiveFirst" : 8,
            "len" : 20413,
            "dns" : 0,
            "dnsEnd" : -1,
            "receiveHeadersEnd" : 37,
            "sslEnd" : -1,
            "connectEnd" : 29,
            "connectStart" : 0,
            "id" : "download_41",
            "receivedTime" : "503.616000059992",
            "sslStart" : -1,
            "dnsStart" : -1,
            "receiveLast" : 466.616000059992,
            "s_time" : 380.062000011094,
            "sendEnd" : 29,
            "sendStart" : 29,
            "type" : "image/jpeg"
         }
      },
      {
         "when_comp_start" : -1,
         "url" : "http://modified.testbed.localhost/static01.mediaite.com/med/wp-content/uploads/2015/02/susan-rice-300x196.jpg",
         "id" : "r60",
         "comps" : [],
         "download" : {
            "receiveFirst" : 9,
            "len" : 11893,
            "dns" : 0,
            "dnsEnd" : -1,
            "receiveHeadersEnd" : 29,
            "sslEnd" : -1,
            "connectEnd" : 19,
            "connectStart" : 0,
            "id" : "download_42",
            "receivedTime" : "504.393000039272",
            "sslStart" : -1,
            "dnsStart" : -1,
            "receiveLast" : 475.393000039272,
            "s_time" : 391.002000076696,
            "sendEnd" : 20,
            "sendStart" : 19,
            "type" : "image/jpeg"
         }
      },
      {
         "when_comp_start" : -1,
         "url" : "http://modified.testbed.localhost/static01.mediaite.com/med/wp-content/uploads/2016/05/Screen-Shot-2016-05-12-at-12.01.10-PM-300x197.png",
         "id" : "r61",
         "comps" : [],
         "download" : {
            "receiveFirst" : 6,
            "len" : 140371,
            "dns" : 0,
            "dnsEnd" : -1,
            "receiveHeadersEnd" : 27,
            "sslEnd" : -1,
            "connectEnd" : 20,
            "connectStart" : 0,
            "id" : "download_43",
            "receivedTime" : "512.935000006109",
            "sslStart" : -1,
            "dnsStart" : -1,
            "receiveLast" : 485.935000006109,
            "s_time" : 399.291999987327,
            "sendEnd" : 21,
            "sendStart" : 20,
            "type" : "image/png"
         }
      },
      {
         "when_comp_start" : -1,
         "url" : "http://modified.testbed.localhost/static01.mediaite.com/med/wp-content/uploads/2016/05/Trump-Ryan-300x197.jpg",
         "id" : "r62",
         "comps" : [],
         "download" : {
            "receiveFirst" : 5,
            "len" : 15335,
            "dns" : 0,
            "dnsEnd" : -1,
            "receiveHeadersEnd" : 25,
            "sslEnd" : -1,
            "connectEnd" : 20,
            "connectStart" : 0,
            "id" : "download_44",
            "receivedTime" : "506.580000044778",
            "sslStart" : -1,
            "dnsStart" : -1,
            "receiveLast" : 481.580000044778,
            "s_time" : 402.885999996215,
            "sendEnd" : 20,
            "sendStart" : 20,
            "type" : "image/jpeg"
         }
      },
      {
         "when_comp_start" : -1,
         "url" : "http://modified.testbed.localhost/static01.mediaite.com/med/wp-content/uploads/2015/02/george-zimmerman-300x197.png",
         "id" : "r63",
         "comps" : [],
         "download" : {
            "receiveFirst" : 10,
            "len" : 70732,
            "dns" : 0,
            "dnsEnd" : -1,
            "receiveHeadersEnd" : 27,
            "sslEnd" : -1,
            "connectEnd" : 17,
            "connectStart" : 0,
            "id" : "download_45",
            "receivedTime" : "510.254999971949",
            "sslStart" : -1,
            "dnsStart" : -1,
            "receiveLast" : 483.254999971949,
            "s_time" : 406.895000021905,
            "sendEnd" : 17,
            "sendStart" : 17,
            "type" : "image/png"
         }
      },
      {
         "when_comp_start" : -1,
         "url" : "http://modified.testbed.localhost/static01.mediaite.com/med/wp-content/uploads/2016/05/shutterstock_405351559-300x200.jpg",
         "id" : "r64",
         "comps" : [],
         "download" : {
            "receiveFirst" : 12,
            "len" : 12346,
            "dns" : 0,
            "dnsEnd" : -1,
            "receiveHeadersEnd" : 28,
            "sslEnd" : -1,
            "connectEnd" : 16,
            "connectStart" : 0,
            "id" : "download_46",
            "receivedTime" : "508.52799997665",
            "sslStart" : -1,
            "dnsStart" : -1,
            "receiveLast" : 480.52799997665,
            "s_time" : 409.003000007942,
            "sendEnd" : 16,
            "sendStart" : 16,
            "type" : "image/jpeg"
         }
      },
      {
         "when_comp_start" : -1,
         "url" : "http://modified.testbed.localhost/static01.mediaite.com/med/wp-content/uploads/2016/05/Screen-Shot-2016-05-12-at-10.12.13-AM-300x195.png",
         "id" : "r65",
         "comps" : [],
         "download" : {
            "receiveFirst" : 10,
            "len" : 104757,
            "dns" : 0,
            "dnsEnd" : -1,
            "receiveHeadersEnd" : 21,
            "sslEnd" : -1,
            "connectEnd" : 11,
            "connectStart" : 0,
            "id" : "download_47",
            "receivedTime" : "513.558999984525",
            "sslStart" : -1,
            "dnsStart" : -1,
            "receiveLast" : 492.558999984525,
            "s_time" : 419.285000069067,
            "sendEnd" : 11,
            "sendStart" : 11,
            "type" : "image/png"
         }
      },
      {
         "when_comp_start" : -1,
         "url" : "http://modified.testbed.localhost/static01.mediaite.com/med/wp-content/uploads/2016/05/HIll-e1463065376143-300x196.jpg",
         "id" : "r66",
         "comps" : [],
         "download" : {
            "receiveFirst" : 11,
            "len" : 23124,
            "dns" : 0,
            "dnsEnd" : -1,
            "receiveHeadersEnd" : 29,
            "sslEnd" : -1,
            "connectEnd" : 18,
            "connectStart" : 0,
            "id" : "download_48",
            "receivedTime" : "511.195000028238",
            "sslStart" : -1,
            "dnsStart" : -1,
            "receiveLast" : 482.195000028238,
            "s_time" : 421.831000014208,
            "sendEnd" : 18,
            "sendStart" : 18,
            "type" : "image/jpeg"
         }
      },
      {
         "when_comp_start" : -1,
         "url" : "http://modified.testbed.localhost/static01.mediaite.com/med/wp-content/uploads/2016/03/hillary-bernie-2-300x197.jpg",
         "id" : "r67",
         "comps" : [],
         "download" : {
            "receiveFirst" : 9,
            "len" : 16791,
            "dns" : 0,
            "dnsEnd" : -1,
            "receiveHeadersEnd" : 35,
            "sslEnd" : -1,
            "connectEnd" : 26,
            "connectStart" : 0,
            "id" : "download_49",
            "receivedTime" : "512.206000043079",
            "sslStart" : -1,
            "dnsStart" : -1,
            "receiveLast" : 477.206000043079,
            "s_time" : 421.931000077166,
            "sendEnd" : 26,
            "sendStart" : 26,
            "type" : "image/jpeg"
         }
      },
      {
         "when_comp_start" : -1,
         "url" : "http://modified.testbed.localhost/static01.mediaite.com/med/wp-content/uploads/2015/01/woody-allen-300x196.jpg",
         "id" : "r68",
         "comps" : [],
         "download" : {
            "receiveFirst" : 11,
            "len" : 13343,
            "dns" : 0,
            "dnsEnd" : -1,
            "receiveHeadersEnd" : 36,
            "sslEnd" : -1,
            "connectEnd" : 25,
            "connectStart" : 0,
            "id" : "download_50",
            "receivedTime" : "513.215000042692",
            "sslStart" : -1,
            "dnsStart" : -1,
            "receiveLast" : 477.215000042692,
            "s_time" : 424.083000048995,
            "sendEnd" : 25,
            "sendStart" : 25,
            "type" : "image/jpeg"
         }
      },
      {
         "when_comp_start" : -1,
         "url" : "http://modified.testbed.localhost/static01.mediaite.com/med/wp-content/uploads/2016/05/Screen-Shot-2016-05-12-at-9.21.10-AM-300x179.png",
         "id" : "r69",
         "comps" : [],
         "download" : {
            "receiveFirst" : 11,
            "len" : 100230,
            "dns" : 0,
            "dnsEnd" : -1,
            "receiveHeadersEnd" : 36,
            "sslEnd" : -1,
            "connectEnd" : 24,
            "connectStart" : 0,
            "id" : "download_51",
            "receivedTime" : "644.220000016503",
            "sslStart" : -1,
            "dnsStart" : -1,
            "receiveLast" : 608.220000016503,
            "s_time" : 429.369000019506,
            "sendEnd" : 25,
            "sendStart" : 24,
            "type" : "image/png"
         }
      },
      {
         "when_comp_start" : -1,
         "url" : "http://modified.testbed.localhost/static01.mediaite.com/med/wp-content/uploads/2016/05/screen_shot_2016-05-11_at_12.27.59_pm-650x424.png",
         "id" : "r70",
         "comps" : [],
         "download" : {
            "receiveFirst" : 9,
            "len" : 347302,
            "dns" : 0,
            "dnsEnd" : -1,
            "receiveHeadersEnd" : 30,
            "sslEnd" : -1,
            "connectEnd" : 21,
            "connectStart" : 0,
            "id" : "download_52",
            "receivedTime" : "654.562000068836",
            "sslStart" : -1,
            "dnsStart" : -1,
            "receiveLast" : 624.562000068836,
            "s_time" : 439.287999994121,
            "sendEnd" : 21,
            "sendStart" : 21,
            "type" : "image/png"
         }
      },
      {
         "when_comp_start" : -1,
         "url" : "http://modified.testbed.localhost/static01.mediaite.com/med/wp-content/themes/m2015/images/promo-gossip.jpg",
         "id" : "r71",
         "comps" : [],
         "download" : {
            "receiveFirst" : 7,
            "len" : 3659,
            "dns" : 0,
            "dnsEnd" : -1,
            "receiveHeadersEnd" : 27,
            "sslEnd" : -1,
            "connectEnd" : 20,
            "connectStart" : 0,
            "id" : "download_53",
            "receivedTime" : "643.905000062659",
            "sslStart" : -1,
            "dnsStart" : -1,
            "receiveLast" : 616.905000062659,
            "s_time" : 447.107000043616,
            "sendEnd" : 20,
            "sendStart" : 20,
            "type" : "image/jpeg"
         }
      },
      {
         "when_comp_start" : -1,
         "url" : "http://modified.testbed.localhost/static01.mediaite.com/med/wp-content/uploads/2016/03/loesch-100x100.jpg",
         "id" : "r74",
         "comps" : [],
         "download" : {
            "receiveFirst" : 9,
            "len" : 3792,
            "dns" : 0,
            "dnsEnd" : -1,
            "receiveHeadersEnd" : 28,
            "sslEnd" : -1,
            "connectEnd" : 19,
            "connectStart" : 0,
            "id" : "download_54",
            "receivedTime" : "644.941000035033",
            "sslStart" : -1,
            "dnsStart" : -1,
            "receiveLast" : 616.941000035033,
            "s_time" : 446.169000002556,
            "sendEnd" : 19,
            "sendStart" : 19,
            "type" : "image/jpeg"
         }
      },
      {
         "when_comp_start" : -1,
         "url" : "http://modified.testbed.localhost/static01.mediaite.com/med/wp-content/uploads/2016/05/1thumb-5-100x100.jpg",
         "id" : "r75",
         "comps" : [],
         "download" : {
            "receiveFirst" : 11,
            "len" : 4726,
            "dns" : 0,
            "dnsEnd" : -1,
            "receiveHeadersEnd" : 27,
            "sslEnd" : -1,
            "connectEnd" : 16,
            "connectStart" : 0,
            "id" : "download_55",
            "receivedTime" : "645.348999998532",
            "sslStart" : -1,
            "dnsStart" : -1,
            "receiveLast" : 618.348999998532,
            "s_time" : 450.363000039943,
            "sendEnd" : 16,
            "sendStart" : 16,
            "type" : "image/jpeg"
         }
      },
      {
         "when_comp_start" : -1,
         "url" : "http://modified.testbed.localhost/static01.mediaite.com/med/wp-content/uploads/2016/05/3thum-7-100x100.jpg",
         "id" : "r76",
         "comps" : [],
         "download" : {
            "receiveFirst" : 5,
            "len" : 3888,
            "dns" : 0,
            "dnsEnd" : -1,
            "receiveHeadersEnd" : 28,
            "sslEnd" : -1,
            "connectEnd" : 23,
            "connectStart" : 0,
            "id" : "download_56",
            "receivedTime" : "646.487000049092",
            "sslStart" : -1,
            "dnsStart" : -1,
            "receiveLast" : 618.487000049092,
            "s_time" : 456.499999971129,
            "sendEnd" : 23,
            "sendStart" : 23,
            "type" : "image/jpeg"
         }
      },
      {
         "when_comp_start" : -1,
         "url" : "http://modified.testbed.localhost/static01.mediaite.com/med/wp-content/uploads/2016/05/Screen-Shot-2016-05-10-at-1.19.58-PM-100x100.png",
         "id" : "r77",
         "comps" : [],
         "download" : {
            "receiveFirst" : 6,
            "len" : 19147,
            "dns" : 0,
            "dnsEnd" : -1,
            "receiveHeadersEnd" : 25,
            "sslEnd" : -1,
            "connectEnd" : 19,
            "connectStart" : 0,
            "id" : "download_57",
            "receivedTime" : "646.671000053175",
            "sslStart" : -1,
            "dnsStart" : -1,
            "receiveLast" : 621.671000053175,
            "s_time" : 460.152000072412,
            "sendEnd" : 19,
            "sendStart" : 19,
            "type" : "image/png"
         }
      },
      {
         "when_comp_start" : -1,
         "url" : "http://modified.testbed.localhost/static01.mediaite.com/med/wp-content/uploads/2015/08/ed-henry.jpg",
         "id" : "r78",
         "comps" : [],
         "download" : {
            "receiveFirst" : 7,
            "len" : 11649,
            "dns" : 0,
            "dnsEnd" : -1,
            "receiveHeadersEnd" : 27,
            "sslEnd" : -1,
            "connectEnd" : 20,
            "connectStart" : 0,
            "id" : "download_58",
            "receivedTime" : "647.529000067152",
            "sslStart" : -1,
            "dnsStart" : -1,
            "receiveLast" : 620.529000067152,
            "s_time" : 461.385000031441,
            "sendEnd" : 20,
            "sendStart" : 20,
            "type" : "image/jpeg"
         }
      },
      {
         "when_comp_start" : -1,
         "url" : "http://modified.testbed.localhost/fonts.gstatic.com/s/opensanscondensed/v10/gk5FxslNkTTHtojXrkp-xJhsE6jcpsD2oq89kgohWx0.ttf",
         "id" : "r30",
         "comps" : [],
         "download" : {
            "receiveFirst" : 3,
            "len" : 37608,
            "dns" : 0,
            "dnsEnd" : -1,
            "receiveHeadersEnd" : 12,
            "sslEnd" : -1,
            "connectEnd" : 9,
            "connectStart" : 0,
            "id" : "download_59",
            "receivedTime" : "653.600000077859",
            "sslStart" : -1,
            "dnsStart" : -1,
            "receiveLast" : 641.600000077859,
            "s_time" : 495.475000003353,
            "sendEnd" : 9,
            "sendStart" : 9,
            "type" : "application/octet-stream"
         }
      },
      {
         "when_comp_start" : -1,
         "url" : "http://modified.testbed.localhost/fonts.gstatic.com/s/opensans/v13/PRmiXeptR36kaC0GEAetxp_TkvowlIOtbR7ePgFOpF4.ttf",
         "id" : "r32",
         "comps" : [],
         "download" : {
            "receiveFirst" : 4,
            "len" : 33108,
            "dns" : 0,
            "dnsEnd" : -1,
            "receiveHeadersEnd" : 12,
            "sslEnd" : -1,
            "connectEnd" : 8,
            "connectStart" : 0,
            "id" : "download_60",
            "receivedTime" : "652.486999984831",
            "sslStart" : -1,
            "dnsStart" : -1,
            "receiveLast" : 640.486999984831,
            "s_time" : 495.974999968894,
            "sendEnd" : 8,
            "sendStart" : 8,
            "type" : "application/octet-stream"
         }
      },
      {
         "when_comp_start" : -1,
         "url" : "http://modified.testbed.localhost/as.ebz.io/api/choixPubJS.htm%3Fpid=1133405&screenLayer=1&mode=NONE&home=http:%252F%252Fwww.mediaite.com%252F",
         "id" : "r79",
         "comps" : [
            {
               "s_time" : 650.251000071876,
               "time" : 0.919999903999042,
               "type" : 1,
               "id" : "comp_76",
               "e_time" : 651.170999975875
            }
         ],
         "download" : {
            "receiveFirst" : 9,
            "len" : 3373,
            "dns" : 0,
            "dnsEnd" : -1,
            "receiveHeadersEnd" : 16,
            "sslEnd" : -1,
            "connectEnd" : 7,
            "connectStart" : 0,
            "id" : "download_61",
            "receivedTime" : "650.126000051387",
            "sslStart" : -1,
            "dnsStart" : -1,
            "receiveLast" : 634.126000051387,
            "s_time" : 497.197000076994,
            "sendEnd" : 7,
            "sendStart" : 7,
            "type" : "text/plain"
         }
      },
      {
         "when_comp_start" : -1,
         "url" : "http://modified.testbed.localhost/fonts.gstatic.com/s/robotoslab/v6/dazS1PrQQuCxC3iOAJFEJbfB31yxOzP-czbf6AAKCVo.ttf",
         "id" : "r26",
         "comps" : [],
         "download" : {
            "receiveFirst" : 10,
            "len" : 37860,
            "dns" : 0,
            "dnsEnd" : -1,
            "receiveHeadersEnd" : 18,
            "sslEnd" : -1,
            "connectEnd" : 7,
            "connectStart" : 0,
            "id" : "download_62",
            "receivedTime" : "654.911000048742",
            "sslStart" : -1,
            "dnsStart" : -1,
            "receiveLast" : 636.911000048742,
            "s_time" : 496.535000042059,
            "sendEnd" : 8,
            "sendStart" : 7,
            "type" : "application/octet-stream"
         }
      },
      {
         "when_comp_start" : -1,
         "url" : "http://modified.testbed.localhost/edge.quantserve.com/quant.js",
         "id" : "r80",
         "comps" : [
            {
               "s_time" : 656.486000050791,
               "time" : 14.1099999891591,
               "type" : 1,
               "id" : "comp_80",
               "e_time" : 670.59600003995
            }
         ],
         "download" : {
            "receiveFirst" : 6,
            "len" : 7874,
            "dns" : 0,
            "dnsEnd" : -1,
            "receiveHeadersEnd" : 25,
            "sslEnd" : -1,
            "connectEnd" : 19,
            "connectStart" : 0,
            "id" : "download_63",
            "receivedTime" : "656.379000050947",
            "sslStart" : -1,
            "dnsStart" : -1,
            "receiveLast" : 631.379000050947,
            "s_time" : 498.026999994181,
            "sendEnd" : 19,
            "sendStart" : 19,
            "type" : "application/javascript"
         }
      },
      {
         "when_comp_start" : -1,
         "url" : "http://modified.testbed.localhost/s.skimresources.com/js/35941X1022475.skimlinks.js",
         "id" : "r81",
         "comps" : [
            {
               "s_time" : 671.971000032499,
               "time" : 45.6189999822531,
               "type" : 1,
               "id" : "comp_83",
               "e_time" : 717.590000014752
            }
         ],
         "download" : {
            "receiveFirst" : 4,
            "len" : 57175,
            "dns" : 0,
            "dnsEnd" : -1,
            "receiveHeadersEnd" : 25,
            "sslEnd" : -1,
            "connectEnd" : 21,
            "connectStart" : 0,
            "id" : "download_64",
            "receivedTime" : "671.793000074103",
            "sslStart" : -1,
            "dnsStart" : -1,
            "receiveLast" : 646.793000074103,
            "s_time" : 498.64600005094,
            "sendEnd" : 21,
            "sendStart" : 21,
            "type" : "application/javascript"
         }
      },
      {
         "when_comp_start" : -1,
         "url" : "http://modified.testbed.localhost/static01.mediaite.com/med/wp-content/themes/m2015/images/rss.png",
         "id" : "r82",
         "comps" : [],
         "download" : {
            "receiveFirst" : 3,
            "len" : 789,
            "dns" : 0,
            "dnsEnd" : -1,
            "receiveHeadersEnd" : 4,
            "sslEnd" : -1,
            "connectEnd" : 1,
            "connectStart" : 0,
            "id" : "download_65",
            "receivedTime" : "920.112999971025",
            "sslStart" : -1,
            "dnsStart" : -1,
            "receiveLast" : 916.112999971025,
            "s_time" : 648.432000074536,
            "sendEnd" : 1,
            "sendStart" : 1,
            "type" : "image/png"
         }
      },
      {
         "when_comp_start" : 1,
         "url" : "http://modified.testbed.localhost/static01.mediaite.com/med/wp-content/themes/m2015/js/am.min.js.map",
         "id" : "r90",
         "comps" : [],
         "download" : {
            "receiveFirst" : 7,
            "len" : 356,
            "dns" : 0,
            "dnsEnd" : -1,
            "receiveHeadersEnd" : 10,
            "sslEnd" : -1,
            "connectEnd" : 3,
            "connectStart" : 0,
            "id" : "download_66",
            "receivedTime" : "1068.33699997514",
            "sslStart" : -1,
            "dnsStart" : -1,
            "receiveLast" : 1058.33699997514,
            "s_time" : 973.891000030562,
            "sendEnd" : 3,
            "sendStart" : 3,
            "type" : "text/html"
         }
      },
      {
         "when_comp_start" : 1,
         "url" : "http://modified.testbed.localhost/static01.mediaite.com/med/wp-content/themes/m2015/style.css.map",
         "id" : "r91",
         "comps" : [],
         "download" : {
            "receiveFirst" : 7,
            "len" : 353,
            "dns" : 0,
            "dnsEnd" : -1,
            "receiveHeadersEnd" : 10,
            "sslEnd" : -1,
            "connectEnd" : 3,
            "connectStart" : 0,
            "id" : "download_67",
            "receivedTime" : "1068.77900008112",
            "sslStart" : -1,
            "dnsStart" : -1,
            "receiveLast" : 1058.77900008112,
            "s_time" : 974.512999993749,
            "sendEnd" : 3,
            "sendStart" : 3,
            "type" : "text/html"
         }
      }
   ],
   "deps" : [
      {
         "a2" : "r1_c2",
         "time" : -1,
         "id" : "dep1",
         "a1" : "comp_8"
      },
      {
         "a2" : "r1_c3",
         "time" : -1,
         "id" : "dep2",
         "a1" : "comp_10"
      },
      {
         "a2" : "r1_c4",
         "time" : -1,
         "id" : "dep3",
         "a1" : "comp_12"
      },
      {
         "a2" : "r1_c5",
         "time" : -1,
         "id" : "dep4",
         "a1" : "comp_15"
      },
      {
         "a2" : "r1_c6",
         "time" : -1,
         "id" : "dep5",
         "a1" : "comp_17"
      },
      {
         "a2" : "r1_c7",
         "time" : -1,
         "id" : "dep6",
         "a1" : "comp_76"
      },
      {
         "a2" : "r1_c8",
         "time" : -1,
         "id" : "dep7",
         "a1" : "comp_80"
      },
      {
         "a2" : "r1_c9",
         "time" : -1,
         "id" : "dep8",
         "a1" : "comp_83"
      },
      {
         "a2" : "comp_8",
         "time" : -1,
         "id" : "dep9",
         "a1" : "comp_1"
      },
      {
         "a2" : "comp_8",
         "time" : -1,
         "id" : "dep10",
         "a1" : "comp_3"
      },
      {
         "a2" : "comp_8",
         "time" : -1,
         "id" : "dep11",
         "a1" : "comp_2"
      },
      {
         "a2" : "comp_8",
         "time" : -1,
         "id" : "dep12",
         "a1" : "comp_6"
      },
      {
         "a2" : "comp_8",
         "time" : -1,
         "id" : "dep13",
         "a1" : "comp_7"
      },
      {
         "a2" : "comp_10",
         "time" : -1,
         "id" : "dep14",
         "a1" : "comp_8"
      },
      {
         "a2" : "comp_12",
         "time" : -1,
         "id" : "dep15",
         "a1" : "comp_10"
      },
      {
         "a2" : "comp_17",
         "time" : -1,
         "id" : "dep16",
         "a1" : "comp_15"
      },
      {
         "a2" : "download_67",
         "time" : -1,
         "id" : "dep17",
         "a1" : "r1_c9"
      },
      {
         "a2" : "download_66",
         "time" : 256.30100001581,
         "id" : "dep18",
         "a1" : "r1_c9"
      },
      {
         "a2" : "download_65",
         "time" : -1,
         "id" : "dep19",
         "a1" : "r1_c6"
      },
      {
         "a2" : "download_65",
         "time" : 459.047000040301,
         "id" : "dep20",
         "a1" : "r1_c6"
      },
      {
         "a2" : "download_64",
         "time" : 309.261000016705,
         "id" : "dep21",
         "a1" : "r1_c6"
      },
      {
         "a2" : "download_63",
         "time" : 308.641999959946,
         "id" : "dep22",
         "a1" : "r1_c6"
      },
      {
         "a2" : "download_62",
         "time" : 307.150000007824,
         "id" : "dep23",
         "a1" : "r1_c6"
      },
      {
         "a2" : "download_61",
         "time" : 307.812000042759,
         "id" : "dep24",
         "a1" : "r1_c6"
      },
      {
         "a2" : "download_60",
         "time" : 306.589999934659,
         "id" : "dep25",
         "a1" : "r1_c6"
      },
      {
         "a2" : "download_59",
         "time" : 306.089999969118,
         "id" : "dep26",
         "a1" : "r1_c6"
      },
      {
         "a2" : "download_58",
         "time" : 271.999999997206,
         "id" : "dep27",
         "a1" : "r1_c6"
      },
      {
         "a2" : "download_57",
         "time" : 270.767000038177,
         "id" : "dep28",
         "a1" : "r1_c6"
      },
      {
         "a2" : "download_56",
         "time" : 267.114999936894,
         "id" : "dep29",
         "a1" : "r1_c6"
      },
      {
         "a2" : "download_55",
         "time" : 260.978000005708,
         "id" : "dep30",
         "a1" : "r1_c6"
      },
      {
         "a2" : "download_54",
         "time" : 256.783999968321,
         "id" : "dep31",
         "a1" : "r1_c6"
      },
      {
         "a2" : "download_53",
         "time" : 257.722000009381,
         "id" : "dep32",
         "a1" : "r1_c6"
      },
      {
         "a2" : "download_52",
         "time" : 249.902999959886,
         "id" : "dep33",
         "a1" : "r1_c6"
      },
      {
         "a2" : "download_51",
         "time" : 239.983999985271,
         "id" : "dep34",
         "a1" : "r1_c6"
      },
      {
         "a2" : "download_50",
         "time" : 234.69800001476,
         "id" : "dep35",
         "a1" : "r1_c6"
      },
      {
         "a2" : "download_49",
         "time" : 232.546000042931,
         "id" : "dep36",
         "a1" : "r1_c6"
      },
      {
         "a2" : "download_48",
         "time" : 232.445999979973,
         "id" : "dep37",
         "a1" : "r1_c6"
      },
      {
         "a2" : "download_47",
         "time" : 229.900000034832,
         "id" : "dep38",
         "a1" : "r1_c6"
      },
      {
         "a2" : "download_46",
         "time" : 219.617999973707,
         "id" : "dep39",
         "a1" : "r1_c6"
      },
      {
         "a2" : "download_45",
         "time" : 217.50999998767,
         "id" : "dep40",
         "a1" : "r1_c6"
      },
      {
         "a2" : "download_44",
         "time" : 213.50099996198,
         "id" : "dep41",
         "a1" : "r1_c6"
      },
      {
         "a2" : "download_43",
         "time" : 209.906999953092,
         "id" : "dep42",
         "a1" : "r1_c6"
      },
      {
         "a2" : "download_42",
         "time" : 201.617000042461,
         "id" : "dep43",
         "a1" : "r1_c6"
      },
      {
         "a2" : "download_41",
         "time" : 190.676999976859,
         "id" : "dep44",
         "a1" : "r1_c6"
      },
      {
         "a2" : "download_40",
         "time" : 175.803999998607,
         "id" : "dep45",
         "a1" : "r1_c6"
      },
      {
         "a2" : "download_39",
         "time" : 167.673000018113,
         "id" : "dep46",
         "a1" : "r1_c6"
      },
      {
         "a2" : "download_38",
         "time" : 154.555000015535,
         "id" : "dep47",
         "a1" : "r1_c6"
      },
      {
         "a2" : "download_37",
         "time" : 149.868999957107,
         "id" : "dep48",
         "a1" : "r1_c6"
      },
      {
         "a2" : "download_36",
         "time" : 143.677999963984,
         "id" : "dep49",
         "a1" : "r1_c6"
      },
      {
         "a2" : "download_35",
         "time" : 140.783000038937,
         "id" : "dep50",
         "a1" : "r1_c6"
      },
      {
         "a2" : "download_34",
         "time" : 133.885000017472,
         "id" : "dep51",
         "a1" : "r1_c6"
      },
      {
         "a2" : "download_33",
         "time" : 131.630999967456,
         "id" : "dep52",
         "a1" : "r1_c6"
      },
      {
         "a2" : "download_32",
         "time" : 128.45900002867,
         "id" : "dep53",
         "a1" : "r1_c6"
      },
      {
         "a2" : "download_31",
         "time" : 127.372000017204,
         "id" : "dep54",
         "a1" : "r1_c6"
      },
      {
         "a2" : "download_30",
         "time" : 125.464000040666,
         "id" : "dep55",
         "a1" : "r1_c6"
      },
      {
         "a2" : "download_29",
         "time" : 107.454999932088,
         "id" : "dep56",
         "a1" : "r1_c6"
      },
      {
         "a2" : "download_28",
         "time" : 106.692999950611,
         "id" : "dep57",
         "a1" : "r1_c6"
      },
      {
         "a2" : "download_27",
         "time" : 106.010999996216,
         "id" : "dep58",
         "a1" : "r1_c6"
      },
      {
         "a2" : "download_26",
         "time" : 104.07799994573,
         "id" : "dep59",
         "a1" : "r1_c6"
      },
      {
         "a2" : "download_25",
         "time" : 103.364999988117,
         "id" : "dep60",
         "a1" : "r1_c6"
      },
      {
         "a2" : "download_24",
         "time" : 102.25899994839,
         "id" : "dep61",
         "a1" : "r1_c6"
      },
      {
         "a2" : "download_23",
         "time" : 99.271000013687,
         "id" : "dep62",
         "a1" : "r1_c6"
      },
      {
         "a2" : "download_22",
         "time" : 98.602999933064,
         "id" : "dep63",
         "a1" : "r1_c6"
      },
      {
         "a2" : "download_21",
         "time" : 98.114999942482,
         "id" : "dep64",
         "a1" : "r1_c6"
      },
      {
         "a2" : "download_20",
         "time" : 96.843000035733,
         "id" : "dep65",
         "a1" : "r1_c6"
      },
      {
         "a2" : "download_19",
         "time" : 83.045999985189,
         "id" : "dep66",
         "a1" : "r1_c6"
      },
      {
         "a2" : "download_18",
         "time" : 33.248999970966,
         "id" : "dep67",
         "a1" : "r1_c6"
      },
      {
         "a2" : "download_17",
         "time" : 19.232999999077,
         "id" : "dep68",
         "a1" : "r1_c6"
      },
      {
         "a2" : "download_17",
         "time" : 19.232999999077,
         "id" : "dep69",
         "a1" : "r1_c6"
      },
      {
         "a2" : "download_16",
         "time" : 3.91099997796201,
         "id" : "dep70",
         "a1" : "r1_c6"
      },
      {
         "a2" : "download_15",
         "time" : 4.26700001116902,
         "id" : "dep71",
         "a1" : "r1_c6"
      },
      {
         "a2" : "download_14",
         "time" : 3.53500002529501,
         "id" : "dep72",
         "a1" : "r1_c6"
      },
      {
         "a2" : "download_13",
         "time" : 3.092000028119,
         "id" : "dep73",
         "a1" : "r1_c6"
      },
      {
         "a2" : "download_12",
         "time" : -1,
         "id" : "dep74",
         "a1" : "r1_c1"
      },
      {
         "a2" : "download_11",
         "time" : 4.6099999453873,
         "id" : "dep75",
         "a1" : "r1_c1"
      },
      {
         "a2" : "download_10",
         "time" : 4.1949999285862,
         "id" : "dep76",
         "a1" : "r1_c1"
      },
      {
         "a2" : "download_9",
         "time" : 3.9160000160337,
         "id" : "dep77",
         "a1" : "r1_c1"
      },
      {
         "a2" : "download_8",
         "time" : 3.45799990464,
         "id" : "dep78",
         "a1" : "r1_c1"
      },
      {
         "a2" : "download_7",
         "time" : 3.1789999920875,
         "id" : "dep79",
         "a1" : "r1_c1"
      },
      {
         "a2" : "download_6",
         "time" : 2.8290000045672,
         "id" : "dep80",
         "a1" : "r1_c1"
      },
      {
         "a2" : "download_6",
         "time" : 2.8290000045672,
         "id" : "dep81",
         "a1" : "r1_c1"
      },
      {
         "a2" : "download_5",
         "time" : 2.4780000094324,
         "id" : "dep82",
         "a1" : "r1_c1"
      },
      {
         "a2" : "download_5",
         "time" : 2.4780000094324,
         "id" : "dep83",
         "a1" : "r1_c1"
      },
      {
         "a2" : "download_4",
         "time" : 2.1909999195486,
         "id" : "dep84",
         "a1" : "r1_c1"
      },
      {
         "a2" : "download_4",
         "time" : 2.1909999195486,
         "id" : "dep85",
         "a1" : "r1_c1"
      },
      {
         "a2" : "download_3",
         "time" : 1.8500000005588,
         "id" : "dep86",
         "a1" : "r1_c1"
      },
      {
         "a2" : "download_3",
         "time" : 1.8500000005588,
         "id" : "dep87",
         "a1" : "r1_c1"
      },
      {
         "a2" : "download_2",
         "time" : 1.3320000143722,
         "id" : "dep88",
         "a1" : "r1_c1"
      },
      {
         "a2" : "download_1",
         "time" : 1.0049999691546,
         "id" : "dep89",
         "a1" : "r1_c1"
      }
   ]
}
