{
   "n_download_no_trigger" : 1,
   "start_activity" : "download_0",
   "name" : "modified.testbed.localhost_dailycurrant.com_",
   "load_activity" : -1,
   "objs" : [
      {
         "when_comp_start" : 1,
         "url" : "http://modified.testbed.localhost/dailycurrant.com/",
         "id" : "r1",
         "comps" : [
            {
               "s_time" : 45.5170000204816,
               "time" : 85.3959999512884,
               "id" : "r1_c1",
               "type" : "evalhtml",
               "e_time" : 130.91299997177
            },
            {
               "s_time" : 183.84299997706,
               "time" : -882116112.128,
               "id" : "r1_c2",
               "type" : "evalhtml",
               "e_time" : -882115928.285
            },
            {
               "s_time" : 261.556999990717,
               "time" : -882116189.842,
               "id" : "r1_c3",
               "type" : "evalhtml",
               "e_time" : -882115928.285
            },
            {
               "s_time" : 290.742999990471,
               "time" : 98.269999958574,
               "id" : "r1_c4",
               "type" : "evalhtml",
               "e_time" : 389.012999949045
            },
            {
               "s_time" : 389.804999926127,
               "time" : 24.655000073836,
               "id" : "r1_c5",
               "type" : "evalhtml",
               "e_time" : 414.459999999963
            },
            {
               "s_time" : 417.509999941103,
               "time" : -882116345.795,
               "id" : "r1_c6",
               "type" : "evalhtml",
               "e_time" : -882115928.285
            },
            {
               "s_time" : 422.476999927312,
               "time" : -882116350.762,
               "id" : "r1_c7",
               "type" : "evalhtml",
               "e_time" : -882115928.285
            },
            {
               "s_time" : 447.937999968417,
               "time" : -882116376.223,
               "id" : "r1_c8",
               "type" : "evalhtml",
               "e_time" : -882115928.285
            },
            {
               "s_time" : 448.657999979332,
               "time" : -882116376.943,
               "id" : "r1_c9",
               "type" : "evalhtml",
               "e_time" : -882115928.285
            },
            {
               "s_time" : 449.52399993781,
               "time" : -882116377.809,
               "id" : "r1_c10",
               "type" : "evalhtml",
               "e_time" : -882115928.285
            },
            {
               "s_time" : 451.50399999693,
               "time" : -882116379.789,
               "id" : "r1_c11",
               "type" : "evalhtml",
               "e_time" : -882115928.285
            },
            {
               "s_time" : 477.666999911889,
               "time" : 0.0610001152390396,
               "type" : "evalhtml",
               "id" : "r1_c12",
               "e_time" : 477.728000027128
            }
         ],
         "download" : {
            "receiveFirst" : 3,
            "len" : 47769,
            "dns" : 0,
            "dnsEnd" : -1,
            "receiveHeadersEnd" : 4,
            "sslEnd" : -1,
            "connectEnd" : 0,
            "connectStart" : 0,
            "id" : "download_0",
            "receivedTime" : "44.9289999669418",
            "sslStart" : -1,
            "dnsStart" : -1,
            "receiveLast" : 40.9289999669418,
            "s_time" : 0,
            "sendEnd" : 1,
            "sendStart" : 0,
            "type" : "text/html"
         }
      },
      {
         "when_comp_start" : -1,
         "url" : "http://modified.testbed.localhost/dailycurrant.com/wp-content/plugins/wp-pro-quiz/css/wpProQuiz_front.min.css%3Fver=0.37.css",
         "id" : "r3",
         "comps" : [
            {
               "s_time" : 85.3039999492466,
               "time" : 1.81599997449669,
               "type" : 4,
               "id" : "comp_2",
               "e_time" : 87.1199999237433
            }
         ],
         "download" : {
            "receiveFirst" : 3,
            "len" : 10932,
            "dns" : 0,
            "dnsEnd" : -1,
            "receiveHeadersEnd" : 12,
            "sslEnd" : -1,
            "connectEnd" : 9,
            "connectStart" : 0,
            "id" : "download_1",
            "receivedTime" : "85.0339999888092",
            "sslStart" : -1,
            "dnsStart" : -1,
            "receiveLast" : 73.0339999888092,
            "s_time" : 71.0330000147223,
            "sendEnd" : 9,
            "sendStart" : 9,
            "type" : "text/css"
         }
      },
      {
         "when_comp_start" : -1,
         "url" : "http://modified.testbed.localhost/dailycurrant.com/wp-content/plugins/wp-to-twitter/css/twitter-feed.css%3Fver=4.2.4.css",
         "id" : "r4",
         "comps" : [
            {
               "s_time" : 88.6779999127612,
               "time" : 0.352000002749207,
               "type" : 4,
               "id" : "comp_4",
               "e_time" : 89.0299999155104
            }
         ],
         "download" : {
            "receiveFirst" : 5,
            "len" : 1181,
            "dns" : 0,
            "dnsEnd" : -1,
            "receiveHeadersEnd" : 14,
            "sslEnd" : -1,
            "connectEnd" : 9,
            "connectStart" : 0,
            "id" : "download_2",
            "receivedTime" : "88.4099999675527",
            "sslStart" : -1,
            "dnsStart" : -1,
            "receiveLast" : 74.4099999675527,
            "s_time" : 71.4219999499619,
            "sendEnd" : 9,
            "sendStart" : 9,
            "type" : "text/css"
         }
      },
      {
         "when_comp_start" : -1,
         "url" : "http://modified.testbed.localhost/dailycurrant.com/wp-content/plugins/wordpress-popular-posts/style/wpp.css%3Fver=3.3.1.css",
         "id" : "r5",
         "comps" : [
            {
               "s_time" : 90.2839999180287,
               "time" : 0.529000069946107,
               "type" : 4,
               "id" : "comp_6",
               "e_time" : 90.8129999879748
            }
         ],
         "download" : {
            "receiveFirst" : 5,
            "len" : 316,
            "dns" : 0,
            "dnsEnd" : -1,
            "receiveHeadersEnd" : 14,
            "sslEnd" : -1,
            "connectEnd" : 9,
            "connectStart" : 0,
            "id" : "download_3",
            "receivedTime" : "89.9069999577478",
            "sslStart" : -1,
            "dnsStart" : -1,
            "receiveLast" : 75.9069999577478,
            "s_time" : 71.8069999711588,
            "sendEnd" : 9,
            "sendStart" : 9,
            "type" : "text/css"
         }
      },
      {
         "when_comp_start" : -1,
         "url" : "http://modified.testbed.localhost/ajax.googleapis.com/ajax/libs/jquery/1.6.2/jquery.min.js%3Fver=4.2.4",
         "id" : "r6",
         "comps" : [
            {
               "s_time" : 101.79500002414,
               "time" : 82.04799995292,
               "type" : 1,
               "id" : "comp_10",
               "e_time" : 183.84299997706
            }
         ],
         "download" : {
            "receiveFirst" : 7,
            "len" : 91556,
            "dns" : 0,
            "dnsEnd" : -1,
            "receiveHeadersEnd" : 15,
            "sslEnd" : -1,
            "connectEnd" : 8,
            "connectStart" : 0,
            "id" : "download_4",
            "receivedTime" : "101.463999948464",
            "sslStart" : -1,
            "dnsStart" : -1,
            "receiveLast" : 86.4639999484643,
            "s_time" : 72.1369999228045,
            "sendEnd" : 8,
            "sendStart" : 8,
            "type" : "text/plain"
         }
      },
      {
         "when_comp_start" : -1,
         "url" : "http://modified.testbed.localhost/ajax.googleapis.com/ajax/libs/jqueryui/1.8.16/jquery-ui.min.js%3Fver=4.2.4",
         "id" : "r7",
         "comps" : [
            {
               "s_time" : 187.404999975115,
               "time" : 74.152000015602,
               "type" : 1,
               "id" : "comp_19",
               "e_time" : 261.556999990717
            }
         ],
         "download" : {
            "receiveFirst" : 9,
            "len" : 201875,
            "dns" : 0,
            "dnsEnd" : -1,
            "receiveHeadersEnd" : 17,
            "sslEnd" : -1,
            "connectEnd" : 8,
            "connectStart" : 0,
            "id" : "download_5",
            "receivedTime" : "187.244999920949",
            "sslStart" : -1,
            "dnsStart" : -1,
            "receiveLast" : 170.244999920949,
            "s_time" : 72.4829999962822,
            "sendEnd" : 8,
            "sendStart" : 8,
            "type" : "text/plain"
         }
      },
      {
         "when_comp_start" : -1,
         "url" : "http://modified.testbed.localhost/fonts.googleapis.com/css%3Ffamily=PT+Serif+Caption:400,400italic.css",
         "id" : "r8",
         "comps" : [
            {
               "s_time" : 96.0010000271723,
               "time" : 0.00899995211510429,
               "type" : 4,
               "id" : "comp_8",
               "e_time" : 96.0099999792874
            }
         ],
         "download" : {
            "receiveFirst" : 12,
            "len" : 545,
            "dns" : 0,
            "dnsEnd" : -1,
            "receiveHeadersEnd" : 20,
            "sslEnd" : -1,
            "connectEnd" : 8,
            "connectStart" : 0,
            "id" : "download_6",
            "receivedTime" : "95.6359999254346",
            "sslStart" : -1,
            "dnsStart" : -1,
            "receiveLast" : 75.6359999254346,
            "s_time" : 72.7819999447092,
            "sendEnd" : 8,
            "sendStart" : 8,
            "type" : "text/css"
         }
      },
      {
         "when_comp_start" : -1,
         "url" : "http://modified.testbed.localhost/fonts.googleapis.com/css%3Ffamily=Istok+Web.css",
         "id" : "r9",
         "comps" : [
            {
               "s_time" : 98.3889999333769,
               "time" : 0.00600004568700285,
               "type" : 4,
               "id" : "comp_9",
               "e_time" : 98.3949999790639
            }
         ],
         "download" : {
            "receiveFirst" : 10,
            "len" : 256,
            "dns" : 0,
            "dnsEnd" : -1,
            "receiveHeadersEnd" : 21,
            "sslEnd" : -1,
            "connectEnd" : 11,
            "connectStart" : 0,
            "id" : "download_7",
            "receivedTime" : "98.1250000186265",
            "sslStart" : -1,
            "dnsStart" : -1,
            "receiveLast" : 77.1250000186265,
            "s_time" : 73.113999911584,
            "sendEnd" : 11,
            "sendStart" : 11,
            "type" : "text/css"
         }
      },
      {
         "when_comp_start" : -1,
         "url" : "http://modified.testbed.localhost/dailycurrant.com/wp-content/themes/themefit_hybrid/themefit-hybrid/style.css%3Fv=1.2.0083.css",
         "id" : "r10",
         "comps" : [
            {
               "s_time" : 185.844999970868,
               "time" : 0.195999979042,
               "type" : 4,
               "id" : "comp_18",
               "e_time" : 186.04099994991
            }
         ],
         "download" : {
            "receiveFirst" : 11,
            "len" : 43890,
            "dns" : 0,
            "dnsEnd" : -1,
            "receiveHeadersEnd" : 28,
            "sslEnd" : -1,
            "connectEnd" : 17,
            "connectStart" : 0,
            "id" : "download_8",
            "receivedTime" : "185.752999968827",
            "sslStart" : -1,
            "dnsStart" : -1,
            "receiveLast" : 157.752999968827,
            "s_time" : 73.4620000002906,
            "sendEnd" : 17,
            "sendStart" : 17,
            "type" : "text/css"
         }
      },
      {
         "when_comp_start" : -1,
         "url" : "http://modified.testbed.localhost/dailycurrant.com/wp-content/themes/themefit_hybrid/themefit-hybrid/css/themefit.mobilemenu.css%3Fv=1.2.0083.css",
         "id" : "r11",
         "comps" : [
            {
               "s_time" : 185.052999993786,
               "time" : 0.0119999749590249,
               "type" : 4,
               "id" : "comp_16",
               "e_time" : 185.064999968745
            }
         ],
         "download" : {
            "receiveFirst" : 10,
            "len" : 3817,
            "dns" : 0,
            "dnsEnd" : -1,
            "receiveHeadersEnd" : 28,
            "sslEnd" : -1,
            "connectEnd" : 18,
            "connectStart" : 0,
            "id" : "download_9",
            "receivedTime" : "184.899999992922",
            "sslStart" : -1,
            "dnsStart" : -1,
            "receiveLast" : 156.899999992922,
            "s_time" : 73.8179999170825,
            "sendEnd" : 18,
            "sendStart" : 18,
            "type" : "text/css"
         }
      },
      {
         "when_comp_start" : 1,
         "url" : "http://modified.testbed.localhost/dailycurrant.com/wp-content/themes/themefit_hybrid/themefit-hybrid/css/themefit.slideshow.css%3Fv=1.2.0083.html",
         "id" : "r12",
         "comps" : [
            {
               "s_time" : 185.532999923453,
               "time" : 0.00600004568701706,
               "type" : 4,
               "id" : "comp_17",
               "e_time" : 185.53899996914
            }
         ],
         "download" : {
            "receiveFirst" : 8,
            "len" : 851,
            "dns" : 0,
            "dnsEnd" : -1,
            "receiveHeadersEnd" : 30,
            "sslEnd" : -1,
            "connectEnd" : 22,
            "connectStart" : 0,
            "id" : "download_10",
            "receivedTime" : "185.453000012785",
            "sslStart" : -1,
            "dnsStart" : -1,
            "receiveLast" : 155.453000012785,
            "s_time" : 74.2999999783933,
            "sendEnd" : 22,
            "sendStart" : 22,
            "type" : "text/html"
         }
      },
      {
         "when_comp_start" : -1,
         "url" : "http://modified.testbed.localhost/ap.lijit.com/www/delivery/fpi.js%3Fz=298021&u=dailycurrant&width=728&height=90",
         "id" : "r15",
         "comps" : [
            {
               "s_time" : 284.288999973796,
               "time" : 6.45400001667497,
               "type" : 1,
               "id" : "comp_28",
               "e_time" : 290.742999990471
            }
         ],
         "download" : {
            "receiveFirst" : 8,
            "len" : 5418,
            "dns" : 0,
            "dnsEnd" : -1,
            "receiveHeadersEnd" : 32,
            "sslEnd" : -1,
            "connectEnd" : 23,
            "connectStart" : 0,
            "id" : "download_11",
            "receivedTime" : "186.402999912389",
            "sslStart" : -1,
            "dnsStart" : -1,
            "receiveLast" : 154.402999912389,
            "s_time" : 75.0949999783188,
            "sendEnd" : 24,
            "sendStart" : 23,
            "type" : "text/plain"
         }
      },
      {
         "when_comp_start" : -1,
         "url" : "http://modified.testbed.localhost/dailycurrant.com/wp-content/uploads/2013/12/littlelogo1.jpg",
         "id" : "r13",
         "comps" : [],
         "download" : {
            "receiveFirst" : 8,
            "len" : 4854,
            "dns" : 0,
            "dnsEnd" : -1,
            "receiveHeadersEnd" : 36,
            "sslEnd" : -1,
            "connectEnd" : 28,
            "connectStart" : 0,
            "id" : "download_12",
            "receivedTime" : "187.061999924481",
            "sslStart" : -1,
            "dnsStart" : -1,
            "receiveLast" : 151.061999924481,
            "s_time" : 74.5149999856949,
            "sendEnd" : 28,
            "sendStart" : 28,
            "type" : "image/jpeg"
         }
      },
      {
         "when_comp_start" : -1,
         "url" : "http://modified.testbed.localhost/dailycurrant.com/wp-content/uploads/img/Logo55.jpg",
         "id" : "r14",
         "comps" : [],
         "download" : {
            "receiveFirst" : 4,
            "len" : 9323,
            "dns" : 0,
            "dnsEnd" : -1,
            "receiveHeadersEnd" : 8,
            "sslEnd" : -1,
            "connectEnd" : 4,
            "connectStart" : 0,
            "id" : "download_13",
            "receivedTime" : "353.874000022188",
            "sslStart" : -1,
            "dnsStart" : -1,
            "receiveLast" : 345.874000022188,
            "s_time" : 112.621999927796,
            "sendEnd" : 4,
            "sendStart" : 4,
            "type" : "image/jpeg"
         }
      },
      {
         "when_comp_start" : -1,
         "url" : "http://modified.testbed.localhost/dailycurrant.com/wp-content/uploads/2016/03/trump_muslim_sacrifice1-257x147.jpg",
         "id" : "r16",
         "comps" : [],
         "download" : {
            "receiveFirst" : 6,
            "len" : 12894,
            "dns" : 0,
            "dnsEnd" : -1,
            "receiveHeadersEnd" : 10,
            "sslEnd" : -1,
            "connectEnd" : 4,
            "connectStart" : 0,
            "id" : "download_14",
            "receivedTime" : "354.573999997228",
            "sslStart" : -1,
            "dnsStart" : -1,
            "receiveLast" : 344.573999997228,
            "s_time" : 113.678999943659,
            "sendEnd" : 4,
            "sendStart" : 4,
            "type" : "image/jpeg"
         }
      },
      {
         "when_comp_start" : -1,
         "url" : "http://modified.testbed.localhost/dailycurrant.com/wp-content/uploads/2016/03/Screen-Shot-2016-03-04-at-10.32.54-257x142.png",
         "id" : "r17",
         "comps" : [],
         "download" : {
            "receiveFirst" : 8,
            "len" : 66292,
            "dns" : 0,
            "dnsEnd" : -1,
            "receiveHeadersEnd" : 12,
            "sslEnd" : -1,
            "connectEnd" : 4,
            "connectStart" : 0,
            "id" : "download_15",
            "receivedTime" : "356.909999973141",
            "sslStart" : -1,
            "dnsStart" : -1,
            "receiveLast" : 344.909999973141,
            "s_time" : 114.079999970272,
            "sendEnd" : 4,
            "sendStart" : 4,
            "type" : "image/png"
         }
      },
      {
         "when_comp_start" : -1,
         "url" : "http://modified.testbed.localhost/dailycurrant.com/wp-content/uploads/2016/02/trump-257x160.jpg",
         "id" : "r18",
         "comps" : [],
         "download" : {
            "receiveFirst" : 9,
            "len" : 10717,
            "dns" : 0,
            "dnsEnd" : -1,
            "receiveHeadersEnd" : 13,
            "sslEnd" : -1,
            "connectEnd" : 4,
            "connectStart" : 0,
            "id" : "download_16",
            "receivedTime" : "356.109999935143",
            "sslStart" : -1,
            "dnsStart" : -1,
            "receiveLast" : 343.109999935143,
            "s_time" : 114.406000007875,
            "sendEnd" : 4,
            "sendStart" : 4,
            "type" : "image/jpeg"
         }
      },
      {
         "when_comp_start" : -1,
         "url" : "http://modified.testbed.localhost/dailycurrant.com/wp-content/uploads/2016/02/ThinkstockPhotos-504852952-1-257x171.jpg",
         "id" : "r19",
         "comps" : [],
         "download" : {
            "receiveFirst" : 9,
            "len" : 15104,
            "dns" : 0,
            "dnsEnd" : -1,
            "receiveHeadersEnd" : 13,
            "sslEnd" : -1,
            "connectEnd" : 4,
            "connectStart" : 0,
            "id" : "download_17",
            "receivedTime" : "356.718000024557",
            "sslStart" : -1,
            "dnsStart" : -1,
            "receiveLast" : 343.718000024557,
            "s_time" : 114.705999963917,
            "sendEnd" : 4,
            "sendStart" : 4,
            "type" : "image/jpeg"
         }
      },
      {
         "when_comp_start" : -1,
         "url" : "http://modified.testbed.localhost/dailycurrant.com/wp-content/uploads/2016/01/ThinkstockPhotos-83338006-257x171.jpg",
         "id" : "r20",
         "comps" : [],
         "download" : {
            "receiveFirst" : 10,
            "len" : 14614,
            "dns" : 0,
            "dnsEnd" : -1,
            "receiveHeadersEnd" : 14,
            "sslEnd" : -1,
            "connectEnd" : 4,
            "connectStart" : 0,
            "id" : "download_18",
            "receivedTime" : "356.541999964975",
            "sslStart" : -1,
            "dnsStart" : -1,
            "receiveLast" : 342.541999964975,
            "s_time" : 114.960999926552,
            "sendEnd" : 4,
            "sendStart" : 4,
            "type" : "image/jpeg"
         }
      },
      {
         "when_comp_start" : -1,
         "url" : "http://modified.testbed.localhost/dailycurrant.com/wp-content/uploads/2016/01/bet-logo-pink-transparentbackground-257x145.jpg",
         "id" : "r21",
         "comps" : [],
         "download" : {
            "receiveFirst" : 10,
            "len" : 6457,
            "dns" : 0,
            "dnsEnd" : -1,
            "receiveHeadersEnd" : 18,
            "sslEnd" : -1,
            "connectEnd" : 8,
            "connectStart" : 0,
            "id" : "download_19",
            "receivedTime" : "357.46999992989",
            "sslStart" : -1,
            "dnsStart" : -1,
            "receiveLast" : 339.46999992989,
            "s_time" : 115.263000014238,
            "sendEnd" : 8,
            "sendStart" : 8,
            "type" : "image/jpeg"
         }
      },
      {
         "when_comp_start" : -1,
         "url" : "http://modified.testbed.localhost/dailycurrant.com/wp-content/uploads/2016/01/ThinkstockPhotos-151340233-1-e1453083275332-257x162.jpg",
         "id" : "r22",
         "comps" : [],
         "download" : {
            "receiveFirst" : 7,
            "len" : 8160,
            "dns" : 0,
            "dnsEnd" : -1,
            "receiveHeadersEnd" : 19,
            "sslEnd" : -1,
            "connectEnd" : 12,
            "connectStart" : 0,
            "id" : "download_20",
            "receivedTime" : "376.631999970414",
            "sslStart" : -1,
            "dnsStart" : -1,
            "receiveLast" : 357.631999970414,
            "s_time" : 115.61899993103,
            "sendEnd" : 12,
            "sendStart" : 12,
            "type" : "image/jpeg"
         }
      },
      {
         "when_comp_start" : -1,
         "url" : "http://modified.testbed.localhost/dailycurrant.com/wp-content/uploads/2016/01/150616121401-donald-trump-cnn-full-169-e1452120788445-257x163.jpg",
         "id" : "r23",
         "comps" : [],
         "download" : {
            "receiveFirst" : 5,
            "len" : 18472,
            "dns" : 0,
            "dnsEnd" : -1,
            "receiveHeadersEnd" : 22,
            "sslEnd" : -1,
            "connectEnd" : 17,
            "connectStart" : 0,
            "id" : "download_21",
            "receivedTime" : "376.851000008173",
            "sslStart" : -1,
            "dnsStart" : -1,
            "receiveLast" : 354.851000008173,
            "s_time" : 115.917999995872,
            "sendEnd" : 17,
            "sendStart" : 17,
            "type" : "image/jpeg"
         }
      },
      {
         "when_comp_start" : -1,
         "url" : "http://modified.testbed.localhost/dailycurrant.com/wp-content/uploads/2014/04/softballstright-257x170.jpg",
         "id" : "r24",
         "comps" : [],
         "download" : {
            "receiveFirst" : 4,
            "len" : 16602,
            "dns" : 0,
            "dnsEnd" : -1,
            "receiveHeadersEnd" : 22,
            "sslEnd" : -1,
            "connectEnd" : 18,
            "connectStart" : 0,
            "id" : "download_22",
            "receivedTime" : "377.067000023089",
            "sslStart" : -1,
            "dnsStart" : -1,
            "receiveLast" : 355.067000023089,
            "s_time" : 116.150000016205,
            "sendEnd" : 18,
            "sendStart" : 18,
            "type" : "image/jpeg"
         }
      },
      {
         "when_comp_start" : -1,
         "url" : "http://modified.testbed.localhost/dailycurrant.com/wp-content/uploads/2015/10/cher-melt-257x167.jpg",
         "id" : "r25",
         "comps" : [],
         "download" : {
            "receiveFirst" : 5,
            "len" : 12967,
            "dns" : 0,
            "dnsEnd" : -1,
            "receiveHeadersEnd" : 17,
            "sslEnd" : -1,
            "connectEnd" : 12,
            "connectStart" : 0,
            "id" : "download_23",
            "receivedTime" : "377.316999947652",
            "sslStart" : -1,
            "dnsStart" : -1,
            "receiveLast" : 360.316999947652,
            "s_time" : 122.648000018671,
            "sendEnd" : 12,
            "sendStart" : 12,
            "type" : "image/jpeg"
         }
      },
      {
         "when_comp_start" : -1,
         "url" : "http://modified.testbed.localhost/dailycurrant.com/wp-content/uploads/2015/10/netanyahu-dinosaurs-257x150.jpg",
         "id" : "r26",
         "comps" : [],
         "download" : {
            "receiveFirst" : 6,
            "len" : 14645,
            "dns" : 0,
            "dnsEnd" : -1,
            "receiveHeadersEnd" : 13,
            "sslEnd" : -1,
            "connectEnd" : 7,
            "connectStart" : 0,
            "id" : "download_24",
            "receivedTime" : "377.54799996037",
            "sslStart" : -1,
            "dnsStart" : -1,
            "receiveLast" : 364.54799996037,
            "s_time" : 127.222999930382,
            "sendEnd" : 7,
            "sendStart" : 7,
            "type" : "image/jpeg"
         }
      },
      {
         "when_comp_start" : -1,
         "url" : "http://modified.testbed.localhost/dailycurrant.com/wp-content/uploads/2015/10/america-celebrates-fourth-day-257x168.jpg",
         "id" : "r27",
         "comps" : [],
         "download" : {
            "receiveFirst" : 4,
            "len" : 20295,
            "dns" : 0,
            "dnsEnd" : -1,
            "receiveHeadersEnd" : 10,
            "sslEnd" : -1,
            "connectEnd" : 6,
            "connectStart" : 0,
            "id" : "download_25",
            "receivedTime" : "377.762999967672",
            "sslStart" : -1,
            "dnsStart" : -1,
            "receiveLast" : 367.762999967672,
            "s_time" : 130.91299997177,
            "sendEnd" : 6,
            "sendStart" : 6,
            "type" : "image/jpeg"
         }
      },
      {
         "when_comp_start" : -1,
         "url" : "http://modified.testbed.localhost/dailycurrant.com/wp-content/uploads/wordpress-popular-posts/37555-first_image-300x170.jpg",
         "id" : "r54",
         "comps" : [],
         "download" : {
            "receiveFirst" : 11,
            "len" : 16128,
            "dns" : 0,
            "dnsEnd" : -1,
            "receiveHeadersEnd" : 15,
            "sslEnd" : -1,
            "connectEnd" : 4,
            "connectStart" : 0,
            "id" : "download_26",
            "receivedTime" : "415.360999992117",
            "sslStart" : -1,
            "dnsStart" : -1,
            "receiveLast" : 400.360999992117,
            "s_time" : 378.464999957941,
            "sendEnd" : 4,
            "sendStart" : 4,
            "type" : "image/jpeg"
         }
      },
      {
         "when_comp_start" : -1,
         "url" : "http://modified.testbed.localhost/dailycurrant.com/wp-content/uploads/wordpress-popular-posts/40848-first_image-300x170.png",
         "id" : "r55",
         "comps" : [],
         "download" : {
            "receiveFirst" : 12,
            "len" : 87353,
            "dns" : 0,
            "dnsEnd" : -1,
            "receiveHeadersEnd" : 17,
            "sslEnd" : -1,
            "connectEnd" : 5,
            "connectStart" : 0,
            "id" : "download_27",
            "receivedTime" : "418.370999977924",
            "sslStart" : -1,
            "dnsStart" : -1,
            "receiveLast" : 401.370999977924,
            "s_time" : 378.934999927878,
            "sendEnd" : 5,
            "sendStart" : 5,
            "type" : "image/png"
         }
      },
      {
         "when_comp_start" : -1,
         "url" : "http://modified.testbed.localhost/dailycurrant.com/wp-content/uploads/wordpress-popular-posts/40971-first_image-300x170.jpg",
         "id" : "r56",
         "comps" : [],
         "download" : {
            "receiveFirst" : 12,
            "len" : 12169,
            "dns" : 0,
            "dnsEnd" : -1,
            "receiveHeadersEnd" : 17,
            "sslEnd" : -1,
            "connectEnd" : 5,
            "connectStart" : 0,
            "id" : "download_28",
            "receivedTime" : "416.411999962293",
            "sslStart" : -1,
            "dnsStart" : -1,
            "receiveLast" : 399.411999962293,
            "s_time" : 379.274999955669,
            "sendEnd" : 5,
            "sendStart" : 5,
            "type" : "image/jpeg"
         }
      },
      {
         "when_comp_start" : -1,
         "url" : "http://modified.testbed.localhost/dailycurrant.com/wp-content/uploads/wordpress-popular-posts/41055-first_image-300x170.jpg",
         "id" : "r57",
         "comps" : [],
         "download" : {
            "receiveFirst" : 12,
            "len" : 15751,
            "dns" : 0,
            "dnsEnd" : -1,
            "receiveHeadersEnd" : 17,
            "sslEnd" : -1,
            "connectEnd" : 5,
            "connectStart" : 0,
            "id" : "download_29",
            "receivedTime" : "416.653999942355",
            "sslStart" : -1,
            "dnsStart" : -1,
            "receiveLast" : 399.653999942355,
            "s_time" : 379.520999966189,
            "sendEnd" : 5,
            "sendStart" : 5,
            "type" : "image/jpeg"
         }
      },
      {
         "when_comp_start" : -1,
         "url" : "http://modified.testbed.localhost/dailycurrant.com/wp-content/uploads/wordpress-popular-posts/27954-first_image-300x170.jpg",
         "id" : "r58",
         "comps" : [],
         "download" : {
            "receiveFirst" : 10,
            "len" : 17168,
            "dns" : 0,
            "dnsEnd" : -1,
            "receiveHeadersEnd" : 17,
            "sslEnd" : -1,
            "connectEnd" : 7,
            "connectStart" : 0,
            "id" : "download_30",
            "receivedTime" : "416.854999959469",
            "sslStart" : -1,
            "dnsStart" : -1,
            "receiveLast" : 399.854999959469,
            "s_time" : 379.780999966897,
            "sendEnd" : 7,
            "sendStart" : 7,
            "type" : "image/jpeg"
         }
      },
      {
         "when_comp_start" : 1,
         "url" : "http://modified.testbed.localhost/adserver.adtechus.com/addyn%7C3.0%7C10173.1%7C3614317%7C0%7C225%7CADTECH%3Bloc=100%3Btarget=_blank%3Bmisc=[TIMESTAMP]%3Brdclick=.html",
         "id" : "r59",
         "comps" : [
            {
               "s_time" : 417.339999927208,
               "time" : 0.170000013894992,
               "type" : 1,
               "id" : "comp_59",
               "e_time" : 417.509999941103
            }
         ],
         "download" : {
            "receiveFirst" : 11,
            "len" : 1,
            "dns" : 0,
            "dnsEnd" : -1,
            "receiveHeadersEnd" : 18,
            "sslEnd" : -1,
            "connectEnd" : 7,
            "connectStart" : 0,
            "id" : "download_31",
            "receivedTime" : "417.26000001654",
            "sslStart" : -1,
            "dnsStart" : -1,
            "receiveLast" : 399.26000001654,
            "s_time" : 380.063000018708,
            "sendEnd" : 7,
            "sendStart" : 7,
            "type" : "text/html"
         }
      },
      {
         "when_comp_start" : -1,
         "url" : "http://modified.testbed.localhost/dailycurrant.com/fonts/proximanovacond-semibold-webfont.woff",
         "id" : "r35",
         "comps" : [],
         "download" : {
            "receiveFirst" : 6,
            "len" : 27428,
            "dns" : 0,
            "dnsEnd" : -1,
            "receiveHeadersEnd" : 25,
            "sslEnd" : -1,
            "connectEnd" : 19,
            "connectStart" : 0,
            "id" : "download_32",
            "receivedTime" : "419.064000016078",
            "sslStart" : -1,
            "dnsStart" : -1,
            "receiveLast" : 394.064000016078,
            "s_time" : 380.371999926865,
            "sendEnd" : 19,
            "sendStart" : 19,
            "type" : "application/octet-stream"
         }
      },
      {
         "when_comp_start" : 1,
         "url" : "http://modified.testbed.localhost/dailycurrant.com/wp-content/themes/themefit_hybrid/themefit-hybrid/js/themefit.mobilemenu.jQuery.js%3Fv=1.2.0083.html",
         "id" : "r61",
         "comps" : [
            {
               "s_time" : 421.70399997849,
               "time" : 0.772999948822019,
               "type" : 1,
               "id" : "comp_61",
               "e_time" : 422.476999927312
            }
         ],
         "download" : {
            "receiveFirst" : 5,
            "len" : 849,
            "dns" : 0,
            "dnsEnd" : -1,
            "receiveHeadersEnd" : 25,
            "sslEnd" : -1,
            "connectEnd" : 19,
            "connectStart" : 0,
            "id" : "download_33",
            "receivedTime" : "421.593999955803",
            "sslStart" : -1,
            "dnsStart" : -1,
            "receiveLast" : 396.593999955803,
            "s_time" : 381.616999977268,
            "sendEnd" : 20,
            "sendStart" : 19,
            "type" : "text/html"
         }
      },
      {
         "when_comp_start" : 1,
         "url" : "http://modified.testbed.localhost/dailycurrant.com/wp-content/themes/themefit_hybrid/themefit-hybrid/js/themefit.slideshow.jQuery.js%3Fv=1.2.0083.html",
         "id" : "r62",
         "comps" : [
            {
               "s_time" : 447.421999997459,
               "time" : 0.515999970957978,
               "type" : 1,
               "id" : "comp_69",
               "e_time" : 447.937999968417
            }
         ],
         "download" : {
            "receiveFirst" : 6,
            "len" : 849,
            "dns" : 0,
            "dnsEnd" : -1,
            "receiveHeadersEnd" : 19,
            "sslEnd" : -1,
            "connectEnd" : 13,
            "connectStart" : 0,
            "id" : "download_34",
            "receivedTime" : "447.275999933481",
            "sslStart" : -1,
            "dnsStart" : -1,
            "receiveLast" : 428.275999933481,
            "s_time" : 389.012999949045,
            "sendEnd" : 13,
            "sendStart" : 13,
            "type" : "text/html"
         }
      },
      {
         "when_comp_start" : 1,
         "url" : "http://modified.testbed.localhost/dailycurrant.com/wp-content/themes/themefit_hybrid/themefit-hybrid/js/themefit.showhide.jQuery.js%3Fv=1.2.0083.html",
         "id" : "r63",
         "comps" : [
            {
               "s_time" : 448.31999996677,
               "time" : 0.338000012561963,
               "type" : 1,
               "id" : "comp_71",
               "e_time" : 448.657999979332
            }
         ],
         "download" : {
            "receiveFirst" : 6,
            "len" : 849,
            "dns" : 0,
            "dnsEnd" : -1,
            "receiveHeadersEnd" : 18,
            "sslEnd" : -1,
            "connectEnd" : 12,
            "connectStart" : 0,
            "id" : "download_35",
            "receivedTime" : "448.181999963708",
            "sslStart" : -1,
            "dnsStart" : -1,
            "receiveLast" : 430.181999963708,
            "s_time" : 389.808999956585,
            "sendEnd" : 12,
            "sendStart" : 12,
            "type" : "text/html"
         }
      },
      {
         "when_comp_start" : 1,
         "url" : "http://modified.testbed.localhost/dailycurrant.com/wp-content/themes/themefit_hybrid/themefit-hybrid/js/themefit.init.jQuery.js%3Fv=1.2.0083.html",
         "id" : "r64",
         "comps" : [
            {
               "s_time" : 449.20099992305,
               "time" : 0.323000014759998,
               "type" : 1,
               "id" : "comp_73",
               "e_time" : 449.52399993781
            }
         ],
         "download" : {
            "receiveFirst" : 6,
            "len" : 849,
            "dns" : 0,
            "dnsEnd" : -1,
            "receiveHeadersEnd" : 19,
            "sslEnd" : -1,
            "connectEnd" : 13,
            "connectStart" : 0,
            "id" : "download_36",
            "receivedTime" : "449.051999952644",
            "sslStart" : -1,
            "dnsStart" : -1,
            "receiveLast" : 430.051999952644,
            "s_time" : 390.158999944106,
            "sendEnd" : 13,
            "sendStart" : 13,
            "type" : "text/html"
         }
      },
      {
         "when_comp_start" : -1,
         "url" : "http://modified.testbed.localhost/dailycurrant.com/wp-content/plugins/disqus-comment-system/media/js/count.js%3Fver=4.2.4",
         "id" : "r65",
         "comps" : [
            {
               "s_time" : 450.305999955162,
               "time" : 1.19800004176801,
               "type" : 1,
               "id" : "comp_76",
               "e_time" : 451.50399999693
            }
         ],
         "download" : {
            "receiveFirst" : 6,
            "len" : 669,
            "dns" : 0,
            "dnsEnd" : -1,
            "receiveHeadersEnd" : 19,
            "sslEnd" : -1,
            "connectEnd" : 13,
            "connectStart" : 0,
            "id" : "download_37",
            "receivedTime" : "450.168999959715",
            "sslStart" : -1,
            "dnsStart" : -1,
            "receiveLast" : 431.168999959715,
            "s_time" : 390.480999951251,
            "sendEnd" : 13,
            "sendStart" : 13,
            "type" : "text/plain"
         }
      },
      {
         "when_comp_start" : -1,
         "url" : "http://modified.testbed.localhost/s7.addthis.com/js/300/addthis_widget.js#pubid=ra-54346b364ea20d24",
         "id" : "r66",
         "comps" : [],
         "download" : {
            "receiveFirst" : 3,
            "len" : 389946,
            "dns" : 0,
            "dnsEnd" : -1,
            "receiveHeadersEnd" : 21,
            "sslEnd" : -1,
            "connectEnd" : 18,
            "connectStart" : 0,
            "id" : "download_38",
            "receivedTime" : "485.438999952748",
            "sslStart" : -1,
            "dnsStart" : -1,
            "receiveLast" : 464.438999952748,
            "s_time" : 390.843999921344,
            "sendEnd" : 18,
            "sendStart" : 18,
            "type" : "application/javascript"
         }
      },
      {
         "when_comp_start" : -1,
         "url" : "http://modified.testbed.localhost/dailycurrant.com/wp-content/uploads/2012/04/thelogo.png",
         "id" : "r60",
         "comps" : [],
         "download" : {
            "receiveFirst" : 5,
            "len" : 2731,
            "dns" : 0,
            "dnsEnd" : -1,
            "receiveHeadersEnd" : 35,
            "sslEnd" : -1,
            "connectEnd" : 30,
            "connectStart" : 0,
            "id" : "download_39",
            "receivedTime" : "453.650999930687",
            "sslStart" : -1,
            "dnsStart" : -1,
            "receiveLast" : 418.650999930687,
            "s_time" : 381.294999970123,
            "sendEnd" : 30,
            "sendStart" : 30,
            "type" : "image/png"
         }
      },
      {
         "when_comp_start" : -1,
         "url" : "http://modified.testbed.localhost/cdn.taboolasyndication.com/libtrc/dailycurrant/loader.js",
         "id" : "r67",
         "comps" : [
            {
               "s_time" : 457.975999917835,
               "time" : 19.690999994054,
               "type" : 1,
               "id" : "comp_82",
               "e_time" : 477.666999911889
            }
         ],
         "download" : {
            "receiveFirst" : 4,
            "len" : 144200,
            "dns" : 0,
            "dnsEnd" : -1,
            "receiveHeadersEnd" : 6,
            "sslEnd" : -1,
            "connectEnd" : 2,
            "connectStart" : 0,
            "id" : "download_40",
            "receivedTime" : "457.840999937616",
            "sslStart" : -1,
            "dnsStart" : -1,
            "receiveLast" : 451.840999937616,
            "s_time" : 414.459999999963,
            "sendEnd" : 2,
            "sendStart" : 2,
            "type" : "application/javascript"
         }
      }
   ],
   "deps" : [
      {
         "a2" : "r1_c2",
         "time" : -1,
         "id" : "dep1",
         "a1" : "comp_10"
      },
      {
         "a2" : "r1_c3",
         "time" : -1,
         "id" : "dep2",
         "a1" : "comp_19"
      },
      {
         "a2" : "r1_c4",
         "time" : -1,
         "id" : "dep3",
         "a1" : "comp_28"
      },
      {
         "a2" : "r1_c5",
         "time" : -1,
         "id" : "dep4",
         "a1" : "comp_56"
      },
      {
         "a2" : "r1_c6",
         "time" : -1,
         "id" : "dep5",
         "a1" : "comp_59"
      },
      {
         "a2" : "r1_c7",
         "time" : -1,
         "id" : "dep6",
         "a1" : "comp_61"
      },
      {
         "a2" : "r1_c8",
         "time" : -1,
         "id" : "dep7",
         "a1" : "comp_69"
      },
      {
         "a2" : "r1_c9",
         "time" : -1,
         "id" : "dep8",
         "a1" : "comp_71"
      },
      {
         "a2" : "r1_c10",
         "time" : -1,
         "id" : "dep9",
         "a1" : "comp_73"
      },
      {
         "a2" : "r1_c11",
         "time" : -1,
         "id" : "dep10",
         "a1" : "comp_76"
      },
      {
         "a2" : "r1_c12",
         "time" : -1,
         "id" : "dep11",
         "a1" : "comp_82"
      },
      {
         "a2" : "comp_10",
         "time" : -1,
         "id" : "dep12",
         "a1" : "comp_2"
      },
      {
         "a2" : "comp_10",
         "time" : -1,
         "id" : "dep13",
         "a1" : "comp_4"
      },
      {
         "a2" : "comp_10",
         "time" : -1,
         "id" : "dep14",
         "a1" : "comp_6"
      },
      {
         "a2" : "comp_19",
         "time" : -1,
         "id" : "dep15",
         "a1" : "comp_10"
      },
      {
         "a2" : "comp_59",
         "time" : -1,
         "id" : "dep16",
         "a1" : "comp_56"
      },
      {
         "a2" : "comp_61",
         "time" : -1,
         "id" : "dep17",
         "a1" : "comp_59"
      },
      {
         "a2" : "comp_69",
         "time" : -1,
         "id" : "dep18",
         "a1" : "comp_61"
      },
      {
         "a2" : "comp_71",
         "time" : -1,
         "id" : "dep19",
         "a1" : "comp_69"
      },
      {
         "a2" : "comp_73",
         "time" : -1,
         "id" : "dep20",
         "a1" : "comp_71"
      },
      {
         "a2" : "download_40",
         "time" : -1,
         "id" : "dep21",
         "a1" : "r1_c5"
      },
      {
         "a2" : "download_40",
         "time" : 24.655000073836,
         "id" : "dep22",
         "a1" : "r1_c5"
      },
      {
         "a2" : "download_39",
         "time" : -1,
         "id" : "dep23",
         "a1" : "r1_c4"
      },
      {
         "a2" : "download_39",
         "time" : 90.551999979652,
         "id" : "dep24",
         "a1" : "r1_c4"
      },
      {
         "a2" : "download_38",
         "time" : 1.03899999521701,
         "id" : "dep25",
         "a1" : "r1_c5"
      },
      {
         "a2" : "download_37",
         "time" : 0.67600002512404,
         "id" : "dep26",
         "a1" : "r1_c5"
      },
      {
         "a2" : "download_36",
         "time" : 0.35400001797899,
         "id" : "dep27",
         "a1" : "r1_c5"
      },
      {
         "a2" : "download_35",
         "time" : 0.00400003045803032,
         "id" : "dep28",
         "a1" : "r1_c5"
      },
      {
         "a2" : "download_34",
         "time" : -1,
         "id" : "dep29",
         "a1" : "r1_c4"
      },
      {
         "a2" : "download_34",
         "time" : 98.269999958574,
         "id" : "dep30",
         "a1" : "r1_c4"
      },
      {
         "a2" : "download_33",
         "time" : 90.873999986797,
         "id" : "dep31",
         "a1" : "r1_c4"
      },
      {
         "a2" : "download_32",
         "time" : 89.628999936394,
         "id" : "dep32",
         "a1" : "r1_c4"
      },
      {
         "a2" : "download_31",
         "time" : 89.320000028237,
         "id" : "dep33",
         "a1" : "r1_c4"
      },
      {
         "a2" : "download_30",
         "time" : 89.037999976426,
         "id" : "dep34",
         "a1" : "r1_c4"
      },
      {
         "a2" : "download_29",
         "time" : 88.777999975718,
         "id" : "dep35",
         "a1" : "r1_c4"
      },
      {
         "a2" : "download_28",
         "time" : 88.531999965198,
         "id" : "dep36",
         "a1" : "r1_c4"
      },
      {
         "a2" : "download_28",
         "time" : 88.531999965198,
         "id" : "dep37",
         "a1" : "r1_c4"
      },
      {
         "a2" : "download_27",
         "time" : 88.191999937407,
         "id" : "dep38",
         "a1" : "r1_c4"
      },
      {
         "a2" : "download_27",
         "time" : 88.191999937407,
         "id" : "dep39",
         "a1" : "r1_c4"
      },
      {
         "a2" : "download_26",
         "time" : 87.72199996747,
         "id" : "dep40",
         "a1" : "r1_c4"
      },
      {
         "a2" : "download_26",
         "time" : 87.72199996747,
         "id" : "dep41",
         "a1" : "r1_c4"
      },
      {
         "a2" : "download_25",
         "time" : -1,
         "id" : "dep42",
         "a1" : "r1_c1"
      },
      {
         "a2" : "download_24",
         "time" : 81.7059999099004,
         "id" : "dep43",
         "a1" : "r1_c1"
      },
      {
         "a2" : "download_23",
         "time" : 77.1309999981894,
         "id" : "dep44",
         "a1" : "r1_c1"
      },
      {
         "a2" : "download_22",
         "time" : 70.6329999957234,
         "id" : "dep45",
         "a1" : "r1_c1"
      },
      {
         "a2" : "download_21",
         "time" : 70.4009999753904,
         "id" : "dep46",
         "a1" : "r1_c1"
      },
      {
         "a2" : "download_20",
         "time" : 70.1019999105484,
         "id" : "dep47",
         "a1" : "r1_c1"
      },
      {
         "a2" : "download_19",
         "time" : 69.7459999937564,
         "id" : "dep48",
         "a1" : "r1_c1"
      },
      {
         "a2" : "download_18",
         "time" : 69.4439999060704,
         "id" : "dep49",
         "a1" : "r1_c1"
      },
      {
         "a2" : "download_17",
         "time" : 69.1889999434354,
         "id" : "dep50",
         "a1" : "r1_c1"
      },
      {
         "a2" : "download_16",
         "time" : 68.8889999873934,
         "id" : "dep51",
         "a1" : "r1_c1"
      },
      {
         "a2" : "download_15",
         "time" : 68.5629999497904,
         "id" : "dep52",
         "a1" : "r1_c1"
      },
      {
         "a2" : "download_14",
         "time" : 68.1619999231774,
         "id" : "dep53",
         "a1" : "r1_c1"
      },
      {
         "a2" : "download_13",
         "time" : 67.1049999073144,
         "id" : "dep54",
         "a1" : "r1_c1"
      },
      {
         "a2" : "download_12",
         "time" : 28.9979999652133,
         "id" : "dep55",
         "a1" : "r1_c1"
      },
      {
         "a2" : "download_11",
         "time" : 29.5779999578372,
         "id" : "dep56",
         "a1" : "r1_c1"
      },
      {
         "a2" : "download_10",
         "time" : 28.7829999579117,
         "id" : "dep57",
         "a1" : "r1_c1"
      },
      {
         "a2" : "download_9",
         "time" : 28.3009998966009,
         "id" : "dep58",
         "a1" : "r1_c1"
      },
      {
         "a2" : "download_8",
         "time" : 27.944999979809,
         "id" : "dep59",
         "a1" : "r1_c1"
      },
      {
         "a2" : "download_7",
         "time" : 27.5969998911024,
         "id" : "dep60",
         "a1" : "r1_c1"
      },
      {
         "a2" : "download_6",
         "time" : 27.2649999242276,
         "id" : "dep61",
         "a1" : "r1_c1"
      },
      {
         "a2" : "download_5",
         "time" : 26.9659999758006,
         "id" : "dep62",
         "a1" : "r1_c1"
      },
      {
         "a2" : "download_4",
         "time" : 26.6199999023229,
         "id" : "dep63",
         "a1" : "r1_c1"
      },
      {
         "a2" : "download_3",
         "time" : 26.2899999506772,
         "id" : "dep64",
         "a1" : "r1_c1"
      },
      {
         "a2" : "download_2",
         "time" : 25.9049999294803,
         "id" : "dep65",
         "a1" : "r1_c1"
      },
      {
         "a2" : "download_1",
         "time" : 25.5159999942407,
         "id" : "dep66",
         "a1" : "r1_c1"
      }
   ]
}
