{
   "n_download_no_trigger" : 1,
   "start_activity" : "download_0",
   "name" : "modified.testbed.localhost_www.msn.com_",
   "load_activity" : -1,
   "objs" : [
      {
         "when_comp_start" : 1,
         "url" : "http://modified.testbed.localhost/www.msn.com/",
         "id" : "r1",
         "comps" : [
            {
               "s_time" : 44.3889999296516,
               "time" : 46.0530000273138,
               "id" : "r1_c1",
               "type" : "evalhtml",
               "e_time" : 90.4419999569654
            },
            {
               "s_time" : 148.92599999439,
               "time" : -882347255.981,
               "id" : "r1_c2",
               "type" : "evalhtml",
               "e_time" : -882347107.055
            },
            {
               "s_time" : 157.543999957852,
               "time" : 11.701000039466,
               "type" : "evalhtml",
               "id" : "r1_c3",
               "e_time" : 169.244999997318
            }
         ],
         "download" : {
            "receiveFirst" : 3,
            "len" : 42071,
            "dns" : 0,
            "dnsEnd" : -1,
            "receiveHeadersEnd" : 4,
            "sslEnd" : -1,
            "connectEnd" : 0,
            "connectStart" : 0,
            "id" : "download_0",
            "receivedTime" : "43.673999956809",
            "sslStart" : -1,
            "dnsStart" : -1,
            "receiveLast" : 39.673999956809,
            "s_time" : 0,
            "sendEnd" : 1,
            "sendStart" : 0,
            "type" : "text/html"
         }
      },
      {
         "when_comp_start" : -1,
         "url" : "http://modified.testbed.localhost/static-hp-cus-s-msn-com.akamaized.net/en-us/homepage/_sc/css/6670b51d-8b551b9/direction=ltr.locales=en-us.themes=start.dpi=resolution1x/22-8b3778-4e3b0a9b/d8-522cc0-ee5f2b10/ab-6aa96e-536df121/be-bfcb4e-f94d3276/e5-9490ae-a648eab2/1e-eed555-63b61fa3/3e-07643f-68ddb2",
         "id" : "r2",
         "comps" : [],
         "download" : {
            "receiveFirst" : 3,
            "len" : 27817,
            "dns" : 0,
            "dnsEnd" : -1,
            "receiveHeadersEnd" : 9,
            "sslEnd" : -1,
            "connectEnd" : 6,
            "connectStart" : 0,
            "id" : "download_1",
            "receivedTime" : "57.3519999161363",
            "sslStart" : -1,
            "dnsStart" : -1,
            "receiveLast" : 48.3519999161363,
            "s_time" : 45.8449999568984,
            "sendEnd" : 6,
            "sendStart" : 6,
            "type" : "text/css"
         }
      },
      {
         "when_comp_start" : -1,
         "url" : "http://modified.testbed.localhost/static-hp-cus-s-msn-com.akamaized.net/_h/804ff984/webcore/externalscripts/jquery/jquery-1.11.1.min.js",
         "id" : "r3",
         "comps" : [
            {
               "s_time" : 72.5940000265837,
               "time" : 76.3319999678063,
               "type" : 1,
               "id" : "comp_2",
               "e_time" : 148.92599999439
            }
         ],
         "download" : {
            "receiveFirst" : 7,
            "len" : 95786,
            "dns" : 0,
            "dnsEnd" : -1,
            "receiveHeadersEnd" : 12,
            "sslEnd" : -1,
            "connectEnd" : 5,
            "connectStart" : 0,
            "id" : "download_2",
            "receivedTime" : "72.4700000137091",
            "sslStart" : -1,
            "dnsStart" : -1,
            "receiveLast" : 60.4700000137091,
            "s_time" : 46.282000024803,
            "sendEnd" : 5,
            "sendStart" : 5,
            "type" : "application/javascript"
         }
      },
      {
         "when_comp_start" : -1,
         "url" : "http://modified.testbed.localhost/ads1.msads.net/library/8.4/dapmsn.js",
         "id" : "r4",
         "comps" : [
            {
               "s_time" : 149.150999961421,
               "time" : 8.392999996431,
               "type" : 1,
               "id" : "comp_4",
               "e_time" : 157.543999957852
            }
         ],
         "download" : {
            "receiveFirst" : 8,
            "len" : 25578,
            "dns" : 0,
            "dnsEnd" : -1,
            "receiveHeadersEnd" : 13,
            "sslEnd" : -1,
            "connectEnd" : 5,
            "connectStart" : 0,
            "id" : "download_3",
            "receivedTime" : "71.9289999688044",
            "sslStart" : -1,
            "dnsStart" : -1,
            "receiveLast" : 58.9289999688044,
            "s_time" : 46.6620000079274,
            "sendEnd" : 5,
            "sendStart" : 5,
            "type" : "application/javascript"
         }
      },
      {
         "when_comp_start" : -1,
         "url" : "http://modified.testbed.localhost/static-hp-cus-s-msn-com.akamaized.net/sc/82/c22c7d.gif",
         "id" : "r5",
         "comps" : [],
         "download" : {
            "receiveFirst" : 11,
            "len" : 1177,
            "dns" : 0,
            "dnsEnd" : -1,
            "receiveHeadersEnd" : 15,
            "sslEnd" : -1,
            "connectEnd" : 4,
            "connectStart" : 0,
            "id" : "download_4",
            "receivedTime" : "71.6929999180138",
            "sslStart" : -1,
            "dnsStart" : -1,
            "receiveLast" : 56.6929999180138,
            "s_time" : 47.0889999996871,
            "sendEnd" : 4,
            "sendStart" : 4,
            "type" : "image/gif"
         }
      },
      {
         "when_comp_start" : -1,
         "url" : "http://modified.testbed.localhost/static-hp-cus-s-msn-com.akamaized.net/sc/6a/a62410.gif",
         "id" : "r6",
         "comps" : [],
         "download" : {
            "receiveFirst" : 8,
            "len" : 1258,
            "dns" : 0,
            "dnsEnd" : -1,
            "receiveHeadersEnd" : 10,
            "sslEnd" : -1,
            "connectEnd" : 2,
            "connectStart" : 0,
            "id" : "download_5",
            "receivedTime" : "241.302000009455",
            "sslStart" : -1,
            "dnsStart" : -1,
            "receiveLast" : 231.302000009455,
            "s_time" : 63.4779999963939,
            "sendEnd" : 2,
            "sendStart" : 2,
            "type" : "image/gif"
         }
      },
      {
         "when_comp_start" : -1,
         "url" : "http://modified.testbed.localhost/static-hp-cus-s-msn-com.akamaized.net/sc/57/a49b8d.gif",
         "id" : "r7",
         "comps" : [],
         "download" : {
            "receiveFirst" : 5,
            "len" : 1125,
            "dns" : 0,
            "dnsEnd" : -1,
            "receiveHeadersEnd" : 9,
            "sslEnd" : -1,
            "connectEnd" : 4,
            "connectStart" : 0,
            "id" : "download_6",
            "receivedTime" : "241.780999931507",
            "sslStart" : -1,
            "dnsStart" : -1,
            "receiveLast" : 232.780999931507,
            "s_time" : 67.6109999185428,
            "sendEnd" : 4,
            "sendStart" : 4,
            "type" : "image/gif"
         }
      },
      {
         "when_comp_start" : -1,
         "url" : "http://modified.testbed.localhost/img-s-msn-com.akamaized.net/tenant/amp/entityid/BB8MIiC.img%3Fm=6&o=true&u=true&n=true&w=40&h=40",
         "id" : "r8",
         "comps" : [],
         "download" : {
            "receiveFirst" : 5,
            "len" : 1333,
            "dns" : 0,
            "dnsEnd" : -1,
            "receiveHeadersEnd" : 9,
            "sslEnd" : -1,
            "connectEnd" : 4,
            "connectStart" : 0,
            "id" : "download_7",
            "receivedTime" : "242.16299992986",
            "sslStart" : -1,
            "dnsStart" : -1,
            "receiveLast" : 233.16299992986,
            "s_time" : 68.0329999886453,
            "sendEnd" : 4,
            "sendStart" : 4,
            "type" : "image/png"
         }
      },
      {
         "when_comp_start" : -1,
         "url" : "http://modified.testbed.localhost/img-s-msn-com.akamaized.net/tenant/amp/entityid/BBsWg2A.img%3Fh=194&w=300&m=6&q=60&u=t&o=t&l=f&x=1386&y=1235",
         "id" : "r9",
         "comps" : [],
         "download" : {
            "receiveFirst" : 4,
            "len" : 7728,
            "dns" : 0,
            "dnsEnd" : -1,
            "receiveHeadersEnd" : 9,
            "sslEnd" : -1,
            "connectEnd" : 4,
            "connectStart" : 0,
            "id" : "download_8",
            "receivedTime" : "242.907000007108",
            "sslStart" : -1,
            "dnsStart" : -1,
            "receiveLast" : 233.907000007108,
            "s_time" : 68.3069999795407,
            "sendEnd" : 5,
            "sendStart" : 4,
            "type" : "image/jpeg"
         }
      },
      {
         "when_comp_start" : -1,
         "url" : "http://modified.testbed.localhost/img-s-msn-com.akamaized.net/tenant/amp/entityid/BBsV6E4.img%3Fh=194&w=300&m=6&q=60&u=t&o=t&l=f&x=1335&y=604",
         "id" : "r11",
         "comps" : [],
         "download" : {
            "receiveFirst" : 6,
            "len" : 10853,
            "dns" : 0,
            "dnsEnd" : -1,
            "receiveHeadersEnd" : 10,
            "sslEnd" : -1,
            "connectEnd" : 4,
            "connectStart" : 0,
            "id" : "download_9",
            "receivedTime" : "243.699999991804",
            "sslStart" : -1,
            "dnsStart" : -1,
            "receiveLast" : 233.699999991804,
            "s_time" : 68.8639999134466,
            "sendEnd" : 4,
            "sendStart" : 4,
            "type" : "image/jpeg"
         }
      },
      {
         "when_comp_start" : -1,
         "url" : "http://modified.testbed.localhost/img-s-msn-com.akamaized.net/tenant/amp/entityid/BBsWt0V.img%3Fh=194&w=300&m=6&q=60&u=t&o=t&l=f&x=1700&y=706",
         "id" : "r10",
         "comps" : [],
         "download" : {
            "receiveFirst" : 7,
            "len" : 7517,
            "dns" : 0,
            "dnsEnd" : -1,
            "receiveHeadersEnd" : 11,
            "sslEnd" : -1,
            "connectEnd" : 4,
            "connectStart" : 0,
            "id" : "download_10",
            "receivedTime" : "243.907999945804",
            "sslStart" : -1,
            "dnsStart" : -1,
            "receiveLast" : 232.907999945804,
            "s_time" : 68.5889999149367,
            "sendEnd" : 4,
            "sendStart" : 4,
            "type" : "image/jpeg"
         }
      },
      {
         "when_comp_start" : -1,
         "url" : "http://modified.testbed.localhost/img-s-msn-com.akamaized.net/tenant/amp/entityid/BBsWB7m.img%3Fh=194&w=300&m=6&q=60&u=t&o=t&l=f&x=950&y=670",
         "id" : "r12",
         "comps" : [],
         "download" : {
            "receiveFirst" : 9,
            "len" : 9642,
            "dns" : 0,
            "dnsEnd" : -1,
            "receiveHeadersEnd" : 15,
            "sslEnd" : -1,
            "connectEnd" : 6,
            "connectStart" : 0,
            "id" : "download_11",
            "receivedTime" : "244.400999974459",
            "sslStart" : -1,
            "dnsStart" : -1,
            "receiveLast" : 229.400999974459,
            "s_time" : 69.0949999261647,
            "sendEnd" : 6,
            "sendStart" : 6,
            "type" : "image/jpeg"
         }
      },
      {
         "when_comp_start" : -1,
         "url" : "http://modified.testbed.localhost/img-s-msn-com.akamaized.net/tenant/amp/entityid/BBsSehB.img%3Fh=194&w=300&m=6&q=60&u=t&o=t&l=f&x=1121&y=86",
         "id" : "r13",
         "comps" : [],
         "download" : {
            "receiveFirst" : 6,
            "len" : 9714,
            "dns" : 0,
            "dnsEnd" : -1,
            "receiveHeadersEnd" : 17,
            "sslEnd" : -1,
            "connectEnd" : 10,
            "connectStart" : 0,
            "id" : "download_12",
            "receivedTime" : "245.198999997228",
            "sslStart" : -1,
            "dnsStart" : -1,
            "receiveLast" : 228.198999997228,
            "s_time" : 69.3820000160486,
            "sendEnd" : 11,
            "sendStart" : 10,
            "type" : "image/jpeg"
         }
      },
      {
         "when_comp_start" : -1,
         "url" : "http://modified.testbed.localhost/img-s-msn-com.akamaized.net/tenant/amp/entityid/BBsV62T.img%3Fh=194&w=300&m=6&q=60&u=t&o=t&l=f&x=289&y=153",
         "id" : "r14",
         "comps" : [],
         "download" : {
            "receiveFirst" : 5,
            "len" : 4826,
            "dns" : 0,
            "dnsEnd" : -1,
            "receiveHeadersEnd" : 17,
            "sslEnd" : -1,
            "connectEnd" : 12,
            "connectStart" : 0,
            "id" : "download_13",
            "receivedTime" : "245.370000018738",
            "sslStart" : -1,
            "dnsStart" : -1,
            "receiveLast" : 228.370000018738,
            "s_time" : 69.649999961257,
            "sendEnd" : 12,
            "sendStart" : 12,
            "type" : "image/jpeg"
         }
      },
      {
         "when_comp_start" : -1,
         "url" : "http://modified.testbed.localhost/img-s-msn-com.akamaized.net/tenant/amp/entityid/BBsUgM6.img%3Fh=194&w=300&m=6&q=60&u=t&o=t&l=f&x=1179&y=1104",
         "id" : "r15",
         "comps" : [],
         "download" : {
            "receiveFirst" : 7,
            "len" : 6205,
            "dns" : 0,
            "dnsEnd" : -1,
            "receiveHeadersEnd" : 22,
            "sslEnd" : -1,
            "connectEnd" : 14,
            "connectStart" : 0,
            "id" : "download_14",
            "receivedTime" : "245.834999950603",
            "sslStart" : -1,
            "dnsStart" : -1,
            "receiveLast" : 223.834999950603,
            "s_time" : 69.9219999369234,
            "sendEnd" : 15,
            "sendStart" : 14,
            "type" : "image/jpeg"
         }
      },
      {
         "when_comp_start" : -1,
         "url" : "http://modified.testbed.localhost/img-s-msn-com.akamaized.net/tenant/amp/entityid/BBsSj2i.img%3Fh=194&w=300&m=6&q=60&u=t&o=t&l=f&x=1350&y=868",
         "id" : "r16",
         "comps" : [],
         "download" : {
            "receiveFirst" : 9,
            "len" : 7216,
            "dns" : 0,
            "dnsEnd" : -1,
            "receiveHeadersEnd" : 20,
            "sslEnd" : -1,
            "connectEnd" : 11,
            "connectStart" : 0,
            "id" : "download_15",
            "receivedTime" : "246.970999985933",
            "sslStart" : -1,
            "dnsStart" : -1,
            "receiveLast" : 226.970999985933,
            "s_time" : 74.2919999174774,
            "sendEnd" : 11,
            "sendStart" : 11,
            "type" : "image/jpeg"
         }
      },
      {
         "when_comp_start" : -1,
         "url" : "http://modified.testbed.localhost/img-s-msn-com.akamaized.net/tenant/amp/entityid/BBsSGkK.img%3Fh=194&w=300&m=6&q=60&u=t&o=t&l=f&x=478&y=280",
         "id" : "r17",
         "comps" : [],
         "download" : {
            "receiveFirst" : 10,
            "len" : 108982,
            "dns" : 0,
            "dnsEnd" : -1,
            "receiveHeadersEnd" : 17,
            "sslEnd" : -1,
            "connectEnd" : 7,
            "connectStart" : 0,
            "id" : "download_16",
            "receivedTime" : "248.260000022128",
            "sslStart" : -1,
            "dnsStart" : -1,
            "receiveLast" : 231.260000022128,
            "s_time" : 78.008999931626,
            "sendEnd" : 7,
            "sendStart" : 7,
            "type" : "image/png"
         }
      },
      {
         "when_comp_start" : -1,
         "url" : "http://modified.testbed.localhost/img-s-msn-com.akamaized.net/tenant/amp/entityid/BBsVXKO.img%3Fh=194&w=300&m=6&q=60&u=t&o=t&l=f&x=591&y=227",
         "id" : "r18",
         "comps" : [],
         "download" : {
            "receiveFirst" : 10,
            "len" : 10391,
            "dns" : 0,
            "dnsEnd" : -1,
            "receiveHeadersEnd" : 18,
            "sslEnd" : -1,
            "connectEnd" : 8,
            "connectStart" : 0,
            "id" : "download_17",
            "receivedTime" : "247.291999985464",
            "sslStart" : -1,
            "dnsStart" : -1,
            "receiveLast" : 229.291999985464,
            "s_time" : 79.009999986738,
            "sendEnd" : 8,
            "sendStart" : 8,
            "type" : "image/jpeg"
         }
      },
      {
         "when_comp_start" : -1,
         "url" : "http://modified.testbed.localhost/img-s-msn-com.akamaized.net/tenant/amp/entityid/BBsnuYI.img%3Fh=194&w=300&m=6&q=60&u=t&o=t&l=f&x=1370&y=404",
         "id" : "r19",
         "comps" : [],
         "download" : {
            "receiveFirst" : 8,
            "len" : 11735,
            "dns" : 0,
            "dnsEnd" : -1,
            "receiveHeadersEnd" : 21,
            "sslEnd" : -1,
            "connectEnd" : 12,
            "connectStart" : 0,
            "id" : "download_18",
            "receivedTime" : "248.808000003919",
            "sslStart" : -1,
            "dnsStart" : -1,
            "receiveLast" : 227.808000003919,
            "s_time" : 80.6739999679849,
            "sendEnd" : 13,
            "sendStart" : 12,
            "type" : "image/jpeg"
         }
      },
      {
         "when_comp_start" : -1,
         "url" : "http://modified.testbed.localhost/img-s-msn-com.akamaized.net/tenant/amp/entityid/BBsVPPp.img%3Fh=194&w=300&m=6&q=60&u=t&o=t&l=f&x=908&y=268",
         "id" : "r20",
         "comps" : [],
         "download" : {
            "receiveFirst" : 9,
            "len" : 7819,
            "dns" : 0,
            "dnsEnd" : -1,
            "receiveHeadersEnd" : 20,
            "sslEnd" : -1,
            "connectEnd" : 11,
            "connectStart" : 0,
            "id" : "download_19",
            "receivedTime" : "249.10000001546",
            "sslStart" : -1,
            "dnsStart" : -1,
            "receiveLast" : 229.10000001546,
            "s_time" : 82.9359999625012,
            "sendEnd" : 11,
            "sendStart" : 11,
            "type" : "image/jpeg"
         }
      },
      {
         "when_comp_start" : -1,
         "url" : "http://modified.testbed.localhost/img-s-msn-com.akamaized.net/tenant/amp/entityid/BBsSNFY.img%3Fh=194&w=300&m=6&q=60&u=t&o=t&l=f",
         "id" : "r21",
         "comps" : [],
         "download" : {
            "receiveFirst" : 6,
            "len" : 6535,
            "dns" : 0,
            "dnsEnd" : -1,
            "receiveHeadersEnd" : 22,
            "sslEnd" : -1,
            "connectEnd" : 16,
            "connectStart" : 0,
            "id" : "download_20",
            "receivedTime" : "250.003000022843",
            "sslStart" : -1,
            "dnsStart" : -1,
            "receiveLast" : 228.003000022843,
            "s_time" : 83.9500000001863,
            "sendEnd" : 16,
            "sendStart" : 16,
            "type" : "image/jpeg"
         }
      },
      {
         "when_comp_start" : -1,
         "url" : "http://modified.testbed.localhost/c.msn.com/c.gif%3Fudc=true&rid=a0356bb73ba74d55977f07b50bc56454&rnd=635986082255964100&rf=&tp=http%253A%252F%252Fwww.msn.com%252F&di=340&lng=en-us&cv.product=prime&pn=startpage&activityId=a0356bb73ba74d55977f07b50bc56454&d.dgk=downlevel.pc&d.imd=0",
         "id" : "r22",
         "comps" : [],
         "download" : {
            "receiveFirst" : 4,
            "len" : 42,
            "dns" : 0,
            "dnsEnd" : -1,
            "receiveHeadersEnd" : 20,
            "sslEnd" : -1,
            "connectEnd" : 16,
            "connectStart" : 0,
            "id" : "download_21",
            "receivedTime" : "249.799999990501",
            "sslStart" : -1,
            "dnsStart" : -1,
            "receiveLast" : 229.799999990501,
            "s_time" : 86.3899999530986,
            "sendEnd" : 16,
            "sendStart" : 16,
            "type" : "image/gif"
         }
      },
      {
         "when_comp_start" : -1,
         "url" : "http://modified.testbed.localhost/b.scorecardresearch.com/p%3Fc1=2&c2=3000001&rn=635986082255964100&c7=http%253A%252F%252Fwww.msn.com%252F&c8=&c9=",
         "id" : "r23",
         "comps" : [],
         "download" : {
            "receiveFirst" : 4,
            "len" : 43,
            "dns" : 0,
            "dnsEnd" : -1,
            "receiveHeadersEnd" : 17,
            "sslEnd" : -1,
            "connectEnd" : 13,
            "connectStart" : 0,
            "id" : "download_22",
            "receivedTime" : "250.402999925427",
            "sslStart" : -1,
            "dnsStart" : -1,
            "receiveLast" : 233.402999925427,
            "s_time" : 90.4419999569654,
            "sendEnd" : 13,
            "sendStart" : 13,
            "type" : "image/gif"
         }
      }
   ],
   "deps" : [
      {
         "a2" : "r1_c2",
         "time" : -1,
         "id" : "dep1",
         "a1" : "comp_2"
      },
      {
         "a2" : "r1_c3",
         "time" : -1,
         "id" : "dep2",
         "a1" : "comp_4"
      },
      {
         "a2" : "comp_4",
         "time" : -1,
         "id" : "dep3",
         "a1" : "comp_2"
      },
      {
         "a2" : "download_22",
         "time" : -1,
         "id" : "dep4",
         "a1" : "r1_c1"
      },
      {
         "a2" : "download_21",
         "time" : 42.001000023447,
         "id" : "dep5",
         "a1" : "r1_c1"
      },
      {
         "a2" : "download_20",
         "time" : 39.5610000705347,
         "id" : "dep6",
         "a1" : "r1_c1"
      },
      {
         "a2" : "download_19",
         "time" : 38.5470000328496,
         "id" : "dep7",
         "a1" : "r1_c1"
      },
      {
         "a2" : "download_18",
         "time" : 36.2850000383333,
         "id" : "dep8",
         "a1" : "r1_c1"
      },
      {
         "a2" : "download_17",
         "time" : 34.6210000570864,
         "id" : "dep9",
         "a1" : "r1_c1"
      },
      {
         "a2" : "download_16",
         "time" : 33.6200000019744,
         "id" : "dep10",
         "a1" : "r1_c1"
      },
      {
         "a2" : "download_15",
         "time" : 29.9029999878258,
         "id" : "dep11",
         "a1" : "r1_c1"
      },
      {
         "a2" : "download_14",
         "time" : 25.5330000072718,
         "id" : "dep12",
         "a1" : "r1_c1"
      },
      {
         "a2" : "download_13",
         "time" : 25.2610000316054,
         "id" : "dep13",
         "a1" : "r1_c1"
      },
      {
         "a2" : "download_12",
         "time" : 24.993000086397,
         "id" : "dep14",
         "a1" : "r1_c1"
      },
      {
         "a2" : "download_11",
         "time" : 24.7059999965131,
         "id" : "dep15",
         "a1" : "r1_c1"
      },
      {
         "a2" : "download_10",
         "time" : 24.1999999852851,
         "id" : "dep16",
         "a1" : "r1_c1"
      },
      {
         "a2" : "download_9",
         "time" : 24.474999983795,
         "id" : "dep17",
         "a1" : "r1_c1"
      },
      {
         "a2" : "download_8",
         "time" : 23.9180000498891,
         "id" : "dep18",
         "a1" : "r1_c1"
      },
      {
         "a2" : "download_7",
         "time" : 23.6440000589937,
         "id" : "dep19",
         "a1" : "r1_c1"
      },
      {
         "a2" : "download_6",
         "time" : 23.2219999888912,
         "id" : "dep20",
         "a1" : "r1_c1"
      },
      {
         "a2" : "download_5",
         "time" : 19.0890000667423,
         "id" : "dep21",
         "a1" : "r1_c1"
      },
      {
         "a2" : "download_4",
         "time" : 2.7000000700355,
         "id" : "dep22",
         "a1" : "r1_c1"
      },
      {
         "a2" : "download_4",
         "time" : 2.7000000700355,
         "id" : "dep23",
         "a1" : "r1_c1"
      },
      {
         "a2" : "download_3",
         "time" : 2.27300007827581,
         "id" : "dep24",
         "a1" : "r1_c1"
      },
      {
         "a2" : "download_3",
         "time" : 2.27300007827581,
         "id" : "dep25",
         "a1" : "r1_c1"
      },
      {
         "a2" : "download_2",
         "time" : 1.8930000951514,
         "id" : "dep26",
         "a1" : "r1_c1"
      },
      {
         "a2" : "download_2",
         "time" : 1.8930000951514,
         "id" : "dep27",
         "a1" : "r1_c1"
      },
      {
         "a2" : "download_1",
         "time" : 1.4560000272468,
         "id" : "dep28",
         "a1" : "r1_c1"
      }
   ]
}
