{
   "n_download_no_trigger" : 1,
   "start_activity" : "download_0",
   "name" : "modified.testbed.localhost_www.pewresearch.org_",
   "load_activity" : -1,
   "objs" : [
      {
         "when_comp_start" : 1,
         "url" : "http://modified.testbed.localhost/www.pewresearch.org/",
         "id" : "r1",
         "comps" : [
            {
               "s_time" : 43.6670000199229,
               "time" : 3.8420000346377,
               "id" : "r1_c1",
               "type" : "evalhtml",
               "e_time" : 47.5090000545606
            },
            {
               "s_time" : 59.4330000458285,
               "time" : 143.588999984786,
               "id" : "r1_c2",
               "type" : "evalhtml",
               "e_time" : 203.022000030614
            },
            {
               "s_time" : 203.908000024967,
               "time" : 23.888000054285,
               "id" : "r1_c3",
               "type" : "evalhtml",
               "e_time" : 227.796000079252
            },
            {
               "s_time" : 346.062000025995,
               "time" : -954605685.86,
               "id" : "r1_c4",
               "type" : "evalhtml",
               "e_time" : -954605339.798
            },
            {
               "s_time" : 346.646000049077,
               "time" : 308.992000063881,
               "id" : "r1_c5",
               "type" : "evalhtml",
               "e_time" : 655.638000112958
            },
            {
               "s_time" : 657.585000037216,
               "time" : -954605997.383,
               "id" : "r1_c6",
               "type" : "evalhtml",
               "e_time" : -954605339.798
            },
            {
               "s_time" : 658.743000007235,
               "time" : -954605998.541,
               "id" : "r1_c7",
               "type" : "evalhtml",
               "e_time" : -954605339.798
            },
            {
               "s_time" : 661.435000016354,
               "time" : -954606001.233,
               "id" : "r1_c8",
               "type" : "evalhtml",
               "e_time" : -954605339.798
            },
            {
               "s_time" : 662.206000066362,
               "time" : -954606002.004,
               "id" : "r1_c9",
               "type" : "evalhtml",
               "e_time" : -954605339.798
            },
            {
               "s_time" : 770.029000006616,
               "time" : -954606109.827,
               "id" : "r1_c10",
               "type" : "evalhtml",
               "e_time" : -954605339.798
            },
            {
               "s_time" : 770.944000105374,
               "time" : -954606110.742,
               "id" : "r1_c11",
               "type" : "evalhtml",
               "e_time" : -954605339.798
            },
            {
               "s_time" : 771.719000069425,
               "time" : -954606111.517,
               "id" : "r1_c12",
               "type" : "evalhtml",
               "e_time" : -954605339.798
            },
            {
               "s_time" : 772.202000021935,
               "time" : -954606112,
               "id" : "r1_c13",
               "type" : "evalhtml",
               "e_time" : -954605339.798
            },
            {
               "s_time" : 773.260000045411,
               "time" : -954606113.058,
               "id" : "r1_c14",
               "type" : "evalhtml",
               "e_time" : -954605339.798
            },
            {
               "s_time" : 874.291000072844,
               "time" : 231.111999950376,
               "type" : "evalhtml",
               "id" : "r1_c15",
               "e_time" : 1105.40300002322
            }
         ],
         "download" : {
            "receiveFirst" : 4,
            "len" : 53858,
            "dns" : 0,
            "dnsEnd" : -1,
            "receiveHeadersEnd" : 4,
            "sslEnd" : -1,
            "connectEnd" : 0,
            "connectStart" : 0,
            "id" : "download_0",
            "receivedTime" : "43.0260000284761",
            "sslStart" : -1,
            "dnsStart" : -1,
            "receiveLast" : 39.0260000284761,
            "s_time" : 0,
            "sendEnd" : 0,
            "sendStart" : 0,
            "type" : "text/html"
         }
      },
      {
         "when_comp_start" : -1,
         "url" : "http://modified.testbed.localhost/aws.predictiveresponse.net/http/trac.js",
         "id" : "r2",
         "comps" : [
            {
               "s_time" : 58.4770001005381,
               "time" : 0.955999945290401,
               "type" : 1,
               "id" : "comp_0",
               "e_time" : 59.4330000458285
            }
         ],
         "download" : {
            "receiveFirst" : 4,
            "len" : 7770,
            "dns" : 0,
            "dnsEnd" : -1,
            "receiveHeadersEnd" : 11,
            "sslEnd" : -1,
            "connectEnd" : 7,
            "connectStart" : 0,
            "id" : "download_1",
            "receivedTime" : "58.2880000583827",
            "sslStart" : -1,
            "dnsStart" : -1,
            "receiveLast" : 47.2880000583827,
            "s_time" : 44.8740000138059,
            "sendEnd" : 7,
            "sendStart" : 7,
            "type" : "application/javascript"
         }
      },
      {
         "when_comp_start" : -1,
         "url" : "http://modified.testbed.localhost/www.pewresearch.org/wp-content/themes/pewresearch/css/2016-05-12_12:35/home.min.css",
         "id" : "r4",
         "comps" : [
            {
               "s_time" : 78.7400000263005,
               "time" : 6.7030000500381,
               "type" : 4,
               "id" : "comp_5",
               "e_time" : 85.4430000763386
            }
         ],
         "download" : {
            "receiveFirst" : 4,
            "len" : 16215,
            "dns" : 0,
            "dnsEnd" : -1,
            "receiveHeadersEnd" : 10,
            "sslEnd" : -1,
            "connectEnd" : 6,
            "connectStart" : 0,
            "id" : "download_2",
            "receivedTime" : "78.6180000286549",
            "sslStart" : -1,
            "dnsStart" : -1,
            "receiveLast" : 68.6180000286549,
            "s_time" : 45.6630000844598,
            "sendEnd" : 6,
            "sendStart" : 6,
            "type" : "text/css"
         }
      },
      {
         "when_comp_start" : -1,
         "url" : "http://modified.testbed.localhost/www.pewresearch.org/wp-content/themes/pewresearch/css/2016-05-12_12:35/pewresearch.min.css",
         "id" : "r3",
         "comps" : [
            {
               "s_time" : 73.9090000279248,
               "time" : 4.63800004217769,
               "type" : 4,
               "id" : "comp_4",
               "e_time" : 78.5470000701025
            }
         ],
         "download" : {
            "receiveFirst" : 7,
            "len" : 23620,
            "dns" : 0,
            "dnsEnd" : -1,
            "receiveHeadersEnd" : 14,
            "sslEnd" : -1,
            "connectEnd" : 7,
            "connectStart" : 0,
            "id" : "download_3",
            "receivedTime" : "73.7660001032054",
            "sslStart" : -1,
            "dnsStart" : -1,
            "receiveLast" : 59.7660001032054,
            "s_time" : 45.2950000762939,
            "sendEnd" : 7,
            "sendStart" : 7,
            "type" : "text/css"
         }
      },
      {
         "when_comp_start" : -1,
         "url" : "http://modified.testbed.localhost/www.pewresearch.org/wp-content/mu-plugins/pew-search/assets/css/pew-search.css%3Fver=4.5.css",
         "id" : "r5",
         "comps" : [
            {
               "s_time" : 71.5840000193566,
               "time" : 2.11500003933911,
               "type" : 4,
               "id" : "comp_3",
               "e_time" : 73.6990000586957
            }
         ],
         "download" : {
            "receiveFirst" : 8,
            "len" : 9953,
            "dns" : 0,
            "dnsEnd" : -1,
            "receiveHeadersEnd" : 14,
            "sslEnd" : -1,
            "connectEnd" : 6,
            "connectStart" : 0,
            "id" : "download_4",
            "receivedTime" : "71.4110000990331",
            "sslStart" : -1,
            "dnsStart" : -1,
            "receiveLast" : 57.4110000990331,
            "s_time" : 46.0180001100525,
            "sendEnd" : 6,
            "sendStart" : 6,
            "type" : "text/css"
         }
      },
      {
         "when_comp_start" : -1,
         "url" : "http://modified.testbed.localhost/www.pewresearch.org/wp-content/plugins/pew-refactor/bower_components/react/react-with-addons.min.js%3Fver=0.14.7",
         "id" : "r7",
         "comps" : [
            {
               "s_time" : 204.712000093423,
               "time" : 141.349999932572,
               "type" : 1,
               "id" : "comp_15",
               "e_time" : 346.062000025995
            }
         ],
         "download" : {
            "receiveFirst" : 7,
            "len" : 147971,
            "dns" : 0,
            "dnsEnd" : -1,
            "receiveHeadersEnd" : 13,
            "sslEnd" : -1,
            "connectEnd" : 5,
            "connectStart" : 0,
            "id" : "download_5",
            "receivedTime" : "204.408000106923",
            "sslStart" : -1,
            "dnsStart" : -1,
            "receiveLast" : 191.408000106923,
            "s_time" : 46.6450001113117,
            "sendEnd" : 6,
            "sendStart" : 5,
            "type" : "text/plain"
         }
      },
      {
         "when_comp_start" : -1,
         "url" : "http://modified.testbed.localhost/ajax.googleapis.com/ajax/libs/jquery/1/jquery.min.js",
         "id" : "r6",
         "comps" : [
            {
               "s_time" : 102.643000078388,
               "time" : 101.264999946579,
               "type" : 1,
               "id" : "comp_13",
               "e_time" : 203.908000024967
            }
         ],
         "download" : {
            "receiveFirst" : 13,
            "len" : 95786,
            "dns" : 0,
            "dnsEnd" : -1,
            "receiveHeadersEnd" : 19,
            "sslEnd" : -1,
            "connectEnd" : 6,
            "connectStart" : 0,
            "id" : "download_6",
            "receivedTime" : "102.524000103585",
            "sslStart" : -1,
            "dnsStart" : -1,
            "receiveLast" : 83.5240001035854,
            "s_time" : 46.3630000595003,
            "sendEnd" : 6,
            "sendStart" : 6,
            "type" : "application/javascript"
         }
      },
      {
         "when_comp_start" : -1,
         "url" : "http://modified.testbed.localhost/www.pewresearch.org/wp-content/plugins/pew-refactor/bower_components/react/react-dom.min.js%3Fver=0.14.7",
         "id" : "r8",
         "comps" : [
            {
               "s_time" : 346.288000000641,
               "time" : 0.358000048435997,
               "type" : 1,
               "id" : "comp_17",
               "e_time" : 346.646000049077
            }
         ],
         "download" : {
            "receiveFirst" : 17,
            "len" : 706,
            "dns" : 0,
            "dnsEnd" : -1,
            "receiveHeadersEnd" : 27,
            "sslEnd" : -1,
            "connectEnd" : 10,
            "connectStart" : 0,
            "id" : "download_7",
            "receivedTime" : "86.6050000768155",
            "sslStart" : -1,
            "dnsStart" : -1,
            "receiveLast" : 59.6050000768155,
            "s_time" : 46.9470000825822,
            "sendEnd" : 10,
            "sendStart" : 10,
            "type" : "text/plain"
         }
      },
      {
         "when_comp_start" : -1,
         "url" : "http://modified.testbed.localhost/www.pewresearch.org/wp-content/lib/img/pew-research-center.svg",
         "id" : "r9",
         "comps" : [],
         "download" : {
            "receiveFirst" : 13,
            "len" : 7200,
            "dns" : 0,
            "dnsEnd" : -1,
            "receiveHeadersEnd" : 29,
            "sslEnd" : -1,
            "connectEnd" : 15,
            "connectStart" : 0,
            "id" : "download_8",
            "receivedTime" : "87.5230000820011",
            "sslStart" : -1,
            "dnsStart" : -1,
            "receiveLast" : 58.5230000820011,
            "s_time" : 47.5090000545606,
            "sendEnd" : 16,
            "sendStart" : 15,
            "type" : "image/svg+xml"
         }
      },
      {
         "when_comp_start" : -1,
         "url" : "http://modified.testbed.localhost/www.pewresearch.org/wp-content/lib/img/home-icon.png",
         "id" : "r10",
         "comps" : [],
         "download" : {
            "receiveFirst" : 6,
            "len" : 242,
            "dns" : 0,
            "dnsEnd" : -1,
            "receiveHeadersEnd" : 10,
            "sslEnd" : -1,
            "connectEnd" : 4,
            "connectStart" : 0,
            "id" : "download_9",
            "receivedTime" : "395.26800008025",
            "sslStart" : -1,
            "dnsStart" : -1,
            "receiveLast" : 385.26800008025,
            "s_time" : 81.4440000103787,
            "sendEnd" : 4,
            "sendStart" : 4,
            "type" : "image/png"
         }
      },
      {
         "when_comp_start" : -1,
         "url" : "http://modified.testbed.localhost/www.pewresearch.org/files/2016/05/ST_16.05.12_MiddleIncome-3_HP.png",
         "id" : "r11",
         "comps" : [],
         "download" : {
            "receiveFirst" : 6,
            "len" : 26125,
            "dns" : 0,
            "dnsEnd" : -1,
            "receiveHeadersEnd" : 10,
            "sslEnd" : -1,
            "connectEnd" : 4,
            "connectStart" : 0,
            "id" : "download_10",
            "receivedTime" : "395.972000085749",
            "sslStart" : -1,
            "dnsStart" : -1,
            "receiveLast" : 385.972000085749,
            "s_time" : 81.7000000970438,
            "sendEnd" : 4,
            "sendStart" : 4,
            "type" : "image/png"
         }
      },
      {
         "when_comp_start" : -1,
         "url" : "http://modified.testbed.localhost/www.pewresearch.org/files/2016/05/PP_16.05.01_placeWorld_hompage.png",
         "id" : "r12",
         "comps" : [],
         "download" : {
            "receiveFirst" : 10,
            "len" : 6692,
            "dns" : 0,
            "dnsEnd" : -1,
            "receiveHeadersEnd" : 15,
            "sslEnd" : -1,
            "connectEnd" : 5,
            "connectStart" : 0,
            "id" : "download_11",
            "receivedTime" : "397.371000028215",
            "sslStart" : -1,
            "dnsStart" : -1,
            "receiveLast" : 382.371000028215,
            "s_time" : 81.9890000857413,
            "sendEnd" : 5,
            "sendStart" : 5,
            "type" : "image/png"
         }
      },
      {
         "when_comp_start" : -1,
         "url" : "http://modified.testbed.localhost/www.pewresearch.org/files/2016/05/PJ_16.02.22_Parsely_homepage.png",
         "id" : "r13",
         "comps" : [],
         "download" : {
            "receiveFirst" : 9,
            "len" : 5304,
            "dns" : 0,
            "dnsEnd" : -1,
            "receiveHeadersEnd" : 15,
            "sslEnd" : -1,
            "connectEnd" : 6,
            "connectStart" : 0,
            "id" : "download_12",
            "receivedTime" : "397.671000100672",
            "sslStart" : -1,
            "dnsStart" : -1,
            "receiveLast" : 382.671000100672,
            "s_time" : 82.2420000331476,
            "sendEnd" : 6,
            "sendStart" : 6,
            "type" : "image/png"
         }
      },
      {
         "when_comp_start" : -1,
         "url" : "http://modified.testbed.localhost/www.pewresearch.org/files/2016/04/PM_16.05.03_nonprobability_HP_260px.jpg",
         "id" : "r14",
         "comps" : [],
         "download" : {
            "receiveFirst" : 10,
            "len" : 51443,
            "dns" : 0,
            "dnsEnd" : -1,
            "receiveHeadersEnd" : 16,
            "sslEnd" : -1,
            "connectEnd" : 6,
            "connectStart" : 0,
            "id" : "download_13",
            "receivedTime" : "398.027000017464",
            "sslStart" : -1,
            "dnsStart" : -1,
            "receiveLast" : 382.027000017464,
            "s_time" : 82.5690000783652,
            "sendEnd" : 6,
            "sendStart" : 6,
            "type" : "image/jpeg"
         }
      },
      {
         "when_comp_start" : -1,
         "url" : "http://modified.testbed.localhost/www.pewresearch.org/files/2016/04/PP_14.06.10_polarizationTiles_01.png",
         "id" : "r15",
         "comps" : [],
         "download" : {
            "receiveFirst" : 11,
            "len" : 6937,
            "dns" : 0,
            "dnsEnd" : -1,
            "receiveHeadersEnd" : 16,
            "sslEnd" : -1,
            "connectEnd" : 5,
            "connectStart" : 0,
            "id" : "download_14",
            "receivedTime" : "397.891000029631",
            "sslStart" : -1,
            "dnsStart" : -1,
            "receiveLast" : 381.891000029631,
            "s_time" : 82.8450000844896,
            "sendEnd" : 5,
            "sendStart" : 5,
            "type" : "image/png"
         }
      },
      {
         "when_comp_start" : -1,
         "url" : "http://modified.testbed.localhost/www.pewresearch.org/files/2016/04/HPIslamLaw.jpg",
         "id" : "r16",
         "comps" : [],
         "download" : {
            "receiveFirst" : 9,
            "len" : 75188,
            "dns" : 0,
            "dnsEnd" : -1,
            "receiveHeadersEnd" : 23,
            "sslEnd" : -1,
            "connectEnd" : 14,
            "connectStart" : 0,
            "id" : "download_15",
            "receivedTime" : "399.235000018962",
            "sslStart" : -1,
            "dnsStart" : -1,
            "receiveLast" : 376.235000018962,
            "s_time" : 83.0980000318959,
            "sendEnd" : 14,
            "sendStart" : 14,
            "type" : "image/jpeg"
         }
      },
      {
         "when_comp_start" : -1,
         "url" : "http://modified.testbed.localhost/www.pewresearch.org/files/2016/04/PH_16.04.13_Generations.png",
         "id" : "r17",
         "comps" : [],
         "download" : {
            "receiveFirst" : 10,
            "len" : 6469,
            "dns" : 0,
            "dnsEnd" : -1,
            "receiveHeadersEnd" : 25,
            "sslEnd" : -1,
            "connectEnd" : 15,
            "connectStart" : 0,
            "id" : "download_16",
            "receivedTime" : "399.080000002868",
            "sslStart" : -1,
            "dnsStart" : -1,
            "receiveLast" : 374.080000002868,
            "s_time" : 83.4100000793114,
            "sendEnd" : 15,
            "sendStart" : 15,
            "type" : "image/png"
         }
      },
      {
         "when_comp_start" : -1,
         "url" : "http://modified.testbed.localhost/www.pewresearch.org/wp-content/lib/img/fact-tank-promo-banner.png",
         "id" : "r18",
         "comps" : [],
         "download" : {
            "receiveFirst" : 5,
            "len" : 1655,
            "dns" : 0,
            "dnsEnd" : -1,
            "receiveHeadersEnd" : 26,
            "sslEnd" : -1,
            "connectEnd" : 21,
            "connectStart" : 0,
            "id" : "download_17",
            "receivedTime" : "399.565000087023",
            "sslStart" : -1,
            "dnsStart" : -1,
            "receiveLast" : 373.565000087023,
            "s_time" : 83.706000004895,
            "sendEnd" : 21,
            "sendStart" : 21,
            "type" : "image/png"
         }
      },
      {
         "when_comp_start" : -1,
         "url" : "http://modified.testbed.localhost/www.pewresearch.org/files/2016/02/PRC_16.02.22_HP_Data-Gallery-Requests_6-1.png",
         "id" : "r19",
         "comps" : [],
         "download" : {
            "receiveFirst" : 7,
            "len" : 61874,
            "dns" : 0,
            "dnsEnd" : -1,
            "receiveHeadersEnd" : 22,
            "sslEnd" : -1,
            "connectEnd" : 15,
            "connectStart" : 0,
            "id" : "download_18",
            "receivedTime" : "401.59800008405",
            "sslStart" : -1,
            "dnsStart" : -1,
            "receiveLast" : 379.59800008405,
            "s_time" : 90.9370000008494,
            "sendEnd" : 15,
            "sendStart" : 15,
            "type" : "image/png"
         }
      },
      {
         "when_comp_start" : -1,
         "url" : "http://modified.testbed.localhost/www.pewresearch.org/files/2016/02/PRC_16.02.22_HP_Data-Gallery-Requests_2-1.png",
         "id" : "r20",
         "comps" : [],
         "download" : {
            "receiveFirst" : 12,
            "len" : 105945,
            "dns" : 0,
            "dnsEnd" : -1,
            "receiveHeadersEnd" : 24,
            "sslEnd" : -1,
            "connectEnd" : 12,
            "connectStart" : 0,
            "id" : "download_19",
            "receivedTime" : "404.202000005171",
            "sslStart" : -1,
            "dnsStart" : -1,
            "receiveLast" : 380.202000005171,
            "s_time" : 94.3600001046434,
            "sendEnd" : 12,
            "sendStart" : 12,
            "type" : "image/png"
         }
      },
      {
         "when_comp_start" : -1,
         "url" : "http://modified.testbed.localhost/www.pewresearch.org/files/2016/02/PRC_16.02.22_HP_Data-Gallery-Requests_3-1.png",
         "id" : "r21",
         "comps" : [],
         "download" : {
            "receiveFirst" : 11,
            "len" : 74281,
            "dns" : 0,
            "dnsEnd" : -1,
            "receiveHeadersEnd" : 22,
            "sslEnd" : -1,
            "connectEnd" : 11,
            "connectStart" : 0,
            "id" : "download_20",
            "receivedTime" : "402.855000109412",
            "sslStart" : -1,
            "dnsStart" : -1,
            "receiveLast" : 380.855000109412,
            "s_time" : 96.7030000174418,
            "sendEnd" : 11,
            "sendStart" : 11,
            "type" : "image/png"
         }
      },
      {
         "when_comp_start" : -1,
         "url" : "http://modified.testbed.localhost/www.pewresearch.org/files/2016/02/PRC_16.02.22_HP_Data-Gallery-Requests_7-2.png",
         "id" : "r22",
         "comps" : [],
         "download" : {
            "receiveFirst" : 11,
            "len" : 99282,
            "dns" : 0,
            "dnsEnd" : -1,
            "receiveHeadersEnd" : 25,
            "sslEnd" : -1,
            "connectEnd" : 14,
            "connectStart" : 0,
            "id" : "download_21",
            "receivedTime" : "405.017000040971",
            "sslStart" : -1,
            "dnsStart" : -1,
            "receiveLast" : 380.017000040971,
            "s_time" : 101.415000041015,
            "sendEnd" : 14,
            "sendStart" : 14,
            "type" : "image/png"
         }
      },
      {
         "when_comp_start" : -1,
         "url" : "http://modified.testbed.localhost/www.pewresearch.org/files/2016/02/PRC_16.02.22_HP_Data-Gallery-Requests_4-1.png",
         "id" : "r23",
         "comps" : [],
         "download" : {
            "receiveFirst" : 17,
            "len" : 97658,
            "dns" : 0,
            "dnsEnd" : -1,
            "receiveHeadersEnd" : 30,
            "sslEnd" : -1,
            "connectEnd" : 13,
            "connectStart" : 0,
            "id" : "download_22",
            "receivedTime" : "405.655000009574",
            "sslStart" : -1,
            "dnsStart" : -1,
            "receiveLast" : 375.655000009574,
            "s_time" : 103.134000091814,
            "sendEnd" : 13,
            "sendStart" : 13,
            "type" : "image/png"
         }
      },
      {
         "when_comp_start" : -1,
         "url" : "http://modified.testbed.localhost/www.pewresearch.org/files/2016/02/PRC_16.02.22_HP_Data-Gallery-Requests_5.png",
         "id" : "r24",
         "comps" : [],
         "download" : {
            "receiveFirst" : 18,
            "len" : 99821,
            "dns" : 0,
            "dnsEnd" : -1,
            "receiveHeadersEnd" : 32,
            "sslEnd" : -1,
            "connectEnd" : 13,
            "connectStart" : 0,
            "id" : "download_23",
            "receivedTime" : "427.685000002384",
            "sslStart" : -1,
            "dnsStart" : -1,
            "receiveLast" : 395.685000002384,
            "s_time" : 104.027000023052,
            "sendEnd" : 14,
            "sendStart" : 13,
            "type" : "image/png"
         }
      },
      {
         "when_comp_start" : -1,
         "url" : "http://modified.testbed.localhost/www.pewresearch.org/files/2016/02/PRC_16.02.22_HP_Data-Gallery-Requests_1-1.png",
         "id" : "r25",
         "comps" : [],
         "download" : {
            "receiveFirst" : 18,
            "len" : 85204,
            "dns" : 0,
            "dnsEnd" : -1,
            "receiveHeadersEnd" : 38,
            "sslEnd" : -1,
            "connectEnd" : 20,
            "connectStart" : 0,
            "id" : "download_24",
            "receivedTime" : "429.022000054829",
            "sslStart" : -1,
            "dnsStart" : -1,
            "receiveLast" : 391.022000054829,
            "s_time" : 105.535000097007,
            "sendEnd" : 20,
            "sendStart" : 20,
            "type" : "image/png"
         }
      },
      {
         "when_comp_start" : -1,
         "url" : "http://modified.testbed.localhost/www.pewresearch.org/wp-content/themes/pewresearch/css/2016-05-12_12:35/print.min.css",
         "id" : "r27",
         "comps" : [
            {
               "s_time" : 406.594000058249,
               "time" : 20.523000042885,
               "type" : 4,
               "id" : "comp_27",
               "e_time" : 427.117000101134
            }
         ],
         "download" : {
            "receiveFirst" : 19,
            "len" : 1902,
            "dns" : 0,
            "dnsEnd" : -1,
            "receiveHeadersEnd" : 40,
            "sslEnd" : -1,
            "connectEnd" : 21,
            "connectStart" : 0,
            "id" : "download_25",
            "receivedTime" : "406.503000063822",
            "sslStart" : -1,
            "dnsStart" : -1,
            "receiveLast" : 366.503000063822,
            "s_time" : 111.628000042401,
            "sendEnd" : 21,
            "sendStart" : 21,
            "type" : "text/css"
         }
      },
      {
         "when_comp_start" : -1,
         "url" : "http://modified.testbed.localhost/www.pewresearch.org/files/2016/05/ST_16.05.12_MiddleIncome_Featured-Image_calc1_140px.jpg",
         "id" : "r28",
         "comps" : [],
         "download" : {
            "receiveFirst" : 27,
            "len" : 20303,
            "dns" : 0,
            "dnsEnd" : -1,
            "receiveHeadersEnd" : 56,
            "sslEnd" : -1,
            "connectEnd" : 29,
            "connectStart" : 0,
            "id" : "download_26",
            "receivedTime" : "428.725000005215",
            "sslStart" : -1,
            "dnsStart" : -1,
            "receiveLast" : 372.725000005215,
            "s_time" : 112.721000099555,
            "sendEnd" : 29,
            "sendStart" : 29,
            "type" : "image/jpeg"
         }
      },
      {
         "when_comp_start" : -1,
         "url" : "http://modified.testbed.localhost/www.pewforum.org/files/2016/02/PF_16.02.15_howReligiousStatePromo140x140.png",
         "id" : "r29",
         "comps" : [],
         "download" : {
            "receiveFirst" : 25,
            "len" : 3408,
            "dns" : 0,
            "dnsEnd" : -1,
            "receiveHeadersEnd" : 58,
            "sslEnd" : -1,
            "connectEnd" : 32,
            "connectStart" : 0,
            "id" : "download_27",
            "receivedTime" : "429.424000089057",
            "sslStart" : -1,
            "dnsStart" : -1,
            "receiveLast" : 371.424000089057,
            "s_time" : 115.104000084102,
            "sendEnd" : 33,
            "sendStart" : 32,
            "type" : "image/png"
         }
      },
      {
         "when_comp_start" : -1,
         "url" : "http://modified.testbed.localhost/www.pewhispanic.org/files/2016/02/PH_2016.01.19_New-Hispanic-Voter_StateMap.png",
         "id" : "r30",
         "comps" : [],
         "download" : {
            "receiveFirst" : 19,
            "len" : 19892,
            "dns" : 0,
            "dnsEnd" : -1,
            "receiveHeadersEnd" : 49,
            "sslEnd" : -1,
            "connectEnd" : 30,
            "connectStart" : 0,
            "id" : "download_28",
            "receivedTime" : "433.221000013873",
            "sslStart" : -1,
            "dnsStart" : -1,
            "receiveLast" : 384.221000013873,
            "s_time" : 125.168000115082,
            "sendEnd" : 30,
            "sendStart" : 30,
            "type" : "image/png"
         }
      },
      {
         "when_comp_start" : -1,
         "url" : "http://modified.testbed.localhost/www.pewinternet.org/files/2016/01/PI_2015-12-15_Gaming-and-Gamers_Video-Featured.png",
         "id" : "r31",
         "comps" : [],
         "download" : {
            "receiveFirst" : 18,
            "len" : 2466,
            "dns" : 0,
            "dnsEnd" : -1,
            "receiveHeadersEnd" : 59,
            "sslEnd" : -1,
            "connectEnd" : 41,
            "connectStart" : 0,
            "id" : "download_29",
            "receivedTime" : "433.774000033736",
            "sslStart" : -1,
            "dnsStart" : -1,
            "receiveLast" : 374.774000033736,
            "s_time" : 132.430000114255,
            "sendEnd" : 41,
            "sendStart" : 41,
            "type" : "image/png"
         }
      },
      {
         "when_comp_start" : -1,
         "url" : "http://modified.testbed.localhost/www.pewglobal.org/files/2015/12/Climate_Quiz_Promo140x140.jpg",
         "id" : "r32",
         "comps" : [],
         "download" : {
            "receiveFirst" : 16,
            "len" : 33261,
            "dns" : 0,
            "dnsEnd" : -1,
            "receiveHeadersEnd" : 55,
            "sslEnd" : -1,
            "connectEnd" : 39,
            "connectStart" : 0,
            "id" : "download_30",
            "receivedTime" : "435.16900006216",
            "sslStart" : -1,
            "dnsStart" : -1,
            "receiveLast" : 380.16900006216,
            "s_time" : 140.376000083052,
            "sendEnd" : 39,
            "sendStart" : 39,
            "type" : "image/jpeg"
         }
      },
      {
         "when_comp_start" : -1,
         "url" : "http://modified.testbed.localhost/www.pewhispanic.org/files/2015/09/PH_15.07.06_Immigrants_InteractivePromo_140px.jpg",
         "id" : "r33",
         "comps" : [],
         "download" : {
            "receiveFirst" : 14,
            "len" : 26011,
            "dns" : 0,
            "dnsEnd" : -1,
            "receiveHeadersEnd" : 49,
            "sslEnd" : -1,
            "connectEnd" : 34,
            "connectStart" : 0,
            "id" : "download_31",
            "receivedTime" : "435.582000063732",
            "sslStart" : -1,
            "dnsStart" : -1,
            "receiveLast" : 386.582000063732,
            "s_time" : 147.195000085048,
            "sendEnd" : 35,
            "sendStart" : 34,
            "type" : "image/jpeg"
         }
      },
      {
         "when_comp_start" : -1,
         "url" : "http://modified.testbed.localhost/www.pewinternet.org/files/2015/09/PI_15.09.10_ScienceQuiz_hp_140x140.png",
         "id" : "r34",
         "comps" : [],
         "download" : {
            "receiveFirst" : 13,
            "len" : 13760,
            "dns" : 0,
            "dnsEnd" : -1,
            "receiveHeadersEnd" : 46,
            "sslEnd" : -1,
            "connectEnd" : 33,
            "connectStart" : 0,
            "id" : "download_32",
            "receivedTime" : "436.472000088543",
            "sslStart" : -1,
            "dnsStart" : -1,
            "receiveLast" : 390.472000088543,
            "s_time" : 151.412000064738,
            "sendEnd" : 33,
            "sendStart" : 33,
            "type" : "image/png"
         }
      },
      {
         "when_comp_start" : -1,
         "url" : "http://modified.testbed.localhost/www.pewglobal.org/files/2014/07/PG_14.07.10_BalanceOfPower_Image-140x140.png",
         "id" : "r35",
         "comps" : [],
         "download" : {
            "receiveFirst" : 13,
            "len" : 27165,
            "dns" : 0,
            "dnsEnd" : -1,
            "receiveHeadersEnd" : 31,
            "sslEnd" : -1,
            "connectEnd" : 18,
            "connectStart" : 0,
            "id" : "download_33",
            "receivedTime" : "436.691000009887",
            "sslStart" : -1,
            "dnsStart" : -1,
            "receiveLast" : 405.691000009887,
            "s_time" : 166.667000041343,
            "sendEnd" : 18,
            "sendStart" : 18,
            "type" : "image/png"
         }
      },
      {
         "when_comp_start" : -1,
         "url" : "http://modified.testbed.localhost/www.pewglobal.org/files/2015/07/PF_15.07.08_GMC_map_140x140.png",
         "id" : "r36",
         "comps" : [],
         "download" : {
            "receiveFirst" : 14,
            "len" : 17141,
            "dns" : 0,
            "dnsEnd" : -1,
            "receiveHeadersEnd" : 36,
            "sslEnd" : -1,
            "connectEnd" : 21,
            "connectStart" : 0,
            "id" : "download_34",
            "receivedTime" : "437.241000006907",
            "sslStart" : -1,
            "dnsStart" : -1,
            "receiveLast" : 401.241000006907,
            "s_time" : 170.680000097491,
            "sendEnd" : 22,
            "sendStart" : 21,
            "type" : "image/png"
         }
      },
      {
         "when_comp_start" : -1,
         "url" : "http://modified.testbed.localhost/www.pewresearch.org/files/2015/01/Interactive_140x140.png",
         "id" : "r37",
         "comps" : [],
         "download" : {
            "receiveFirst" : 12,
            "len" : 1395,
            "dns" : 0,
            "dnsEnd" : -1,
            "receiveHeadersEnd" : 36,
            "sslEnd" : -1,
            "connectEnd" : 24,
            "connectStart" : 0,
            "id" : "download_35",
            "receivedTime" : "437.628000043333",
            "sslStart" : -1,
            "dnsStart" : -1,
            "receiveLast" : 401.628000043333,
            "s_time" : 176.033000112511,
            "sendEnd" : 24,
            "sendStart" : 24,
            "type" : "image/png"
         }
      },
      {
         "when_comp_start" : -1,
         "url" : "http://modified.testbed.localhost/www.pewsocialtrends.org/files/2015/06/ST_15.06.11_PROMO_VideoEssay_140x140.png",
         "id" : "r38",
         "comps" : [],
         "download" : {
            "receiveFirst" : 11,
            "len" : 25080,
            "dns" : 0,
            "dnsEnd" : -1,
            "receiveHeadersEnd" : 41,
            "sslEnd" : -1,
            "connectEnd" : 30,
            "connectStart" : 0,
            "id" : "download_36",
            "receivedTime" : "438.831000006758",
            "sslStart" : -1,
            "dnsStart" : -1,
            "receiveLast" : 397.831000006758,
            "s_time" : 177.4850001093,
            "sendEnd" : 30,
            "sendStart" : 30,
            "type" : "image/png"
         }
      },
      {
         "when_comp_start" : -1,
         "url" : "http://modified.testbed.localhost/www.pewsocialtrends.org/files/2015/06/ST_15.06.11_PROMO_Timeline_260x260-140x140.png",
         "id" : "r39",
         "comps" : [],
         "download" : {
            "receiveFirst" : 12,
            "len" : 28104,
            "dns" : 0,
            "dnsEnd" : -1,
            "receiveHeadersEnd" : 41,
            "sslEnd" : -1,
            "connectEnd" : 29,
            "connectStart" : 0,
            "id" : "download_37",
            "receivedTime" : "439.806000096723",
            "sslStart" : -1,
            "dnsStart" : -1,
            "receiveLast" : 398.806000096723,
            "s_time" : 178.862000000663,
            "sendEnd" : 29,
            "sendStart" : 29,
            "type" : "image/png"
         }
      },
      {
         "when_comp_start" : -1,
         "url" : "http://modified.testbed.localhost/www.pewforum.org/files/2013/07/rls-140x140.png",
         "id" : "r40",
         "comps" : [],
         "download" : {
            "receiveFirst" : 13,
            "len" : 16577,
            "dns" : 0,
            "dnsEnd" : -1,
            "receiveHeadersEnd" : 39,
            "sslEnd" : -1,
            "connectEnd" : 26,
            "connectStart" : 0,
            "id" : "download_38",
            "receivedTime" : "440.272000036202",
            "sslStart" : -1,
            "dnsStart" : -1,
            "receiveLast" : 401.272000036202,
            "s_time" : 182.324000052176,
            "sendEnd" : 26,
            "sendStart" : 26,
            "type" : "image/png"
         }
      },
      {
         "when_comp_start" : -1,
         "url" : "http://modified.testbed.localhost/www.pewresearch.org/files/2014/10/PP_14.10.1_quiz_140_promo.png",
         "id" : "r41",
         "comps" : [],
         "download" : {
            "receiveFirst" : 13,
            "len" : 3068,
            "dns" : 0,
            "dnsEnd" : -1,
            "receiveHeadersEnd" : 28,
            "sslEnd" : -1,
            "connectEnd" : 15,
            "connectStart" : 0,
            "id" : "download_39",
            "receivedTime" : "439.505000016652",
            "sslStart" : -1,
            "dnsStart" : -1,
            "receiveLast" : 411.505000016652,
            "s_time" : 193.665000027977,
            "sendEnd" : 15,
            "sendStart" : 15,
            "type" : "image/png"
         }
      },
      {
         "when_comp_start" : -1,
         "url" : "http://modified.testbed.localhost/www.journalism.org/files/2015/03/PJ_15.03.04_MediaEcology_visual_140x140-08.png",
         "id" : "r42",
         "comps" : [],
         "download" : {
            "receiveFirst" : 11,
            "len" : 1140,
            "dns" : 0,
            "dnsEnd" : -1,
            "receiveHeadersEnd" : 25,
            "sslEnd" : -1,
            "connectEnd" : 14,
            "connectStart" : 0,
            "id" : "download_40",
            "receivedTime" : "440.541000105441",
            "sslStart" : -1,
            "dnsStart" : -1,
            "receiveLast" : 415.541000105441,
            "s_time" : 201.863000052981,
            "sendEnd" : 14,
            "sendStart" : 14,
            "type" : "image/png"
         }
      },
      {
         "when_comp_start" : -1,
         "url" : "http://modified.testbed.localhost/www.journalism.org/files/2015/02/INT_dataviz-InvestigativeReporters-copy.png",
         "id" : "r43",
         "comps" : [],
         "download" : {
            "receiveFirst" : 12,
            "len" : 1075,
            "dns" : 0,
            "dnsEnd" : -1,
            "receiveHeadersEnd" : 27,
            "sslEnd" : -1,
            "connectEnd" : 15,
            "connectStart" : 0,
            "id" : "download_41",
            "receivedTime" : "441.013000090607",
            "sslStart" : -1,
            "dnsStart" : -1,
            "receiveLast" : 414.013000090607,
            "s_time" : 203.022000030614,
            "sendEnd" : 15,
            "sendStart" : 15,
            "type" : "image/png"
         }
      },
      {
         "when_comp_start" : -1,
         "url" : "http://modified.testbed.localhost/www.pewinternet.org/files/2014/11/PI_12.11.25_TechWebIQQuix_140x140-copy-140x140.png",
         "id" : "r44",
         "comps" : [],
         "download" : {
            "receiveFirst" : 9,
            "len" : 1902,
            "dns" : 0,
            "dnsEnd" : -1,
            "receiveHeadersEnd" : 33,
            "sslEnd" : -1,
            "connectEnd" : 24,
            "connectStart" : 0,
            "id" : "download_42",
            "receivedTime" : "441.59300008323",
            "sslStart" : -1,
            "dnsStart" : -1,
            "receiveLast" : 408.59300008323,
            "s_time" : 204.542000079527,
            "sendEnd" : 24,
            "sendStart" : 24,
            "type" : "image/png"
         }
      },
      {
         "when_comp_start" : -1,
         "url" : "http://modified.testbed.localhost/www.pewhispanic.org/files/2014/11/PH_14.11.17_UnauthorizedImmigration_Thumb_140-px1.png",
         "id" : "r45",
         "comps" : [],
         "download" : {
            "receiveFirst" : 8,
            "len" : 14102,
            "dns" : 0,
            "dnsEnd" : -1,
            "receiveHeadersEnd" : 33,
            "sslEnd" : -1,
            "connectEnd" : 25,
            "connectStart" : 0,
            "id" : "download_43",
            "receivedTime" : "442.52200005576",
            "sslStart" : -1,
            "dnsStart" : -1,
            "receiveLast" : 409.52200005576,
            "s_time" : 205.748000065796,
            "sendEnd" : 25,
            "sendStart" : 25,
            "type" : "image/png"
         }
      },
      {
         "when_comp_start" : -1,
         "url" : "http://modified.testbed.localhost/www.pewresearch.org/files/2016/03/Election-2016-260x100.png",
         "id" : "r46",
         "comps" : [],
         "download" : {
            "receiveFirst" : 9,
            "len" : 7567,
            "dns" : 0,
            "dnsEnd" : -1,
            "receiveHeadersEnd" : 30,
            "sslEnd" : -1,
            "connectEnd" : 21,
            "connectStart" : 0,
            "id" : "download_44",
            "receivedTime" : "443.118000053801",
            "sslStart" : -1,
            "dnsStart" : -1,
            "receiveLast" : 413.118000053801,
            "s_time" : 210.566000081599,
            "sendEnd" : 21,
            "sendStart" : 21,
            "type" : "image/png"
         }
      },
      {
         "when_comp_start" : -1,
         "url" : "http://modified.testbed.localhost/www.pewresearch.org/files/2015/12/PRC_15.12.21_BB-cards_space.jpg",
         "id" : "r47",
         "comps" : [],
         "download" : {
            "receiveFirst" : 8,
            "len" : 36310,
            "dns" : 0,
            "dnsEnd" : -1,
            "receiveHeadersEnd" : 26,
            "sslEnd" : -1,
            "connectEnd" : 18,
            "connectStart" : 0,
            "id" : "download_45",
            "receivedTime" : "445.338000077754",
            "sslStart" : -1,
            "dnsStart" : -1,
            "receiveLast" : 419.338000077754,
            "s_time" : 214.803000097163,
            "sendEnd" : 18,
            "sendStart" : 18,
            "type" : "image/jpeg"
         }
      },
      {
         "when_comp_start" : -1,
         "url" : "http://modified.testbed.localhost/www.pewresearch.org/files/2015/12/PRC_15.12.21_BB-cards_border.jpg",
         "id" : "r48",
         "comps" : [],
         "download" : {
            "receiveFirst" : 9,
            "len" : 52254,
            "dns" : 0,
            "dnsEnd" : -1,
            "receiveHeadersEnd" : 20,
            "sslEnd" : -1,
            "connectEnd" : 11,
            "connectStart" : 0,
            "id" : "download_46",
            "receivedTime" : "446.33100007195",
            "sslStart" : -1,
            "dnsStart" : -1,
            "receiveLast" : 426.33100007195,
            "s_time" : 223.409000085667,
            "sendEnd" : 11,
            "sendStart" : 11,
            "type" : "image/jpeg"
         }
      },
      {
         "when_comp_start" : -1,
         "url" : "http://modified.testbed.localhost/www.pewsocialtrends.org/files/2014/07/PKG_millennials.png",
         "id" : "r49",
         "comps" : [],
         "download" : {
            "receiveFirst" : 12,
            "len" : 60467,
            "dns" : 0,
            "dnsEnd" : -1,
            "receiveHeadersEnd" : 23,
            "sslEnd" : -1,
            "connectEnd" : 11,
            "connectStart" : 0,
            "id" : "download_47",
            "receivedTime" : "447.182000032626",
            "sslStart" : -1,
            "dnsStart" : -1,
            "receiveLast" : 424.182000032626,
            "s_time" : 224.972000112757,
            "sendEnd" : 11,
            "sendStart" : 11,
            "type" : "image/png"
         }
      },
      {
         "when_comp_start" : -1,
         "url" : "http://modified.testbed.localhost/www.pewresearch.org/wp-content/lib/img/PRC-Logo-footer.png",
         "id" : "r51",
         "comps" : [],
         "download" : {
            "receiveFirst" : 7,
            "len" : 1058,
            "dns" : 0,
            "dnsEnd" : -1,
            "receiveHeadersEnd" : 24,
            "sslEnd" : -1,
            "connectEnd" : 17,
            "connectStart" : 0,
            "id" : "download_48",
            "receivedTime" : "447.636000113562",
            "sslStart" : -1,
            "dnsStart" : -1,
            "receiveLast" : 423.636000113562,
            "s_time" : 227.796000079252,
            "sendEnd" : 17,
            "sendStart" : 17,
            "type" : "image/png"
         }
      },
      {
         "when_comp_start" : -1,
         "url" : "http://modified.testbed.localhost/www.pewresearch.org/wp-content/lib/img/footer-socialmedia-sprite.png",
         "id" : "r55",
         "comps" : [],
         "download" : {
            "receiveFirst" : 3,
            "len" : 2685,
            "dns" : 0,
            "dnsEnd" : -1,
            "receiveHeadersEnd" : 4,
            "sslEnd" : -1,
            "connectEnd" : 0,
            "connectStart" : 0,
            "id" : "download_49",
            "receivedTime" : "633.374000084586",
            "sslStart" : -1,
            "dnsStart" : -1,
            "receiveLast" : 629.374000084586,
            "s_time" : 394.508000114001,
            "sendEnd" : 1,
            "sendStart" : 0,
            "type" : "image/png"
         }
      },
      {
         "when_comp_start" : -1,
         "url" : "http://modified.testbed.localhost/www.pewresearch.org/wp-content/plugins/pew-scripts/js/2016-05-12_12:35/hammer.min.js",
         "id" : "r56",
         "comps" : [
            {
               "s_time" : 656.689000083134,
               "time" : 0.895999954081958,
               "type" : 1,
               "id" : "comp_72",
               "e_time" : 657.585000037216
            }
         ],
         "download" : {
            "receiveFirst" : 11,
            "len" : 6976,
            "dns" : 0,
            "dnsEnd" : -1,
            "receiveHeadersEnd" : 18,
            "sslEnd" : -1,
            "connectEnd" : 7,
            "connectStart" : 0,
            "id" : "download_50",
            "receivedTime" : "656.594000058249",
            "sslStart" : -1,
            "dnsStart" : -1,
            "receiveLast" : 638.594000058249,
            "s_time" : 449.611000018194,
            "sendEnd" : 7,
            "sendStart" : 7,
            "type" : "application/javascript"
         }
      },
      {
         "when_comp_start" : -1,
         "url" : "http://modified.testbed.localhost/www.pewresearch.org/wp-content/plugins/pew-scripts/js/2016-05-12_12:35/pew-carousel.min.js",
         "id" : "r57",
         "comps" : [
            {
               "s_time" : 658.185000065714,
               "time" : 0.557999941520961,
               "type" : 1,
               "id" : "comp_74",
               "e_time" : 658.743000007235
            }
         ],
         "download" : {
            "receiveFirst" : 10,
            "len" : 6821,
            "dns" : 0,
            "dnsEnd" : -1,
            "receiveHeadersEnd" : 19,
            "sslEnd" : -1,
            "connectEnd" : 8,
            "connectStart" : 0,
            "id" : "download_51",
            "receivedTime" : "658.083000103943",
            "sslStart" : -1,
            "dnsStart" : -1,
            "receiveLast" : 639.083000103943,
            "s_time" : 449.952000053599,
            "sendEnd" : 9,
            "sendStart" : 8,
            "type" : "application/javascript"
         }
      },
      {
         "when_comp_start" : -1,
         "url" : "http://modified.testbed.localhost/www.pewresearch.org/wp-content/themes/pewresearch/js/2016-05-12_12:35/pew-homepage.js",
         "id" : "r58",
         "comps" : [
            {
               "s_time" : 658.870000042953,
               "time" : 2.56499997340097,
               "type" : 1,
               "id" : "comp_76",
               "e_time" : 661.435000016354
            }
         ],
         "download" : {
            "receiveFirst" : 11,
            "len" : 956,
            "dns" : 0,
            "dnsEnd" : -1,
            "receiveHeadersEnd" : 19,
            "sslEnd" : -1,
            "connectEnd" : 8,
            "connectStart" : 0,
            "id" : "download_52",
            "receivedTime" : "656.260000076145",
            "sslStart" : -1,
            "dnsStart" : -1,
            "receiveLast" : 637.260000076145,
            "s_time" : 450.346000026911,
            "sendEnd" : 8,
            "sendStart" : 8,
            "type" : "application/javascript"
         }
      },
      {
         "when_comp_start" : -1,
         "url" : "http://modified.testbed.localhost/www.pewresearch.org/wp-content/plugins/pew-scripts/js/2016-05-12_12:35/organic-tabs.min.js",
         "id" : "r59",
         "comps" : [
            {
               "s_time" : 661.577000049874,
               "time" : 0.629000016488021,
               "type" : 1,
               "id" : "comp_78",
               "e_time" : 662.206000066362
            }
         ],
         "download" : {
            "receiveFirst" : 12,
            "len" : 1348,
            "dns" : 0,
            "dnsEnd" : -1,
            "receiveHeadersEnd" : 18,
            "sslEnd" : -1,
            "connectEnd" : 6,
            "connectStart" : 0,
            "id" : "download_53",
            "receivedTime" : "656.447000103071",
            "sslStart" : -1,
            "dnsStart" : -1,
            "receiveLast" : 638.447000103071,
            "s_time" : 451.617000042461,
            "sendEnd" : 6,
            "sendStart" : 6,
            "type" : "application/javascript"
         }
      },
      {
         "when_comp_start" : -1,
         "url" : "http://modified.testbed.localhost/www.pewresearch.org/wp-content/mu-plugins/pew-search/assets/js/SwiftypeComponents.js%3Fver=1",
         "id" : "r60",
         "comps" : [
            {
               "s_time" : 666.950000100769,
               "time" : 103.078999905847,
               "type" : 1,
               "id" : "comp_81",
               "e_time" : 770.029000006616
            }
         ],
         "download" : {
            "receiveFirst" : 13,
            "len" : 592338,
            "dns" : 0,
            "dnsEnd" : -1,
            "receiveHeadersEnd" : 19,
            "sslEnd" : -1,
            "connectEnd" : 6,
            "connectStart" : 0,
            "id" : "download_54",
            "receivedTime" : "666.725000017323",
            "sslStart" : -1,
            "dnsStart" : -1,
            "receiveLast" : 647.725000017323,
            "s_time" : 451.917000114918,
            "sendEnd" : 6,
            "sendStart" : 6,
            "type" : "text/plain"
         }
      },
      {
         "when_comp_start" : -1,
         "url" : "http://modified.testbed.localhost/www.pewresearch.org/wp-content/mu-plugins/pew-search/assets/js/configuration.js%3Fver=1",
         "id" : "r61",
         "comps" : [
            {
               "s_time" : 770.244000013918,
               "time" : 0.700000091455991,
               "type" : 1,
               "id" : "comp_83",
               "e_time" : 770.944000105374
            }
         ],
         "download" : {
            "receiveFirst" : 17,
            "len" : 2402,
            "dns" : 0,
            "dnsEnd" : -1,
            "receiveHeadersEnd" : 23,
            "sslEnd" : -1,
            "connectEnd" : 6,
            "connectStart" : 0,
            "id" : "download_55",
            "receivedTime" : "662.707000039518",
            "sslStart" : -1,
            "dnsStart" : -1,
            "receiveLast" : 639.707000039518,
            "s_time" : 452.205000096001,
            "sendEnd" : 6,
            "sendStart" : 6,
            "type" : "text/plain"
         }
      },
      {
         "when_comp_start" : -1,
         "url" : "http://modified.testbed.localhost/www.pewresearch.org/wp-content/mu-plugins/pew-search/assets/js/pew-search-utils.js%3Fver=1",
         "id" : "r62",
         "comps" : [
            {
               "s_time" : 771.078000077978,
               "time" : 0.640999991446961,
               "type" : 1,
               "id" : "comp_85",
               "e_time" : 771.719000069425
            }
         ],
         "download" : {
            "receiveFirst" : 5,
            "len" : 6762,
            "dns" : 0,
            "dnsEnd" : -1,
            "receiveHeadersEnd" : 29,
            "sslEnd" : -1,
            "connectEnd" : 23,
            "connectStart" : 0,
            "id" : "download_56",
            "receivedTime" : "663.837000029162",
            "sslStart" : -1,
            "dnsStart" : -1,
            "receiveLast" : 634.837000029162,
            "s_time" : 452.505000052042,
            "sendEnd" : 24,
            "sendStart" : 23,
            "type" : "text/plain"
         }
      },
      {
         "when_comp_start" : -1,
         "url" : "http://modified.testbed.localhost/www.pewresearch.org/wp-content/plugins/pew-scripts/js/2016-05-12_12:35/pew-global.min.js",
         "id" : "r63",
         "comps" : [
            {
               "s_time" : 771.847000112757,
               "time" : 0.354999909177991,
               "type" : 1,
               "id" : "comp_87",
               "e_time" : 772.202000021935
            }
         ],
         "download" : {
            "receiveFirst" : 7,
            "len" : 2778,
            "dns" : 0,
            "dnsEnd" : -1,
            "receiveHeadersEnd" : 31,
            "sslEnd" : -1,
            "connectEnd" : 24,
            "connectStart" : 0,
            "id" : "download_57",
            "receivedTime" : "664.394000079483",
            "sslStart" : -1,
            "dnsStart" : -1,
            "receiveLast" : 633.394000079483,
            "s_time" : 452.817000099458,
            "sendEnd" : 24,
            "sendStart" : 24,
            "type" : "application/javascript"
         }
      },
      {
         "when_comp_start" : -1,
         "url" : "http://modified.testbed.localhost/platform.twitter.com/widgets.js",
         "id" : "r65",
         "comps" : [
            {
               "s_time" : 774.168000090867,
               "time" : 100.122999981977,
               "type" : 1,
               "id" : "comp_91",
               "e_time" : 874.291000072844
            }
         ],
         "download" : {
            "receiveFirst" : 4,
            "len" : 104197,
            "dns" : 0,
            "dnsEnd" : -1,
            "receiveHeadersEnd" : 5,
            "sslEnd" : -1,
            "connectEnd" : 1,
            "connectStart" : 0,
            "id" : "download_58",
            "receivedTime" : "773.918000049889",
            "sslStart" : -1,
            "dnsStart" : -1,
            "receiveLast" : 768.918000049889,
            "s_time" : 655.638000112958,
            "sendEnd" : 1,
            "sendStart" : 1,
            "type" : "application/javascript"
         }
      },
      {
         "when_comp_start" : -1,
         "url" : "http://modified.testbed.localhost/www.pewresearch.org/wp-includes/js/wp-embed.min.js%3Fver=4.5",
         "id" : "r64",
         "comps" : [
            {
               "s_time" : 772.399000008591,
               "time" : 0.861000036819974,
               "type" : 1,
               "id" : "comp_89",
               "e_time" : 773.260000045411
            }
         ],
         "download" : {
            "receiveFirst" : 4,
            "len" : 1403,
            "dns" : 0,
            "dnsEnd" : -1,
            "receiveHeadersEnd" : 5,
            "sslEnd" : -1,
            "connectEnd" : 1,
            "connectStart" : 0,
            "id" : "download_59",
            "receivedTime" : "666.204000008292",
            "sslStart" : -1,
            "dnsStart" : -1,
            "receiveLast" : 661.204000008292,
            "s_time" : 655.286000110209,
            "sendEnd" : 1,
            "sendStart" : 1,
            "type" : "text/plain"
         }
      },
      {
         "when_comp_start" : -1,
         "url" : "http://modified.testbed.localhost/www.pewresearch.org/wp-content/themes/pewresearch/img/carousel-right.png",
         "id" : "r68",
         "comps" : [],
         "download" : {
            "receiveFirst" : 3,
            "len" : 439,
            "dns" : 0,
            "dnsEnd" : -1,
            "receiveHeadersEnd" : 4,
            "sslEnd" : -1,
            "connectEnd" : 1,
            "connectStart" : 0,
            "id" : "download_60",
            "receivedTime" : "1352.09100006614",
            "sslStart" : -1,
            "dnsStart" : -1,
            "receiveLast" : 1348.09100006614,
            "s_time" : 1105.01800000202,
            "sendEnd" : 1,
            "sendStart" : 1,
            "type" : "image/png"
         }
      },
      {
         "when_comp_start" : -1,
         "url" : "http://modified.testbed.localhost/www.pewresearch.org/wp-content/themes/pewresearch/img/carousel-left.png",
         "id" : "r69",
         "comps" : [],
         "download" : {
            "receiveFirst" : 3,
            "len" : 445,
            "dns" : 0,
            "dnsEnd" : -1,
            "receiveHeadersEnd" : 4,
            "sslEnd" : -1,
            "connectEnd" : 1,
            "connectStart" : 0,
            "id" : "download_61",
            "receivedTime" : "1352.59500006214",
            "sslStart" : -1,
            "dnsStart" : -1,
            "receiveLast" : 1348.59500006214,
            "s_time" : 1105.40300002322,
            "sendEnd" : 1,
            "sendStart" : 1,
            "type" : "image/png"
         }
      }
   ],
   "deps" : [
      {
         "a2" : "r1_c2",
         "time" : -1,
         "id" : "dep1",
         "a1" : "comp_0"
      },
      {
         "a2" : "r1_c3",
         "time" : -1,
         "id" : "dep2",
         "a1" : "comp_13"
      },
      {
         "a2" : "r1_c4",
         "time" : -1,
         "id" : "dep3",
         "a1" : "comp_15"
      },
      {
         "a2" : "r1_c5",
         "time" : -1,
         "id" : "dep4",
         "a1" : "comp_17"
      },
      {
         "a2" : "r1_c6",
         "time" : -1,
         "id" : "dep5",
         "a1" : "comp_72"
      },
      {
         "a2" : "r1_c7",
         "time" : -1,
         "id" : "dep6",
         "a1" : "comp_74"
      },
      {
         "a2" : "r1_c8",
         "time" : -1,
         "id" : "dep7",
         "a1" : "comp_76"
      },
      {
         "a2" : "r1_c9",
         "time" : -1,
         "id" : "dep8",
         "a1" : "comp_78"
      },
      {
         "a2" : "r1_c10",
         "time" : -1,
         "id" : "dep9",
         "a1" : "comp_81"
      },
      {
         "a2" : "r1_c11",
         "time" : -1,
         "id" : "dep10",
         "a1" : "comp_83"
      },
      {
         "a2" : "r1_c12",
         "time" : -1,
         "id" : "dep11",
         "a1" : "comp_85"
      },
      {
         "a2" : "r1_c13",
         "time" : -1,
         "id" : "dep12",
         "a1" : "comp_87"
      },
      {
         "a2" : "r1_c14",
         "time" : -1,
         "id" : "dep13",
         "a1" : "comp_89"
      },
      {
         "a2" : "r1_c15",
         "time" : -1,
         "id" : "dep14",
         "a1" : "comp_91"
      },
      {
         "a2" : "comp_15",
         "time" : -1,
         "id" : "dep15",
         "a1" : "comp_13"
      },
      {
         "a2" : "comp_17",
         "time" : -1,
         "id" : "dep16",
         "a1" : "comp_15"
      },
      {
         "a2" : "comp_74",
         "time" : -1,
         "id" : "dep17",
         "a1" : "comp_72"
      },
      {
         "a2" : "comp_76",
         "time" : -1,
         "id" : "dep18",
         "a1" : "comp_74"
      },
      {
         "a2" : "comp_78",
         "time" : -1,
         "id" : "dep19",
         "a1" : "comp_76"
      },
      {
         "a2" : "comp_81",
         "time" : -1,
         "id" : "dep20",
         "a1" : "comp_78"
      },
      {
         "a2" : "comp_83",
         "time" : -1,
         "id" : "dep21",
         "a1" : "comp_81"
      },
      {
         "a2" : "comp_85",
         "time" : -1,
         "id" : "dep22",
         "a1" : "comp_83"
      },
      {
         "a2" : "comp_87",
         "time" : -1,
         "id" : "dep23",
         "a1" : "comp_85"
      },
      {
         "a2" : "comp_89",
         "time" : -1,
         "id" : "dep24",
         "a1" : "comp_87"
      },
      {
         "a2" : "comp_91",
         "time" : -1,
         "id" : "dep25",
         "a1" : "comp_89"
      },
      {
         "a2" : "download_61",
         "time" : -1,
         "id" : "dep26",
         "a1" : "r1_c15"
      },
      {
         "a2" : "download_60",
         "time" : 230.726999929176,
         "id" : "dep27",
         "a1" : "r1_c15"
      },
      {
         "a2" : "download_59",
         "time" : -1,
         "id" : "dep28",
         "a1" : "r1_c5"
      },
      {
         "a2" : "download_59",
         "time" : 308.640000061132,
         "id" : "dep29",
         "a1" : "r1_c5"
      },
      {
         "a2" : "download_58",
         "time" : -1,
         "id" : "dep30",
         "a1" : "r1_c5"
      },
      {
         "a2" : "download_58",
         "time" : 308.992000063881,
         "id" : "dep31",
         "a1" : "r1_c5"
      },
      {
         "a2" : "download_57",
         "time" : 106.171000050381,
         "id" : "dep32",
         "a1" : "r1_c5"
      },
      {
         "a2" : "download_56",
         "time" : 105.859000002965,
         "id" : "dep33",
         "a1" : "r1_c5"
      },
      {
         "a2" : "download_55",
         "time" : 105.559000046924,
         "id" : "dep34",
         "a1" : "r1_c5"
      },
      {
         "a2" : "download_54",
         "time" : 105.271000065841,
         "id" : "dep35",
         "a1" : "r1_c5"
      },
      {
         "a2" : "download_53",
         "time" : 104.970999993384,
         "id" : "dep36",
         "a1" : "r1_c5"
      },
      {
         "a2" : "download_52",
         "time" : 103.699999977834,
         "id" : "dep37",
         "a1" : "r1_c5"
      },
      {
         "a2" : "download_51",
         "time" : 103.306000004522,
         "id" : "dep38",
         "a1" : "r1_c5"
      },
      {
         "a2" : "download_51",
         "time" : 103.306000004522,
         "id" : "dep39",
         "a1" : "r1_c5"
      },
      {
         "a2" : "download_50",
         "time" : 102.964999969117,
         "id" : "dep40",
         "a1" : "r1_c5"
      },
      {
         "a2" : "download_49",
         "time" : 47.862000064924,
         "id" : "dep41",
         "a1" : "r1_c5"
      },
      {
         "a2" : "download_48",
         "time" : -1,
         "id" : "dep42",
         "a1" : "r1_c3"
      },
      {
         "a2" : "download_47",
         "time" : 21.06400008779,
         "id" : "dep43",
         "a1" : "r1_c3"
      },
      {
         "a2" : "download_46",
         "time" : 19.5010000607,
         "id" : "dep44",
         "a1" : "r1_c3"
      },
      {
         "a2" : "download_45",
         "time" : 10.895000072196,
         "id" : "dep45",
         "a1" : "r1_c3"
      },
      {
         "a2" : "download_44",
         "time" : 6.65800005663198,
         "id" : "dep46",
         "a1" : "r1_c3"
      },
      {
         "a2" : "download_43",
         "time" : 1.84000004082898,
         "id" : "dep47",
         "a1" : "r1_c3"
      },
      {
         "a2" : "download_42",
         "time" : 0.634000054560005,
         "id" : "dep48",
         "a1" : "r1_c3"
      },
      {
         "a2" : "download_41",
         "time" : -1,
         "id" : "dep49",
         "a1" : "r1_c2"
      },
      {
         "a2" : "download_40",
         "time" : 142.430000007153,
         "id" : "dep50",
         "a1" : "r1_c2"
      },
      {
         "a2" : "download_39",
         "time" : 134.231999982148,
         "id" : "dep51",
         "a1" : "r1_c2"
      },
      {
         "a2" : "download_38",
         "time" : 122.891000006347,
         "id" : "dep52",
         "a1" : "r1_c2"
      },
      {
         "a2" : "download_37",
         "time" : 119.428999954834,
         "id" : "dep53",
         "a1" : "r1_c2"
      },
      {
         "a2" : "download_36",
         "time" : 118.052000063471,
         "id" : "dep54",
         "a1" : "r1_c2"
      },
      {
         "a2" : "download_35",
         "time" : 116.600000066682,
         "id" : "dep55",
         "a1" : "r1_c2"
      },
      {
         "a2" : "download_34",
         "time" : 111.247000051662,
         "id" : "dep56",
         "a1" : "r1_c2"
      },
      {
         "a2" : "download_33",
         "time" : 107.233999995514,
         "id" : "dep57",
         "a1" : "r1_c2"
      },
      {
         "a2" : "download_32",
         "time" : 91.9790000189095,
         "id" : "dep58",
         "a1" : "r1_c2"
      },
      {
         "a2" : "download_31",
         "time" : 87.7620000392195,
         "id" : "dep59",
         "a1" : "r1_c2"
      },
      {
         "a2" : "download_30",
         "time" : 80.9430000372235,
         "id" : "dep60",
         "a1" : "r1_c2"
      },
      {
         "a2" : "download_29",
         "time" : 72.9970000684265,
         "id" : "dep61",
         "a1" : "r1_c2"
      },
      {
         "a2" : "download_28",
         "time" : 65.7350000692535,
         "id" : "dep62",
         "a1" : "r1_c2"
      },
      {
         "a2" : "download_27",
         "time" : 55.6710000382735,
         "id" : "dep63",
         "a1" : "r1_c2"
      },
      {
         "a2" : "download_26",
         "time" : 53.2880000537265,
         "id" : "dep64",
         "a1" : "r1_c2"
      },
      {
         "a2" : "download_25",
         "time" : 52.1949999965725,
         "id" : "dep65",
         "a1" : "r1_c2"
      },
      {
         "a2" : "download_24",
         "time" : 46.1020000511785,
         "id" : "dep66",
         "a1" : "r1_c2"
      },
      {
         "a2" : "download_23",
         "time" : 44.5939999772235,
         "id" : "dep67",
         "a1" : "r1_c2"
      },
      {
         "a2" : "download_22",
         "time" : 43.7010000459855,
         "id" : "dep68",
         "a1" : "r1_c2"
      },
      {
         "a2" : "download_21",
         "time" : 41.9819999951865,
         "id" : "dep69",
         "a1" : "r1_c2"
      },
      {
         "a2" : "download_20",
         "time" : 37.2699999716133,
         "id" : "dep70",
         "a1" : "r1_c2"
      },
      {
         "a2" : "download_19",
         "time" : 34.9270000588149,
         "id" : "dep71",
         "a1" : "r1_c2"
      },
      {
         "a2" : "download_18",
         "time" : 31.5039999550209,
         "id" : "dep72",
         "a1" : "r1_c2"
      },
      {
         "a2" : "download_17",
         "time" : 24.2729999590665,
         "id" : "dep73",
         "a1" : "r1_c2"
      },
      {
         "a2" : "download_16",
         "time" : 23.9770000334829,
         "id" : "dep74",
         "a1" : "r1_c2"
      },
      {
         "a2" : "download_15",
         "time" : 23.6649999860674,
         "id" : "dep75",
         "a1" : "r1_c2"
      },
      {
         "a2" : "download_14",
         "time" : 23.4120000386611,
         "id" : "dep76",
         "a1" : "r1_c2"
      },
      {
         "a2" : "download_13",
         "time" : 23.1360000325367,
         "id" : "dep77",
         "a1" : "r1_c2"
      },
      {
         "a2" : "download_12",
         "time" : 22.8089999873191,
         "id" : "dep78",
         "a1" : "r1_c2"
      },
      {
         "a2" : "download_11",
         "time" : 22.5560000399128,
         "id" : "dep79",
         "a1" : "r1_c2"
      },
      {
         "a2" : "download_10",
         "time" : 22.2670000512153,
         "id" : "dep80",
         "a1" : "r1_c2"
      },
      {
         "a2" : "download_9",
         "time" : 22.0109999645502,
         "id" : "dep81",
         "a1" : "r1_c2"
      },
      {
         "a2" : "download_8",
         "time" : -1,
         "id" : "dep82",
         "a1" : "r1_c1"
      },
      {
         "a2" : "download_7",
         "time" : 3.2800000626593,
         "id" : "dep83",
         "a1" : "r1_c1"
      },
      {
         "a2" : "download_6",
         "time" : 2.6960000395774,
         "id" : "dep84",
         "a1" : "r1_c1"
      },
      {
         "a2" : "download_6",
         "time" : 2.6960000395774,
         "id" : "dep85",
         "a1" : "r1_c1"
      },
      {
         "a2" : "download_5",
         "time" : 2.9780000913888,
         "id" : "dep86",
         "a1" : "r1_c1"
      },
      {
         "a2" : "download_4",
         "time" : 2.3510000901296,
         "id" : "dep87",
         "a1" : "r1_c1"
      },
      {
         "a2" : "download_4",
         "time" : 2.3510000901296,
         "id" : "dep88",
         "a1" : "r1_c1"
      },
      {
         "a2" : "download_3",
         "time" : 1.628000056371,
         "id" : "dep89",
         "a1" : "r1_c1"
      },
      {
         "a2" : "download_3",
         "time" : 1.628000056371,
         "id" : "dep90",
         "a1" : "r1_c1"
      },
      {
         "a2" : "download_2",
         "time" : 1.9960000645369,
         "id" : "dep91",
         "a1" : "r1_c1"
      },
      {
         "a2" : "download_2",
         "time" : 1.9960000645369,
         "id" : "dep92",
         "a1" : "r1_c1"
      },
      {
         "a2" : "download_1",
         "time" : 1.206999993883,
         "id" : "dep93",
         "a1" : "r1_c1"
      }
   ]
}
