{
   "n_download_no_trigger" : 1,
   "start_activity" : "download_0",
   "name" : "modified.testbed.localhost_townhall.com_",
   "load_activity" : -1,
   "objs" : [
      {
         "when_comp_start" : 1,
         "url" : "http://modified.testbed.localhost/townhall.com/",
         "id" : "r1",
         "comps" : [
            {
               "s_time" : 53.5520000848919,
               "time" : 4.1130000026897,
               "id" : "r1_c1",
               "type" : "evalhtml",
               "e_time" : 57.6650000875816
            },
            {
               "s_time" : 170.373000088148,
               "time" : -794588624.166,
               "id" : "r1_c2",
               "type" : "evalhtml",
               "e_time" : -794588453.793
            },
            {
               "s_time" : 347.031000070274,
               "time" : -794588800.824,
               "id" : "r1_c3",
               "type" : "evalhtml",
               "e_time" : -794588453.793
            },
            {
               "s_time" : 403.972000000067,
               "time" : 7.57500005420297,
               "id" : "r1_c4",
               "type" : "evalhtml",
               "e_time" : 411.54700005427
            },
            {
               "s_time" : 411.548000061885,
               "time" : 14.604999916628,
               "id" : "r1_c5",
               "type" : "evalhtml",
               "e_time" : 426.152999978513
            },
            {
               "s_time" : 535.281000076793,
               "time" : 629.240999929607,
               "id" : "r1_c6",
               "type" : "evalhtml",
               "e_time" : 1164.5220000064
            },
            {
               "s_time" : 1171.10300005879,
               "time" : -794589624.896,
               "id" : "r1_c7",
               "type" : "evalhtml",
               "e_time" : -794588453.793
            },
            {
               "s_time" : 1190.27600006666,
               "time" : -794589644.069,
               "id" : "r1_c8",
               "type" : "evalhtml",
               "e_time" : -794588453.793
            },
            {
               "s_time" : 1191.84900005348,
               "time" : -794589645.642,
               "id" : "r1_c9",
               "type" : "evalhtml",
               "e_time" : -794588453.793
            },
            {
               "s_time" : 1192.81600008253,
               "time" : -794589646.609,
               "id" : "r1_c10",
               "type" : "evalhtml",
               "e_time" : -794588453.793
            },
            {
               "s_time" : 1197.47200002894,
               "time" : -794589651.265,
               "id" : "r1_c11",
               "type" : "evalhtml",
               "e_time" : -794588453.793
            },
            {
               "s_time" : 1199.23999998719,
               "time" : -794589653.033,
               "id" : "r1_c12",
               "type" : "evalhtml",
               "e_time" : -794588453.793
            },
            {
               "s_time" : 1203.05300003383,
               "time" : -794589656.846,
               "id" : "r1_c13",
               "type" : "evalhtml",
               "e_time" : -794588453.793
            },
            {
               "s_time" : 1204.48299997952,
               "time" : -794589658.276,
               "id" : "r1_c14",
               "type" : "evalhtml",
               "e_time" : -794588453.793
            },
            {
               "s_time" : 1206.37999998871,
               "time" : 203.16900010221,
               "type" : "evalhtml",
               "id" : "r1_c15",
               "e_time" : 1409.54900009092
            }
         ],
         "download" : {
            "receiveFirst" : 3,
            "len" : 133246,
            "dns" : 0,
            "dnsEnd" : -1,
            "receiveHeadersEnd" : 4,
            "sslEnd" : -1,
            "connectEnd" : 1,
            "connectStart" : 0,
            "id" : "download_0",
            "receivedTime" : "48.1419999850914",
            "sslStart" : -1,
            "dnsStart" : -1,
            "receiveLast" : 44.1419999850914,
            "s_time" : 0,
            "sendEnd" : 1,
            "sendStart" : 1,
            "type" : "text/html"
         }
      },
      {
         "when_comp_start" : -1,
         "url" : "http://modified.testbed.localhost/ajax.googleapis.com/ajax/libs/jquery/2.1.4/jquery.min.js",
         "id" : "r2",
         "comps" : [
            {
               "s_time" : 95.5860000103712,
               "time" : 74.7870000777768,
               "type" : 1,
               "id" : "comp_6",
               "e_time" : 170.373000088148
            }
         ],
         "download" : {
            "receiveFirst" : 4,
            "len" : 84380,
            "dns" : 0,
            "dnsEnd" : -1,
            "receiveHeadersEnd" : 10,
            "sslEnd" : -1,
            "connectEnd" : 6,
            "connectStart" : 0,
            "id" : "download_1",
            "receivedTime" : "94.4540000054985",
            "sslStart" : -1,
            "dnsStart" : -1,
            "receiveLast" : 84.4540000054985,
            "s_time" : 55.5109999841079,
            "sendEnd" : 6,
            "sendStart" : 6,
            "type" : "application/javascript"
         }
      },
      {
         "when_comp_start" : -1,
         "url" : "http://modified.testbed.localhost/townhall.com/resources/css/main.css",
         "id" : "r5",
         "comps" : [
            {
               "s_time" : 170.877000084147,
               "time" : 0.44899992644801,
               "type" : 4,
               "id" : "comp_8",
               "e_time" : 171.326000010595
            }
         ],
         "download" : {
            "receiveFirst" : 6,
            "len" : 56190,
            "dns" : 0,
            "dnsEnd" : -1,
            "receiveHeadersEnd" : 11,
            "sslEnd" : -1,
            "connectEnd" : 5,
            "connectStart" : 0,
            "id" : "download_2",
            "receivedTime" : "170.735000050627",
            "sslStart" : -1,
            "dnsStart" : -1,
            "receiveLast" : 159.735000050627,
            "s_time" : 56.4800000283867,
            "sendEnd" : 5,
            "sendStart" : 5,
            "type" : "text/css"
         }
      },
      {
         "when_comp_start" : -1,
         "url" : "http://modified.testbed.localhost/cdn.optimizely.com/js/2380780627.js",
         "id" : "r3",
         "comps" : [
            {
               "s_time" : 173.147000023164,
               "time" : 173.88400004711,
               "type" : 1,
               "id" : "comp_9",
               "e_time" : 347.031000070274
            }
         ],
         "download" : {
            "receiveFirst" : 8,
            "len" : 108606,
            "dns" : 0,
            "dnsEnd" : -1,
            "receiveHeadersEnd" : 13,
            "sslEnd" : -1,
            "connectEnd" : 5,
            "connectStart" : 0,
            "id" : "download_3",
            "receivedTime" : "173.01300005056",
            "sslStart" : -1,
            "dnsStart" : -1,
            "receiveLast" : 160.01300005056,
            "s_time" : 55.8840000303462,
            "sendEnd" : 5,
            "sendStart" : 5,
            "type" : "application/javascript"
         }
      },
      {
         "when_comp_start" : -1,
         "url" : "http://modified.testbed.localhost/townhall.com/resources/css/bootstrap.min.css",
         "id" : "r4",
         "comps" : [
            {
               "s_time" : 370.962999993935,
               "time" : 35.779000027105,
               "type" : 4,
               "id" : "comp_13",
               "e_time" : 406.74200002104
            }
         ],
         "download" : {
            "receiveFirst" : 9,
            "len" : 122485,
            "dns" : 0,
            "dnsEnd" : -1,
            "receiveHeadersEnd" : 14,
            "sslEnd" : -1,
            "connectEnd" : 5,
            "connectStart" : 0,
            "id" : "download_4",
            "receivedTime" : "370.79299998004",
            "sslStart" : -1,
            "dnsStart" : -1,
            "receiveLast" : 356.79299998004,
            "s_time" : 56.1970000853762,
            "sendEnd" : 5,
            "sendStart" : 5,
            "type" : "text/css"
         }
      },
      {
         "when_comp_start" : -1,
         "url" : "http://modified.testbed.localhost/maxcdn.bootstrapcdn.com/font-awesome/4.5.0/css/font-awesome.min.css",
         "id" : "r7",
         "comps" : [
            {
               "s_time" : 90.5200000852346,
               "time" : 0.200999900698704,
               "type" : 4,
               "id" : "comp_4",
               "e_time" : 90.7209999859333
            }
         ],
         "download" : {
            "receiveFirst" : 9,
            "len" : 27442,
            "dns" : 0,
            "dnsEnd" : -1,
            "receiveHeadersEnd" : 13,
            "sslEnd" : -1,
            "connectEnd" : 4,
            "connectStart" : 0,
            "id" : "download_5",
            "receivedTime" : "90.1980000780895",
            "sslStart" : -1,
            "dnsStart" : -1,
            "receiveLast" : 77.1980000780895,
            "s_time" : 57.0660000666976,
            "sendEnd" : 4,
            "sendStart" : 4,
            "type" : "text/css"
         }
      },
      {
         "when_comp_start" : -1,
         "url" : "http://modified.testbed.localhost/townhall.com/resources/css/animate.min.css",
         "id" : "r6",
         "comps" : [
            {
               "s_time" : 93.0810000281781,
               "time" : 1.05399999301881,
               "type" : 4,
               "id" : "comp_5",
               "e_time" : 94.1350000211969
            }
         ],
         "download" : {
            "receiveFirst" : 10,
            "len" : 52789,
            "dns" : 0,
            "dnsEnd" : -1,
            "receiveHeadersEnd" : 15,
            "sslEnd" : -1,
            "connectEnd" : 5,
            "connectStart" : 0,
            "id" : "download_6",
            "receivedTime" : "92.8040000144392",
            "sslStart" : -1,
            "dnsStart" : -1,
            "receiveLast" : 77.8040000144392,
            "s_time" : 56.8010000279173,
            "sendEnd" : 5,
            "sendStart" : 5,
            "type" : "text/css"
         }
      },
      {
         "when_comp_start" : -1,
         "url" : "http://modified.testbed.localhost/c.amazon-adsystem.com/aax2/amzn_ads.js",
         "id" : "r8",
         "comps" : [
            {
               "s_time" : 399.667000048794,
               "time" : 4.30499995127298,
               "type" : 1,
               "id" : "comp_18",
               "e_time" : 403.972000000067
            }
         ],
         "download" : {
            "receiveFirst" : 7,
            "len" : 11261,
            "dns" : 0,
            "dnsEnd" : -1,
            "receiveHeadersEnd" : 38,
            "sslEnd" : -1,
            "connectEnd" : 31,
            "connectStart" : 0,
            "id" : "download_7",
            "receivedTime" : "171.990000060759",
            "sslStart" : -1,
            "dnsStart" : -1,
            "receiveLast" : 133.990000060759,
            "s_time" : 57.3180000064895,
            "sendEnd" : 31,
            "sendStart" : 31,
            "type" : "application/javascript"
         }
      },
      {
         "when_comp_start" : -1,
         "url" : "http://modified.testbed.localhost/ox-d.townhallmedia.servedbyopenx.com/w/1.0/jstag%3Fnc=6177-Townhall",
         "id" : "r9",
         "comps" : [
            {
               "s_time" : 411.69900004752,
               "time" : 123.582000029273,
               "type" : 1,
               "id" : "comp_33",
               "e_time" : 535.281000076793
            }
         ],
         "download" : {
            "receiveFirst" : 6,
            "len" : 57633,
            "dns" : 0,
            "dnsEnd" : -1,
            "receiveHeadersEnd" : 41,
            "sslEnd" : -1,
            "connectEnd" : 35,
            "connectStart" : 0,
            "id" : "download_8",
            "receivedTime" : "406.912000034936",
            "sslStart" : -1,
            "dnsStart" : -1,
            "receiveLast" : 365.912000034936,
            "s_time" : 57.6650000875816,
            "sendEnd" : 35,
            "sendStart" : 35,
            "type" : "text/plain"
         }
      },
      {
         "when_comp_start" : -1,
         "url" : "http://modified.testbed.localhost/townhall.com/Resources/th_logo.svg",
         "id" : "r23",
         "comps" : [],
         "download" : {
            "receiveFirst" : 5,
            "len" : 3729,
            "dns" : 0,
            "dnsEnd" : -1,
            "receiveHeadersEnd" : 11,
            "sslEnd" : -1,
            "connectEnd" : 6,
            "connectStart" : 0,
            "id" : "download_9",
            "receivedTime" : "828.374000033364",
            "sslStart" : -1,
            "dnsStart" : -1,
            "receiveLast" : 817.374000033364,
            "s_time" : 409.634000039659,
            "sendEnd" : 6,
            "sendStart" : 6,
            "type" : "image/svg+xml"
         }
      },
      {
         "when_comp_start" : -1,
         "url" : "http://modified.testbed.localhost/townhall.com/resources/th_election_logo.svg",
         "id" : "r24",
         "comps" : [],
         "download" : {
            "receiveFirst" : 5,
            "len" : 843,
            "dns" : 0,
            "dnsEnd" : -1,
            "receiveHeadersEnd" : 13,
            "sslEnd" : -1,
            "connectEnd" : 8,
            "connectStart" : 0,
            "id" : "download_10",
            "receivedTime" : "839.559999993071",
            "sslStart" : -1,
            "dnsStart" : -1,
            "receiveLast" : 826.559999993071,
            "s_time" : 410.014000022784,
            "sendEnd" : 8,
            "sendStart" : 8,
            "type" : "image/svg+xml"
         }
      },
      {
         "when_comp_start" : -1,
         "url" : "http://modified.testbed.localhost/media.townhall.com/Townhall/ColPics/johnhawkins.gif",
         "id" : "r25",
         "comps" : [],
         "download" : {
            "receiveFirst" : 5,
            "len" : 4466,
            "dns" : 0,
            "dnsEnd" : -1,
            "receiveHeadersEnd" : 13,
            "sslEnd" : -1,
            "connectEnd" : 8,
            "connectStart" : 0,
            "id" : "download_11",
            "receivedTime" : "851.655000005849",
            "sslStart" : -1,
            "dnsStart" : -1,
            "receiveLast" : 838.655000005849,
            "s_time" : 410.280000069179,
            "sendEnd" : 8,
            "sendStart" : 8,
            "type" : "image/gif"
         }
      },
      {
         "when_comp_start" : -1,
         "url" : "http://modified.testbed.localhost/media.townhall.com/Townhall/colpics/columnistallenwest.gif",
         "id" : "r27",
         "comps" : [],
         "download" : {
            "receiveFirst" : 5,
            "len" : 4595,
            "dns" : 0,
            "dnsEnd" : -1,
            "receiveHeadersEnd" : 12,
            "sslEnd" : -1,
            "connectEnd" : 7,
            "connectStart" : 0,
            "id" : "download_12",
            "receivedTime" : "852.093000081368",
            "sslStart" : -1,
            "dnsStart" : -1,
            "receiveLast" : 840.093000081368,
            "s_time" : 410.935000050813,
            "sendEnd" : 7,
            "sendStart" : 7,
            "type" : "image/gif"
         }
      },
      {
         "when_comp_start" : -1,
         "url" : "http://modified.testbed.localhost/media.townhall.com/Townhall/colpics/montelwilliams.gif",
         "id" : "r28",
         "comps" : [],
         "download" : {
            "receiveFirst" : 6,
            "len" : 4672,
            "dns" : 0,
            "dnsEnd" : -1,
            "receiveHeadersEnd" : 13,
            "sslEnd" : -1,
            "connectEnd" : 7,
            "connectStart" : 0,
            "id" : "download_13",
            "receivedTime" : "852.262000087649",
            "sslStart" : -1,
            "dnsStart" : -1,
            "receiveLast" : 839.262000087649,
            "s_time" : 411.298000020906,
            "sendEnd" : 7,
            "sendStart" : 7,
            "type" : "image/gif"
         }
      },
      {
         "when_comp_start" : -1,
         "url" : "http://modified.testbed.localhost/media.townhall.com/Townhall/ColPics/Sowell.jpg",
         "id" : "r26",
         "comps" : [],
         "download" : {
            "receiveFirst" : 8,
            "len" : 5300,
            "dns" : 0,
            "dnsEnd" : -1,
            "receiveHeadersEnd" : 15,
            "sslEnd" : -1,
            "connectEnd" : 7,
            "connectStart" : 0,
            "id" : "download_14",
            "receivedTime" : "852.444000076503",
            "sslStart" : -1,
            "dnsStart" : -1,
            "receiveLast" : 837.444000076503,
            "s_time" : 410.650999983773,
            "sendEnd" : 7,
            "sendStart" : 7,
            "type" : "image/jpeg"
         }
      },
      {
         "when_comp_start" : -1,
         "url" : "http://modified.testbed.localhost/media.townhall.com/Townhall/colpics/columnistronpaul.gif",
         "id" : "r29",
         "comps" : [],
         "download" : {
            "receiveFirst" : 13,
            "len" : 4551,
            "dns" : 0,
            "dnsEnd" : -1,
            "receiveHeadersEnd" : 23,
            "sslEnd" : -1,
            "connectEnd" : 10,
            "connectStart" : 0,
            "id" : "download_15",
            "receivedTime" : "853.066000039689",
            "sslStart" : -1,
            "dnsStart" : -1,
            "receiveLast" : 830.066000039689,
            "s_time" : 411.54700005427,
            "sendEnd" : 10,
            "sendStart" : 10,
            "type" : "image/gif"
         }
      },
      {
         "when_comp_start" : -1,
         "url" : "http://modified.testbed.localhost/media.townhall.com/Townhall/ColPics/Barone.jpg",
         "id" : "r30",
         "comps" : [],
         "download" : {
            "receiveFirst" : 10,
            "len" : 5578,
            "dns" : 0,
            "dnsEnd" : -1,
            "receiveHeadersEnd" : 24,
            "sslEnd" : -1,
            "connectEnd" : 14,
            "connectStart" : 0,
            "id" : "download_16",
            "receivedTime" : "853.546000085771",
            "sslStart" : -1,
            "dnsStart" : -1,
            "receiveLast" : 829.546000085771,
            "s_time" : 411.866000038572,
            "sendEnd" : 14,
            "sendStart" : 14,
            "type" : "image/jpeg"
         }
      },
      {
         "when_comp_start" : -1,
         "url" : "http://modified.testbed.localhost/media.townhall.com/Townhall/colpics/StephenMoore.gif",
         "id" : "r31",
         "comps" : [],
         "download" : {
            "receiveFirst" : 7,
            "len" : 3445,
            "dns" : 0,
            "dnsEnd" : -1,
            "receiveHeadersEnd" : 27,
            "sslEnd" : -1,
            "connectEnd" : 20,
            "connectStart" : 0,
            "id" : "download_17",
            "receivedTime" : "853.763999999501",
            "sslStart" : -1,
            "dnsStart" : -1,
            "receiveLast" : 826.763999999501,
            "s_time" : 412.171000032686,
            "sendEnd" : 20,
            "sendStart" : 20,
            "type" : "image/gif"
         }
      },
      {
         "when_comp_start" : -1,
         "url" : "http://modified.testbed.localhost/media.townhall.com/Townhall/ColPics/limbaugh.jpg",
         "id" : "r32",
         "comps" : [],
         "download" : {
            "receiveFirst" : 7,
            "len" : 5661,
            "dns" : 0,
            "dnsEnd" : -1,
            "receiveHeadersEnd" : 29,
            "sslEnd" : -1,
            "connectEnd" : 22,
            "connectStart" : 0,
            "id" : "download_18",
            "receivedTime" : "866.18900008034",
            "sslStart" : -1,
            "dnsStart" : -1,
            "receiveLast" : 837.18900008034,
            "s_time" : 412.515000090934,
            "sendEnd" : 22,
            "sendStart" : 22,
            "type" : "image/jpeg"
         }
      },
      {
         "when_comp_start" : -1,
         "url" : "http://modified.testbed.localhost/townhall.com/resources/trending-icon.svg",
         "id" : "r33",
         "comps" : [],
         "download" : {
            "receiveFirst" : 7,
            "len" : 549,
            "dns" : 0,
            "dnsEnd" : -1,
            "receiveHeadersEnd" : 21,
            "sslEnd" : -1,
            "connectEnd" : 14,
            "connectStart" : 0,
            "id" : "download_19",
            "receivedTime" : "856.236000079662",
            "sslStart" : -1,
            "dnsStart" : -1,
            "receiveLast" : 835.236000079662,
            "s_time" : 420.771000091918,
            "sendEnd" : 14,
            "sendStart" : 14,
            "type" : "image/svg+xml"
         }
      },
      {
         "when_comp_start" : -1,
         "url" : "http://modified.testbed.localhost/media.townhall.com/townhall/reu/ha/2016/130/2216e4de-8307-4d41-a5d1-7eeab78d57c2.jpg",
         "id" : "r34",
         "comps" : [],
         "download" : {
            "receiveFirst" : 7,
            "len" : 18582,
            "dns" : 0,
            "dnsEnd" : -1,
            "receiveHeadersEnd" : 19,
            "sslEnd" : -1,
            "connectEnd" : 12,
            "connectStart" : 0,
            "id" : "download_20",
            "receivedTime" : "948.358000023291",
            "sslStart" : -1,
            "dnsStart" : -1,
            "receiveLast" : 929.358000023291,
            "s_time" : 423.36300003808,
            "sendEnd" : 12,
            "sendStart" : 12,
            "type" : "image/jpeg"
         }
      },
      {
         "when_comp_start" : -1,
         "url" : "http://modified.testbed.localhost/media.townhall.com/townhall/colpics/leah.gif",
         "id" : "r35",
         "comps" : [],
         "download" : {
            "receiveFirst" : 8,
            "len" : 4446,
            "dns" : 0,
            "dnsEnd" : -1,
            "receiveHeadersEnd" : 20,
            "sslEnd" : -1,
            "connectEnd" : 12,
            "connectStart" : 0,
            "id" : "download_21",
            "receivedTime" : "949.37300006859",
            "sslStart" : -1,
            "dnsStart" : -1,
            "receiveLast" : 929.37300006859,
            "s_time" : 426.152999978513,
            "sendEnd" : 12,
            "sendStart" : 12,
            "type" : "image/gif"
         }
      },
      {
         "when_comp_start" : -1,
         "url" : "http://modified.testbed.localhost/media.townhall.com/townhall/reu/ha/2016/131/2016-05-10T100557Z_2_LYNXNPEC49025_RTROPTP_3_USA-ELECTION-TRUMP.JPG",
         "id" : "r44",
         "comps" : [],
         "download" : {
            "receiveFirst" : 9,
            "len" : 23450,
            "dns" : 0,
            "dnsEnd" : -1,
            "receiveHeadersEnd" : 11,
            "sslEnd" : -1,
            "connectEnd" : 2,
            "connectStart" : 0,
            "id" : "download_22",
            "receivedTime" : "1071.97500008624",
            "sslStart" : -1,
            "dnsStart" : -1,
            "receiveLast" : 1060.97500008624,
            "s_time" : 577.774000004865,
            "sendEnd" : 2,
            "sendStart" : 2,
            "type" : "image/jpeg"
         }
      },
      {
         "when_comp_start" : -1,
         "url" : "http://modified.testbed.localhost/media.townhall.com/townhall/reu/ha/2015/275/e74ce423-951c-4f03-bccd-0c22ecfba975.jpg",
         "id" : "r45",
         "comps" : [],
         "download" : {
            "receiveFirst" : 11,
            "len" : 61449,
            "dns" : 0,
            "dnsEnd" : -1,
            "receiveHeadersEnd" : 14,
            "sslEnd" : -1,
            "connectEnd" : 3,
            "connectStart" : 0,
            "id" : "download_23",
            "receivedTime" : "1074.0559999831",
            "sslStart" : -1,
            "dnsStart" : -1,
            "receiveLast" : 1060.0559999831,
            "s_time" : 578.898000065237,
            "sendEnd" : 3,
            "sendStart" : 3,
            "type" : "image/jpeg"
         }
      },
      {
         "when_comp_start" : -1,
         "url" : "http://modified.testbed.localhost/media.townhall.com/townhall/reu/ha/2016/130/17107e29-0b46-4cde-a998-8efefe3c79d8.jpg",
         "id" : "r46",
         "comps" : [],
         "download" : {
            "receiveFirst" : 11,
            "len" : 21692,
            "dns" : 0,
            "dnsEnd" : -1,
            "receiveHeadersEnd" : 14,
            "sslEnd" : -1,
            "connectEnd" : 3,
            "connectStart" : 0,
            "id" : "download_24",
            "receivedTime" : "1073.22200003546",
            "sslStart" : -1,
            "dnsStart" : -1,
            "receiveLast" : 1059.22200003546,
            "s_time" : 579.777000006288,
            "sendEnd" : 3,
            "sendStart" : 3,
            "type" : "image/jpeg"
         }
      },
      {
         "when_comp_start" : -1,
         "url" : "http://modified.testbed.localhost/media.townhall.com/townhall/reu/ha/uploads/2016/5/10/19.png",
         "id" : "r47",
         "comps" : [],
         "download" : {
            "receiveFirst" : 13,
            "len" : 35893,
            "dns" : 0,
            "dnsEnd" : -1,
            "receiveHeadersEnd" : 18,
            "sslEnd" : -1,
            "connectEnd" : 5,
            "connectStart" : 0,
            "id" : "download_25",
            "receivedTime" : "1074.96600004379",
            "sslStart" : -1,
            "dnsStart" : -1,
            "receiveLast" : 1056.96600004379,
            "s_time" : 580.53200005088,
            "sendEnd" : 5,
            "sendStart" : 5,
            "type" : "image/png"
         }
      },
      {
         "when_comp_start" : -1,
         "url" : "http://modified.testbed.localhost/media.townhall.com/townhall/reu/ha/2016/126/979e62b4-9045-4213-a313-2b0ae1d623b0.jpg",
         "id" : "r48",
         "comps" : [],
         "download" : {
            "receiveFirst" : 15,
            "len" : 27720,
            "dns" : 0,
            "dnsEnd" : -1,
            "receiveHeadersEnd" : 21,
            "sslEnd" : -1,
            "connectEnd" : 6,
            "connectStart" : 0,
            "id" : "download_26",
            "receivedTime" : "1075.52299997769",
            "sslStart" : -1,
            "dnsStart" : -1,
            "receiveLast" : 1054.52299997769,
            "s_time" : 581.419000052847,
            "sendEnd" : 6,
            "sendStart" : 6,
            "type" : "image/jpeg"
         }
      },
      {
         "when_comp_start" : -1,
         "url" : "http://modified.testbed.localhost/media.townhall.com/townhall/reu/ha/2015/50/2015-02-19T170657Z_1_LYNXMPEB1I0NC_RTROPTP_3_KOREA-NORTH.JPG",
         "id" : "r49",
         "comps" : [],
         "download" : {
            "receiveFirst" : 15,
            "len" : 39068,
            "dns" : 0,
            "dnsEnd" : -1,
            "receiveHeadersEnd" : 23,
            "sslEnd" : -1,
            "connectEnd" : 8,
            "connectStart" : 0,
            "id" : "download_27",
            "receivedTime" : "1076.31899998523",
            "sslStart" : -1,
            "dnsStart" : -1,
            "receiveLast" : 1053.31899998523,
            "s_time" : 582.262000069022,
            "sendEnd" : 8,
            "sendStart" : 8,
            "type" : "image/jpeg"
         }
      },
      {
         "when_comp_start" : -1,
         "url" : "http://modified.testbed.localhost/media.townhall.com/townhall/reu/ha/uploads/2016/5/10/7.png",
         "id" : "r50",
         "comps" : [],
         "download" : {
            "receiveFirst" : 10,
            "len" : 25203,
            "dns" : 0,
            "dnsEnd" : -1,
            "receiveHeadersEnd" : 29,
            "sslEnd" : -1,
            "connectEnd" : 19,
            "connectStart" : 0,
            "id" : "download_28",
            "receivedTime" : "1076.8200000748",
            "sslStart" : -1,
            "dnsStart" : -1,
            "receiveLast" : 1047.8200000748,
            "s_time" : 583.135000080802,
            "sendEnd" : 19,
            "sendStart" : 19,
            "type" : "image/png"
         }
      },
      {
         "when_comp_start" : -1,
         "url" : "http://modified.testbed.localhost/media.townhall.com/townhall/reu/ha/2016/128/aeeb4fcf-504c-407b-8fc4-7ea00943c7d1.jpg",
         "id" : "r51",
         "comps" : [],
         "download" : {
            "receiveFirst" : 11,
            "len" : 22041,
            "dns" : 0,
            "dnsEnd" : -1,
            "receiveHeadersEnd" : 35,
            "sslEnd" : -1,
            "connectEnd" : 24,
            "connectStart" : 0,
            "id" : "download_29",
            "receivedTime" : "1079.29999998305",
            "sslStart" : -1,
            "dnsStart" : -1,
            "receiveLast" : 1044.29999998305,
            "s_time" : 584.144000080414,
            "sendEnd" : 24,
            "sendStart" : 24,
            "type" : "image/jpeg"
         }
      },
      {
         "when_comp_start" : -1,
         "url" : "http://modified.testbed.localhost/media.townhall.com/townhall/reu/ha/uploads/2016/5/10/3.png",
         "id" : "r52",
         "comps" : [],
         "download" : {
            "receiveFirst" : 12,
            "len" : 29207,
            "dns" : 0,
            "dnsEnd" : -1,
            "receiveHeadersEnd" : 37,
            "sslEnd" : -1,
            "connectEnd" : 25,
            "connectStart" : 0,
            "id" : "download_30",
            "receivedTime" : "1079.62500001304",
            "sslStart" : -1,
            "dnsStart" : -1,
            "receiveLast" : 1042.62500001304,
            "s_time" : 585.350000066683,
            "sendEnd" : 25,
            "sendStart" : 25,
            "type" : "image/png"
         }
      },
      {
         "when_comp_start" : -1,
         "url" : "http://modified.testbed.localhost/media.townhall.com/townhall/reu/ha/uploads/2016/5/10/4.png",
         "id" : "r53",
         "comps" : [],
         "download" : {
            "receiveFirst" : 11,
            "len" : 29683,
            "dns" : 0,
            "dnsEnd" : -1,
            "receiveHeadersEnd" : 36,
            "sslEnd" : -1,
            "connectEnd" : 25,
            "connectStart" : 0,
            "id" : "download_31",
            "receivedTime" : "1079.99200001359",
            "sslStart" : -1,
            "dnsStart" : -1,
            "receiveLast" : 1043.99200001359,
            "s_time" : 586.469000088982,
            "sendEnd" : 25,
            "sendStart" : 25,
            "type" : "image/png"
         }
      },
      {
         "when_comp_start" : -1,
         "url" : "http://modified.testbed.localhost/media.townhall.com/townhall/reu/ha/uploads/2016/5/10/9.png",
         "id" : "r54",
         "comps" : [],
         "download" : {
            "receiveFirst" : 12,
            "len" : 26824,
            "dns" : 0,
            "dnsEnd" : -1,
            "receiveHeadersEnd" : 28,
            "sslEnd" : -1,
            "connectEnd" : 16,
            "connectStart" : 0,
            "id" : "download_32",
            "receivedTime" : "1080.34600003157",
            "sslStart" : -1,
            "dnsStart" : -1,
            "receiveLast" : 1052.34600003157,
            "s_time" : 595.557000022382,
            "sendEnd" : 16,
            "sendStart" : 16,
            "type" : "image/png"
         }
      },
      {
         "when_comp_start" : -1,
         "url" : "http://modified.testbed.localhost/media.townhall.com/Townhall/Car/b/sbr051016dAPR20160510124620.jpg",
         "id" : "r55",
         "comps" : [],
         "download" : {
            "receiveFirst" : 13,
            "len" : 24925,
            "dns" : 0,
            "dnsEnd" : -1,
            "receiveHeadersEnd" : 28,
            "sslEnd" : -1,
            "connectEnd" : 15,
            "connectStart" : 0,
            "id" : "download_33",
            "receivedTime" : "1081.52200002223",
            "sslStart" : -1,
            "dnsStart" : -1,
            "receiveLast" : 1053.52200002223,
            "s_time" : 601.998000056483,
            "sendEnd" : 15,
            "sendStart" : 15,
            "type" : "image/jpeg"
         }
      },
      {
         "when_comp_start" : -1,
         "url" : "http://modified.testbed.localhost/media.townhall.com/townhall/reu/ha/2016/128/1971ad2a-f4d7-4955-8572-6215ddf6b758.jpg",
         "id" : "r56",
         "comps" : [],
         "download" : {
            "receiveFirst" : 9,
            "len" : 38390,
            "dns" : 0,
            "dnsEnd" : -1,
            "receiveHeadersEnd" : 26,
            "sslEnd" : -1,
            "connectEnd" : 17,
            "connectStart" : 0,
            "id" : "download_34",
            "receivedTime" : "1082.01300003566",
            "sslStart" : -1,
            "dnsStart" : -1,
            "receiveLast" : 1056.01300003566,
            "s_time" : 604.487000033259,
            "sendEnd" : 17,
            "sendStart" : 17,
            "type" : "image/jpeg"
         }
      },
      {
         "when_comp_start" : -1,
         "url" : "http://modified.testbed.localhost/media.townhall.com/townhall/reu/ha/2015/248/4197da1c-efce-402e-8f83-fa22442ff75c.jpg",
         "id" : "r57",
         "comps" : [],
         "download" : {
            "receiveFirst" : 11,
            "len" : 51135,
            "dns" : 0,
            "dnsEnd" : -1,
            "receiveHeadersEnd" : 33,
            "sslEnd" : -1,
            "connectEnd" : 22,
            "connectStart" : 0,
            "id" : "download_35",
            "receivedTime" : "1085.88300005067",
            "sslStart" : -1,
            "dnsStart" : -1,
            "receiveLast" : 1052.88300005067,
            "s_time" : 607.875999994576,
            "sendEnd" : 22,
            "sendStart" : 22,
            "type" : "image/jpeg"
         }
      },
      {
         "when_comp_start" : -1,
         "url" : "http://modified.testbed.localhost/media.townhall.com/townhall/reu/ha/2016/131/2016-05-10T101420Z_1_LYNXNPEC490L5_RTROPTP_3_USA-ELECTION-SANDERS.JPG",
         "id" : "r58",
         "comps" : [],
         "download" : {
            "receiveFirst" : 11,
            "len" : 27220,
            "dns" : 0,
            "dnsEnd" : -1,
            "receiveHeadersEnd" : 32,
            "sslEnd" : -1,
            "connectEnd" : 21,
            "connectStart" : 0,
            "id" : "download_36",
            "receivedTime" : "1085.54500003811",
            "sslStart" : -1,
            "dnsStart" : -1,
            "receiveLast" : 1053.54500003811,
            "s_time" : 609.503000043333,
            "sendEnd" : 21,
            "sendStart" : 21,
            "type" : "image/jpeg"
         }
      },
      {
         "when_comp_start" : -1,
         "url" : "http://modified.testbed.localhost/media.townhall.com/townhall/reu/ha/uploads/2016/5/10/2.png",
         "id" : "r59",
         "comps" : [],
         "download" : {
            "receiveFirst" : 13,
            "len" : 31052,
            "dns" : 0,
            "dnsEnd" : -1,
            "receiveHeadersEnd" : 30,
            "sslEnd" : -1,
            "connectEnd" : 17,
            "connectStart" : 0,
            "id" : "download_37",
            "receivedTime" : "1086.43600007053",
            "sslStart" : -1,
            "dnsStart" : -1,
            "receiveLast" : 1056.43600007053,
            "s_time" : 614.765000063926,
            "sendEnd" : 17,
            "sendStart" : 17,
            "type" : "image/png"
         }
      },
      {
         "when_comp_start" : -1,
         "url" : "http://modified.testbed.localhost/media.townhall.com/townhall/reu/ha/2015/299/2015-10-26T224932Z_1_LYNXNPEB9P1BD_RTROPTP_3_USA-GUNS-POLICE.JPG",
         "id" : "r60",
         "comps" : [],
         "download" : {
            "receiveFirst" : 15,
            "len" : 20489,
            "dns" : 0,
            "dnsEnd" : -1,
            "receiveHeadersEnd" : 29,
            "sslEnd" : -1,
            "connectEnd" : 14,
            "connectStart" : 0,
            "id" : "download_38",
            "receivedTime" : "1087.92600000743",
            "sslStart" : -1,
            "dnsStart" : -1,
            "receiveLast" : 1058.92600000743,
            "s_time" : 618.758000084199,
            "sendEnd" : 14,
            "sendStart" : 14,
            "type" : "image/jpeg"
         }
      },
      {
         "when_comp_start" : -1,
         "url" : "http://modified.testbed.localhost/media.townhall.com/townhall/reu/ha/2016/130/2016-05-09T132334Z_1_LYNXNPEC480SR_RTROPTP_3_USA-ELECTION-TRUMP.JPG",
         "id" : "r61",
         "comps" : [],
         "download" : {
            "receiveFirst" : 15,
            "len" : 46252,
            "dns" : 0,
            "dnsEnd" : -1,
            "receiveHeadersEnd" : 28,
            "sslEnd" : -1,
            "connectEnd" : 13,
            "connectStart" : 0,
            "id" : "download_39",
            "receivedTime" : "1090.13700007927",
            "sslStart" : -1,
            "dnsStart" : -1,
            "receiveLast" : 1062.13700007927,
            "s_time" : 626.354000065476,
            "sendEnd" : 13,
            "sendStart" : 13,
            "type" : "image/jpeg"
         }
      },
      {
         "when_comp_start" : -1,
         "url" : "http://modified.testbed.localhost/media.townhall.com/townhall/reu/ha/2016/102/2016-04-11T151452Z_1_LYNXNPEC3A0VY_RTROPTP_3_G7-JAPAN.JPG",
         "id" : "r62",
         "comps" : [],
         "download" : {
            "receiveFirst" : 13,
            "len" : 58628,
            "dns" : 0,
            "dnsEnd" : -1,
            "receiveHeadersEnd" : 29,
            "sslEnd" : -1,
            "connectEnd" : 16,
            "connectStart" : 0,
            "id" : "download_40",
            "receivedTime" : "1090.60300001875",
            "sslStart" : -1,
            "dnsStart" : -1,
            "receiveLast" : 1061.60300001875,
            "s_time" : 627.325000008568,
            "sendEnd" : 16,
            "sendStart" : 16,
            "type" : "image/jpeg"
         }
      },
      {
         "when_comp_start" : -1,
         "url" : "http://modified.testbed.localhost/media.townhall.com/townhall/reu/ha/2014/192/f636b5ff-baeb-4ab8-98f4-8eae693e44bb.jpg",
         "id" : "r63",
         "comps" : [],
         "download" : {
            "receiveFirst" : 9,
            "len" : 35538,
            "dns" : 0,
            "dnsEnd" : -1,
            "receiveHeadersEnd" : 36,
            "sslEnd" : -1,
            "connectEnd" : 27,
            "connectStart" : 0,
            "id" : "download_41",
            "receivedTime" : "1092.12100005243",
            "sslStart" : -1,
            "dnsStart" : -1,
            "receiveLast" : 1056.12100005243,
            "s_time" : 628.096000058576,
            "sendEnd" : 27,
            "sendStart" : 27,
            "type" : "image/jpeg"
         }
      },
      {
         "when_comp_start" : -1,
         "url" : "http://modified.testbed.localhost/media.townhall.com/townhall/reu/ha/uploads/2016/5/9/2.png",
         "id" : "r64",
         "comps" : [],
         "download" : {
            "receiveFirst" : 10,
            "len" : 21981,
            "dns" : 0,
            "dnsEnd" : -1,
            "receiveHeadersEnd" : 36,
            "sslEnd" : -1,
            "connectEnd" : 26,
            "connectStart" : 0,
            "id" : "download_42",
            "receivedTime" : "1092.47500007041",
            "sslStart" : -1,
            "dnsStart" : -1,
            "receiveLast" : 1056.47500007041,
            "s_time" : 629.25500003621,
            "sendEnd" : 26,
            "sendStart" : 26,
            "type" : "image/png"
         }
      },
      {
         "when_comp_start" : -1,
         "url" : "http://modified.testbed.localhost/media.townhall.com/townhall/reu/ha/2016/131/a0b82b96-31d9-4a24-8697-ccf65bfe5ee5.jpg",
         "id" : "r65",
         "comps" : [],
         "download" : {
            "receiveFirst" : 11,
            "len" : 37220,
            "dns" : 0,
            "dnsEnd" : -1,
            "receiveHeadersEnd" : 32,
            "sslEnd" : -1,
            "connectEnd" : 21,
            "connectStart" : 0,
            "id" : "download_43",
            "receivedTime" : "1093.51500007324",
            "sslStart" : -1,
            "dnsStart" : -1,
            "receiveLast" : 1061.51500007324,
            "s_time" : 636.10600004904,
            "sendEnd" : 21,
            "sendStart" : 21,
            "type" : "image/jpeg"
         }
      },
      {
         "when_comp_start" : -1,
         "url" : "http://modified.testbed.localhost/media.townhall.com/townhall/reu/ha/2016/130/2016-05-10T015241Z_1_LYNXNPEC4901U_RTROPTP_3_USA-ELECTION-TRUMP.JPG",
         "id" : "r66",
         "comps" : [],
         "download" : {
            "receiveFirst" : 11,
            "len" : 40909,
            "dns" : 0,
            "dnsEnd" : -1,
            "receiveHeadersEnd" : 32,
            "sslEnd" : -1,
            "connectEnd" : 21,
            "connectStart" : 0,
            "id" : "download_44",
            "receivedTime" : "1094.47700006422",
            "sslStart" : -1,
            "dnsStart" : -1,
            "receiveLast" : 1062.47700006422,
            "s_time" : 638.970999978483,
            "sendEnd" : 21,
            "sendStart" : 21,
            "type" : "image/jpeg"
         }
      },
      {
         "when_comp_start" : -1,
         "url" : "http://modified.testbed.localhost/media.townhall.com/townhall/reu/ha/2016/131/2f3eb16c-844e-45fb-a30b-7771bab90bf5.jpg",
         "id" : "r67",
         "comps" : [],
         "download" : {
            "receiveFirst" : 9,
            "len" : 43633,
            "dns" : 0,
            "dnsEnd" : -1,
            "receiveHeadersEnd" : 26,
            "sslEnd" : -1,
            "connectEnd" : 17,
            "connectStart" : 0,
            "id" : "download_45",
            "receivedTime" : "1095.96800000872",
            "sslStart" : -1,
            "dnsStart" : -1,
            "receiveLast" : 1069.96800000872,
            "s_time" : 649.462000001222,
            "sendEnd" : 17,
            "sendStart" : 17,
            "type" : "image/jpeg"
         }
      },
      {
         "when_comp_start" : -1,
         "url" : "http://modified.testbed.localhost/media.townhall.com/townhall/reu/ha/2016/131/c2690685-7f99-4fca-8e76-051a15e7f073.jpg",
         "id" : "r68",
         "comps" : [],
         "download" : {
            "receiveFirst" : 9,
            "len" : 34402,
            "dns" : 0,
            "dnsEnd" : -1,
            "receiveHeadersEnd" : 26,
            "sslEnd" : -1,
            "connectEnd" : 17,
            "connectStart" : 0,
            "id" : "download_46",
            "receivedTime" : "1095.34400003031",
            "sslStart" : -1,
            "dnsStart" : -1,
            "receiveLast" : 1069.34400003031,
            "s_time" : 650.462000048719,
            "sendEnd" : 17,
            "sendStart" : 17,
            "type" : "image/jpeg"
         }
      },
      {
         "when_comp_start" : -1,
         "url" : "http://modified.testbed.localhost/media.townhall.com/townhall/reu/ha/2016/71/2016-03-03T083315Z_1_LYNXNPEC220DK_RTROPTP_3_USA-ELECTION-CLINTON-STAFFER.JPG",
         "id" : "r70",
         "comps" : [],
         "download" : {
            "receiveFirst" : 10,
            "len" : 31489,
            "dns" : 0,
            "dnsEnd" : -1,
            "receiveHeadersEnd" : 26,
            "sslEnd" : -1,
            "connectEnd" : 16,
            "connectStart" : 0,
            "id" : "download_47",
            "receivedTime" : "1097.22700004932",
            "sslStart" : -1,
            "dnsStart" : -1,
            "receiveLast" : 1071.22700004932,
            "s_time" : 656.352000078186,
            "sendEnd" : 16,
            "sendStart" : 16,
            "type" : "image/jpeg"
         }
      },
      {
         "when_comp_start" : -1,
         "url" : "http://modified.testbed.localhost/media.townhall.com/townhall/reu/ha/2016/130/e1b0340c-3f71-44f4-93eb-40dbd4f21b99.jpg",
         "id" : "r69",
         "comps" : [],
         "download" : {
            "receiveFirst" : 12,
            "len" : 19196,
            "dns" : 0,
            "dnsEnd" : -1,
            "receiveHeadersEnd" : 31,
            "sslEnd" : -1,
            "connectEnd" : 19,
            "connectStart" : 0,
            "id" : "download_48",
            "receivedTime" : "1097.77600003872",
            "sslStart" : -1,
            "dnsStart" : -1,
            "receiveLast" : 1066.77600003872,
            "s_time" : 652.943000080995,
            "sendEnd" : 19,
            "sendStart" : 19,
            "type" : "image/jpeg"
         }
      },
      {
         "when_comp_start" : -1,
         "url" : "http://modified.testbed.localhost/media.townhall.com/townhall/reu/ha/uploads/2016/5/9/7.png",
         "id" : "r71",
         "comps" : [],
         "download" : {
            "receiveFirst" : 8,
            "len" : 46608,
            "dns" : 0,
            "dnsEnd" : -1,
            "receiveHeadersEnd" : 23,
            "sslEnd" : -1,
            "connectEnd" : 15,
            "connectStart" : 0,
            "id" : "download_49",
            "receivedTime" : "1098.63100002985",
            "sslStart" : -1,
            "dnsStart" : -1,
            "receiveLast" : 1075.63100002985,
            "s_time" : 662.716999999247,
            "sendEnd" : 15,
            "sendStart" : 15,
            "type" : "image/png"
         }
      },
      {
         "when_comp_start" : -1,
         "url" : "http://modified.testbed.localhost/media.townhall.com/townhall/reu/ha/2016/79/2016-03-17T192118Z_1_LYNXNPEC2G1I6_RTROPTP_3_USA-CONGRESS-RUBIO.JPG",
         "id" : "r72",
         "comps" : [],
         "download" : {
            "receiveFirst" : 9,
            "len" : 22985,
            "dns" : 0,
            "dnsEnd" : -1,
            "receiveHeadersEnd" : 27,
            "sslEnd" : -1,
            "connectEnd" : 18,
            "connectStart" : 0,
            "id" : "download_50",
            "receivedTime" : "1099.62900006212",
            "sslStart" : -1,
            "dnsStart" : -1,
            "receiveLast" : 1072.62900006212,
            "s_time" : 663.770999992266,
            "sendEnd" : 18,
            "sendStart" : 18,
            "type" : "image/jpeg"
         }
      },
      {
         "when_comp_start" : -1,
         "url" : "http://modified.testbed.localhost/media.townhall.com/townhall/reu/ha/2016/130/c61f230a-c35a-4091-ae57-049c84482774.jpg",
         "id" : "r73",
         "comps" : [],
         "download" : {
            "receiveFirst" : 10,
            "len" : 44716,
            "dns" : 0,
            "dnsEnd" : -1,
            "receiveHeadersEnd" : 25,
            "sslEnd" : -1,
            "connectEnd" : 15,
            "connectStart" : 0,
            "id" : "download_51",
            "receivedTime" : "1100.94200004824",
            "sslStart" : -1,
            "dnsStart" : -1,
            "receiveLast" : 1075.94200004824,
            "s_time" : 669.397999998182,
            "sendEnd" : 15,
            "sendStart" : 15,
            "type" : "image/jpeg"
         }
      },
      {
         "when_comp_start" : -1,
         "url" : "http://modified.testbed.localhost/media.townhall.com/townhall/reu/ha/uploads/2016/5/9/17.png",
         "id" : "r74",
         "comps" : [],
         "download" : {
            "receiveFirst" : 9,
            "len" : 43481,
            "dns" : 0,
            "dnsEnd" : -1,
            "receiveHeadersEnd" : 25,
            "sslEnd" : -1,
            "connectEnd" : 16,
            "connectStart" : 0,
            "id" : "download_52",
            "receivedTime" : "1101.1690000305",
            "sslStart" : -1,
            "dnsStart" : -1,
            "receiveLast" : 1076.1690000305,
            "s_time" : 670.496999984607,
            "sendEnd" : 16,
            "sendStart" : 16,
            "type" : "image/png"
         }
      },
      {
         "when_comp_start" : -1,
         "url" : "http://modified.testbed.localhost/media.townhall.com/townhall/reu/ha/2016/36/7c703bd8-6748-4f93-a9cc-73db20131a81.jpg",
         "id" : "r75",
         "comps" : [],
         "download" : {
            "receiveFirst" : 8,
            "len" : 24594,
            "dns" : 0,
            "dnsEnd" : -1,
            "receiveHeadersEnd" : 25,
            "sslEnd" : -1,
            "connectEnd" : 17,
            "connectStart" : 0,
            "id" : "download_53",
            "receivedTime" : "1102.04300004989",
            "sslStart" : -1,
            "dnsStart" : -1,
            "receiveLast" : 1077.04300004989,
            "s_time" : 674.337000004016,
            "sendEnd" : 17,
            "sendStart" : 17,
            "type" : "image/jpeg"
         }
      },
      {
         "when_comp_start" : -1,
         "url" : "http://modified.testbed.localhost/media.townhall.com/townhall/reu/ha/uploads/2016/5/9/5.png",
         "id" : "r76",
         "comps" : [],
         "download" : {
            "receiveFirst" : 9,
            "len" : 13115,
            "dns" : 0,
            "dnsEnd" : -1,
            "receiveHeadersEnd" : 23,
            "sslEnd" : -1,
            "connectEnd" : 14,
            "connectStart" : 0,
            "id" : "download_54",
            "receivedTime" : "1102.47400007211",
            "sslStart" : -1,
            "dnsStart" : -1,
            "receiveLast" : 1079.47400007211,
            "s_time" : 677.877000067383,
            "sendEnd" : 14,
            "sendStart" : 14,
            "type" : "image/png"
         }
      },
      {
         "when_comp_start" : -1,
         "url" : "http://modified.testbed.localhost/media.townhall.com/townhall/reu/ha/2016/126/2016-05-05T214041Z_1_LYNXNPEC441GU_RTROPTP_3_USA-CONGRESS.JPG",
         "id" : "r77",
         "comps" : [],
         "download" : {
            "receiveFirst" : 9,
            "len" : 15080,
            "dns" : 0,
            "dnsEnd" : -1,
            "receiveHeadersEnd" : 25,
            "sslEnd" : -1,
            "connectEnd" : 16,
            "connectStart" : 0,
            "id" : "download_55",
            "receivedTime" : "1103.60800009221",
            "sslStart" : -1,
            "dnsStart" : -1,
            "receiveLast" : 1078.60800009221,
            "s_time" : 681.706000003032,
            "sendEnd" : 16,
            "sendStart" : 16,
            "type" : "image/jpeg"
         }
      },
      {
         "when_comp_start" : -1,
         "url" : "http://modified.testbed.localhost/media.townhall.com/townhall/reu/ha/2016/116/d3da9966-ce36-42f3-9d03-a7847f803bc8.jpg",
         "id" : "r78",
         "comps" : [],
         "download" : {
            "receiveFirst" : 8,
            "len" : 21474,
            "dns" : 0,
            "dnsEnd" : -1,
            "receiveHeadersEnd" : 23,
            "sslEnd" : -1,
            "connectEnd" : 15,
            "connectStart" : 0,
            "id" : "download_56",
            "receivedTime" : "1103.84800005704",
            "sslStart" : -1,
            "dnsStart" : -1,
            "receiveLast" : 1080.84800005704,
            "s_time" : 683.628000086173,
            "sendEnd" : 15,
            "sendStart" : 15,
            "type" : "image/jpeg"
         }
      },
      {
         "when_comp_start" : -1,
         "url" : "http://modified.testbed.localhost/media.townhall.com/townhall/reu/ha/2016/129/1315bb1e-35c2-4df6-9d92-b1c9dd75712a.jpg",
         "id" : "r79",
         "comps" : [],
         "download" : {
            "receiveFirst" : 10,
            "len" : 27068,
            "dns" : 0,
            "dnsEnd" : -1,
            "receiveHeadersEnd" : 25,
            "sslEnd" : -1,
            "connectEnd" : 15,
            "connectStart" : 0,
            "id" : "download_57",
            "receivedTime" : "1105.02400004771",
            "sslStart" : -1,
            "dnsStart" : -1,
            "receiveLast" : 1080.02400004771,
            "s_time" : 687.711000093259,
            "sendEnd" : 15,
            "sendStart" : 15,
            "type" : "image/jpeg"
         }
      },
      {
         "when_comp_start" : -1,
         "url" : "http://modified.testbed.localhost/media.townhall.com/townhall/reu/ha/2016/118/80fbc037-20fd-4bac-8c9a-5aa19282365f.jpg",
         "id" : "r80",
         "comps" : [],
         "download" : {
            "receiveFirst" : 11,
            "len" : 61572,
            "dns" : 0,
            "dnsEnd" : -1,
            "receiveHeadersEnd" : 24,
            "sslEnd" : -1,
            "connectEnd" : 13,
            "connectStart" : 0,
            "id" : "download_58",
            "receivedTime" : "1110.38500000723",
            "sslStart" : -1,
            "dnsStart" : -1,
            "receiveLast" : 1086.38500000723,
            "s_time" : 690.056000021286,
            "sendEnd" : 13,
            "sendStart" : 13,
            "type" : "image/jpeg"
         }
      },
      {
         "when_comp_start" : -1,
         "url" : "http://modified.testbed.localhost/media.townhall.com/townhall/reu/ha/uploads/2016/5/9/18.jpg",
         "id" : "r81",
         "comps" : [],
         "download" : {
            "receiveFirst" : 11,
            "len" : 21734,
            "dns" : 0,
            "dnsEnd" : -1,
            "receiveHeadersEnd" : 24,
            "sslEnd" : -1,
            "connectEnd" : 13,
            "connectStart" : 0,
            "id" : "download_59",
            "receivedTime" : "1106.48600000422",
            "sslStart" : -1,
            "dnsStart" : -1,
            "receiveLast" : 1082.48600000422,
            "s_time" : 693.071000045165,
            "sendEnd" : 13,
            "sendStart" : 13,
            "type" : "image/jpeg"
         }
      },
      {
         "when_comp_start" : -1,
         "url" : "http://modified.testbed.localhost/media.townhall.com/townhall/reu/ha/uploads/2016/5/9/1.png",
         "id" : "r82",
         "comps" : [],
         "download" : {
            "receiveFirst" : 9,
            "len" : 39916,
            "dns" : 0,
            "dnsEnd" : -1,
            "receiveHeadersEnd" : 21,
            "sslEnd" : -1,
            "connectEnd" : 12,
            "connectStart" : 0,
            "id" : "download_60",
            "receivedTime" : "1108.30000007991",
            "sslStart" : -1,
            "dnsStart" : -1,
            "receiveLast" : 1087.30000007991,
            "s_time" : 696.950000012293,
            "sendEnd" : 12,
            "sendStart" : 12,
            "type" : "image/png"
         }
      },
      {
         "when_comp_start" : -1,
         "url" : "http://modified.testbed.localhost/media.townhall.com/townhall/reu/ha/2016/88/2016-03-27T224049Z_1_LYNXNPEC2Q0H3_RTROPTP_3_MEXICO-GUZMAN.JPG",
         "id" : "r83",
         "comps" : [],
         "download" : {
            "receiveFirst" : 5,
            "len" : 20916,
            "dns" : 0,
            "dnsEnd" : -1,
            "receiveHeadersEnd" : 20,
            "sslEnd" : -1,
            "connectEnd" : 15,
            "connectStart" : 0,
            "id" : "download_61",
            "receivedTime" : "1107.60099999607",
            "sslStart" : -1,
            "dnsStart" : -1,
            "receiveLast" : 1087.60099999607,
            "s_time" : 700.196000048891,
            "sendEnd" : 15,
            "sendStart" : 15,
            "type" : "image/jpeg"
         }
      },
      {
         "when_comp_start" : -1,
         "url" : "http://modified.testbed.localhost/media.townhall.com/townhall/reu/ha/2016/84/2016-03-24T032018Z_1_LYNXNPEC2N03D_RTROPTP_3_USA-ELECTION.JPG",
         "id" : "r84",
         "comps" : [],
         "download" : {
            "receiveFirst" : 7,
            "len" : 20892,
            "dns" : 0,
            "dnsEnd" : -1,
            "receiveHeadersEnd" : 21,
            "sslEnd" : -1,
            "connectEnd" : 14,
            "connectStart" : 0,
            "id" : "download_62",
            "receivedTime" : "1108.7820000248",
            "sslStart" : -1,
            "dnsStart" : -1,
            "receiveLast" : 1087.7820000248,
            "s_time" : 701.288999989629,
            "sendEnd" : 14,
            "sendStart" : 14,
            "type" : "image/jpeg"
         }
      },
      {
         "when_comp_start" : -1,
         "url" : "http://modified.testbed.localhost/media.townhall.com/townhall/reu/ha/2016/127/04192e9c-5ec8-4ada-b804-01a3cd6913b8.jpg",
         "id" : "r85",
         "comps" : [],
         "download" : {
            "receiveFirst" : 7,
            "len" : 22048,
            "dns" : 0,
            "dnsEnd" : -1,
            "receiveHeadersEnd" : 21,
            "sslEnd" : -1,
            "connectEnd" : 14,
            "connectStart" : 0,
            "id" : "download_63",
            "receivedTime" : "1110.70499999914",
            "sslStart" : -1,
            "dnsStart" : -1,
            "receiveLast" : 1089.70499999914,
            "s_time" : 704.231000039726,
            "sendEnd" : 14,
            "sendStart" : 14,
            "type" : "image/jpeg"
         }
      },
      {
         "when_comp_start" : -1,
         "url" : "http://modified.testbed.localhost/media.townhall.com/thm/th_logo1.png",
         "id" : "r86",
         "comps" : [],
         "download" : {
            "receiveFirst" : 6,
            "len" : 1113,
            "dns" : 0,
            "dnsEnd" : -1,
            "receiveHeadersEnd" : 21,
            "sslEnd" : -1,
            "connectEnd" : 15,
            "connectStart" : 0,
            "id" : "download_64",
            "receivedTime" : "1109.81000005268",
            "sslStart" : -1,
            "dnsStart" : -1,
            "receiveLast" : 1088.81000005268,
            "s_time" : 705.385999986902,
            "sendEnd" : 15,
            "sendStart" : 15,
            "type" : "image/png"
         }
      },
      {
         "when_comp_start" : -1,
         "url" : "http://modified.testbed.localhost/media.townhall.com/thm/ha_logo1.png",
         "id" : "r87",
         "comps" : [],
         "download" : {
            "receiveFirst" : 7,
            "len" : 1052,
            "dns" : 0,
            "dnsEnd" : -1,
            "receiveHeadersEnd" : 20,
            "sslEnd" : -1,
            "connectEnd" : 13,
            "connectStart" : 0,
            "id" : "download_65",
            "receivedTime" : "1111.51399998926",
            "sslStart" : -1,
            "dnsStart" : -1,
            "receiveLast" : 1091.51399998926,
            "s_time" : 710.445000091568,
            "sendEnd" : 13,
            "sendStart" : 13,
            "type" : "image/png"
         }
      },
      {
         "when_comp_start" : -1,
         "url" : "http://modified.testbed.localhost/media.townhall.com/thm/ba_logo1.png",
         "id" : "r88",
         "comps" : [],
         "download" : {
            "receiveFirst" : 6,
            "len" : 1679,
            "dns" : 0,
            "dnsEnd" : -1,
            "receiveHeadersEnd" : 19,
            "sslEnd" : -1,
            "connectEnd" : 12,
            "connectStart" : 0,
            "id" : "download_66",
            "receivedTime" : "1112.1540000895",
            "sslStart" : -1,
            "dnsStart" : -1,
            "receiveLast" : 1093.1540000895,
            "s_time" : 711.941000074148,
            "sendEnd" : 13,
            "sendStart" : 12,
            "type" : "image/png"
         }
      },
      {
         "when_comp_start" : -1,
         "url" : "http://modified.testbed.localhost/media.townhall.com/thm/tw_logo1.png",
         "id" : "r89",
         "comps" : [],
         "download" : {
            "receiveFirst" : 8,
            "len" : 1720,
            "dns" : 0,
            "dnsEnd" : -1,
            "receiveHeadersEnd" : 17,
            "sslEnd" : -1,
            "connectEnd" : 9,
            "connectStart" : 0,
            "id" : "download_67",
            "receivedTime" : "1112.53799998667",
            "sslStart" : -1,
            "dnsStart" : -1,
            "receiveLast" : 1095.53799998667,
            "s_time" : 716.841000015847,
            "sendEnd" : 9,
            "sendStart" : 9,
            "type" : "image/png"
         }
      },
      {
         "when_comp_start" : -1,
         "url" : "http://modified.testbed.localhost/media.townhall.com/thm/rs_logo1.png",
         "id" : "r90",
         "comps" : [],
         "download" : {
            "receiveFirst" : 6,
            "len" : 1521,
            "dns" : 0,
            "dnsEnd" : -1,
            "receiveHeadersEnd" : 17,
            "sslEnd" : -1,
            "connectEnd" : 10,
            "connectStart" : 0,
            "id" : "download_68",
            "receivedTime" : "1113.66999999154",
            "sslStart" : -1,
            "dnsStart" : -1,
            "receiveLast" : 1096.66999999154,
            "s_time" : 719.577000010759,
            "sendEnd" : 11,
            "sendStart" : 10,
            "type" : "image/png"
         }
      },
      {
         "when_comp_start" : -1,
         "url" : "http://modified.testbed.localhost/media.townhall.com/thm/he_logo1.png",
         "id" : "r91",
         "comps" : [],
         "download" : {
            "receiveFirst" : 7,
            "len" : 1378,
            "dns" : 0,
            "dnsEnd" : -1,
            "receiveHeadersEnd" : 15,
            "sslEnd" : -1,
            "connectEnd" : 8,
            "connectStart" : 0,
            "id" : "download_69",
            "receivedTime" : "1114.07500004862",
            "sslStart" : -1,
            "dnsStart" : -1,
            "receiveLast" : 1099.07500004862,
            "s_time" : 721.937000053003,
            "sendEnd" : 8,
            "sendStart" : 8,
            "type" : "image/png"
         }
      },
      {
         "when_comp_start" : -1,
         "url" : "http://modified.testbed.localhost/media.townhall.com/_townhall/resources/images/thmplus.png",
         "id" : "r92",
         "comps" : [],
         "download" : {
            "receiveFirst" : 8,
            "len" : 3872,
            "dns" : 0,
            "dnsEnd" : -1,
            "receiveHeadersEnd" : 15,
            "sslEnd" : -1,
            "connectEnd" : 7,
            "connectStart" : 0,
            "id" : "download_70",
            "receivedTime" : "1114.7709999932",
            "sslStart" : -1,
            "dnsStart" : -1,
            "receiveLast" : 1099.7709999932,
            "s_time" : 723.418000037782,
            "sendEnd" : 7,
            "sendStart" : 7,
            "type" : "image/png"
         }
      },
      {
         "when_comp_start" : -1,
         "url" : "http://modified.testbed.localhost/media.townhall.com/_townhall/resources/images/TownhallLogo.png",
         "id" : "r93",
         "comps" : [],
         "download" : {
            "receiveFirst" : 5,
            "len" : 15360,
            "dns" : 0,
            "dnsEnd" : -1,
            "receiveHeadersEnd" : 16,
            "sslEnd" : -1,
            "connectEnd" : 11,
            "connectStart" : 0,
            "id" : "download_71",
            "receivedTime" : "1115.9939999925",
            "sslStart" : -1,
            "dnsStart" : -1,
            "receiveLast" : 1099.9939999925,
            "s_time" : 725.153000093997,
            "sendEnd" : 11,
            "sendStart" : 11,
            "type" : "image/png"
         }
      },
      {
         "when_comp_start" : -1,
         "url" : "http://modified.testbed.localhost/media.townhall.com/townhall/reu/ha/uploads/2016/5/8/2.png",
         "id" : "r94",
         "comps" : [],
         "download" : {
            "receiveFirst" : 5,
            "len" : 44336,
            "dns" : 0,
            "dnsEnd" : -1,
            "receiveHeadersEnd" : 13,
            "sslEnd" : -1,
            "connectEnd" : 8,
            "connectStart" : 0,
            "id" : "download_72",
            "receivedTime" : "1121.06400006451",
            "sslStart" : -1,
            "dnsStart" : -1,
            "receiveLast" : 1108.06400006451,
            "s_time" : 728.432000032626,
            "sendEnd" : 8,
            "sendStart" : 8,
            "type" : "image/png"
         }
      },
      {
         "when_comp_start" : -1,
         "url" : "http://modified.testbed.localhost/media.townhall.com/townhall/reu/ha/2016/74/2016-03-14T172106Z_1_LYNXNPEC2D15H_RTROPTP_3_USA-ELECTION-ROMNEY.JPG",
         "id" : "r95",
         "comps" : [],
         "download" : {
            "receiveFirst" : 6,
            "len" : 20820,
            "dns" : 0,
            "dnsEnd" : -1,
            "receiveHeadersEnd" : 14,
            "sslEnd" : -1,
            "connectEnd" : 8,
            "connectStart" : 0,
            "id" : "download_73",
            "receivedTime" : "1117.01400007587",
            "sslStart" : -1,
            "dnsStart" : -1,
            "receiveLast" : 1103.01400007587,
            "s_time" : 729.240000015125,
            "sendEnd" : 8,
            "sendStart" : 8,
            "type" : "image/jpeg"
         }
      },
      {
         "when_comp_start" : -1,
         "url" : "http://modified.testbed.localhost/media.townhall.com/townhall/reu/ha/uploads/2016/5/8/7.png",
         "id" : "r96",
         "comps" : [],
         "download" : {
            "receiveFirst" : 5,
            "len" : 17464,
            "dns" : 0,
            "dnsEnd" : -1,
            "receiveHeadersEnd" : 15,
            "sslEnd" : -1,
            "connectEnd" : 10,
            "connectStart" : 0,
            "id" : "download_74",
            "receivedTime" : "1118.00200003199",
            "sslStart" : -1,
            "dnsStart" : -1,
            "receiveLast" : 1103.00200003199,
            "s_time" : 730.007000034675,
            "sendEnd" : 10,
            "sendStart" : 10,
            "type" : "image/png"
         }
      },
      {
         "when_comp_start" : -1,
         "url" : "http://modified.testbed.localhost/media.townhall.com/townhall/reu/ha/2016/126/d1388247-24bd-4afd-8c3d-35621a53e033.jpg",
         "id" : "r97",
         "comps" : [],
         "download" : {
            "receiveFirst" : 7,
            "len" : 18501,
            "dns" : 0,
            "dnsEnd" : -1,
            "receiveHeadersEnd" : 14,
            "sslEnd" : -1,
            "connectEnd" : 7,
            "connectStart" : 0,
            "id" : "download_75",
            "receivedTime" : "1118.93700005021",
            "sslStart" : -1,
            "dnsStart" : -1,
            "receiveLast" : 1104.93700005021,
            "s_time" : 733.414000016637,
            "sendEnd" : 7,
            "sendStart" : 7,
            "type" : "image/jpeg"
         }
      },
      {
         "when_comp_start" : -1,
         "url" : "http://modified.testbed.localhost/media.townhall.com/townhall/reu/ha/2016/105/4bc06468-7af6-46ed-91a7-e63f9232979d.jpg",
         "id" : "r98",
         "comps" : [],
         "download" : {
            "receiveFirst" : 8,
            "len" : 21852,
            "dns" : 0,
            "dnsEnd" : -1,
            "receiveHeadersEnd" : 14,
            "sslEnd" : -1,
            "connectEnd" : 6,
            "connectStart" : 0,
            "id" : "download_76",
            "receivedTime" : "1119.74800005555",
            "sslStart" : -1,
            "dnsStart" : -1,
            "receiveLast" : 1105.74800005555,
            "s_time" : 734.989000018686,
            "sendEnd" : 6,
            "sendStart" : 6,
            "type" : "image/jpeg"
         }
      },
      {
         "when_comp_start" : -1,
         "url" : "http://modified.testbed.localhost/media.townhall.com/townhall/reu/ha/2016/125/772faffc-0b31-4feb-8828-fa99d35d6b6f.jpg",
         "id" : "r99",
         "comps" : [],
         "download" : {
            "receiveFirst" : 8,
            "len" : 18578,
            "dns" : 0,
            "dnsEnd" : -1,
            "receiveHeadersEnd" : 15,
            "sslEnd" : -1,
            "connectEnd" : 7,
            "connectStart" : 0,
            "id" : "download_77",
            "receivedTime" : "1120.74300006498",
            "sslStart" : -1,
            "dnsStart" : -1,
            "receiveLast" : 1105.74300006498,
            "s_time" : 735.856999992393,
            "sendEnd" : 7,
            "sendStart" : 7,
            "type" : "image/jpeg"
         }
      },
      {
         "when_comp_start" : -1,
         "url" : "http://modified.testbed.localhost/townhall.com/resources/lib/blazy/blazy.min.js",
         "id" : "r100",
         "comps" : [
            {
               "s_time" : 1167.5169999944,
               "time" : 3.58600006438996,
               "type" : 1,
               "id" : "comp_118",
               "e_time" : 1171.10300005879
            }
         ],
         "download" : {
            "receiveFirst" : 14,
            "len" : 4544,
            "dns" : 0,
            "dnsEnd" : -1,
            "receiveHeadersEnd" : 26,
            "sslEnd" : -1,
            "connectEnd" : 12,
            "connectStart" : 0,
            "id" : "download_78",
            "receivedTime" : "1167.3980000196",
            "sslStart" : -1,
            "dnsStart" : -1,
            "receiveLast" : 1141.3980000196,
            "s_time" : 1068.30500008073,
            "sendEnd" : 12,
            "sendStart" : 12,
            "type" : "application/javascript"
         }
      },
      {
         "when_comp_start" : -1,
         "url" : "http://modified.testbed.localhost/townhall.com/resources/js/bootstrap.min.js",
         "id" : "r101",
         "comps" : [
            {
               "s_time" : 1172.44200001005,
               "time" : 17.83400005661,
               "type" : 1,
               "id" : "comp_121",
               "e_time" : 1190.27600006666
            }
         ],
         "download" : {
            "receiveFirst" : 15,
            "len" : 37055,
            "dns" : 0,
            "dnsEnd" : -1,
            "receiveHeadersEnd" : 28,
            "sslEnd" : -1,
            "connectEnd" : 13,
            "connectStart" : 0,
            "id" : "download_79",
            "receivedTime" : "1172.32500005048",
            "sslStart" : -1,
            "dnsStart" : -1,
            "receiveLast" : 1144.32500005048,
            "s_time" : 1068.76799999736,
            "sendEnd" : 13,
            "sendStart" : 13,
            "type" : "application/javascript"
         }
      },
      {
         "when_comp_start" : -1,
         "url" : "http://modified.testbed.localhost/townhall.com/resources/js/th.js",
         "id" : "r102",
         "comps" : [
            {
               "s_time" : 1190.40299998596,
               "time" : 1.44600006752012,
               "type" : 1,
               "id" : "comp_124",
               "e_time" : 1191.84900005348
            }
         ],
         "download" : {
            "receiveFirst" : 16,
            "len" : 8099,
            "dns" : 0,
            "dnsEnd" : -1,
            "receiveHeadersEnd" : 29,
            "sslEnd" : -1,
            "connectEnd" : 13,
            "connectStart" : 0,
            "id" : "download_80",
            "receivedTime" : "1171.99599999003",
            "sslStart" : -1,
            "dnsStart" : -1,
            "receiveLast" : 1142.99599999003,
            "s_time" : 1069.14999999572,
            "sendEnd" : 13,
            "sendStart" : 13,
            "type" : "application/javascript"
         }
      },
      {
         "when_comp_start" : -1,
         "url" : "http://modified.testbed.localhost/townhall.com/resources/js/header.js",
         "id" : "r103",
         "comps" : [
            {
               "s_time" : 1191.9610000914,
               "time" : 0.854999991130171,
               "type" : 1,
               "id" : "comp_127",
               "e_time" : 1192.81600008253
            }
         ],
         "download" : {
            "receiveFirst" : 16,
            "len" : 2088,
            "dns" : 0,
            "dnsEnd" : -1,
            "receiveHeadersEnd" : 29,
            "sslEnd" : -1,
            "connectEnd" : 13,
            "connectStart" : 0,
            "id" : "download_81",
            "receivedTime" : "1167.12900006678",
            "sslStart" : -1,
            "dnsStart" : -1,
            "receiveLast" : 1138.12900006678,
            "s_time" : 1069.54300007783,
            "sendEnd" : 13,
            "sendStart" : 13,
            "type" : "application/javascript"
         }
      },
      {
         "when_comp_start" : -1,
         "url" : "http://modified.testbed.localhost/townhall.com/resources/lib/jquery-waypoints/lib/jquery.waypoints.min.js",
         "id" : "r104",
         "comps" : [
            {
               "s_time" : 1193.25800007209,
               "time" : 4.2139999568501,
               "type" : 1,
               "id" : "comp_130",
               "e_time" : 1197.47200002894
            }
         ],
         "download" : {
            "receiveFirst" : 14,
            "len" : 8839,
            "dns" : 0,
            "dnsEnd" : -1,
            "receiveHeadersEnd" : 30,
            "sslEnd" : -1,
            "connectEnd" : 16,
            "connectStart" : 0,
            "id" : "download_82",
            "receivedTime" : "1193.07600008324",
            "sslStart" : -1,
            "dnsStart" : -1,
            "receiveLast" : 1163.07600008324,
            "s_time" : 1070.96100004856,
            "sendEnd" : 16,
            "sendStart" : 16,
            "type" : "application/javascript"
         }
      },
      {
         "when_comp_start" : -1,
         "url" : "http://modified.testbed.localhost/townhall.com/resources/lib/jquery-waypoints/lib/shortcuts/inview.min.js",
         "id" : "r105",
         "comps" : [
            {
               "s_time" : 1197.85400002729,
               "time" : 1.38599995989989,
               "type" : 1,
               "id" : "comp_133",
               "e_time" : 1199.23999998719
            }
         ],
         "download" : {
            "receiveFirst" : 15,
            "len" : 1729,
            "dns" : 0,
            "dnsEnd" : -1,
            "receiveHeadersEnd" : 31,
            "sslEnd" : -1,
            "connectEnd" : 16,
            "connectStart" : 0,
            "id" : "download_83",
            "receivedTime" : "1197.71500001661",
            "sslStart" : -1,
            "dnsStart" : -1,
            "receiveLast" : 1166.71500001661,
            "s_time" : 1071.41800003592,
            "sendEnd" : 16,
            "sendStart" : 16,
            "type" : "application/javascript"
         }
      },
      {
         "when_comp_start" : -1,
         "url" : "http://modified.testbed.localhost/townhall.com/resources/js/screentime.js",
         "id" : "r106",
         "comps" : [
            {
               "s_time" : 1200.90000005439,
               "time" : 2.15299997943998,
               "type" : 1,
               "id" : "comp_136",
               "e_time" : 1203.05300003383
            }
         ],
         "download" : {
            "receiveFirst" : 11,
            "len" : 4896,
            "dns" : 0,
            "dnsEnd" : -1,
            "receiveHeadersEnd" : 48,
            "sslEnd" : -1,
            "connectEnd" : 36,
            "connectStart" : 0,
            "id" : "download_84",
            "receivedTime" : "1200.76600008179",
            "sslStart" : -1,
            "dnsStart" : -1,
            "receiveLast" : 1152.76600008179,
            "s_time" : 1071.76700001583,
            "sendEnd" : 37,
            "sendStart" : 36,
            "type" : "application/javascript"
         }
      },
      {
         "when_comp_start" : -1,
         "url" : "http://modified.testbed.localhost/townhall.com/resources/js/sc.js",
         "id" : "r107",
         "comps" : [
            {
               "s_time" : 1203.44800001476,
               "time" : 1.03499996475989,
               "type" : 1,
               "id" : "comp_139",
               "e_time" : 1204.48299997952
            }
         ],
         "download" : {
            "receiveFirst" : 11,
            "len" : 3917,
            "dns" : 0,
            "dnsEnd" : -1,
            "receiveHeadersEnd" : 48,
            "sslEnd" : -1,
            "connectEnd" : 37,
            "connectStart" : 0,
            "id" : "download_85",
            "receivedTime" : "1203.30400008243",
            "sslStart" : -1,
            "dnsStart" : -1,
            "receiveLast" : 1155.30400008243,
            "s_time" : 1072.16400001198,
            "sendEnd" : 37,
            "sendStart" : 37,
            "type" : "application/javascript"
         }
      },
      {
         "when_comp_start" : -1,
         "url" : "http://modified.testbed.localhost/townhall.com/resources/js/jquery.cookie.1.4.1.js",
         "id" : "r108",
         "comps" : [
            {
               "s_time" : 1204.89799999632,
               "time" : 1.48199999239,
               "type" : 1,
               "id" : "comp_142",
               "e_time" : 1206.37999998871
            }
         ],
         "download" : {
            "receiveFirst" : 8,
            "len" : 1816,
            "dns" : 0,
            "dnsEnd" : -1,
            "receiveHeadersEnd" : 49,
            "sslEnd" : -1,
            "connectEnd" : 40,
            "connectStart" : 0,
            "id" : "download_86",
            "receivedTime" : "1204.74499999546",
            "sslStart" : -1,
            "dnsStart" : -1,
            "receiveLast" : 1155.74499999546,
            "s_time" : 1072.61899998412,
            "sendEnd" : 41,
            "sendStart" : 40,
            "type" : "application/javascript"
         }
      },
      {
         "when_comp_start" : -1,
         "url" : "http://modified.testbed.localhost/townhall.com/resources/fonts/SourceSansPro-Regular-webfont.woff",
         "id" : "r16",
         "comps" : [],
         "download" : {
            "receiveFirst" : 7,
            "len" : 16588,
            "dns" : 0,
            "dnsEnd" : -1,
            "receiveHeadersEnd" : 40,
            "sslEnd" : -1,
            "connectEnd" : 33,
            "connectStart" : 0,
            "id" : "download_87",
            "receivedTime" : "1211.07900002971",
            "sslStart" : -1,
            "dnsStart" : -1,
            "receiveLast" : 1171.07900002971,
            "s_time" : 1084.95500008576,
            "sendEnd" : 33,
            "sendStart" : 33,
            "type" : "application/octet-stream"
         }
      },
      {
         "when_comp_start" : -1,
         "url" : "http://modified.testbed.localhost/townhall.com/resources/fonts/SourceSansPro-Bold-webfont.woff",
         "id" : "r15",
         "comps" : [],
         "download" : {
            "receiveFirst" : 6,
            "len" : 16104,
            "dns" : 0,
            "dnsEnd" : -1,
            "receiveHeadersEnd" : 39,
            "sslEnd" : -1,
            "connectEnd" : 33,
            "connectStart" : 0,
            "id" : "download_88",
            "receivedTime" : "1212.65400003176",
            "sslStart" : -1,
            "dnsStart" : -1,
            "receiveLast" : 1173.65400003176,
            "s_time" : 1085.44900000561,
            "sendEnd" : 33,
            "sendStart" : 33,
            "type" : "application/octet-stream"
         }
      },
      {
         "when_comp_start" : -1,
         "url" : "http://modified.testbed.localhost/maxcdn.bootstrapcdn.com/font-awesome/4.5.0/fonts/fontawesome-webfont.woff%3Fv=4.5.0",
         "id" : "r17",
         "comps" : [],
         "download" : {
            "receiveFirst" : 7,
            "len" : 83588,
            "dns" : 0,
            "dnsEnd" : -1,
            "receiveHeadersEnd" : 40,
            "sslEnd" : -1,
            "connectEnd" : 32,
            "connectStart" : 0,
            "id" : "download_89",
            "receivedTime" : "1215.8070000587",
            "sslStart" : -1,
            "dnsStart" : -1,
            "receiveLast" : 1175.8070000587,
            "s_time" : 1085.85999999195,
            "sendEnd" : 33,
            "sendStart" : 32,
            "type" : "application/octet-stream"
         }
      },
      {
         "when_comp_start" : -1,
         "url" : "http://modified.testbed.localhost/townhall.com/resources/fonts/Heuristica-Bold.woff",
         "id" : "r13",
         "comps" : [],
         "download" : {
            "receiveFirst" : 4,
            "len" : 81892,
            "dns" : 0,
            "dnsEnd" : -1,
            "receiveHeadersEnd" : 42,
            "sslEnd" : -1,
            "connectEnd" : 38,
            "connectStart" : 0,
            "id" : "download_90",
            "receivedTime" : "1220.80400004052",
            "sslStart" : -1,
            "dnsStart" : -1,
            "receiveLast" : 1178.80400004052,
            "s_time" : 1086.19100006763,
            "sendEnd" : 38,
            "sendStart" : 38,
            "type" : "application/octet-stream"
         }
      },
      {
         "when_comp_start" : 1,
         "url" : "http://modified.testbed.localhost/ajax.googleapis.com/ajax/libs/jquery/2.1.4/jquery.min.map",
         "id" : "r109",
         "comps" : [],
         "download" : {
            "receiveFirst" : 3,
            "len" : 347,
            "dns" : 0,
            "dnsEnd" : -1,
            "receiveHeadersEnd" : 5,
            "sslEnd" : -1,
            "connectEnd" : 2,
            "connectStart" : 0,
            "id" : "download_91",
            "receivedTime" : "1362.53699997906",
            "sslStart" : -1,
            "dnsStart" : -1,
            "receiveLast" : 1357.53699997906,
            "s_time" : 1164.5220000064,
            "sendEnd" : 2,
            "sendStart" : 2,
            "type" : "text/html"
         }
      },
      {
         "when_comp_start" : 1,
         "url" : "http://modified.testbed.localhost/widget/breakingnewsbar",
         "id" : "r113",
         "comps" : [],
         "download" : {
            "receiveFirst" : 4,
            "len" : 312,
            "dns" : 0,
            "dnsEnd" : -1,
            "receiveHeadersEnd" : 5,
            "sslEnd" : -1,
            "connectEnd" : 1,
            "connectStart" : 0,
            "id" : "download_92",
            "receivedTime" : "1429.26800006535",
            "sslStart" : -1,
            "dnsStart" : -1,
            "receiveLast" : 1424.26800006535,
            "s_time" : 1409.54900009092,
            "sendEnd" : 1,
            "sendStart" : 1,
            "type" : "text/html"
         }
      }
   ],
   "deps" : [
      {
         "a2" : "r1_c2",
         "time" : -1,
         "id" : "dep1",
         "a1" : "comp_6"
      },
      {
         "a2" : "r1_c3",
         "time" : -1,
         "id" : "dep2",
         "a1" : "comp_9"
      },
      {
         "a2" : "r1_c4",
         "time" : -1,
         "id" : "dep3",
         "a1" : "comp_18"
      },
      {
         "a2" : "r1_c5",
         "time" : -1,
         "id" : "dep4",
         "a1" : "comp_32"
      },
      {
         "a2" : "r1_c6",
         "time" : -1,
         "id" : "dep5",
         "a1" : "comp_33"
      },
      {
         "a2" : "r1_c7",
         "time" : -1,
         "id" : "dep6",
         "a1" : "comp_118"
      },
      {
         "a2" : "r1_c8",
         "time" : -1,
         "id" : "dep7",
         "a1" : "comp_121"
      },
      {
         "a2" : "r1_c9",
         "time" : -1,
         "id" : "dep8",
         "a1" : "comp_124"
      },
      {
         "a2" : "r1_c10",
         "time" : -1,
         "id" : "dep9",
         "a1" : "comp_127"
      },
      {
         "a2" : "r1_c11",
         "time" : -1,
         "id" : "dep10",
         "a1" : "comp_130"
      },
      {
         "a2" : "r1_c12",
         "time" : -1,
         "id" : "dep11",
         "a1" : "comp_133"
      },
      {
         "a2" : "r1_c13",
         "time" : -1,
         "id" : "dep12",
         "a1" : "comp_136"
      },
      {
         "a2" : "r1_c14",
         "time" : -1,
         "id" : "dep13",
         "a1" : "comp_139"
      },
      {
         "a2" : "r1_c15",
         "time" : -1,
         "id" : "dep14",
         "a1" : "comp_142"
      },
      {
         "a2" : "comp_9",
         "time" : -1,
         "id" : "dep15",
         "a1" : "comp_6"
      },
      {
         "a2" : "comp_33",
         "time" : -1,
         "id" : "dep16",
         "a1" : "comp_32"
      },
      {
         "a2" : "comp_121",
         "time" : -1,
         "id" : "dep17",
         "a1" : "comp_118"
      },
      {
         "a2" : "comp_124",
         "time" : -1,
         "id" : "dep18",
         "a1" : "comp_121"
      },
      {
         "a2" : "comp_127",
         "time" : -1,
         "id" : "dep19",
         "a1" : "comp_124"
      },
      {
         "a2" : "comp_130",
         "time" : -1,
         "id" : "dep20",
         "a1" : "comp_127"
      },
      {
         "a2" : "comp_133",
         "time" : -1,
         "id" : "dep21",
         "a1" : "comp_130"
      },
      {
         "a2" : "comp_136",
         "time" : -1,
         "id" : "dep22",
         "a1" : "comp_133"
      },
      {
         "a2" : "comp_139",
         "time" : -1,
         "id" : "dep23",
         "a1" : "comp_136"
      },
      {
         "a2" : "comp_142",
         "time" : -1,
         "id" : "dep24",
         "a1" : "comp_139"
      },
      {
         "a2" : "download_92",
         "time" : -1,
         "id" : "dep25",
         "a1" : "r1_c15"
      },
      {
         "a2" : "download_91",
         "time" : -1,
         "id" : "dep26",
         "a1" : "r1_c6"
      },
      {
         "a2" : "download_90",
         "time" : 550.909999990837,
         "id" : "dep27",
         "a1" : "r1_c6"
      },
      {
         "a2" : "download_89",
         "time" : 550.578999915157,
         "id" : "dep28",
         "a1" : "r1_c6"
      },
      {
         "a2" : "download_88",
         "time" : 550.167999928817,
         "id" : "dep29",
         "a1" : "r1_c6"
      },
      {
         "a2" : "download_87",
         "time" : 549.674000008967,
         "id" : "dep30",
         "a1" : "r1_c6"
      },
      {
         "a2" : "download_86",
         "time" : 537.337999907327,
         "id" : "dep31",
         "a1" : "r1_c6"
      },
      {
         "a2" : "download_85",
         "time" : 536.882999935187,
         "id" : "dep32",
         "a1" : "r1_c6"
      },
      {
         "a2" : "download_84",
         "time" : 536.485999939037,
         "id" : "dep33",
         "a1" : "r1_c6"
      },
      {
         "a2" : "download_83",
         "time" : 536.136999959127,
         "id" : "dep34",
         "a1" : "r1_c6"
      },
      {
         "a2" : "download_82",
         "time" : 535.679999971767,
         "id" : "dep35",
         "a1" : "r1_c6"
      },
      {
         "a2" : "download_81",
         "time" : 534.262000001037,
         "id" : "dep36",
         "a1" : "r1_c6"
      },
      {
         "a2" : "download_81",
         "time" : 534.262000001037,
         "id" : "dep37",
         "a1" : "r1_c6"
      },
      {
         "a2" : "download_80",
         "time" : 533.868999918927,
         "id" : "dep38",
         "a1" : "r1_c6"
      },
      {
         "a2" : "download_80",
         "time" : 533.868999918927,
         "id" : "dep39",
         "a1" : "r1_c6"
      },
      {
         "a2" : "download_79",
         "time" : 533.486999920567,
         "id" : "dep40",
         "a1" : "r1_c6"
      },
      {
         "a2" : "download_79",
         "time" : 533.486999920567,
         "id" : "dep41",
         "a1" : "r1_c6"
      },
      {
         "a2" : "download_78",
         "time" : 533.024000003937,
         "id" : "dep42",
         "a1" : "r1_c6"
      },
      {
         "a2" : "download_77",
         "time" : 200.5759999156,
         "id" : "dep43",
         "a1" : "r1_c6"
      },
      {
         "a2" : "download_76",
         "time" : 199.707999941893,
         "id" : "dep44",
         "a1" : "r1_c6"
      },
      {
         "a2" : "download_75",
         "time" : 198.132999939844,
         "id" : "dep45",
         "a1" : "r1_c6"
      },
      {
         "a2" : "download_74",
         "time" : 194.725999957882,
         "id" : "dep46",
         "a1" : "r1_c6"
      },
      {
         "a2" : "download_73",
         "time" : 193.958999938332,
         "id" : "dep47",
         "a1" : "r1_c6"
      },
      {
         "a2" : "download_72",
         "time" : 193.150999955833,
         "id" : "dep48",
         "a1" : "r1_c6"
      },
      {
         "a2" : "download_71",
         "time" : 189.872000017204,
         "id" : "dep49",
         "a1" : "r1_c6"
      },
      {
         "a2" : "download_70",
         "time" : 188.136999960989,
         "id" : "dep50",
         "a1" : "r1_c6"
      },
      {
         "a2" : "download_69",
         "time" : 186.65599997621,
         "id" : "dep51",
         "a1" : "r1_c6"
      },
      {
         "a2" : "download_68",
         "time" : 184.295999933966,
         "id" : "dep52",
         "a1" : "r1_c6"
      },
      {
         "a2" : "download_67",
         "time" : 181.559999939054,
         "id" : "dep53",
         "a1" : "r1_c6"
      },
      {
         "a2" : "download_66",
         "time" : 176.659999997355,
         "id" : "dep54",
         "a1" : "r1_c6"
      },
      {
         "a2" : "download_65",
         "time" : 175.164000014775,
         "id" : "dep55",
         "a1" : "r1_c6"
      },
      {
         "a2" : "download_64",
         "time" : 170.104999910109,
         "id" : "dep56",
         "a1" : "r1_c6"
      },
      {
         "a2" : "download_63",
         "time" : 168.949999962933,
         "id" : "dep57",
         "a1" : "r1_c6"
      },
      {
         "a2" : "download_62",
         "time" : 166.007999912836,
         "id" : "dep58",
         "a1" : "r1_c6"
      },
      {
         "a2" : "download_61",
         "time" : 164.914999972098,
         "id" : "dep59",
         "a1" : "r1_c6"
      },
      {
         "a2" : "download_60",
         "time" : 161.6689999355,
         "id" : "dep60",
         "a1" : "r1_c6"
      },
      {
         "a2" : "download_59",
         "time" : 157.789999968372,
         "id" : "dep61",
         "a1" : "r1_c6"
      },
      {
         "a2" : "download_58",
         "time" : 154.774999944493,
         "id" : "dep62",
         "a1" : "r1_c6"
      },
      {
         "a2" : "download_57",
         "time" : 152.430000016466,
         "id" : "dep63",
         "a1" : "r1_c6"
      },
      {
         "a2" : "download_56",
         "time" : 148.34700000938,
         "id" : "dep64",
         "a1" : "r1_c6"
      },
      {
         "a2" : "download_55",
         "time" : 146.424999926239,
         "id" : "dep65",
         "a1" : "r1_c6"
      },
      {
         "a2" : "download_54",
         "time" : 142.59599999059,
         "id" : "dep66",
         "a1" : "r1_c6"
      },
      {
         "a2" : "download_53",
         "time" : 139.055999927223,
         "id" : "dep67",
         "a1" : "r1_c6"
      },
      {
         "a2" : "download_52",
         "time" : 135.215999907814,
         "id" : "dep68",
         "a1" : "r1_c6"
      },
      {
         "a2" : "download_51",
         "time" : 134.116999921389,
         "id" : "dep69",
         "a1" : "r1_c6"
      },
      {
         "a2" : "download_50",
         "time" : 128.489999915473,
         "id" : "dep70",
         "a1" : "r1_c6"
      },
      {
         "a2" : "download_49",
         "time" : 127.435999922454,
         "id" : "dep71",
         "a1" : "r1_c6"
      },
      {
         "a2" : "download_48",
         "time" : 117.662000004202,
         "id" : "dep72",
         "a1" : "r1_c6"
      },
      {
         "a2" : "download_47",
         "time" : 121.071000001393,
         "id" : "dep73",
         "a1" : "r1_c6"
      },
      {
         "a2" : "download_46",
         "time" : 115.180999971926,
         "id" : "dep74",
         "a1" : "r1_c6"
      },
      {
         "a2" : "download_45",
         "time" : 114.180999924429,
         "id" : "dep75",
         "a1" : "r1_c6"
      },
      {
         "a2" : "download_44",
         "time" : 103.68999990169,
         "id" : "dep76",
         "a1" : "r1_c6"
      },
      {
         "a2" : "download_43",
         "time" : 100.824999972247,
         "id" : "dep77",
         "a1" : "r1_c6"
      },
      {
         "a2" : "download_42",
         "time" : 93.973999959417,
         "id" : "dep78",
         "a1" : "r1_c6"
      },
      {
         "a2" : "download_41",
         "time" : 92.814999981783,
         "id" : "dep79",
         "a1" : "r1_c6"
      },
      {
         "a2" : "download_40",
         "time" : 92.043999931775,
         "id" : "dep80",
         "a1" : "r1_c6"
      },
      {
         "a2" : "download_39",
         "time" : 91.072999988683,
         "id" : "dep81",
         "a1" : "r1_c6"
      },
      {
         "a2" : "download_38",
         "time" : 83.477000007406,
         "id" : "dep82",
         "a1" : "r1_c6"
      },
      {
         "a2" : "download_37",
         "time" : 79.483999987133,
         "id" : "dep83",
         "a1" : "r1_c6"
      },
      {
         "a2" : "download_36",
         "time" : 74.22199996654,
         "id" : "dep84",
         "a1" : "r1_c6"
      },
      {
         "a2" : "download_35",
         "time" : 72.594999917783,
         "id" : "dep85",
         "a1" : "r1_c6"
      },
      {
         "a2" : "download_34",
         "time" : 69.205999956466,
         "id" : "dep86",
         "a1" : "r1_c6"
      },
      {
         "a2" : "download_33",
         "time" : 66.7169999796899,
         "id" : "dep87",
         "a1" : "r1_c6"
      },
      {
         "a2" : "download_32",
         "time" : 60.275999945589,
         "id" : "dep88",
         "a1" : "r1_c6"
      },
      {
         "a2" : "download_31",
         "time" : 51.188000012189,
         "id" : "dep89",
         "a1" : "r1_c6"
      },
      {
         "a2" : "download_30",
         "time" : 50.06899998989,
         "id" : "dep90",
         "a1" : "r1_c6"
      },
      {
         "a2" : "download_29",
         "time" : 48.863000003621,
         "id" : "dep91",
         "a1" : "r1_c6"
      },
      {
         "a2" : "download_28",
         "time" : 47.854000004009,
         "id" : "dep92",
         "a1" : "r1_c6"
      },
      {
         "a2" : "download_27",
         "time" : 46.9809999922289,
         "id" : "dep93",
         "a1" : "r1_c6"
      },
      {
         "a2" : "download_26",
         "time" : 46.1379999760539,
         "id" : "dep94",
         "a1" : "r1_c6"
      },
      {
         "a2" : "download_25",
         "time" : 45.250999974087,
         "id" : "dep95",
         "a1" : "r1_c6"
      },
      {
         "a2" : "download_24",
         "time" : 44.4959999294949,
         "id" : "dep96",
         "a1" : "r1_c6"
      },
      {
         "a2" : "download_23",
         "time" : 43.616999988444,
         "id" : "dep97",
         "a1" : "r1_c6"
      },
      {
         "a2" : "download_22",
         "time" : 42.492999928072,
         "id" : "dep98",
         "a1" : "r1_c6"
      },
      {
         "a2" : "download_21",
         "time" : -1,
         "id" : "dep99",
         "a1" : "r1_c5"
      },
      {
         "a2" : "download_20",
         "time" : 11.814999976195,
         "id" : "dep100",
         "a1" : "r1_c5"
      },
      {
         "a2" : "download_19",
         "time" : 9.22300003003301,
         "id" : "dep101",
         "a1" : "r1_c5"
      },
      {
         "a2" : "download_18",
         "time" : 0.967000029049018,
         "id" : "dep102",
         "a1" : "r1_c5"
      },
      {
         "a2" : "download_17",
         "time" : 0.622999970801004,
         "id" : "dep103",
         "a1" : "r1_c5"
      },
      {
         "a2" : "download_16",
         "time" : 0.31799997668702,
         "id" : "dep104",
         "a1" : "r1_c5"
      },
      {
         "a2" : "download_15",
         "time" : -1,
         "id" : "dep105",
         "a1" : "r1_c4"
      },
      {
         "a2" : "download_14",
         "time" : 6.67899998370598,
         "id" : "dep106",
         "a1" : "r1_c4"
      },
      {
         "a2" : "download_14",
         "time" : 6.67899998370598,
         "id" : "dep107",
         "a1" : "r1_c4"
      },
      {
         "a2" : "download_13",
         "time" : 7.32600002083899,
         "id" : "dep108",
         "a1" : "r1_c4"
      },
      {
         "a2" : "download_12",
         "time" : 6.96300005074602,
         "id" : "dep109",
         "a1" : "r1_c4"
      },
      {
         "a2" : "download_11",
         "time" : 6.30800006911198,
         "id" : "dep110",
         "a1" : "r1_c4"
      },
      {
         "a2" : "download_11",
         "time" : 6.30800006911198,
         "id" : "dep111",
         "a1" : "r1_c4"
      },
      {
         "a2" : "download_10",
         "time" : 6.04200002271699,
         "id" : "dep112",
         "a1" : "r1_c4"
      },
      {
         "a2" : "download_10",
         "time" : 6.04200002271699,
         "id" : "dep113",
         "a1" : "r1_c4"
      },
      {
         "a2" : "download_9",
         "time" : 5.66200003959199,
         "id" : "dep114",
         "a1" : "r1_c4"
      },
      {
         "a2" : "download_9",
         "time" : 5.66200003959199,
         "id" : "dep115",
         "a1" : "r1_c4"
      },
      {
         "a2" : "download_8",
         "time" : -1,
         "id" : "dep116",
         "a1" : "r1_c1"
      },
      {
         "a2" : "download_7",
         "time" : 3.7659999215976,
         "id" : "dep117",
         "a1" : "r1_c1"
      },
      {
         "a2" : "download_6",
         "time" : 3.2489999430254,
         "id" : "dep118",
         "a1" : "r1_c1"
      },
      {
         "a2" : "download_6",
         "time" : 3.2489999430254,
         "id" : "dep119",
         "a1" : "r1_c1"
      },
      {
         "a2" : "download_5",
         "time" : 3.5139999818057,
         "id" : "dep120",
         "a1" : "r1_c1"
      },
      {
         "a2" : "download_4",
         "time" : 2.6450000004843,
         "id" : "dep121",
         "a1" : "r1_c1"
      },
      {
         "a2" : "download_4",
         "time" : 2.6450000004843,
         "id" : "dep122",
         "a1" : "r1_c1"
      },
      {
         "a2" : "download_3",
         "time" : 2.3319999454543,
         "id" : "dep123",
         "a1" : "r1_c1"
      },
      {
         "a2" : "download_3",
         "time" : 2.3319999454543,
         "id" : "dep124",
         "a1" : "r1_c1"
      },
      {
         "a2" : "download_2",
         "time" : 2.9279999434948,
         "id" : "dep125",
         "a1" : "r1_c1"
      },
      {
         "a2" : "download_2",
         "time" : 2.9279999434948,
         "id" : "dep126",
         "a1" : "r1_c1"
      },
      {
         "a2" : "download_1",
         "time" : 1.958999899216,
         "id" : "dep127",
         "a1" : "r1_c1"
      }
   ]
}
