{
   "n_download_no_trigger" : 1,
   "start_activity" : "download_0",
   "name" : "modified.testbed.localhost_www.buzzfeed.com_",
   "load_activity" : -1,
   "objs" : [
      {
         "when_comp_start" : 1,
         "url" : "http://modified.testbed.localhost/www.buzzfeed.com/",
         "id" : "r1",
         "comps" : [
            {
               "s_time" : 21.3579999981448,
               "time" : 18.1539999321103,
               "id" : "r1_c1",
               "type" : "evalhtml",
               "e_time" : 39.5119999302551
            },
            {
               "s_time" : 99.8399999225512,
               "time" : -631468610.15,
               "id" : "r1_c2",
               "type" : "evalhtml",
               "e_time" : -631468510.31
            },
            {
               "s_time" : 100.082999910228,
               "time" : -631468610.393,
               "id" : "r1_c3",
               "type" : "evalhtml",
               "e_time" : -631468510.31
            },
            {
               "s_time" : 100.280000013299,
               "time" : -631468610.59,
               "id" : "r1_c4",
               "type" : "evalhtml",
               "e_time" : -631468510.31
            },
            {
               "s_time" : 103.336000000127,
               "time" : 20.524999941699,
               "id" : "r1_c5",
               "type" : "evalhtml",
               "e_time" : 123.860999941826
            },
            {
               "s_time" : 494.574999902397,
               "time" : -631469004.885,
               "id" : "r1_c6",
               "type" : "evalhtml",
               "e_time" : -631468510.31
            },
            {
               "s_time" : 625.52100000903,
               "time" : 362.33099992387,
               "id" : "r1_c7",
               "type" : "evalhtml",
               "e_time" : 987.8519999329
            },
            {
               "s_time" : 1086.85500000138,
               "time" : 320.07699995301,
               "type" : "evalhtml",
               "id" : "r1_c8",
               "e_time" : 1406.93199995439
            }
         ],
         "download" : {
            "receiveFirst" : 3,
            "len" : 587494,
            "dns" : 0,
            "dnsEnd" : -1,
            "receiveHeadersEnd" : 5,
            "sslEnd" : -1,
            "connectEnd" : 2,
            "connectStart" : 0,
            "id" : "download_0",
            "receivedTime" : "112.96699999366",
            "sslStart" : -1,
            "dnsStart" : -1,
            "receiveLast" : 107.96699999366,
            "s_time" : 0,
            "sendEnd" : 2,
            "sendStart" : 2,
            "type" : "text/html"
         }
      },
      {
         "when_comp_start" : -1,
         "url" : "http://modified.testbed.localhost/webappstatic.buzzfeed.com/static/js/prototype/prototype.1.7-compact.js",
         "id" : "r3",
         "comps" : [
            {
               "s_time" : 73.7899999367073,
               "time" : 26.0499999858439,
               "type" : 1,
               "id" : "comp_8",
               "e_time" : 99.8399999225512
            }
         ],
         "download" : {
            "receiveFirst" : 5,
            "len" : 92129,
            "dns" : 0,
            "dnsEnd" : -1,
            "receiveHeadersEnd" : 5,
            "sslEnd" : -1,
            "connectEnd" : 0,
            "connectStart" : 0,
            "id" : "download_1",
            "receivedTime" : "73.6479999031872",
            "sslStart" : -1,
            "dnsStart" : -1,
            "receiveLast" : 68.6479999031872,
            "s_time" : 36.3389999838546,
            "sendEnd" : 0,
            "sendStart" : 0,
            "type" : "application/javascript"
         }
      },
      {
         "when_comp_start" : -1,
         "url" : "http://modified.testbed.localhost/webappstatic.buzzfeed.com/static/js/localization/es-es.js%3Fv=1462559564",
         "id" : "r4",
         "comps" : [
            {
               "s_time" : 99.9709999887273,
               "time" : 0.111999921500697,
               "type" : 1,
               "id" : "comp_12",
               "e_time" : 100.082999910228
            }
         ],
         "download" : {
            "receiveFirst" : 5,
            "len" : 335,
            "dns" : 0,
            "dnsEnd" : -1,
            "receiveHeadersEnd" : 5,
            "sslEnd" : -1,
            "connectEnd" : 0,
            "connectStart" : 0,
            "id" : "download_2",
            "receivedTime" : "42.3859999282286",
            "sslStart" : -1,
            "dnsStart" : -1,
            "receiveLast" : 37.3859999282286,
            "s_time" : 36.5019999444485,
            "sendEnd" : 0,
            "sendStart" : 0,
            "type" : "text/plain"
         }
      },
      {
         "when_comp_start" : -1,
         "url" : "http://modified.testbed.localhost/webappstatic.buzzfeed.com/static/js/localization/mx.js%3Fv=1462559564",
         "id" : "r5",
         "comps" : [
            {
               "s_time" : 100.134999956936,
               "time" : 0.145000056363003,
               "type" : 1,
               "id" : "comp_14",
               "e_time" : 100.280000013299
            }
         ],
         "download" : {
            "receiveFirst" : 5,
            "len" : 327,
            "dns" : 0,
            "dnsEnd" : -1,
            "receiveHeadersEnd" : 7,
            "sslEnd" : -1,
            "connectEnd" : 1,
            "connectStart" : 0,
            "id" : "download_3",
            "receivedTime" : "45.773999998346",
            "sslStart" : -1,
            "dnsStart" : -1,
            "receiveLast" : 38.773999998346,
            "s_time" : 37.8250000067055,
            "sendEnd" : 2,
            "sendStart" : 1,
            "type" : "text/plain"
         }
      },
      {
         "when_comp_start" : -1,
         "url" : "http://modified.testbed.localhost/webappstatic.buzzfeed.com/static/js/advertiser/ads.js",
         "id" : "r6",
         "comps" : [
            {
               "s_time" : 103.266999940388,
               "time" : 0.0690000597389968,
               "type" : 1,
               "id" : "comp_19",
               "e_time" : 103.336000000127
            }
         ],
         "download" : {
            "receiveFirst" : 6,
            "len" : 104,
            "dns" : 0,
            "dnsEnd" : -1,
            "receiveHeadersEnd" : 8,
            "sslEnd" : -1,
            "connectEnd" : 2,
            "connectStart" : 0,
            "id" : "download_4",
            "receivedTime" : "46.5489999623969",
            "sslStart" : -1,
            "dnsStart" : -1,
            "receiveLast" : 38.5489999623969,
            "s_time" : 37.9589999793097,
            "sendEnd" : 2,
            "sendStart" : 2,
            "type" : "application/javascript"
         }
      },
      {
         "when_comp_start" : -1,
         "url" : "http://modified.testbed.localhost/webappstatic.buzzfeed.com/static/compiled/bfa_webapp.js%3Fv=1462559564",
         "id" : "r7",
         "comps" : [
            {
               "s_time" : 124.126999988221,
               "time" : 126.963999937288,
               "type" : 3,
               "id" : "comp_25",
               "e_time" : 251.090999925509
            }
         ],
         "download" : {
            "receiveFirst" : 7,
            "len" : 156358,
            "dns" : 0,
            "dnsEnd" : -1,
            "receiveHeadersEnd" : 8,
            "sslEnd" : -1,
            "connectEnd" : 1,
            "connectStart" : 0,
            "id" : "download_5",
            "receivedTime" : "114.113999996334",
            "sslStart" : -1,
            "dnsStart" : -1,
            "receiveLast" : 106.113999996334,
            "s_time" : 38.1189999170601,
            "sendEnd" : 1,
            "sendStart" : 1,
            "type" : "text/plain"
         }
      },
      {
         "when_comp_start" : -1,
         "url" : "http://modified.testbed.localhost/tags.crwdcntrl.net/c/6942/cc.js%3Fns=_cc6942",
         "id" : "r8",
         "comps" : [
            {
               "s_time" : 104.320999933407,
               "time" : 8.50700004957601,
               "type" : 3,
               "id" : "comp_22",
               "e_time" : 112.827999982983
            }
         ],
         "download" : {
            "receiveFirst" : 8,
            "len" : 29982,
            "dns" : 0,
            "dnsEnd" : -1,
            "receiveHeadersEnd" : 11,
            "sslEnd" : -1,
            "connectEnd" : 3,
            "connectStart" : 0,
            "id" : "download_6",
            "receivedTime" : "62.7169999061152",
            "sslStart" : -1,
            "dnsStart" : -1,
            "receiveLast" : 51.7169999061152,
            "s_time" : 39.0399999450892,
            "sendEnd" : 3,
            "sendStart" : 3,
            "type" : "text/plain"
         }
      },
      {
         "when_comp_start" : -1,
         "url" : "http://modified.testbed.localhost/webappstatic.buzzfeed.com/static/js/General_concat_header.js%3Fv=1462559564",
         "id" : "r9",
         "comps" : [
            {
               "s_time" : 256.866999901831,
               "time" : 237.708000000566,
               "type" : 1,
               "id" : "comp_30",
               "e_time" : 494.574999902397
            }
         ],
         "download" : {
            "receiveFirst" : 10,
            "len" : 706393,
            "dns" : 0,
            "dnsEnd" : -1,
            "receiveHeadersEnd" : 16,
            "sslEnd" : -1,
            "connectEnd" : 6,
            "connectStart" : 0,
            "id" : "download_7",
            "receivedTime" : "256.596999941394",
            "sslStart" : -1,
            "dnsStart" : -1,
            "receiveLast" : 240.596999941394,
            "s_time" : 39.5119999302551,
            "sendEnd" : 6,
            "sendStart" : 6,
            "type" : "text/plain"
         }
      },
      {
         "when_comp_start" : -1,
         "url" : "http://modified.testbed.localhost/webappstatic.buzzfeed.com/static/css/ccss/front.desktop.css%3Fv=1462559564.css",
         "id" : "r12",
         "comps" : [
            {
               "s_time" : 576.633999939077,
               "time" : 75.7699999958271,
               "type" : 4,
               "id" : "comp_37",
               "e_time" : 652.403999934904
            }
         ],
         "download" : {
            "receiveFirst" : 5,
            "len" : 305571,
            "dns" : 0,
            "dnsEnd" : -1,
            "receiveHeadersEnd" : 11,
            "sslEnd" : -1,
            "connectEnd" : 5,
            "connectStart" : 0,
            "id" : "download_8",
            "receivedTime" : "576.367000001483",
            "sslStart" : -1,
            "dnsStart" : -1,
            "receiveLast" : 565.367000001483,
            "s_time" : 121.353999944404,
            "sendEnd" : 6,
            "sendStart" : 5,
            "type" : "text/css"
         }
      },
      {
         "when_comp_start" : -1,
         "url" : "http://modified.testbed.localhost/webappstatic.buzzfeed.com/static/css/header.css%3Fv=1462559564.css",
         "id" : "r13",
         "comps" : [
            {
               "s_time" : 522.12499990128,
               "time" : 11.197000043466,
               "type" : 4,
               "id" : "comp_35",
               "e_time" : 533.321999944746
            }
         ],
         "download" : {
            "receiveFirst" : 9,
            "len" : 69165,
            "dns" : 0,
            "dnsEnd" : -1,
            "receiveHeadersEnd" : 14,
            "sslEnd" : -1,
            "connectEnd" : 5,
            "connectStart" : 0,
            "id" : "download_9",
            "receivedTime" : "521.909000002779",
            "sslStart" : -1,
            "dnsStart" : -1,
            "receiveLast" : 507.909000002779,
            "s_time" : 121.74899992533,
            "sendEnd" : 5,
            "sendStart" : 5,
            "type" : "text/css"
         }
      },
      {
         "when_comp_start" : -1,
         "url" : "http://modified.testbed.localhost/webappstatic.buzzfeed.com/static/css/legacy/core1.css%3Fv=1462559564.css",
         "id" : "r14",
         "comps" : [
            {
               "s_time" : 536.884999950416,
               "time" : 39.2129999818279,
               "type" : 4,
               "id" : "comp_36",
               "e_time" : 576.097999932244
            }
         ],
         "download" : {
            "receiveFirst" : 10,
            "len" : 234377,
            "dns" : 0,
            "dnsEnd" : -1,
            "receiveHeadersEnd" : 15,
            "sslEnd" : -1,
            "connectEnd" : 5,
            "connectStart" : 0,
            "id" : "download_10",
            "receivedTime" : "536.702999961562",
            "sslStart" : -1,
            "dnsStart" : -1,
            "receiveLast" : 521.702999961562,
            "s_time" : 122.101999935694,
            "sendEnd" : 5,
            "sendStart" : 5,
            "type" : "text/css"
         }
      },
      {
         "when_comp_start" : -1,
         "url" : "http://modified.testbed.localhost/webappstatic.buzzfeed.com/static/css/metaverticals/screen.css%3Fv=1462559564.css",
         "id" : "r15",
         "comps" : [
            {
               "s_time" : 255.782999913208,
               "time" : 0.0500000314790157,
               "type" : 4,
               "id" : "comp_28",
               "e_time" : 255.832999944687
            }
         ],
         "download" : {
            "receiveFirst" : 13,
            "len" : 18833,
            "dns" : 0,
            "dnsEnd" : -1,
            "receiveHeadersEnd" : 17,
            "sslEnd" : -1,
            "connectEnd" : 4,
            "connectStart" : 0,
            "id" : "download_11",
            "receivedTime" : "255.673000006936",
            "sslStart" : -1,
            "dnsStart" : -1,
            "receiveLast" : 238.673000006936,
            "s_time" : 122.442999971099,
            "sendEnd" : 4,
            "sendStart" : 4,
            "type" : "text/css"
         }
      },
      {
         "when_comp_start" : -1,
         "url" : "http://modified.testbed.localhost/webappstatic.buzzfeed.com/static/css/metaverticals/metaverticals.css%3Fv=1462559564.css",
         "id" : "r16",
         "comps" : [
            {
               "s_time" : 256.331999902613,
               "time" : 0.0110000837599955,
               "type" : 4,
               "id" : "comp_29",
               "e_time" : 256.342999986373
            }
         ],
         "download" : {
            "receiveFirst" : 18,
            "len" : 2380,
            "dns" : 0,
            "dnsEnd" : -1,
            "receiveHeadersEnd" : 22,
            "sslEnd" : -1,
            "connectEnd" : 4,
            "connectStart" : 0,
            "id" : "download_12",
            "receivedTime" : "256.246999953873",
            "sslStart" : -1,
            "dnsStart" : -1,
            "receiveLast" : 234.246999953873,
            "s_time" : 122.837999952026,
            "sendEnd" : 4,
            "sendStart" : 4,
            "type" : "text/css"
         }
      },
      {
         "when_comp_start" : -1,
         "url" : "http://modified.testbed.localhost/webappstatic.buzzfeed.com/static/js/public/front.js%3Fv=1462559564",
         "id" : "r17",
         "comps" : [
            {
               "s_time" : 624.597999965772,
               "time" : 0.923000043257957,
               "type" : 1,
               "id" : "comp_38",
               "e_time" : 625.52100000903
            }
         ],
         "download" : {
            "receiveFirst" : 12,
            "len" : 9296,
            "dns" : 0,
            "dnsEnd" : -1,
            "receiveHeadersEnd" : 33,
            "sslEnd" : -1,
            "connectEnd" : 21,
            "connectStart" : 0,
            "id" : "download_13",
            "receivedTime" : "533.919999958016",
            "sslStart" : -1,
            "dnsStart" : -1,
            "receiveLast" : 500.919999958016,
            "s_time" : 123.168999911286,
            "sendEnd" : 21,
            "sendStart" : 21,
            "type" : "text/plain"
         }
      },
      {
         "when_comp_start" : -1,
         "url" : "http://modified.testbed.localhost/webappstatic.buzzfeed.com/static/images/public/defaults/user.jpg",
         "id" : "r18",
         "comps" : [],
         "download" : {
            "receiveFirst" : 13,
            "len" : 338,
            "dns" : 0,
            "dnsEnd" : -1,
            "receiveHeadersEnd" : 35,
            "sslEnd" : -1,
            "connectEnd" : 22,
            "connectStart" : 0,
            "id" : "download_14",
            "receivedTime" : "534.429999999702",
            "sslStart" : -1,
            "dnsStart" : -1,
            "receiveLast" : 499.429999999702,
            "s_time" : 123.860999941826,
            "sendEnd" : 22,
            "sendStart" : 22,
            "type" : "image/jpeg"
         }
      },
      {
         "when_comp_start" : -1,
         "url" : "http://modified.testbed.localhost/webappstatic.buzzfeed.com/static/fonts/ProximaNova-Regular-webfont.woff",
         "id" : "r23",
         "comps" : [],
         "download" : {
            "receiveFirst" : 5,
            "len" : 16532,
            "dns" : 0,
            "dnsEnd" : -1,
            "receiveHeadersEnd" : 5,
            "sslEnd" : -1,
            "connectEnd" : 0,
            "connectStart" : 0,
            "id" : "download_15",
            "receivedTime" : "686.09699991066",
            "sslStart" : -1,
            "dnsStart" : -1,
            "receiveLast" : 681.09699991066,
            "s_time" : 671.450999914669,
            "sendEnd" : 0,
            "sendStart" : 0,
            "type" : "application/octet-stream"
         }
      },
      {
         "when_comp_start" : -1,
         "url" : "http://modified.testbed.localhost/webappstatic.buzzfeed.com/static/fonts/ProximaNova-Semibold-webfont.woff",
         "id" : "r24",
         "comps" : [],
         "download" : {
            "receiveFirst" : 5,
            "len" : 16056,
            "dns" : 0,
            "dnsEnd" : -1,
            "receiveHeadersEnd" : 5,
            "sslEnd" : -1,
            "connectEnd" : 0,
            "connectStart" : 0,
            "id" : "download_16",
            "receivedTime" : "686.854999978095",
            "sslStart" : -1,
            "dnsStart" : -1,
            "receiveLast" : 681.854999978095,
            "s_time" : 671.601000009105,
            "sendEnd" : 0,
            "sendStart" : 0,
            "type" : "application/octet-stream"
         }
      },
      {
         "when_comp_start" : -1,
         "url" : "http://modified.testbed.localhost/img.buzzfeed.com/buzzfeed-static/static/2016-05/8/17/campaign_images/webdr05/heres-a-recipe-for-sriracha-mayo-chicken-rice-bal-2-7725-1462741349-5.jpg",
         "id" : "r31",
         "comps" : [],
         "download" : {
            "receiveFirst" : 4,
            "len" : 21612,
            "dns" : 0,
            "dnsEnd" : -1,
            "receiveHeadersEnd" : 5,
            "sslEnd" : -1,
            "connectEnd" : 1,
            "connectStart" : 0,
            "id" : "download_17",
            "receivedTime" : "701.385999913327",
            "sslStart" : -1,
            "dnsStart" : -1,
            "receiveLast" : 696.385999913327,
            "s_time" : 675.542999990284,
            "sendEnd" : 1,
            "sendStart" : 1,
            "type" : "image/jpeg"
         }
      },
      {
         "when_comp_start" : -1,
         "url" : "http://modified.testbed.localhost/img.buzzfeed.com/buzzfeed-static/static/2016-05/3/21/campaign_images/webdr06/10-showering-facts-that-will-make-you-feel-dirty-2-30042-1462323857-4.jpg",
         "id" : "r34",
         "comps" : [],
         "download" : {
            "receiveFirst" : 3,
            "len" : 15070,
            "dns" : 0,
            "dnsEnd" : -1,
            "receiveHeadersEnd" : 4,
            "sslEnd" : -1,
            "connectEnd" : 1,
            "connectStart" : 0,
            "id" : "download_18",
            "receivedTime" : "722.429999965243",
            "sslStart" : -1,
            "dnsStart" : -1,
            "receiveLast" : 718.429999965243,
            "s_time" : 680.040000006557,
            "sendEnd" : 1,
            "sendStart" : 1,
            "type" : "image/jpeg"
         }
      },
      {
         "when_comp_start" : -1,
         "url" : "http://modified.testbed.localhost/img.buzzfeed.com/buzzfeed-static/static/2016-05/6/20/campaign_images/webdr13/this-apple-pie-bake-is-the-only-dessert-you-shoul-2-28702-1462581881-0.jpg",
         "id" : "r35",
         "comps" : [],
         "download" : {
            "receiveFirst" : 4,
            "len" : 11889,
            "dns" : 0,
            "dnsEnd" : -1,
            "receiveHeadersEnd" : 5,
            "sslEnd" : -1,
            "connectEnd" : 1,
            "connectStart" : 0,
            "id" : "download_19",
            "receivedTime" : "726.571999955922",
            "sslStart" : -1,
            "dnsStart" : -1,
            "receiveLast" : 721.571999955922,
            "s_time" : 680.275999940932,
            "sendEnd" : 1,
            "sendStart" : 1,
            "type" : "image/jpeg"
         }
      },
      {
         "when_comp_start" : -1,
         "url" : "http://modified.testbed.localhost/img.buzzfeed.com/buzzfeed-static/static/2016-05/8/12/enhanced/webdr07/enhanced-buzz-6773-1462726501-0.jpg",
         "id" : "r39",
         "comps" : [],
         "download" : {
            "receiveFirst" : 3,
            "len" : 41812,
            "dns" : 0,
            "dnsEnd" : -1,
            "receiveHeadersEnd" : 3,
            "sslEnd" : -1,
            "connectEnd" : 0,
            "connectStart" : 0,
            "id" : "download_20",
            "receivedTime" : "791.388999903575",
            "sslStart" : -1,
            "dnsStart" : -1,
            "receiveLast" : 788.388999903575,
            "s_time" : 683.389999903738,
            "sendEnd" : 0,
            "sendStart" : 0,
            "type" : "image/jpeg"
         }
      },
      {
         "when_comp_start" : -1,
         "url" : "http://modified.testbed.localhost/img.buzzfeed.com/buzzfeed-static/static/2016-05/8/19/campaign_images/webdr13/24-songs-that-totally-went-over-your-head-as-a-kid-2-5043-1462750176-10.jpg",
         "id" : "r40",
         "comps" : [],
         "download" : {
            "receiveFirst" : 3,
            "len" : 4225,
            "dns" : 0,
            "dnsEnd" : -1,
            "receiveHeadersEnd" : 3,
            "sslEnd" : -1,
            "connectEnd" : 0,
            "connectStart" : 0,
            "id" : "download_21",
            "receivedTime" : "736.665999982506",
            "sslStart" : -1,
            "dnsStart" : -1,
            "receiveLast" : 733.665999982506,
            "s_time" : 684.73300000187,
            "sendEnd" : 0,
            "sendStart" : 0,
            "type" : "image/jpeg"
         }
      },
      {
         "when_comp_start" : -1,
         "url" : "http://modified.testbed.localhost/img.buzzfeed.com/buzzfeed-static/static/2016-05/8/20/campaign_images/webdr11/this-photographer-wants-to-change-the-way-the-wor-2-31024-1462753769-0.jpg",
         "id" : "r41",
         "comps" : [],
         "download" : {
            "receiveFirst" : 3,
            "len" : 10521,
            "dns" : 0,
            "dnsEnd" : -1,
            "receiveHeadersEnd" : 3,
            "sslEnd" : -1,
            "connectEnd" : 0,
            "connectStart" : 0,
            "id" : "download_22",
            "receivedTime" : "914.741999935359",
            "sslStart" : -1,
            "dnsStart" : -1,
            "receiveLast" : 911.741999935359,
            "s_time" : 698.248000000603,
            "sendEnd" : 0,
            "sendStart" : 0,
            "type" : "image/jpeg"
         }
      },
      {
         "when_comp_start" : -1,
         "url" : "http://modified.testbed.localhost/img.buzzfeed.com/buzzfeed-static/static/badge_images/au/lol.png%3Fv=1462559564",
         "id" : "r42",
         "comps" : [],
         "download" : {
            "receiveFirst" : 3,
            "len" : 3053,
            "dns" : 0,
            "dnsEnd" : -1,
            "receiveHeadersEnd" : 3,
            "sslEnd" : -1,
            "connectEnd" : 0,
            "connectStart" : 0,
            "id" : "download_23",
            "receivedTime" : "915.336999925785",
            "sslStart" : -1,
            "dnsStart" : -1,
            "receiveLast" : 912.336999925785,
            "s_time" : 698.699999949895,
            "sendEnd" : 0,
            "sendStart" : 0,
            "type" : "image/png"
         }
      },
      {
         "when_comp_start" : -1,
         "url" : "http://modified.testbed.localhost/img.buzzfeed.com/buzzfeed-static/static/badge_images/au/viral.png%3Fv=1462559564",
         "id" : "r43",
         "comps" : [],
         "download" : {
            "receiveFirst" : 3,
            "len" : 1828,
            "dns" : 0,
            "dnsEnd" : -1,
            "receiveHeadersEnd" : 3,
            "sslEnd" : -1,
            "connectEnd" : 0,
            "connectStart" : 0,
            "id" : "download_24",
            "receivedTime" : "915.460999938659",
            "sslStart" : -1,
            "dnsStart" : -1,
            "receiveLast" : 912.460999938659,
            "s_time" : 699.177999980748,
            "sendEnd" : 0,
            "sendStart" : 0,
            "type" : "image/png"
         }
      },
      {
         "when_comp_start" : -1,
         "url" : "http://modified.testbed.localhost/img.buzzfeed.com/buzzfeed-static/static/badge_images/quiz.png%3Fv=1462559564",
         "id" : "r44",
         "comps" : [],
         "download" : {
            "receiveFirst" : 2,
            "len" : 3129,
            "dns" : 0,
            "dnsEnd" : -1,
            "receiveHeadersEnd" : 3,
            "sslEnd" : -1,
            "connectEnd" : 1,
            "connectStart" : 0,
            "id" : "download_25",
            "receivedTime" : "961.082999943756",
            "sslStart" : -1,
            "dnsStart" : -1,
            "receiveLast" : 958.082999943756,
            "s_time" : 717.548999935389,
            "sendEnd" : 1,
            "sendStart" : 1,
            "type" : "image/png"
         }
      },
      {
         "when_comp_start" : -1,
         "url" : "http://modified.testbed.localhost/img.buzzfeed.com/buzzfeed-static/static/2014-06/enhanced/webdr02/badge_images/trending.png%3Fv=1462559564",
         "id" : "r45",
         "comps" : [],
         "download" : {
            "receiveFirst" : 3,
            "len" : 4348,
            "dns" : 0,
            "dnsEnd" : -1,
            "receiveHeadersEnd" : 4,
            "sslEnd" : -1,
            "connectEnd" : 1,
            "connectStart" : 0,
            "id" : "download_26",
            "receivedTime" : "961.634999956004",
            "sslStart" : -1,
            "dnsStart" : -1,
            "receiveLast" : 957.634999956004,
            "s_time" : 717.975999927148,
            "sendEnd" : 1,
            "sendStart" : 1,
            "type" : "image/png"
         }
      },
      {
         "when_comp_start" : 1,
         "url" : "http://modified.testbed.localhost/www.buzzfeed.com/index.html",
         "id" : "r47",
         "comps" : [],
         "download" : {
            "receiveFirst" : 3,
            "len" : 587494,
            "dns" : 0,
            "dnsEnd" : -1,
            "receiveHeadersEnd" : 3,
            "sslEnd" : -1,
            "connectEnd" : 0,
            "connectStart" : 0,
            "id" : "download_27",
            "receivedTime" : "1014.49199998751",
            "sslStart" : -1,
            "dnsStart" : -1,
            "receiveLast" : 1011.49199998751,
            "s_time" : 719.010000000708,
            "sendEnd" : 0,
            "sendStart" : 0,
            "type" : "text/html"
         }
      },
      {
         "when_comp_start" : -1,
         "url" : "http://modified.testbed.localhost/img.buzzfeed.com/buzzfeed-static/static/2013-11/enhanced/webdr05/badge_images/cute.png%3Fv=1462559564",
         "id" : "r46",
         "comps" : [],
         "download" : {
            "receiveFirst" : 3,
            "len" : 1809,
            "dns" : 0,
            "dnsEnd" : -1,
            "receiveHeadersEnd" : 3,
            "sslEnd" : -1,
            "connectEnd" : 0,
            "connectStart" : 0,
            "id" : "download_28",
            "receivedTime" : "961.932000005618",
            "sslStart" : -1,
            "dnsStart" : -1,
            "receiveLast" : 958.932000005618,
            "s_time" : 718.629999901168,
            "sendEnd" : 0,
            "sendStart" : 0,
            "type" : "image/png"
         }
      },
      {
         "when_comp_start" : -1,
         "url" : "http://modified.testbed.localhost/img.buzzfeed.com/buzzfeed-static/static/2013-10/enhanced/webdr02/badge_images/lol.png%3Fv=1462559564",
         "id" : "r48",
         "comps" : [],
         "download" : {
            "receiveFirst" : 4,
            "len" : 1816,
            "dns" : 0,
            "dnsEnd" : -1,
            "receiveHeadersEnd" : 4,
            "sslEnd" : -1,
            "connectEnd" : 0,
            "connectStart" : 0,
            "id" : "download_29",
            "receivedTime" : "964.364000014029",
            "sslStart" : -1,
            "dnsStart" : -1,
            "receiveLast" : 960.364000014029,
            "s_time" : 733.399999910034,
            "sendEnd" : 0,
            "sendStart" : 0,
            "type" : "image/png"
         }
      },
      {
         "when_comp_start" : -1,
         "url" : "http://modified.testbed.localhost/img.buzzfeed.com/buzzfeed-static/static/2016-05/8/12/campaign_images/webdr03/this-is-what-life-is-like-when-your-daughter-is-k-2-7921-1462723218-9_wide.jpg",
         "id" : "r49",
         "comps" : [],
         "download" : {
            "receiveFirst" : 4,
            "len" : 22078,
            "dns" : 0,
            "dnsEnd" : -1,
            "receiveHeadersEnd" : 4,
            "sslEnd" : -1,
            "connectEnd" : 0,
            "connectStart" : 0,
            "id" : "download_30",
            "receivedTime" : "965.454999939539",
            "sslStart" : -1,
            "dnsStart" : -1,
            "receiveLast" : 961.454999939539,
            "s_time" : 734.490999951959,
            "sendEnd" : 0,
            "sendStart" : 0,
            "type" : "image/jpeg"
         }
      },
      {
         "when_comp_start" : -1,
         "url" : "http://modified.testbed.localhost/img.buzzfeed.com/buzzfeed-static/static/2016-05/8/16/campaign_images/webdr06/whats-a-gmo-the-answer-could-change-the-future-of-2-28551-1462739395-0_wide.jpg",
         "id" : "r50",
         "comps" : [],
         "download" : {
            "receiveFirst" : 3,
            "len" : 27189,
            "dns" : 0,
            "dnsEnd" : -1,
            "receiveHeadersEnd" : 5,
            "sslEnd" : -1,
            "connectEnd" : 1,
            "connectStart" : 0,
            "id" : "download_31",
            "receivedTime" : "967.223000014201",
            "sslStart" : -1,
            "dnsStart" : -1,
            "receiveLast" : 962.223000014201,
            "s_time" : 785.660999943502,
            "sendEnd" : 2,
            "sendStart" : 1,
            "type" : "image/jpeg"
         }
      },
      {
         "when_comp_start" : -1,
         "url" : "http://modified.testbed.localhost/img.buzzfeed.com/buzzfeed-static/static/2016-05/7/15/campaign_images/webdr12/massive-alberta-wildfire-could-double-in-size-sat-2-30435-1462648460-9_wide.jpg",
         "id" : "r51",
         "comps" : [],
         "download" : {
            "receiveFirst" : 5,
            "len" : 18601,
            "dns" : 0,
            "dnsEnd" : -1,
            "receiveHeadersEnd" : 6,
            "sslEnd" : -1,
            "connectEnd" : 1,
            "connectStart" : 0,
            "id" : "download_32",
            "receivedTime" : "966.824000002816",
            "sslStart" : -1,
            "dnsStart" : -1,
            "receiveLast" : 960.824000002816,
            "s_time" : 786.119999946095,
            "sendEnd" : 1,
            "sendStart" : 1,
            "type" : "image/jpeg"
         }
      },
      {
         "when_comp_start" : -1,
         "url" : "http://modified.testbed.localhost/img.buzzfeed.com/buzzfeed-static/static/2016-05/8/12/campaign_images/webdr05/more-than-70-people-died-after-two-buses-collided-2-27249-1462723478-5_wide.jpg",
         "id" : "r52",
         "comps" : [],
         "download" : {
            "receiveFirst" : 6,
            "len" : 22374,
            "dns" : 0,
            "dnsEnd" : -1,
            "receiveHeadersEnd" : 8,
            "sslEnd" : -1,
            "connectEnd" : 2,
            "connectStart" : 0,
            "id" : "download_33",
            "receivedTime" : "967.739999992773",
            "sslStart" : -1,
            "dnsStart" : -1,
            "receiveLast" : 959.739999992773,
            "s_time" : 786.544999922626,
            "sendEnd" : 2,
            "sendStart" : 2,
            "type" : "image/jpeg"
         }
      },
      {
         "when_comp_start" : -1,
         "url" : "http://modified.testbed.localhost/img.buzzfeed.com/buzzfeed-static/static/2016-05/8/0/campaign_images/webdr06/lyft-and-uber-to-halt-operations-in-austin-after--2-17416-1462680227-4_wide.jpg",
         "id" : "r53",
         "comps" : [],
         "download" : {
            "receiveFirst" : 7,
            "len" : 48453,
            "dns" : 0,
            "dnsEnd" : -1,
            "receiveHeadersEnd" : 10,
            "sslEnd" : -1,
            "connectEnd" : 2,
            "connectStart" : 0,
            "id" : "download_34",
            "receivedTime" : "970.124999992549",
            "sslStart" : -1,
            "dnsStart" : -1,
            "receiveLast" : 960.124999992549,
            "s_time" : 786.933999974281,
            "sendEnd" : 3,
            "sendStart" : 2,
            "type" : "image/jpeg"
         }
      },
      {
         "when_comp_start" : -1,
         "url" : "http://modified.testbed.localhost/img.buzzfeed.com/buzzfeed-static/static/2016-05/8/13/campaign_images/webdr04/iron-man-and-spider-man-boost-captain-america-civ-2-18550-1462727750-1_wide.jpg",
         "id" : "r54",
         "comps" : [],
         "download" : {
            "receiveFirst" : 8,
            "len" : 40747,
            "dns" : 0,
            "dnsEnd" : -1,
            "receiveHeadersEnd" : 11,
            "sslEnd" : -1,
            "connectEnd" : 2,
            "connectStart" : 0,
            "id" : "download_35",
            "receivedTime" : "969.048999948427",
            "sslStart" : -1,
            "dnsStart" : -1,
            "receiveLast" : 958.048999948427,
            "s_time" : 787.262999918312,
            "sendEnd" : 3,
            "sendStart" : 2,
            "type" : "image/jpeg"
         }
      },
      {
         "when_comp_start" : -1,
         "url" : "http://modified.testbed.localhost/img.buzzfeed.com/buzzfeed-static/static/2016-05/6/23/campaign_images/webdr07/trump-blasts-goofy-elizabeth-warren-after-she-rip-2-9716-1462593288-0_big.jpg",
         "id" : "r55",
         "comps" : [],
         "download" : {
            "receiveFirst" : 6,
            "len" : 22196,
            "dns" : 0,
            "dnsEnd" : -1,
            "receiveHeadersEnd" : 12,
            "sslEnd" : -1,
            "connectEnd" : 6,
            "connectStart" : 0,
            "id" : "download_36",
            "receivedTime" : "968.447999912314",
            "sslStart" : -1,
            "dnsStart" : -1,
            "receiveLast" : 956.447999912314,
            "s_time" : 787.801999947987,
            "sendEnd" : 6,
            "sendStart" : 6,
            "type" : "image/jpeg"
         }
      },
      {
         "when_comp_start" : -1,
         "url" : "http://modified.testbed.localhost/img.buzzfeed.com/buzzfeed-static/static/2016-05/7/10/campaign_images/webdr13/tijuana-wants-you-to-forget-everything-you-know-a-2-18232-1462631755-0_wide.jpg",
         "id" : "r56",
         "comps" : [],
         "download" : {
            "receiveFirst" : 8,
            "len" : 27197,
            "dns" : 0,
            "dnsEnd" : -1,
            "receiveHeadersEnd" : 16,
            "sslEnd" : -1,
            "connectEnd" : 8,
            "connectStart" : 0,
            "id" : "download_37",
            "receivedTime" : "969.567999942228",
            "sslStart" : -1,
            "dnsStart" : -1,
            "receiveLast" : 953.567999942228,
            "s_time" : 788.845999981277,
            "sendEnd" : 8,
            "sendStart" : 8,
            "type" : "image/jpeg"
         }
      },
      {
         "when_comp_start" : -1,
         "url" : "http://modified.testbed.localhost/img.buzzfeed.com/buzzfeed-static/static/2016-05/7/10/campaign_images/webdr11/the-embryo-crusader-2-22517-1462630075-4_wide.jpg",
         "id" : "r57",
         "comps" : [],
         "download" : {
            "receiveFirst" : 8,
            "len" : 10114,
            "dns" : 0,
            "dnsEnd" : -1,
            "receiveHeadersEnd" : 18,
            "sslEnd" : -1,
            "connectEnd" : 10,
            "connectStart" : 0,
            "id" : "download_38",
            "receivedTime" : "970.005000010133",
            "sslStart" : -1,
            "dnsStart" : -1,
            "receiveLast" : 952.005000010133,
            "s_time" : 789.248999906704,
            "sendEnd" : 10,
            "sendStart" : 10,
            "type" : "image/jpeg"
         }
      },
      {
         "when_comp_start" : -1,
         "url" : "http://modified.testbed.localhost/img.buzzfeed.com/buzzfeed-static/static/2016-05/7/14/campaign_images/webdr13/obama-at-howard-university-change-requires-more-t-2-19191-1462646680-5_wide.jpg",
         "id" : "r58",
         "comps" : [],
         "download" : {
            "receiveFirst" : 9,
            "len" : 8492,
            "dns" : 0,
            "dnsEnd" : -1,
            "receiveHeadersEnd" : 20,
            "sslEnd" : -1,
            "connectEnd" : 11,
            "connectStart" : 0,
            "id" : "download_39",
            "receivedTime" : "970.705999992788",
            "sslStart" : -1,
            "dnsStart" : -1,
            "receiveLast" : 950.705999992788,
            "s_time" : 789.586999919266,
            "sendEnd" : 11,
            "sendStart" : 11,
            "type" : "image/jpeg"
         }
      },
      {
         "when_comp_start" : -1,
         "url" : "http://modified.testbed.localhost/img.buzzfeed.com/buzzfeed-static/static/2016-05/6/16/campaign_images/webdr03/inside-palantir-silicon-valleys-most-secretive-co-2-24538-1462566973-3_wide.jpg",
         "id" : "r59",
         "comps" : [],
         "download" : {
            "receiveFirst" : 5,
            "len" : 20908,
            "dns" : 0,
            "dnsEnd" : -1,
            "receiveHeadersEnd" : 16,
            "sslEnd" : -1,
            "connectEnd" : 11,
            "connectStart" : 0,
            "id" : "download_40",
            "receivedTime" : "970.883999951184",
            "sslStart" : -1,
            "dnsStart" : -1,
            "receiveLast" : 954.883999951184,
            "s_time" : 793.941000010818,
            "sendEnd" : 11,
            "sendStart" : 11,
            "type" : "image/jpeg"
         }
      },
      {
         "when_comp_start" : -1,
         "url" : "http://modified.testbed.localhost/img.buzzfeed.com/buzzfeed-static/static/2016-05/6/17/campaign_images/webdr01/lol-moms-2-6535-1462568873-5_wide.jpg",
         "id" : "r61",
         "comps" : [],
         "download" : {
            "receiveFirst" : 3,
            "len" : 22104,
            "dns" : 0,
            "dnsEnd" : -1,
            "receiveHeadersEnd" : 13,
            "sslEnd" : -1,
            "connectEnd" : 10,
            "connectStart" : 0,
            "id" : "download_41",
            "receivedTime" : "971.610000007786",
            "sslStart" : -1,
            "dnsStart" : -1,
            "receiveLast" : 958.610000007786,
            "s_time" : 798.928999924101,
            "sendEnd" : 10,
            "sendStart" : 10,
            "type" : "image/jpeg"
         }
      },
      {
         "when_comp_start" : -1,
         "url" : "http://modified.testbed.localhost/img.buzzfeed.com/buzzfeed-static/static/badge_images/viral.png%3Fv=1462559564",
         "id" : "r60",
         "comps" : [],
         "download" : {
            "receiveFirst" : 4,
            "len" : 1828,
            "dns" : 0,
            "dnsEnd" : -1,
            "receiveHeadersEnd" : 15,
            "sslEnd" : -1,
            "connectEnd" : 11,
            "connectStart" : 0,
            "id" : "download_42",
            "receivedTime" : "971.280999947339",
            "sslStart" : -1,
            "dnsStart" : -1,
            "receiveLast" : 956.280999947339,
            "s_time" : 796.331999939866,
            "sendEnd" : 11,
            "sendStart" : 11,
            "type" : "image/png"
         }
      },
      {
         "when_comp_start" : -1,
         "url" : "http://modified.testbed.localhost/img.buzzfeed.com/buzzfeed-static/static/2016-05/3/13/campaign_images/webdr07/awkward-anal-sex-stories-2-28859-1462296155-15_wide.jpg",
         "id" : "r62",
         "comps" : [],
         "download" : {
            "receiveFirst" : 5,
            "len" : 15751,
            "dns" : 0,
            "dnsEnd" : -1,
            "receiveHeadersEnd" : 14,
            "sslEnd" : -1,
            "connectEnd" : 9,
            "connectStart" : 0,
            "id" : "download_43",
            "receivedTime" : "971.964999916963",
            "sslStart" : -1,
            "dnsStart" : -1,
            "receiveLast" : 957.964999916963,
            "s_time" : 800.463999970816,
            "sendEnd" : 9,
            "sendStart" : 9,
            "type" : "image/jpeg"
         }
      },
      {
         "when_comp_start" : -1,
         "url" : "http://modified.testbed.localhost/img.buzzfeed.com/buzzfeed-static/static/2016-05/6/15/campaign_images/webdr11/kristen-bell-is-here-to-remind-us-there-is-no-sha-2-26561-1462562075-2_wide.jpg",
         "id" : "r63",
         "comps" : [],
         "download" : {
            "receiveFirst" : 4,
            "len" : 4814,
            "dns" : 0,
            "dnsEnd" : -1,
            "receiveHeadersEnd" : 10,
            "sslEnd" : -1,
            "connectEnd" : 6,
            "connectStart" : 0,
            "id" : "download_44",
            "receivedTime" : "972.478999989107",
            "sslStart" : -1,
            "dnsStart" : -1,
            "receiveLast" : 962.478999989107,
            "s_time" : 804.874999914318,
            "sendEnd" : 6,
            "sendStart" : 6,
            "type" : "image/jpeg"
         }
      },
      {
         "when_comp_start" : -1,
         "url" : "http://modified.testbed.localhost/img.buzzfeed.com/buzzfeed-static/static/2016-05/6/10/campaign_images/webdr09/mom-quotes-2-5749-1462546208-3_wide.jpg",
         "id" : "r64",
         "comps" : [],
         "download" : {
            "receiveFirst" : 4,
            "len" : 14973,
            "dns" : 0,
            "dnsEnd" : -1,
            "receiveHeadersEnd" : 9,
            "sslEnd" : -1,
            "connectEnd" : 5,
            "connectStart" : 0,
            "id" : "download_45",
            "receivedTime" : "972.69199998118",
            "sslStart" : -1,
            "dnsStart" : -1,
            "receiveLast" : 963.69199998118,
            "s_time" : 806.949999998324,
            "sendEnd" : 5,
            "sendStart" : 5,
            "type" : "image/jpeg"
         }
      },
      {
         "when_comp_start" : -1,
         "url" : "http://modified.testbed.localhost/img.buzzfeed.com/buzzfeed-static/static/2016-05/6/13/campaign_images/webdr06/you-probably-shouldnt-open-these-pictures-of-dick-2-14766-1462557167-4_wide.jpg",
         "id" : "r66",
         "comps" : [],
         "download" : {
            "receiveFirst" : 5,
            "len" : 13326,
            "dns" : 0,
            "dnsEnd" : -1,
            "receiveHeadersEnd" : 10,
            "sslEnd" : -1,
            "connectEnd" : 5,
            "connectStart" : 0,
            "id" : "download_46",
            "receivedTime" : "973.523999913596",
            "sslStart" : -1,
            "dnsStart" : -1,
            "receiveLast" : 963.523999913596,
            "s_time" : 808.755000005476,
            "sendEnd" : 5,
            "sendStart" : 5,
            "type" : "image/jpeg"
         }
      },
      {
         "when_comp_start" : -1,
         "url" : "http://modified.testbed.localhost/img.buzzfeed.com/buzzfeed-static/static/badge_images/uk/trending.png%3Fv=1462559564",
         "id" : "r65",
         "comps" : [],
         "download" : {
            "receiveFirst" : 5,
            "len" : 1828,
            "dns" : 0,
            "dnsEnd" : -1,
            "receiveHeadersEnd" : 10,
            "sslEnd" : -1,
            "connectEnd" : 5,
            "connectStart" : 0,
            "id" : "download_47",
            "receivedTime" : "973.125999909826",
            "sslStart" : -1,
            "dnsStart" : -1,
            "receiveLast" : 963.125999909826,
            "s_time" : 808.227999950759,
            "sendEnd" : 5,
            "sendStart" : 5,
            "type" : "image/png"
         }
      },
      {
         "when_comp_start" : -1,
         "url" : "http://modified.testbed.localhost/img.buzzfeed.com/buzzfeed-static/static/2016-05/6/11/campaign_images/webdr10/butter-products-2-22395-1462549149-1_wide.jpg",
         "id" : "r67",
         "comps" : [],
         "download" : {
            "receiveFirst" : 4,
            "len" : 8295,
            "dns" : 0,
            "dnsEnd" : -1,
            "receiveHeadersEnd" : 8,
            "sslEnd" : -1,
            "connectEnd" : 4,
            "connectStart" : 0,
            "id" : "download_48",
            "receivedTime" : "973.777999985032",
            "sslStart" : -1,
            "dnsStart" : -1,
            "receiveLast" : 965.777999985032,
            "s_time" : 810.941000003368,
            "sendEnd" : 4,
            "sendStart" : 4,
            "type" : "image/jpeg"
         }
      },
      {
         "when_comp_start" : -1,
         "url" : "http://modified.testbed.localhost/img.buzzfeed.com/buzzfeed-static/static/2016-05/7/22/campaign_images/webdr06/anthony-bourdains-manila-episode-of-parts-unknown-2-3049-1462674085-0_wide.jpg",
         "id" : "r68",
         "comps" : [],
         "download" : {
            "receiveFirst" : 3,
            "len" : 17256,
            "dns" : 0,
            "dnsEnd" : -1,
            "receiveHeadersEnd" : 9,
            "sslEnd" : -1,
            "connectEnd" : 6,
            "connectStart" : 0,
            "id" : "download_49",
            "receivedTime" : "974.199999938719",
            "sslStart" : -1,
            "dnsStart" : -1,
            "receiveLast" : 965.199999938719,
            "s_time" : 811.49499991443,
            "sendEnd" : 6,
            "sendStart" : 6,
            "type" : "image/jpeg"
         }
      },
      {
         "when_comp_start" : -1,
         "url" : "http://modified.testbed.localhost/img.buzzfeed.com/buzzfeed-static/static/2016-05/8/14/campaign_images/webdr03/a-guy-says-he-was-questioned-on-a-plane-for-doing-2-10381-1462732936-0_wide.jpg",
         "id" : "r69",
         "comps" : [],
         "download" : {
            "receiveFirst" : 4,
            "len" : 13835,
            "dns" : 0,
            "dnsEnd" : -1,
            "receiveHeadersEnd" : 9,
            "sslEnd" : -1,
            "connectEnd" : 5,
            "connectStart" : 0,
            "id" : "download_50",
            "receivedTime" : "974.565999931656",
            "sslStart" : -1,
            "dnsStart" : -1,
            "receiveLast" : 965.565999931656,
            "s_time" : 812.942999997176,
            "sendEnd" : 5,
            "sendStart" : 5,
            "type" : "image/jpeg"
         }
      },
      {
         "when_comp_start" : -1,
         "url" : "http://modified.testbed.localhost/img.buzzfeed.com/buzzfeed-static/static/2016-05/8/16/campaign_images/webdr07/this-couple-had-an-insanely-unique-baby-gender-re-2-6334-1462740508-0_wide.jpg",
         "id" : "r70",
         "comps" : [],
         "download" : {
            "receiveFirst" : 3,
            "len" : 20958,
            "dns" : 0,
            "dnsEnd" : -1,
            "receiveHeadersEnd" : 9,
            "sslEnd" : -1,
            "connectEnd" : 6,
            "connectStart" : 0,
            "id" : "download_51",
            "receivedTime" : "975.035000010394",
            "sslStart" : -1,
            "dnsStart" : -1,
            "receiveLast" : 966.035000010394,
            "s_time" : 813.635999918915,
            "sendEnd" : 6,
            "sendStart" : 6,
            "type" : "image/jpeg"
         }
      },
      {
         "when_comp_start" : -1,
         "url" : "http://modified.testbed.localhost/img.buzzfeed.com/buzzfeed-static/static/2016-05/6/3/campaign_images/webdr02/sexy-time-2-24606-1462519729-11_wide.jpg",
         "id" : "r71",
         "comps" : [],
         "download" : {
            "receiveFirst" : 5,
            "len" : 17264,
            "dns" : 0,
            "dnsEnd" : -1,
            "receiveHeadersEnd" : 9,
            "sslEnd" : -1,
            "connectEnd" : 4,
            "connectStart" : 0,
            "id" : "download_52",
            "receivedTime" : "975.523000000976",
            "sslStart" : -1,
            "dnsStart" : -1,
            "receiveLast" : 966.523000000976,
            "s_time" : 815.378999919631,
            "sendEnd" : 4,
            "sendStart" : 4,
            "type" : "image/jpeg"
         }
      },
      {
         "when_comp_start" : -1,
         "url" : "http://modified.testbed.localhost/img.buzzfeed.com/buzzfeed-static/static/2016-04/27/16/campaign_images/webdr15/hipsters-vs-normies-2-32143-1461787893-1_wide.jpg",
         "id" : "r72",
         "comps" : [],
         "download" : {
            "receiveFirst" : 5,
            "len" : 19497,
            "dns" : 0,
            "dnsEnd" : -1,
            "receiveHeadersEnd" : 9,
            "sslEnd" : -1,
            "connectEnd" : 4,
            "connectStart" : 0,
            "id" : "download_53",
            "receivedTime" : "976.000999915414",
            "sslStart" : -1,
            "dnsStart" : -1,
            "receiveLast" : 967.000999915414,
            "s_time" : 816.385999904014,
            "sendEnd" : 4,
            "sendStart" : 4,
            "type" : "image/jpeg"
         }
      },
      {
         "when_comp_start" : -1,
         "url" : "http://modified.testbed.localhost/img.buzzfeed.com/buzzfeed-static/static/2016-05/6/16/campaign_images/webdr01/people-are-loving-this-guys-mistake-on-a-homework-2-24267-1462565290-16_wide.jpg",
         "id" : "r73",
         "comps" : [],
         "download" : {
            "receiveFirst" : 6,
            "len" : 8024,
            "dns" : 0,
            "dnsEnd" : -1,
            "receiveHeadersEnd" : 10,
            "sslEnd" : -1,
            "connectEnd" : 4,
            "connectStart" : 0,
            "id" : "download_54",
            "receivedTime" : "976.360999979079",
            "sslStart" : -1,
            "dnsStart" : -1,
            "receiveLast" : 966.360999979079,
            "s_time" : 817.383999936283,
            "sendEnd" : 4,
            "sendStart" : 4,
            "type" : "image/jpeg"
         }
      },
      {
         "when_comp_start" : -1,
         "url" : "http://modified.testbed.localhost/img.buzzfeed.com/buzzfeed-static/static/2016-05/6/14/campaign_images/webdr07/people-are-really-upset-over-this-girls-sad-photo-2-28475-1462560128-1_wide.jpg",
         "id" : "r74",
         "comps" : [],
         "download" : {
            "receiveFirst" : 6,
            "len" : 13323,
            "dns" : 0,
            "dnsEnd" : -1,
            "receiveHeadersEnd" : 9,
            "sslEnd" : -1,
            "connectEnd" : 3,
            "connectStart" : 0,
            "id" : "download_55",
            "receivedTime" : "976.697999984026",
            "sslStart" : -1,
            "dnsStart" : -1,
            "receiveLast" : 967.697999984026,
            "s_time" : 819.178999983706,
            "sendEnd" : 3,
            "sendStart" : 3,
            "type" : "image/jpeg"
         }
      },
      {
         "when_comp_start" : -1,
         "url" : "http://modified.testbed.localhost/img.buzzfeed.com/buzzfeed-static/static/2016-05/6/21/campaign_images/webdr06/21-people-who-need-to-be-thrown-in-prison-for-ete-2-11078-1462584681-8_wide.jpg",
         "id" : "r75",
         "comps" : [],
         "download" : {
            "receiveFirst" : 5,
            "len" : 8335,
            "dns" : 0,
            "dnsEnd" : -1,
            "receiveHeadersEnd" : 9,
            "sslEnd" : -1,
            "connectEnd" : 4,
            "connectStart" : 0,
            "id" : "download_56",
            "receivedTime" : "977.081999997608",
            "sslStart" : -1,
            "dnsStart" : -1,
            "receiveLast" : 968.081999997608,
            "s_time" : 819.755999953486,
            "sendEnd" : 4,
            "sendStart" : 4,
            "type" : "image/jpeg"
         }
      },
      {
         "when_comp_start" : -1,
         "url" : "http://modified.testbed.localhost/img.buzzfeed.com/buzzfeed-static/static/badge_images/in/trending.png%3Fv=1462559564",
         "id" : "r76",
         "comps" : [],
         "download" : {
            "receiveFirst" : 5,
            "len" : 1828,
            "dns" : 0,
            "dnsEnd" : -1,
            "receiveHeadersEnd" : 10,
            "sslEnd" : -1,
            "connectEnd" : 5,
            "connectStart" : 0,
            "id" : "download_57",
            "receivedTime" : "977.615999989212",
            "sslStart" : -1,
            "dnsStart" : -1,
            "receiveLast" : 967.615999989212,
            "s_time" : 820.375999901444,
            "sendEnd" : 5,
            "sendStart" : 5,
            "type" : "image/png"
         }
      },
      {
         "when_comp_start" : -1,
         "url" : "http://modified.testbed.localhost/img.buzzfeed.com/buzzfeed-static/static/2016-05/6/2/campaign_images/webdr12/the-urban-poor-you-havent-noticed-millennials-who-2-1765-1462517646-1_wide.jpg",
         "id" : "r77",
         "comps" : [],
         "download" : {
            "receiveFirst" : 3,
            "len" : 24733,
            "dns" : 0,
            "dnsEnd" : -1,
            "receiveHeadersEnd" : 9,
            "sslEnd" : -1,
            "connectEnd" : 6,
            "connectStart" : 0,
            "id" : "download_58",
            "receivedTime" : "977.968999999575",
            "sslStart" : -1,
            "dnsStart" : -1,
            "receiveLast" : 968.968999999575,
            "s_time" : 821.513999952003,
            "sendEnd" : 6,
            "sendStart" : 6,
            "type" : "image/jpeg"
         }
      },
      {
         "when_comp_start" : -1,
         "url" : "http://modified.testbed.localhost/img.buzzfeed.com/buzzfeed-static/static/2016-05/5/18/campaign_images/webdr05/goals-out-of-ten-2-8337-1462488956-1_wide.jpg",
         "id" : "r78",
         "comps" : [],
         "download" : {
            "receiveFirst" : 4,
            "len" : 23291,
            "dns" : 0,
            "dnsEnd" : -1,
            "receiveHeadersEnd" : 9,
            "sslEnd" : -1,
            "connectEnd" : 5,
            "connectStart" : 0,
            "id" : "download_59",
            "receivedTime" : "978.501999983564",
            "sslStart" : -1,
            "dnsStart" : -1,
            "receiveLast" : 969.501999983564,
            "s_time" : 822.970999986865,
            "sendEnd" : 5,
            "sendStart" : 5,
            "type" : "image/jpeg"
         }
      },
      {
         "when_comp_start" : -1,
         "url" : "http://modified.testbed.localhost/img.buzzfeed.com/buzzfeed-static/static/2016-05/6/17/campaign_images/webdr03/kristen-bell-and-mila-kunis-being-surprised-by-th-2-8026-1462570252-9_wide.jpg",
         "id" : "r79",
         "comps" : [],
         "download" : {
            "receiveFirst" : 7,
            "len" : 16500,
            "dns" : 0,
            "dnsEnd" : -1,
            "receiveHeadersEnd" : 10,
            "sslEnd" : -1,
            "connectEnd" : 3,
            "connectStart" : 0,
            "id" : "download_60",
            "receivedTime" : "999.626999953762",
            "sslStart" : -1,
            "dnsStart" : -1,
            "receiveLast" : 989.626999953762,
            "s_time" : 908.505999948829,
            "sendEnd" : 3,
            "sendStart" : 3,
            "type" : "image/jpeg"
         }
      },
      {
         "when_comp_start" : -1,
         "url" : "http://modified.testbed.localhost/img.buzzfeed.com/buzzfeed-static/static/2016-05/6/10/campaign_images/webdr07/satisfying-times-2-13934-1462543993-7_wide.jpg",
         "id" : "r81",
         "comps" : [],
         "download" : {
            "receiveFirst" : 6,
            "len" : 6019,
            "dns" : 0,
            "dnsEnd" : -1,
            "receiveHeadersEnd" : 9,
            "sslEnd" : -1,
            "connectEnd" : 3,
            "connectStart" : 0,
            "id" : "download_61",
            "receivedTime" : "999.921999988146",
            "sslStart" : -1,
            "dnsStart" : -1,
            "receiveLast" : 990.921999988146,
            "s_time" : 909.153999993578,
            "sendEnd" : 3,
            "sendStart" : 3,
            "type" : "image/jpeg"
         }
      },
      {
         "when_comp_start" : -1,
         "url" : "http://modified.testbed.localhost/img.buzzfeed.com/buzzfeed-static/static/2016-05/6/5/campaign_images/webdr13/can-you-pass-this-maths-sat-test-for-6-year-olds-2-7174-1462527199-0_wide.jpg",
         "id" : "r82",
         "comps" : [],
         "download" : {
            "receiveFirst" : 6,
            "len" : 4948,
            "dns" : 0,
            "dnsEnd" : -1,
            "receiveHeadersEnd" : 9,
            "sslEnd" : -1,
            "connectEnd" : 3,
            "connectStart" : 0,
            "id" : "download_62",
            "receivedTime" : "1000.05599996075",
            "sslStart" : -1,
            "dnsStart" : -1,
            "receiveLast" : 991.05599996075,
            "s_time" : 909.504999988712,
            "sendEnd" : 3,
            "sendStart" : 3,
            "type" : "image/jpeg"
         }
      },
      {
         "when_comp_start" : -1,
         "url" : "http://modified.testbed.localhost/img.buzzfeed.com/buzzfeed-static/static/2016-05/5/14/campaign_images/webdr04/this-naval-officer-is-an-instagram-sensation-due--2-8476-1462472919-0_wide.jpg",
         "id" : "r83",
         "comps" : [],
         "download" : {
            "receiveFirst" : 5,
            "len" : 13824,
            "dns" : 0,
            "dnsEnd" : -1,
            "receiveHeadersEnd" : 9,
            "sslEnd" : -1,
            "connectEnd" : 4,
            "connectStart" : 0,
            "id" : "download_63",
            "receivedTime" : "1000.17299992032",
            "sslStart" : -1,
            "dnsStart" : -1,
            "receiveLast" : 991.172999920323,
            "s_time" : 909.983999910764,
            "sendEnd" : 4,
            "sendStart" : 4,
            "type" : "image/jpeg"
         }
      },
      {
         "when_comp_start" : -1,
         "url" : "http://modified.testbed.localhost/img.buzzfeed.com/buzzfeed-static/static/badge_images/uk/viral.png%3Fv=1462559564",
         "id" : "r80",
         "comps" : [],
         "download" : {
            "receiveFirst" : 7,
            "len" : 1828,
            "dns" : 0,
            "dnsEnd" : -1,
            "receiveHeadersEnd" : 10,
            "sslEnd" : -1,
            "connectEnd" : 3,
            "connectStart" : 0,
            "id" : "download_64",
            "receivedTime" : "999.786000000313",
            "sslStart" : -1,
            "dnsStart" : -1,
            "receiveLast" : 989.786000000313,
            "s_time" : 908.918999950401,
            "sendEnd" : 3,
            "sendStart" : 3,
            "type" : "image/png"
         }
      },
      {
         "when_comp_start" : -1,
         "url" : "http://modified.testbed.localhost/img.buzzfeed.com/buzzfeed-static/static/2016-05/4/10/campaign_images/webdr07/asos-prom-dresses-2-24236-1462370609-1_wide.jpg",
         "id" : "r84",
         "comps" : [],
         "download" : {
            "receiveFirst" : 2,
            "len" : 24038,
            "dns" : 0,
            "dnsEnd" : -1,
            "receiveHeadersEnd" : 13,
            "sslEnd" : -1,
            "connectEnd" : 11,
            "connectStart" : 0,
            "id" : "download_65",
            "receivedTime" : "1000.76399999671",
            "sslStart" : -1,
            "dnsStart" : -1,
            "receiveLast" : 987.763999996707,
            "s_time" : 910.471999901347,
            "sendEnd" : 11,
            "sendStart" : 11,
            "type" : "image/jpeg"
         }
      },
      {
         "when_comp_start" : -1,
         "url" : "http://modified.testbed.localhost/img.buzzfeed.com/buzzfeed-static/static/2016-05/6/11/campaign_images/webdr14/can-you-pick-which-couple-is-actually-miserable-2-27539-1462547084-1_wide.jpg",
         "id" : "r85",
         "comps" : [],
         "download" : {
            "receiveFirst" : 4,
            "len" : 18018,
            "dns" : 0,
            "dnsEnd" : -1,
            "receiveHeadersEnd" : 15,
            "sslEnd" : -1,
            "connectEnd" : 10,
            "connectStart" : 0,
            "id" : "download_66",
            "receivedTime" : "1001.21799996123",
            "sslStart" : -1,
            "dnsStart" : -1,
            "receiveLast" : 986.217999961227,
            "s_time" : 910.863999975845,
            "sendEnd" : 11,
            "sendStart" : 10,
            "type" : "image/jpeg"
         }
      },
      {
         "when_comp_start" : -1,
         "url" : "http://modified.testbed.localhost/img.buzzfeed.com/buzzfeed-static/static/2016-05/6/11/campaign_images/webdr04/18-very-nsfw-photos-of-tits-and-boobies-2-30777-1462546996-4_wide.jpg",
         "id" : "r87",
         "comps" : [],
         "download" : {
            "receiveFirst" : 7,
            "len" : 16938,
            "dns" : 0,
            "dnsEnd" : -1,
            "receiveHeadersEnd" : 17,
            "sslEnd" : -1,
            "connectEnd" : 10,
            "connectStart" : 0,
            "id" : "download_67",
            "receivedTime" : "1001.99899997097",
            "sslStart" : -1,
            "dnsStart" : -1,
            "receiveLast" : 984.998999970965,
            "s_time" : 911.394999944605,
            "sendEnd" : 10,
            "sendStart" : 10,
            "type" : "image/jpeg"
         }
      },
      {
         "when_comp_start" : -1,
         "url" : "http://modified.testbed.localhost/img.buzzfeed.com/buzzfeed-static/static/2016-04/enhanced/webdr13/badge_images/surprise.png%3Fv=1462559564",
         "id" : "r86",
         "comps" : [],
         "download" : {
            "receiveFirst" : 7,
            "len" : 5366,
            "dns" : 0,
            "dnsEnd" : -1,
            "receiveHeadersEnd" : 17,
            "sslEnd" : -1,
            "connectEnd" : 10,
            "connectStart" : 0,
            "id" : "download_68",
            "receivedTime" : "1001.81899999734",
            "sslStart" : -1,
            "dnsStart" : -1,
            "receiveLast" : 984.81899999734,
            "s_time" : 911.180999944918,
            "sendEnd" : 10,
            "sendStart" : 10,
            "type" : "image/png"
         }
      },
      {
         "when_comp_start" : -1,
         "url" : "http://modified.testbed.localhost/img.buzzfeed.com/buzzfeed-static/static/2016-05/5/17/campaign_images/webdr05/people-are-obsessed-with-this-womans-response-to--2-22989-1462482922-9_wide.jpg",
         "id" : "r88",
         "comps" : [],
         "download" : {
            "receiveFirst" : 8,
            "len" : 12997,
            "dns" : 0,
            "dnsEnd" : -1,
            "receiveHeadersEnd" : 10,
            "sslEnd" : -1,
            "connectEnd" : 2,
            "connectStart" : 0,
            "id" : "download_69",
            "receivedTime" : "1002.45799997356",
            "sslStart" : -1,
            "dnsStart" : -1,
            "receiveLast" : 992.457999973558,
            "s_time" : 920.112999971025,
            "sendEnd" : 2,
            "sendStart" : 2,
            "type" : "image/jpeg"
         }
      },
      {
         "when_comp_start" : -1,
         "url" : "http://modified.testbed.localhost/img.buzzfeed.com/buzzfeed-static/static/2016-04/29/19/campaign_images/webdr06/19-people-who-are-definitely-slytherins-2-6797-1461972744-1_wide.jpg",
         "id" : "r89",
         "comps" : [],
         "download" : {
            "receiveFirst" : 6,
            "len" : 17937,
            "dns" : 0,
            "dnsEnd" : -1,
            "receiveHeadersEnd" : 11,
            "sslEnd" : -1,
            "connectEnd" : 5,
            "connectStart" : 0,
            "id" : "download_70",
            "receivedTime" : "1002.85900000017",
            "sslStart" : -1,
            "dnsStart" : -1,
            "receiveLast" : 991.859000000171,
            "s_time" : 920.498999999836,
            "sendEnd" : 5,
            "sendStart" : 5,
            "type" : "image/jpeg"
         }
      },
      {
         "when_comp_start" : -1,
         "url" : "http://modified.testbed.localhost/img.buzzfeed.com/buzzfeed-static/static/2016-05/5/9/campaign_images/webdr06/can-you-pick-the-guy-with-the-biggest-dick-2-32343-1462453914-1_wide.jpg",
         "id" : "r90",
         "comps" : [],
         "download" : {
            "receiveFirst" : 4,
            "len" : 9910,
            "dns" : 0,
            "dnsEnd" : -1,
            "receiveHeadersEnd" : 11,
            "sslEnd" : -1,
            "connectEnd" : 7,
            "connectStart" : 0,
            "id" : "download_71",
            "receivedTime" : "1003.21299990173",
            "sslStart" : -1,
            "dnsStart" : -1,
            "receiveLast" : 992.212999901734,
            "s_time" : 920.807999907993,
            "sendEnd" : 7,
            "sendStart" : 7,
            "type" : "image/jpeg"
         }
      },
      {
         "when_comp_start" : -1,
         "url" : "http://modified.testbed.localhost/img.buzzfeed.com/buzzfeed-static/static/2016-05/5/9/campaign_images/webdr11/this-friends-themed-bridal-shower-will-make-you-w-2-12459-1462456500-0_wide.jpg",
         "id" : "r92",
         "comps" : [],
         "download" : {
            "receiveFirst" : 4,
            "len" : 21070,
            "dns" : 0,
            "dnsEnd" : -1,
            "receiveHeadersEnd" : 12,
            "sslEnd" : -1,
            "connectEnd" : 8,
            "connectStart" : 0,
            "id" : "download_72",
            "receivedTime" : "1004.00999991689",
            "sslStart" : -1,
            "dnsStart" : -1,
            "receiveLast" : 992.009999916889,
            "s_time" : 921.418000012636,
            "sendEnd" : 8,
            "sendStart" : 8,
            "type" : "image/jpeg"
         }
      },
      {
         "when_comp_start" : -1,
         "url" : "http://modified.testbed.localhost/img.buzzfeed.com/buzzfeed-static/static/badge_images/in/viral.png%3Fv=1462559564",
         "id" : "r91",
         "comps" : [],
         "download" : {
            "receiveFirst" : 4,
            "len" : 1828,
            "dns" : 0,
            "dnsEnd" : -1,
            "receiveHeadersEnd" : 12,
            "sslEnd" : -1,
            "connectEnd" : 8,
            "connectStart" : 0,
            "id" : "download_73",
            "receivedTime" : "1003.79899994005",
            "sslStart" : -1,
            "dnsStart" : -1,
            "receiveLast" : 991.798999940045,
            "s_time" : 921.123999985866,
            "sendEnd" : 8,
            "sendStart" : 8,
            "type" : "image/png"
         }
      },
      {
         "when_comp_start" : -1,
         "url" : "http://modified.testbed.localhost/img.buzzfeed.com/buzzfeed-static/static/2016-05/4/9/campaign_images/webdr14/ted-cruz-elbowed-his-wife-in-the-face-after-he-qu-2-32722-1462370300-0_wide.jpg",
         "id" : "r93",
         "comps" : [],
         "download" : {
            "receiveFirst" : 4,
            "len" : 15016,
            "dns" : 0,
            "dnsEnd" : -1,
            "receiveHeadersEnd" : 9,
            "sslEnd" : -1,
            "connectEnd" : 5,
            "connectStart" : 0,
            "id" : "download_74",
            "receivedTime" : "1004.41900000442",
            "sslStart" : -1,
            "dnsStart" : -1,
            "receiveLast" : 995.419000004418,
            "s_time" : 925.916999927722,
            "sendEnd" : 5,
            "sendStart" : 5,
            "type" : "image/jpeg"
         }
      },
      {
         "when_comp_start" : -1,
         "url" : "http://modified.testbed.localhost/img.buzzfeed.com/buzzfeed-static/static/2016-05/4/12/campaign_images/webdr06/we-tried-to-take-a-middle-school-sex-education-qu-2-4735-1462379087-4_wide.jpg",
         "id" : "r94",
         "comps" : [],
         "download" : {
            "receiveFirst" : 5,
            "len" : 19020,
            "dns" : 0,
            "dnsEnd" : -1,
            "receiveHeadersEnd" : 9,
            "sslEnd" : -1,
            "connectEnd" : 4,
            "connectStart" : 0,
            "id" : "download_75",
            "receivedTime" : "1004.84099995811",
            "sslStart" : -1,
            "dnsStart" : -1,
            "receiveLast" : 995.840999958105,
            "s_time" : 927.681999979541,
            "sendEnd" : 4,
            "sendStart" : 4,
            "type" : "image/jpeg"
         }
      },
      {
         "when_comp_start" : -1,
         "url" : "http://modified.testbed.localhost/webappstatic.buzzfeed.com/static/js/General_concat_footer.js%3Fv=1462559564",
         "id" : "r96",
         "comps" : [
            {
               "s_time" : 1023.76599994022,
               "time" : 63.0890000611599,
               "type" : 1,
               "id" : "comp_281",
               "e_time" : 1086.85500000138
            }
         ],
         "download" : {
            "receiveFirst" : 5,
            "len" : 267426,
            "dns" : 0,
            "dnsEnd" : -1,
            "receiveHeadersEnd" : 6,
            "sslEnd" : -1,
            "connectEnd" : 0,
            "connectStart" : 0,
            "id" : "download_76",
            "receivedTime" : "1023.63899990451",
            "sslStart" : -1,
            "dnsStart" : -1,
            "receiveLast" : 1017.63899990451,
            "s_time" : 960.771000012755,
            "sendEnd" : 1,
            "sendStart" : 0,
            "type" : "text/plain"
         }
      },
      {
         "when_comp_start" : -1,
         "url" : "http://modified.testbed.localhost/analytics.twitter.com/i/adsct%3Ftxn_id=l5xur&p_id=Twitter&tw_sale_amount=0&tw_order_quantity=0",
         "id" : "r97",
         "comps" : [],
         "download" : {
            "receiveFirst" : 4,
            "len" : 43,
            "dns" : 0,
            "dnsEnd" : -1,
            "receiveHeadersEnd" : 6,
            "sslEnd" : -1,
            "connectEnd" : 2,
            "connectStart" : 0,
            "id" : "download_77",
            "receivedTime" : "1015.17399994191",
            "sslStart" : -1,
            "dnsStart" : -1,
            "receiveLast" : 1009.17399994191,
            "s_time" : 963.185000000522,
            "sendEnd" : 2,
            "sendStart" : 2,
            "type" : "image/gif"
         }
      },
      {
         "when_comp_start" : -1,
         "url" : "http://modified.testbed.localhost/platform.instagram.com/en_US/embeds.js",
         "id" : "r99",
         "comps" : [
            {
               "s_time" : 1387.77099992149,
               "time" : 18.60900002066,
               "type" : null,
               "id" : "comp_297",
               "e_time" : 1406.37999994215
            }
         ],
         "download" : {
            "receiveFirst" : 6,
            "len" : 45301,
            "dns" : 0,
            "dnsEnd" : -1,
            "receiveHeadersEnd" : 9,
            "sslEnd" : -1,
            "connectEnd" : 3,
            "connectStart" : 0,
            "id" : "download_78",
            "receivedTime" : "1016.05899992865",
            "sslStart" : -1,
            "dnsStart" : -1,
            "receiveLast" : 1007.05899992865,
            "s_time" : 963.365999981761,
            "sendEnd" : 3,
            "sendStart" : 3,
            "type" : "application/javascript"
         }
      },
      {
         "when_comp_start" : -1,
         "url" : "http://modified.testbed.localhost/t.co/i/adsct%3Ftxn_id=l5xur&p_id=Twitter&tw_sale_amount=0&tw_order_quantity=0",
         "id" : "r98",
         "comps" : [],
         "download" : {
            "receiveFirst" : 6,
            "len" : 43,
            "dns" : 0,
            "dnsEnd" : -1,
            "receiveHeadersEnd" : 9,
            "sslEnd" : -1,
            "connectEnd" : 3,
            "connectStart" : 0,
            "id" : "download_79",
            "receivedTime" : "1015.59999992605",
            "sslStart" : -1,
            "dnsStart" : -1,
            "receiveLast" : 1006.59999992605,
            "s_time" : 963.192999945022,
            "sendEnd" : 3,
            "sendStart" : 3,
            "type" : "image/gif"
         }
      },
      {
         "when_comp_start" : -1,
         "url" : "http://modified.testbed.localhost/webappstatic.buzzfeed.com/static/images/desktop/icons/play_icon.png%3Fv=1462559564",
         "id" : "r100",
         "comps" : [],
         "download" : {
            "receiveFirst" : 4,
            "len" : 1048,
            "dns" : 0,
            "dnsEnd" : -1,
            "receiveHeadersEnd" : 5,
            "sslEnd" : -1,
            "connectEnd" : 1,
            "connectStart" : 0,
            "id" : "download_80",
            "receivedTime" : "1017.11199991405",
            "sslStart" : -1,
            "dnsStart" : -1,
            "receiveLast" : 1012.11199991405,
            "s_time" : 981.216999934986,
            "sendEnd" : 1,
            "sendStart" : 1,
            "type" : "image/png"
         }
      },
      {
         "when_comp_start" : -1,
         "url" : "http://modified.testbed.localhost/webappstatic.buzzfeed.com/static/images/public/sidebars/vertical_promo_headers.png%3Fv=1462559564",
         "id" : "r101",
         "comps" : [],
         "download" : {
            "receiveFirst" : 5,
            "len" : 104260,
            "dns" : 0,
            "dnsEnd" : -1,
            "receiveHeadersEnd" : 6,
            "sslEnd" : -1,
            "connectEnd" : 1,
            "connectStart" : 0,
            "id" : "download_81",
            "receivedTime" : "1380.65700000152",
            "sslStart" : -1,
            "dnsStart" : -1,
            "receiveLast" : 1374.65700000152,
            "s_time" : 982.293999986723,
            "sendEnd" : 1,
            "sendStart" : 1,
            "type" : "image/png"
         }
      },
      {
         "when_comp_start" : -1,
         "url" : "http://modified.testbed.localhost/webappstatic.buzzfeed.com/static/images/public/homepage/homepage-sprite.png%3Fv=1462559564",
         "id" : "r102",
         "comps" : [],
         "download" : {
            "receiveFirst" : 6,
            "len" : 77809,
            "dns" : 0,
            "dnsEnd" : -1,
            "receiveHeadersEnd" : 7,
            "sslEnd" : -1,
            "connectEnd" : 1,
            "connectStart" : 0,
            "id" : "download_82",
            "receivedTime" : "1379.8769999994",
            "sslStart" : -1,
            "dnsStart" : -1,
            "receiveLast" : 1372.8769999994,
            "s_time" : 985.939999925904,
            "sendEnd" : 1,
            "sendStart" : 1,
            "type" : "image/png"
         }
      },
      {
         "when_comp_start" : -1,
         "url" : "http://modified.testbed.localhost/webappstatic.buzzfeed.com/static/images/global/legacy-tests/legacy-test--home.png%3Fv=1462559564",
         "id" : "r104",
         "comps" : [],
         "download" : {
            "receiveFirst" : 11,
            "len" : 930,
            "dns" : 0,
            "dnsEnd" : -1,
            "receiveHeadersEnd" : 12,
            "sslEnd" : -1,
            "connectEnd" : 1,
            "connectStart" : 0,
            "id" : "download_83",
            "receivedTime" : "1379.09800000489",
            "sslStart" : -1,
            "dnsStart" : -1,
            "receiveLast" : 1367.09800000489,
            "s_time" : 987.8519999329,
            "sendEnd" : 1,
            "sendStart" : 1,
            "type" : "image/png"
         }
      },
      {
         "when_comp_start" : -1,
         "url" : "http://modified.testbed.localhost/webappstatic.buzzfeed.com/static/images/global/made-ny-logo.png%3Fv=1462559564",
         "id" : "r103",
         "comps" : [],
         "download" : {
            "receiveFirst" : 11,
            "len" : 2867,
            "dns" : 0,
            "dnsEnd" : -1,
            "receiveHeadersEnd" : 12,
            "sslEnd" : -1,
            "connectEnd" : 1,
            "connectStart" : 0,
            "id" : "download_84",
            "receivedTime" : "1379.61599999107",
            "sslStart" : -1,
            "dnsStart" : -1,
            "receiveLast" : 1367.61599999107,
            "s_time" : 987.572999903932,
            "sendEnd" : 1,
            "sendStart" : 1,
            "type" : "image/png"
         }
      },
      {
         "when_comp_start" : -1,
         "url" : "http://modified.testbed.localhost/webappstatic.buzzfeed.com/static/fonts/fontawesome-webfont.woff%3Fv=4.2.0",
         "id" : "r25",
         "comps" : [],
         "download" : {
            "receiveFirst" : 3,
            "len" : 83760,
            "dns" : 0,
            "dnsEnd" : -1,
            "receiveHeadersEnd" : 3,
            "sslEnd" : -1,
            "connectEnd" : 0,
            "connectStart" : 0,
            "id" : "download_85",
            "receivedTime" : "1476.19600000326",
            "sslStart" : -1,
            "dnsStart" : -1,
            "receiveLast" : 1473.19600000326,
            "s_time" : 1406.93199995439,
            "sendEnd" : 0,
            "sendStart" : 0,
            "type" : "application/octet-stream"
         }
      }
   ],
   "deps" : [
      {
         "a2" : "r1_c2",
         "time" : -1,
         "id" : "dep1",
         "a1" : "comp_8"
      },
      {
         "a2" : "r1_c3",
         "time" : -1,
         "id" : "dep2",
         "a1" : "comp_12"
      },
      {
         "a2" : "r1_c4",
         "time" : -1,
         "id" : "dep3",
         "a1" : "comp_14"
      },
      {
         "a2" : "r1_c5",
         "time" : -1,
         "id" : "dep4",
         "a1" : "comp_19"
      },
      {
         "a2" : "r1_c6",
         "time" : -1,
         "id" : "dep5",
         "a1" : "comp_30"
      },
      {
         "a2" : "r1_c7",
         "time" : -1,
         "id" : "dep6",
         "a1" : "comp_38"
      },
      {
         "a2" : "r1_c8",
         "time" : -1,
         "id" : "dep7",
         "a1" : "comp_281"
      },
      {
         "a2" : "comp_12",
         "time" : -1,
         "id" : "dep8",
         "a1" : "comp_8"
      },
      {
         "a2" : "comp_14",
         "time" : -1,
         "id" : "dep9",
         "a1" : "comp_12"
      },
      {
         "a2" : "comp_38",
         "time" : -1,
         "id" : "dep10",
         "a1" : "comp_37"
      },
      {
         "a2" : "comp_38",
         "time" : -1,
         "id" : "dep11",
         "a1" : "comp_35"
      },
      {
         "a2" : "comp_38",
         "time" : -1,
         "id" : "dep12",
         "a1" : "comp_36"
      },
      {
         "a2" : "comp_38",
         "time" : -1,
         "id" : "dep13",
         "a1" : "comp_28"
      },
      {
         "a2" : "comp_38",
         "time" : -1,
         "id" : "dep14",
         "a1" : "comp_29"
      },
      {
         "a2" : "download_85",
         "time" : -1,
         "id" : "dep15",
         "a1" : "r1_c8"
      },
      {
         "a2" : "download_84",
         "time" : -1,
         "id" : "dep16",
         "a1" : "r1_c7"
      },
      {
         "a2" : "download_83",
         "time" : -1,
         "id" : "dep17",
         "a1" : "r1_c7"
      },
      {
         "a2" : "download_82",
         "time" : 360.418999916874,
         "id" : "dep18",
         "a1" : "r1_c7"
      },
      {
         "a2" : "download_81",
         "time" : 356.772999977693,
         "id" : "dep19",
         "a1" : "r1_c7"
      },
      {
         "a2" : "download_80",
         "time" : 355.695999925956,
         "id" : "dep20",
         "a1" : "r1_c7"
      },
      {
         "a2" : "download_79",
         "time" : 337.671999935992,
         "id" : "dep21",
         "a1" : "r1_c7"
      },
      {
         "a2" : "download_79",
         "time" : 337.671999935992,
         "id" : "dep22",
         "a1" : "r1_c7"
      },
      {
         "a2" : "download_78",
         "time" : 337.844999972731,
         "id" : "dep23",
         "a1" : "r1_c7"
      },
      {
         "a2" : "download_78",
         "time" : 337.844999972731,
         "id" : "dep24",
         "a1" : "r1_c7"
      },
      {
         "a2" : "download_77",
         "time" : 337.663999991492,
         "id" : "dep25",
         "a1" : "r1_c7"
      },
      {
         "a2" : "download_77",
         "time" : 337.663999991492,
         "id" : "dep26",
         "a1" : "r1_c7"
      },
      {
         "a2" : "download_76",
         "time" : 335.250000003725,
         "id" : "dep27",
         "a1" : "r1_c7"
      },
      {
         "a2" : "download_75",
         "time" : 302.160999970511,
         "id" : "dep28",
         "a1" : "r1_c7"
      },
      {
         "a2" : "download_74",
         "time" : 300.395999918692,
         "id" : "dep29",
         "a1" : "r1_c7"
      },
      {
         "a2" : "download_73",
         "time" : 295.602999976836,
         "id" : "dep30",
         "a1" : "r1_c7"
      },
      {
         "a2" : "download_72",
         "time" : 295.897000003606,
         "id" : "dep31",
         "a1" : "r1_c7"
      },
      {
         "a2" : "download_71",
         "time" : 295.286999898963,
         "id" : "dep32",
         "a1" : "r1_c7"
      },
      {
         "a2" : "download_70",
         "time" : 294.977999990806,
         "id" : "dep33",
         "a1" : "r1_c7"
      },
      {
         "a2" : "download_69",
         "time" : 294.591999961995,
         "id" : "dep34",
         "a1" : "r1_c7"
      },
      {
         "a2" : "download_68",
         "time" : 285.659999935888,
         "id" : "dep35",
         "a1" : "r1_c7"
      },
      {
         "a2" : "download_67",
         "time" : 285.873999935575,
         "id" : "dep36",
         "a1" : "r1_c7"
      },
      {
         "a2" : "download_66",
         "time" : 285.342999966815,
         "id" : "dep37",
         "a1" : "r1_c7"
      },
      {
         "a2" : "download_65",
         "time" : 284.950999892317,
         "id" : "dep38",
         "a1" : "r1_c7"
      },
      {
         "a2" : "download_64",
         "time" : 283.397999941371,
         "id" : "dep39",
         "a1" : "r1_c7"
      },
      {
         "a2" : "download_63",
         "time" : 284.462999901734,
         "id" : "dep40",
         "a1" : "r1_c7"
      },
      {
         "a2" : "download_62",
         "time" : 283.983999979682,
         "id" : "dep41",
         "a1" : "r1_c7"
      },
      {
         "a2" : "download_61",
         "time" : 283.632999984548,
         "id" : "dep42",
         "a1" : "r1_c7"
      },
      {
         "a2" : "download_60",
         "time" : 282.984999939799,
         "id" : "dep43",
         "a1" : "r1_c7"
      },
      {
         "a2" : "download_59",
         "time" : 197.449999977835,
         "id" : "dep44",
         "a1" : "r1_c7"
      },
      {
         "a2" : "download_58",
         "time" : 195.992999942973,
         "id" : "dep45",
         "a1" : "r1_c7"
      },
      {
         "a2" : "download_57",
         "time" : 194.854999892414,
         "id" : "dep46",
         "a1" : "r1_c7"
      },
      {
         "a2" : "download_56",
         "time" : 194.234999944456,
         "id" : "dep47",
         "a1" : "r1_c7"
      },
      {
         "a2" : "download_55",
         "time" : 193.657999974676,
         "id" : "dep48",
         "a1" : "r1_c7"
      },
      {
         "a2" : "download_54",
         "time" : 191.862999927253,
         "id" : "dep49",
         "a1" : "r1_c7"
      },
      {
         "a2" : "download_53",
         "time" : 190.864999894984,
         "id" : "dep50",
         "a1" : "r1_c7"
      },
      {
         "a2" : "download_52",
         "time" : 189.857999910601,
         "id" : "dep51",
         "a1" : "r1_c7"
      },
      {
         "a2" : "download_51",
         "time" : 188.114999909885,
         "id" : "dep52",
         "a1" : "r1_c7"
      },
      {
         "a2" : "download_50",
         "time" : 187.421999988146,
         "id" : "dep53",
         "a1" : "r1_c7"
      },
      {
         "a2" : "download_49",
         "time" : 185.9739999054,
         "id" : "dep54",
         "a1" : "r1_c7"
      },
      {
         "a2" : "download_48",
         "time" : 185.419999994338,
         "id" : "dep55",
         "a1" : "r1_c7"
      },
      {
         "a2" : "download_47",
         "time" : 182.706999941729,
         "id" : "dep56",
         "a1" : "r1_c7"
      },
      {
         "a2" : "download_46",
         "time" : 183.233999996446,
         "id" : "dep57",
         "a1" : "r1_c7"
      },
      {
         "a2" : "download_45",
         "time" : 181.428999989294,
         "id" : "dep58",
         "a1" : "r1_c7"
      },
      {
         "a2" : "download_44",
         "time" : 179.353999905288,
         "id" : "dep59",
         "a1" : "r1_c7"
      },
      {
         "a2" : "download_43",
         "time" : 174.942999961786,
         "id" : "dep60",
         "a1" : "r1_c7"
      },
      {
         "a2" : "download_42",
         "time" : 170.810999930836,
         "id" : "dep61",
         "a1" : "r1_c7"
      },
      {
         "a2" : "download_41",
         "time" : 173.407999915071,
         "id" : "dep62",
         "a1" : "r1_c7"
      },
      {
         "a2" : "download_40",
         "time" : 168.420000001788,
         "id" : "dep63",
         "a1" : "r1_c7"
      },
      {
         "a2" : "download_39",
         "time" : 164.065999910236,
         "id" : "dep64",
         "a1" : "r1_c7"
      },
      {
         "a2" : "download_38",
         "time" : 163.727999897674,
         "id" : "dep65",
         "a1" : "r1_c7"
      },
      {
         "a2" : "download_37",
         "time" : 163.324999972247,
         "id" : "dep66",
         "a1" : "r1_c7"
      },
      {
         "a2" : "download_36",
         "time" : 162.280999938957,
         "id" : "dep67",
         "a1" : "r1_c7"
      },
      {
         "a2" : "download_35",
         "time" : 161.741999909282,
         "id" : "dep68",
         "a1" : "r1_c7"
      },
      {
         "a2" : "download_34",
         "time" : 161.412999965251,
         "id" : "dep69",
         "a1" : "r1_c7"
      },
      {
         "a2" : "download_33",
         "time" : 161.023999913596,
         "id" : "dep70",
         "a1" : "r1_c7"
      },
      {
         "a2" : "download_32",
         "time" : 160.598999937065,
         "id" : "dep71",
         "a1" : "r1_c7"
      },
      {
         "a2" : "download_31",
         "time" : 160.139999934472,
         "id" : "dep72",
         "a1" : "r1_c7"
      },
      {
         "a2" : "download_30",
         "time" : 108.969999942929,
         "id" : "dep73",
         "a1" : "r1_c7"
      },
      {
         "a2" : "download_29",
         "time" : 107.878999901004,
         "id" : "dep74",
         "a1" : "r1_c7"
      },
      {
         "a2" : "download_28",
         "time" : 93.1089998921381,
         "id" : "dep75",
         "a1" : "r1_c7"
      },
      {
         "a2" : "download_27",
         "time" : 93.488999991678,
         "id" : "dep76",
         "a1" : "r1_c7"
      },
      {
         "a2" : "download_26",
         "time" : 92.454999918118,
         "id" : "dep77",
         "a1" : "r1_c7"
      },
      {
         "a2" : "download_25",
         "time" : 92.027999926359,
         "id" : "dep78",
         "a1" : "r1_c7"
      },
      {
         "a2" : "download_24",
         "time" : 73.6569999717181,
         "id" : "dep79",
         "a1" : "r1_c7"
      },
      {
         "a2" : "download_23",
         "time" : 73.178999940865,
         "id" : "dep80",
         "a1" : "r1_c7"
      },
      {
         "a2" : "download_22",
         "time" : 72.7269999915731,
         "id" : "dep81",
         "a1" : "r1_c7"
      },
      {
         "a2" : "download_21",
         "time" : 59.21199999284,
         "id" : "dep82",
         "a1" : "r1_c7"
      },
      {
         "a2" : "download_20",
         "time" : 57.8689998947081,
         "id" : "dep83",
         "a1" : "r1_c7"
      },
      {
         "a2" : "download_19",
         "time" : 54.754999931902,
         "id" : "dep84",
         "a1" : "r1_c7"
      },
      {
         "a2" : "download_18",
         "time" : 54.518999997527,
         "id" : "dep85",
         "a1" : "r1_c7"
      },
      {
         "a2" : "download_17",
         "time" : 50.021999981254,
         "id" : "dep86",
         "a1" : "r1_c7"
      },
      {
         "a2" : "download_16",
         "time" : 46.080000000075,
         "id" : "dep87",
         "a1" : "r1_c7"
      },
      {
         "a2" : "download_15",
         "time" : 45.929999905639,
         "id" : "dep88",
         "a1" : "r1_c7"
      },
      {
         "a2" : "download_14",
         "time" : -1,
         "id" : "dep89",
         "a1" : "r1_c5"
      },
      {
         "a2" : "download_14",
         "time" : 20.524999941699,
         "id" : "dep90",
         "a1" : "r1_c5"
      },
      {
         "a2" : "download_13",
         "time" : 19.832999911159,
         "id" : "dep91",
         "a1" : "r1_c5"
      },
      {
         "a2" : "download_12",
         "time" : 19.501999951899,
         "id" : "dep92",
         "a1" : "r1_c5"
      },
      {
         "a2" : "download_11",
         "time" : 19.106999970972,
         "id" : "dep93",
         "a1" : "r1_c5"
      },
      {
         "a2" : "download_11",
         "time" : 19.106999970972,
         "id" : "dep94",
         "a1" : "r1_c5"
      },
      {
         "a2" : "download_10",
         "time" : 18.765999935567,
         "id" : "dep95",
         "a1" : "r1_c5"
      },
      {
         "a2" : "download_10",
         "time" : 18.765999935567,
         "id" : "dep96",
         "a1" : "r1_c5"
      },
      {
         "a2" : "download_9",
         "time" : 18.412999925203,
         "id" : "dep97",
         "a1" : "r1_c5"
      },
      {
         "a2" : "download_9",
         "time" : 18.412999925203,
         "id" : "dep98",
         "a1" : "r1_c5"
      },
      {
         "a2" : "download_8",
         "time" : 18.017999944277,
         "id" : "dep99",
         "a1" : "r1_c5"
      },
      {
         "a2" : "download_8",
         "time" : 18.017999944277,
         "id" : "dep100",
         "a1" : "r1_c5"
      },
      {
         "a2" : "download_7",
         "time" : -1,
         "id" : "dep101",
         "a1" : "r1_c1"
      },
      {
         "a2" : "download_7",
         "time" : 18.1539999321103,
         "id" : "dep102",
         "a1" : "r1_c1"
      },
      {
         "a2" : "download_6",
         "time" : 17.6819999469444,
         "id" : "dep103",
         "a1" : "r1_c1"
      },
      {
         "a2" : "download_6",
         "time" : 17.6819999469444,
         "id" : "dep104",
         "a1" : "r1_c1"
      },
      {
         "a2" : "download_5",
         "time" : 16.7609999189153,
         "id" : "dep105",
         "a1" : "r1_c1"
      },
      {
         "a2" : "download_5",
         "time" : 16.7609999189153,
         "id" : "dep106",
         "a1" : "r1_c1"
      },
      {
         "a2" : "download_4",
         "time" : 16.6009999811649,
         "id" : "dep107",
         "a1" : "r1_c1"
      },
      {
         "a2" : "download_4",
         "time" : 16.6009999811649,
         "id" : "dep108",
         "a1" : "r1_c1"
      },
      {
         "a2" : "download_3",
         "time" : 16.4670000085607,
         "id" : "dep109",
         "a1" : "r1_c1"
      },
      {
         "a2" : "download_3",
         "time" : 16.4670000085607,
         "id" : "dep110",
         "a1" : "r1_c1"
      },
      {
         "a2" : "download_2",
         "time" : 15.1439999463037,
         "id" : "dep111",
         "a1" : "r1_c1"
      },
      {
         "a2" : "download_2",
         "time" : 15.1439999463037,
         "id" : "dep112",
         "a1" : "r1_c1"
      },
      {
         "a2" : "download_1",
         "time" : 14.9809999857098,
         "id" : "dep113",
         "a1" : "r1_c1"
      }
   ]
}
