{
   "n_download_no_trigger" : 6,
   "start_activity" : "download_0",
   "name" : "modified.testbed.localhost_www.newyorker.com_",
   "load_activity" : -1,
   "objs" : [
      {
         "when_comp_start" : 1,
         "url" : "http://modified.testbed.localhost/www.newyorker.com/",
         "id" : "r1",
         "comps" : [
            {
               "s_time" : 44.5470000850037,
               "time" : 42.3389999195933,
               "id" : "r1_c1",
               "type" : "evalhtml",
               "e_time" : 86.886000004597
            },
            {
               "s_time" : 316.362000070512,
               "time" : 411.362000042573,
               "id" : "r1_c2",
               "type" : "evalhtml",
               "e_time" : 727.724000113085
            },
            {
               "s_time" : 799.715000088327,
               "time" : 3.14099993556704,
               "id" : "r1_c3",
               "type" : "evalhtml",
               "e_time" : 802.856000023894
            },
            {
               "s_time" : 915.749000036158,
               "time" : -845519773.771,
               "id" : "r1_c4",
               "type" : "evalhtml",
               "e_time" : -845518858.022
            },
            {
               "s_time" : 949.688000022434,
               "time" : 96.514000091706,
               "id" : "r1_c5",
               "type" : "evalhtml",
               "e_time" : 1046.20200011414
            },
            {
               "s_time" : 1106.41500004567,
               "time" : -845519964.437,
               "id" : "r1_c6",
               "type" : "evalhtml",
               "e_time" : -845518858.022
            },
            {
               "s_time" : 1118.11400006991,
               "time" : -845519976.136,
               "id" : "r1_c7",
               "type" : "evalhtml",
               "e_time" : -845518858.022
            },
            {
               "s_time" : 1327.61400006711,
               "time" : 483.01700002049,
               "id" : "r1_c8",
               "type" : "evalhtml",
               "e_time" : 1810.6310000876
            },
            {
               "s_time" : 1817.93500005733,
               "time" : -845520675.957,
               "id" : "r1_c9",
               "type" : "evalhtml",
               "e_time" : -845518858.022
            },
            {
               "s_time" : 1825.32800000627,
               "time" : 362.82200005371,
               "type" : "evalhtml",
               "id" : "r1_c10",
               "e_time" : 2188.15000005998
            }
         ],
         "download" : {
            "receiveFirst" : 4,
            "len" : 142683,
            "dns" : 0,
            "dnsEnd" : -1,
            "receiveHeadersEnd" : 4,
            "sslEnd" : -1,
            "connectEnd" : 0,
            "connectStart" : 0,
            "id" : "download_0",
            "receivedTime" : "43.9140000380576",
            "sslStart" : -1,
            "dnsStart" : -1,
            "receiveLast" : 39.9140000380576,
            "s_time" : 0,
            "sendEnd" : 0,
            "sendStart" : 0,
            "type" : "text/html"
         }
      },
      {
         "when_comp_start" : -1,
         "url" : "http://modified.testbed.localhost/www.newyorker.com/wp-content/assets/dist/css/core.min.css%3Fcb=20160510223228.css",
         "id" : "r2",
         "comps" : [
            {
               "s_time" : 144.244000082836,
               "time" : 191.924999933689,
               "type" : 4,
               "id" : "comp_3",
               "e_time" : 336.169000016525
            }
         ],
         "download" : {
            "receiveFirst" : 3,
            "len" : 993851,
            "dns" : 0,
            "dnsEnd" : -1,
            "receiveHeadersEnd" : 6,
            "sslEnd" : -1,
            "connectEnd" : 3,
            "connectStart" : 0,
            "id" : "download_5",
            "receivedTime" : "143.920000060461",
            "sslStart" : -1,
            "dnsStart" : -1,
            "receiveLast" : 137.920000060461,
            "s_time" : 46.4340000180528,
            "sendEnd" : 3,
            "sendStart" : 3,
            "type" : "text/css"
         }
      },
      {
         "when_comp_start" : -1,
         "url" : "http://modified.testbed.localhost/use.typekit.net/wth6gwt.js",
         "id" : "r3",
         "comps" : [
            {
               "s_time" : 295.449000084773,
               "time" : 20.912999985739,
               "type" : 1,
               "id" : "comp_4",
               "e_time" : 316.362000070512
            }
         ],
         "download" : {
            "receiveFirst" : 5,
            "len" : 25219,
            "dns" : 0,
            "dnsEnd" : 1,
            "receiveHeadersEnd" : 9,
            "sslEnd" : -1,
            "connectEnd" : 4,
            "connectStart" : 0,
            "id" : "download_6",
            "receivedTime" : "62.5160000054166",
            "sslStart" : -1,
            "dnsStart" : 1,
            "receiveLast" : 53.5160000054166,
            "s_time" : 46.8760000076145,
            "sendEnd" : 4,
            "sendStart" : 4,
            "type" : "application/javascript"
         }
      },
      {
         "when_comp_start" : -1,
         "url" : "http://modified.testbed.localhost/www.newyorker.com/wp-content/assets/dist/img/px.gif",
         "id" : "r4",
         "comps" : [],
         "download" : {
            "receiveFirst" : 8,
            "len" : 43,
            "dns" : 0,
            "dnsEnd" : 1,
            "receiveHeadersEnd" : 12,
            "sslEnd" : -1,
            "connectEnd" : 4,
            "connectStart" : 0,
            "id" : "download_7",
            "receivedTime" : "60.9490000642836",
            "sslStart" : -1,
            "dnsStart" : 1,
            "receiveLast" : 48.9490000642836,
            "s_time" : 47.4050000775605,
            "sendEnd" : 4,
            "sendStart" : 4,
            "type" : "image/gif"
         }
      },
      {
         "when_comp_start" : -1,
         "url" : "http://modified.testbed.localhost/www.newyorker.com/wp-content/uploads/2016/05/160516_r28136-290x149-1462377449.jpg",
         "id" : "r5",
         "comps" : [],
         "download" : {
            "receiveFirst" : 4,
            "len" : 12784,
            "dns" : 0,
            "dnsEnd" : -1,
            "receiveHeadersEnd" : 7,
            "sslEnd" : -1,
            "connectEnd" : 3,
            "connectStart" : 0,
            "id" : "download_8",
            "receivedTime" : "70.0110000325367",
            "sslStart" : -1,
            "dnsStart" : -1,
            "receiveLast" : 63.0110000325367,
            "s_time" : 60.715000028722,
            "sendEnd" : 3,
            "sendStart" : 3,
            "type" : "image/jpeg"
         }
      },
      {
         "when_comp_start" : -1,
         "url" : "http://modified.testbed.localhost/www.newyorker.com/wp-content/uploads/2016/05/TechFest-logo-web2-320x240-1462915120.jpg",
         "id" : "r6",
         "comps" : [],
         "download" : {
            "receiveFirst" : 5,
            "len" : 13299,
            "dns" : 0,
            "dnsEnd" : -1,
            "receiveHeadersEnd" : 6,
            "sslEnd" : -1,
            "connectEnd" : 1,
            "connectStart" : 0,
            "id" : "download_9",
            "receivedTime" : "78.0300000915304",
            "sslStart" : -1,
            "dnsStart" : -1,
            "receiveLast" : 72.0300000915304,
            "s_time" : 69.8070001089945,
            "sendEnd" : 1,
            "sendStart" : 1,
            "type" : "image/jpeg"
         }
      },
      {
         "when_comp_start" : -1,
         "url" : "http://modified.testbed.localhost/www.newyorker.com/wp-content/uploads/2016/05/Demick-Western-Press-North-Korea-320x240-1462909807.jpg",
         "id" : "r7",
         "comps" : [],
         "download" : {
            "receiveFirst" : 6,
            "len" : 22615,
            "dns" : 0,
            "dnsEnd" : -1,
            "receiveHeadersEnd" : 7,
            "sslEnd" : -1,
            "connectEnd" : 1,
            "connectStart" : 0,
            "id" : "download_10",
            "receivedTime" : "86.8440000340343",
            "sslStart" : -1,
            "dnsStart" : -1,
            "receiveLast" : 79.8440000340343,
            "s_time" : 77.8630001004785,
            "sendEnd" : 1,
            "sendStart" : 1,
            "type" : "image/jpeg"
         }
      },
      {
         "when_comp_start" : -1,
         "url" : "http://modified.testbed.localhost/www.newyorker.com/wp-content/assets/dist/img/cgallery.png",
         "id" : "r12",
         "comps" : [],
         "download" : {
            "receiveFirst" : 6,
            "len" : 21141,
            "dns" : 0,
            "dnsEnd" : -1,
            "receiveHeadersEnd" : 7,
            "sslEnd" : -1,
            "connectEnd" : 1,
            "connectStart" : 0,
            "id" : "download_11",
            "receivedTime" : "95.5780000658706",
            "sslStart" : -1,
            "dnsStart" : -1,
            "receiveLast" : 88.5780000658706,
            "s_time" : 86.886000004597,
            "sendEnd" : 1,
            "sendStart" : 1,
            "type" : "image/png"
         }
      },
      {
         "when_comp_start" : -1,
         "url" : "http://modified.testbed.localhost/www.newyorker.com/wp-content/assets/dist/img/header_graphics/contributors/cassidy.png",
         "id" : "r22",
         "comps" : [],
         "download" : {
            "receiveFirst" : 7,
            "len" : 7480,
            "dns" : 0,
            "dnsEnd" : -1,
            "receiveHeadersEnd" : 14,
            "sslEnd" : -1,
            "connectEnd" : 7,
            "connectStart" : 0,
            "id" : "download_13",
            "receivedTime" : "726.414000033401",
            "sslStart" : -1,
            "dnsStart" : -1,
            "receiveLast" : 712.414000033401,
            "s_time" : 340.325000113808,
            "sendEnd" : 7,
            "sendStart" : 7,
            "type" : "image/png"
         }
      },
      {
         "when_comp_start" : -1,
         "url" : "http://modified.testbed.localhost/www.newyorker.com/wp-content/assets/dist/img/header_graphics/contributors/davidson.png",
         "id" : "r23",
         "comps" : [],
         "download" : {
            "receiveFirst" : 6,
            "len" : 8183,
            "dns" : 0,
            "dnsEnd" : -1,
            "receiveHeadersEnd" : 13,
            "sslEnd" : -1,
            "connectEnd" : 7,
            "connectStart" : 0,
            "id" : "download_14",
            "receivedTime" : "726.805000100285",
            "sslStart" : -1,
            "dnsStart" : -1,
            "receiveLast" : 713.805000100285,
            "s_time" : 341.034000040963,
            "sendEnd" : 7,
            "sendStart" : 7,
            "type" : "image/png"
         }
      },
      {
         "when_comp_start" : -1,
         "url" : "http://modified.testbed.localhost/www.newyorker.com/wp-content/assets/dist/img/header_graphics/contributors/borowitz.png",
         "id" : "r24",
         "comps" : [],
         "download" : {
            "receiveFirst" : 8,
            "len" : 7091,
            "dns" : 0,
            "dnsEnd" : -1,
            "receiveHeadersEnd" : 17,
            "sslEnd" : -1,
            "connectEnd" : 9,
            "connectStart" : 0,
            "id" : "download_15",
            "receivedTime" : "727.706000092439",
            "sslStart" : -1,
            "dnsStart" : -1,
            "receiveLast" : 710.706000092439,
            "s_time" : 341.36300010141,
            "sendEnd" : 9,
            "sendStart" : 9,
            "type" : "image/png"
         }
      },
      {
         "when_comp_start" : -1,
         "url" : "http://modified.testbed.localhost/www.newyorker.com/wp-content/assets/dist/img/header_graphics/contributors/ben-wallace-wells.png",
         "id" : "r26",
         "comps" : [],
         "download" : {
            "receiveFirst" : 15,
            "len" : 5209,
            "dns" : 0,
            "dnsEnd" : 5,
            "receiveHeadersEnd" : 24,
            "sslEnd" : -1,
            "connectEnd" : 9,
            "connectStart" : 0,
            "id" : "download_16",
            "receivedTime" : "728.593000094406",
            "sslStart" : -1,
            "dnsStart" : 5,
            "receiveLast" : 704.593000094406,
            "s_time" : 342.411000048742,
            "sendEnd" : 9,
            "sendStart" : 9,
            "type" : "image/png"
         }
      },
      {
         "when_comp_start" : -1,
         "url" : "http://modified.testbed.localhost/www.newyorker.com/wp-content/assets/dist/img/header_graphics/contributors/larson.png",
         "id" : "r25",
         "comps" : [],
         "download" : {
            "receiveFirst" : 16,
            "len" : 16080,
            "dns" : 0,
            "dnsEnd" : 5,
            "receiveHeadersEnd" : 25,
            "sslEnd" : -1,
            "connectEnd" : 9,
            "connectStart" : 0,
            "id" : "download_17",
            "receivedTime" : "728.782000020146",
            "sslStart" : -1,
            "dnsStart" : 5,
            "receiveLast" : 703.782000020146,
            "s_time" : 341.835000086576,
            "sendEnd" : 9,
            "sendStart" : 9,
            "type" : "image/png"
         }
      },
      {
         "when_comp_start" : -1,
         "url" : "http://modified.testbed.localhost/www.newyorker.com/wp-content/assets/dist/js/jquery.min.js%3Fcb=20160510223228",
         "id" : "r30",
         "comps" : [
            {
               "s_time" : 729.233000078239,
               "time" : 70.482000010088,
               "type" : 1,
               "id" : "comp_55",
               "e_time" : 799.715000088327
            }
         ],
         "download" : {
            "receiveFirst" : 13,
            "len" : 93346,
            "dns" : 0,
            "dnsEnd" : 2,
            "receiveHeadersEnd" : 20,
            "sslEnd" : -1,
            "connectEnd" : 7,
            "connectStart" : 0,
            "id" : "download_18",
            "receivedTime" : "729.082000092603",
            "sslStart" : -1,
            "dnsStart" : 2,
            "receiveLast" : 709.082000092603,
            "s_time" : 343.206000048667,
            "sendEnd" : 7,
            "sendStart" : 7,
            "type" : "text/plain"
         }
      },
      {
         "when_comp_start" : -1,
         "url" : "http://modified.testbed.localhost/www.newyorker.com/wp-content/assets/dist/js/head.min.js%3Fcb=20160510223228",
         "id" : "r31",
         "comps" : [
            {
               "s_time" : 814.247000031173,
               "time" : 101.502000004985,
               "type" : 1,
               "id" : "comp_57",
               "e_time" : 915.749000036158
            }
         ],
         "download" : {
            "receiveFirst" : 9,
            "len" : 268794,
            "dns" : 0,
            "dnsEnd" : -1,
            "receiveHeadersEnd" : 27,
            "sslEnd" : -1,
            "connectEnd" : 18,
            "connectStart" : 0,
            "id" : "download_19",
            "receivedTime" : "813.926000031643",
            "sslStart" : -1,
            "dnsStart" : -1,
            "receiveLast" : 786.926000031643,
            "s_time" : 343.660000013188,
            "sendEnd" : 18,
            "sendStart" : 18,
            "type" : "text/plain"
         }
      },
      {
         "when_comp_start" : -1,
         "url" : "http://modified.testbed.localhost/www.newyorker.com/ads/js/cn.dart.bun.min.js%3Fcb=20160510223228",
         "id" : "r32",
         "comps" : [
            {
               "s_time" : 915.920000057667,
               "time" : 33.767999964767,
               "type" : 1,
               "id" : "comp_60",
               "e_time" : 949.688000022434
            }
         ],
         "download" : {
            "receiveFirst" : 13,
            "len" : 61061,
            "dns" : 0,
            "dnsEnd" : -1,
            "receiveHeadersEnd" : 31,
            "sslEnd" : -1,
            "connectEnd" : 18,
            "connectStart" : 0,
            "id" : "download_20",
            "receivedTime" : "802.884000004269",
            "sslStart" : -1,
            "dnsStart" : -1,
            "receiveLast" : 771.884000004269,
            "s_time" : 343.84400001727,
            "sendEnd" : 18,
            "sendStart" : 18,
            "type" : "text/plain"
         }
      },
      {
         "when_comp_start" : -1,
         "url" : "http://modified.testbed.localhost/www.newyorker.com/wp-content/assets/dist/img/header_graphics/contributors/brody.png",
         "id" : "r27",
         "comps" : [],
         "download" : {
            "receiveFirst" : 10,
            "len" : 10050,
            "dns" : 0,
            "dnsEnd" : -1,
            "receiveHeadersEnd" : 38,
            "sslEnd" : -1,
            "connectEnd" : 27,
            "connectStart" : 0,
            "id" : "download_21",
            "receivedTime" : "801.735000102781",
            "sslStart" : -1,
            "dnsStart" : -1,
            "receiveLast" : 763.735000102781,
            "s_time" : 342.217000084929,
            "sendEnd" : 28,
            "sendStart" : 27,
            "type" : "image/png"
         }
      },
      {
         "when_comp_start" : -1,
         "url" : "http://modified.testbed.localhost/www.newyorker.com/wp-content/uploads/2016/05/050916-politicsmore-WP-320x240-1462821369.jpg",
         "id" : "r28",
         "comps" : [],
         "download" : {
            "receiveFirst" : 11,
            "len" : 27939,
            "dns" : 0,
            "dnsEnd" : -1,
            "receiveHeadersEnd" : 40,
            "sslEnd" : -1,
            "connectEnd" : 29,
            "connectStart" : 0,
            "id" : "download_22",
            "receivedTime" : "804.066000040621",
            "sslStart" : -1,
            "dnsStart" : -1,
            "receiveLast" : 764.066000040621,
            "s_time" : 342.540000099689,
            "sendEnd" : 29,
            "sendStart" : 29,
            "type" : "image/jpeg"
         }
      },
      {
         "when_comp_start" : -1,
         "url" : "http://modified.testbed.localhost/www.newyorker.com/wp-content/assets/dist/img/icon/ad_choices_arrow.png",
         "id" : "r29",
         "comps" : [],
         "download" : {
            "receiveFirst" : 17,
            "len" : 372,
            "dns" : 0,
            "dnsEnd" : -1,
            "receiveHeadersEnd" : 46,
            "sslEnd" : -1,
            "connectEnd" : 29,
            "connectStart" : 0,
            "id" : "download_23",
            "receivedTime" : "803.490000078455",
            "sslStart" : -1,
            "dnsStart" : -1,
            "receiveLast" : 757.490000078455,
            "s_time" : 342.896000016481,
            "sendEnd" : 29,
            "sendStart" : 29,
            "type" : "image/png"
         }
      },
      {
         "when_comp_start" : 1,
         "url" : "http://modified.testbed.localhost/www.wnyc.org/widgets/ondemand_player/thenewyorker/index.html#file=http://www.podtrac.com/pts/redirect.mp3/audio.wnyc.org/tnypoliticalscene/tnypoliticalscene050916.mp3",
         "id" : "r37",
         "comps" : [
            {
               "s_time" : 1041.58600000665,
               "time" : 832.67200004775,
               "id" : "r37_c1",
               "type" : "evalhtml",
               "e_time" : 1874.2580000544
            },
            {
               "s_time" : 2007.83100002445,
               "time" : -845520865.853,
               "id" : "r37_c2",
               "type" : "evalhtml",
               "e_time" : -845518858.022
            },
            {
               "s_time" : 2009.67400008813,
               "time" : 8.95199994555992,
               "type" : "evalhtml",
               "id" : "r37_c3",
               "e_time" : 2018.62600003369
            }
         ],
         "download" : {
            "receiveFirst" : 17,
            "len" : 12733,
            "dns" : 0,
            "dnsEnd" : -1,
            "receiveHeadersEnd" : 18,
            "sslEnd" : -1,
            "connectEnd" : 1,
            "connectStart" : 0,
            "id" : "download_24",
            "receivedTime" : "813.683000043966",
            "sslStart" : -1,
            "dnsStart" : -1,
            "receiveLast" : 795.683000043966,
            "s_time" : 379.162000026554,
            "sendEnd" : 1,
            "sendStart" : 1,
            "type" : "text/html"
         }
      },
      {
         "when_comp_start" : -1,
         "url" : "http://modified.testbed.localhost/www.newyorker.com/wp-content/assets/dist/img/header_graphics/nyr-logo.svg",
         "id" : "r38",
         "comps" : [],
         "download" : {
            "receiveFirst" : 5,
            "len" : 4371,
            "dns" : 0,
            "dnsEnd" : -1,
            "receiveHeadersEnd" : 10,
            "sslEnd" : -1,
            "connectEnd" : 5,
            "connectStart" : 0,
            "id" : "download_25",
            "receivedTime" : "996.337000047788",
            "sslStart" : -1,
            "dnsStart" : -1,
            "receiveLast" : 986.337000047788,
            "s_time" : 393.566000042483,
            "sendEnd" : 5,
            "sendStart" : 5,
            "type" : "image/svg+xml"
         }
      },
      {
         "when_comp_start" : -1,
         "url" : "http://modified.testbed.localhost/www.newyorker.com/wp-content/assets/dist/img/NYR_Nav-sprite.png%3F2015-06-05",
         "id" : "r39",
         "comps" : [],
         "download" : {
            "receiveFirst" : 5,
            "len" : 25973,
            "dns" : 0,
            "dnsEnd" : -1,
            "receiveHeadersEnd" : 9,
            "sslEnd" : -1,
            "connectEnd" : 4,
            "connectStart" : 0,
            "id" : "download_26",
            "receivedTime" : "1007.11000000592",
            "sslStart" : -1,
            "dnsStart" : -1,
            "receiveLast" : 998.110000005923,
            "s_time" : 394.902000087313,
            "sendEnd" : 4,
            "sendStart" : 4,
            "type" : "image/png"
         }
      },
      {
         "when_comp_start" : -1,
         "url" : "http://modified.testbed.localhost/www.newyorker.com/wp-content/assets/dist/img/header_graphics/drawn-rule-horiz-Nav.png",
         "id" : "r40",
         "comps" : [],
         "download" : {
            "receiveFirst" : 5,
            "len" : 524,
            "dns" : 0,
            "dnsEnd" : -1,
            "receiveHeadersEnd" : 9,
            "sslEnd" : -1,
            "connectEnd" : 4,
            "connectStart" : 0,
            "id" : "download_27",
            "receivedTime" : "1007.60700006504",
            "sslStart" : -1,
            "dnsStart" : -1,
            "receiveLast" : 998.607000065036,
            "s_time" : 396.16800006479,
            "sendEnd" : 4,
            "sendStart" : 4,
            "type" : "image/png"
         }
      },
      {
         "when_comp_start" : -1,
         "url" : "http://modified.testbed.localhost/www.newyorker.com/wp-content/assets/dist/img/sprites/TNY_lineart_sprite.png%3F2015-06-05",
         "id" : "r41",
         "comps" : [],
         "download" : {
            "receiveFirst" : 3,
            "len" : 98031,
            "dns" : 0,
            "dnsEnd" : -1,
            "receiveHeadersEnd" : 4,
            "sslEnd" : -1,
            "connectEnd" : 1,
            "connectStart" : 0,
            "id" : "download_28",
            "receivedTime" : "1009.67700011097",
            "sslStart" : -1,
            "dnsStart" : -1,
            "receiveLast" : 1005.67700011097,
            "s_time" : 406.115000019781,
            "sendEnd" : 1,
            "sendStart" : 1,
            "type" : "image/png"
         }
      },
      {
         "when_comp_start" : -1,
         "url" : "http://modified.testbed.localhost/www.newyorker.com/wp-content/assets/img/media/play.svg",
         "id" : "r42",
         "comps" : [],
         "download" : {
            "receiveFirst" : 2,
            "len" : 541,
            "dns" : 0,
            "dnsEnd" : -1,
            "receiveHeadersEnd" : 3,
            "sslEnd" : -1,
            "connectEnd" : 0,
            "connectStart" : 0,
            "id" : "download_29",
            "receivedTime" : "1010.20700007211",
            "sslStart" : -1,
            "dnsStart" : -1,
            "receiveLast" : 1007.20700007211,
            "s_time" : 423.607000033371,
            "sendEnd" : 1,
            "sendStart" : 0,
            "type" : "image/svg+xml"
         }
      },
      {
         "when_comp_start" : -1,
         "url" : "http://modified.testbed.localhost/www.newyorker.com/wp-content/assets/dist/img/Multimedia-Sprites.png%3F2015-06-05",
         "id" : "r43",
         "comps" : [],
         "download" : {
            "receiveFirst" : 4,
            "len" : 19991,
            "dns" : 0,
            "dnsEnd" : -1,
            "receiveHeadersEnd" : 5,
            "sslEnd" : -1,
            "connectEnd" : 1,
            "connectStart" : 0,
            "id" : "download_30",
            "receivedTime" : "1018.76900007483",
            "sslStart" : -1,
            "dnsStart" : -1,
            "receiveLast" : 1013.76900007483,
            "s_time" : 436.962000094354,
            "sendEnd" : 1,
            "sendStart" : 1,
            "type" : "image/png"
         }
      },
      {
         "when_comp_start" : -1,
         "url" : "http://modified.testbed.localhost/www.newyorker.com/wp-content/assets/dist/img/NYR_Nav-sprite@2x.png%3F2015-06-01",
         "id" : "r44",
         "comps" : [],
         "download" : {
            "receiveFirst" : 3,
            "len" : 38484,
            "dns" : 0,
            "dnsEnd" : -1,
            "receiveHeadersEnd" : 4,
            "sslEnd" : -1,
            "connectEnd" : 1,
            "connectStart" : 0,
            "id" : "download_31",
            "receivedTime" : "1019.9090000242",
            "sslStart" : -1,
            "dnsStart" : -1,
            "receiveLast" : 1015.9090000242,
            "s_time" : 440.623000031337,
            "sendEnd" : 1,
            "sendStart" : 1,
            "type" : "image/png"
         }
      },
      {
         "when_comp_start" : -1,
         "url" : "http://modified.testbed.localhost/assets.adobedtm.com/6372cf21ef88ee60bc2977a4898dcb5c7945a212/satelliteLib-9cb2a39d627a819b6ca42ab76f651dbfa7b1a535.js",
         "id" : "r45",
         "comps" : [
            {
               "s_time" : 1045.36700004246,
               "time" : 61.0480000032101,
               "type" : 1,
               "id" : "comp_110",
               "e_time" : 1106.41500004567
            }
         ],
         "download" : {
            "receiveFirst" : 3,
            "len" : 99886,
            "dns" : 0,
            "dnsEnd" : -1,
            "receiveHeadersEnd" : 4,
            "sslEnd" : -1,
            "connectEnd" : 1,
            "connectStart" : 0,
            "id" : "download_32",
            "receivedTime" : "1040.23900011089",
            "sslStart" : -1,
            "dnsStart" : -1,
            "receiveLast" : 1036.23900011089,
            "s_time" : 727.724000113085,
            "sendEnd" : 1,
            "sendStart" : 1,
            "type" : "application/javascript"
         }
      },
      {
         "when_comp_start" : -1,
         "url" : "http://modified.testbed.localhost/www.newyorker.com/wp-content/assets/dist/js/adsinit.min.js%3Fcb=20160510223228",
         "id" : "r46",
         "comps" : [
            {
               "s_time" : 1106.58100002911,
               "time" : 11.5330000407998,
               "type" : 1,
               "id" : "comp_113",
               "e_time" : 1118.11400006991
            }
         ],
         "download" : {
            "receiveFirst" : 3,
            "len" : 1610,
            "dns" : 0,
            "dnsEnd" : -1,
            "receiveHeadersEnd" : 4,
            "sslEnd" : -1,
            "connectEnd" : 1,
            "connectStart" : 0,
            "id" : "download_33",
            "receivedTime" : "1040.92700011097",
            "sslStart" : -1,
            "dnsStart" : -1,
            "receiveLast" : 1036.92700011097,
            "s_time" : 801.526000024751,
            "sendEnd" : 1,
            "sendStart" : 1,
            "type" : "text/plain"
         }
      },
      {
         "when_comp_start" : -1,
         "url" : "http://modified.testbed.localhost/www.newyorker.com/wp-content/assets/dist/js/stats.min.js%3Fcb=20160510223228",
         "id" : "r47",
         "comps" : [
            {
               "s_time" : 1118.25000005774,
               "time" : 209.36400000937,
               "type" : 1,
               "id" : "comp_116",
               "e_time" : 1327.61400006711
            }
         ],
         "download" : {
            "receiveFirst" : 3,
            "len" : 9670,
            "dns" : 0,
            "dnsEnd" : -1,
            "receiveHeadersEnd" : 4,
            "sslEnd" : -1,
            "connectEnd" : 1,
            "connectStart" : 0,
            "id" : "download_34",
            "receivedTime" : "1041.37200000696",
            "sslStart" : -1,
            "dnsStart" : -1,
            "receiveLast" : 1037.37200000696,
            "s_time" : 802.856000023894,
            "sendEnd" : 1,
            "sendStart" : 1,
            "type" : "text/plain"
         }
      },
      {
         "when_comp_start" : -1,
         "url" : "http://modified.testbed.localhost/media.wnyc.org/static/CACHE/css/a61e537c5b4a.css",
         "id" : "r59",
         "comps" : [
            {
               "s_time" : 1525.89800010901,
               "time" : 5.03699993715009,
               "type" : 2,
               "id" : "comp_120",
               "e_time" : 1530.93500004616
            }
         ],
         "download" : {
            "receiveFirst" : 7,
            "len" : 24246,
            "dns" : 0,
            "dnsEnd" : -1,
            "receiveHeadersEnd" : 8,
            "sslEnd" : -1,
            "connectEnd" : 1,
            "connectStart" : 0,
            "id" : "download_35",
            "receivedTime" : "1525.72400006466",
            "sslStart" : -1,
            "dnsStart" : -1,
            "receiveLast" : 1517.72400006466,
            "s_time" : 1042.70400002133,
            "sendEnd" : 1,
            "sendStart" : 1,
            "type" : "text/css"
         }
      },
      {
         "when_comp_start" : -1,
         "url" : "http://modified.testbed.localhost/media.wnyc.org/static/webfonts/fontawesome/css/font-awesome.min.css%3Fv=4.1.0.css",
         "id" : "r58",
         "comps" : [
            {
               "s_time" : 1531.30300005432,
               "time" : 4.90800000262016,
               "type" : 2,
               "id" : "comp_121",
               "e_time" : 1536.21100005694
            }
         ],
         "download" : {
            "receiveFirst" : 9,
            "len" : 27715,
            "dns" : 0,
            "dnsEnd" : -1,
            "receiveHeadersEnd" : 10,
            "sslEnd" : -1,
            "connectEnd" : 1,
            "connectStart" : 0,
            "id" : "download_36",
            "receivedTime" : "1531.09300008509",
            "sslStart" : -1,
            "dnsStart" : -1,
            "receiveLast" : 1521.09300008509,
            "s_time" : 1042.27200010791,
            "sendEnd" : 1,
            "sendStart" : 1,
            "type" : "text/css"
         }
      },
      {
         "when_comp_start" : -1,
         "url" : "http://modified.testbed.localhost/www.newyorker.com/wp-content/assets/dist/js/core.min.js%3Fcb=20160510223228",
         "id" : "r57",
         "comps" : [
            {
               "s_time" : 1679.39500010107,
               "time" : 138.53999995626,
               "type" : 1,
               "id" : "comp_123",
               "e_time" : 1817.93500005733
            }
         ],
         "download" : {
            "receiveFirst" : 7,
            "len" : 167763,
            "dns" : 0,
            "dnsEnd" : -1,
            "receiveHeadersEnd" : 9,
            "sslEnd" : -1,
            "connectEnd" : 2,
            "connectStart" : 0,
            "id" : "download_37",
            "receivedTime" : "1679.18000009377",
            "sslStart" : -1,
            "dnsStart" : -1,
            "receiveLast" : 1670.18000009377,
            "s_time" : 1041.01200005971,
            "sendEnd" : 2,
            "sendStart" : 2,
            "type" : "text/plain"
         }
      },
      {
         "when_comp_start" : -1,
         "url" : "http://modified.testbed.localhost/media.wnyc.org/static/CACHE/js/06502e607897.js",
         "id" : "r60",
         "comps" : [
            {
               "s_time" : 1882.02700007241,
               "time" : 125.80399995204,
               "type" : 1,
               "id" : "comp_145",
               "e_time" : 2007.83100002445
            }
         ],
         "download" : {
            "receiveFirst" : 8,
            "len" : 300416,
            "dns" : 0,
            "dnsEnd" : -1,
            "receiveHeadersEnd" : 13,
            "sslEnd" : -1,
            "connectEnd" : 5,
            "connectStart" : 0,
            "id" : "download_38",
            "receivedTime" : "1678.69100009557",
            "sslStart" : -1,
            "dnsStart" : -1,
            "receiveLast" : 1665.69100009557,
            "s_time" : 1044.91800011601,
            "sendEnd" : 5,
            "sendStart" : 5,
            "type" : "application/javascript"
         }
      },
      {
         "when_comp_start" : -1,
         "url" : "http://modified.testbed.localhost/media.wnyc.org/static/js/ga_social_tracking.js",
         "id" : "r61",
         "comps" : [
            {
               "s_time" : 2008.97500000428,
               "time" : 0.699000083850024,
               "type" : 1,
               "id" : "comp_151",
               "e_time" : 2009.67400008813
            }
         ],
         "download" : {
            "receiveFirst" : 8,
            "len" : 2159,
            "dns" : 0,
            "dnsEnd" : -1,
            "receiveHeadersEnd" : 12,
            "sslEnd" : -1,
            "connectEnd" : 4,
            "connectStart" : 0,
            "id" : "download_39",
            "receivedTime" : "1537.67200000584",
            "sslStart" : -1,
            "dnsStart" : -1,
            "receiveLast" : 1525.67200000584,
            "s_time" : 1045.7180000376,
            "sendEnd" : 4,
            "sendStart" : 4,
            "type" : "application/javascript"
         }
      },
      {
         "when_comp_start" : -1,
         "url" : "http://modified.testbed.localhost/speed.pointroll.com/PointRoll/Media/Asset/RespLib/201296/resp.lib.js",
         "id" : "r62",
         "comps" : [
            {
               "s_time" : 1818.1330000516,
               "time" : 7.19499995467004,
               "type" : 1,
               "id" : "comp_128",
               "e_time" : 1825.32800000627
            }
         ],
         "download" : {
            "receiveFirst" : 9,
            "len" : 19982,
            "dns" : 0,
            "dnsEnd" : -1,
            "receiveHeadersEnd" : 12,
            "sslEnd" : -1,
            "connectEnd" : 3,
            "connectStart" : 0,
            "id" : "download_40",
            "receivedTime" : "1673.07800007984",
            "sslStart" : -1,
            "dnsStart" : -1,
            "receiveLast" : 1661.07800007984,
            "s_time" : 1046.20200011414,
            "sendEnd" : 3,
            "sendStart" : 3,
            "type" : "application/javascript"
         }
      },
      {
         "when_comp_start" : 1,
         "url" : "http://modified.testbed.localhost/wp-content/assets/dist/img/cn-ecom/failsafe/2/desktop_rollover_300x200.png",
         "id" : "r92",
         "comps" : [],
         "download" : {
            "receiveFirst" : 8,
            "len" : 364,
            "dns" : 0,
            "dnsEnd" : -1,
            "receiveHeadersEnd" : 11,
            "sslEnd" : -1,
            "connectEnd" : 3,
            "connectStart" : 0,
            "id" : "download_41",
            "receivedTime" : "2024.91000003647",
            "sslStart" : -1,
            "dnsStart" : -1,
            "receiveLast" : 2013.91000003647,
            "s_time" : 1806.76600011066,
            "sendEnd" : 3,
            "sendStart" : 3,
            "type" : "text/html"
         }
      },
      {
         "when_comp_start" : 1,
         "url" : "http://modified.testbed.localhost/wp-content/assets/dist/img/cn-ecom/failsafe/2/desktop_contentriver_1020x130.png",
         "id" : "r93",
         "comps" : [],
         "download" : {
            "receiveFirst" : 6,
            "len" : 369,
            "dns" : 0,
            "dnsEnd" : -1,
            "receiveHeadersEnd" : 12,
            "sslEnd" : -1,
            "connectEnd" : 6,
            "connectStart" : 0,
            "id" : "download_42",
            "receivedTime" : "2025.44200001284",
            "sslStart" : -1,
            "dnsStart" : -1,
            "receiveLast" : 2013.44200001284,
            "s_time" : 1808.09400009457,
            "sendEnd" : 6,
            "sendStart" : 6,
            "type" : "text/html"
         }
      },
      {
         "when_comp_start" : 1,
         "url" : "http://modified.testbed.localhost/wp-content/assets/dist/img/cn-ecom/failsafe/2/desktop_footer_1020x180.png",
         "id" : "r94",
         "comps" : [],
         "download" : {
            "receiveFirst" : 5,
            "len" : 363,
            "dns" : 0,
            "dnsEnd" : -1,
            "receiveHeadersEnd" : 10,
            "sslEnd" : -1,
            "connectEnd" : 5,
            "connectStart" : 0,
            "id" : "download_43",
            "receivedTime" : "2025.56300000288",
            "sslStart" : -1,
            "dnsStart" : -1,
            "receiveLast" : 2015.56300000288,
            "s_time" : 1810.6310000876,
            "sendEnd" : 5,
            "sendStart" : 5,
            "type" : "text/html"
         }
      },
      {
         "when_comp_start" : 1,
         "url" : "http://modified.testbed.localhost/ads/js/cn.dart.bun.min.js.map",
         "id" : "r97",
         "comps" : [],
         "download" : {
            "receiveFirst" : 3,
            "len" : 319,
            "dns" : 0,
            "dnsEnd" : -1,
            "receiveHeadersEnd" : 3,
            "sslEnd" : -1,
            "connectEnd" : 0,
            "connectStart" : 0,
            "id" : "download_44",
            "receivedTime" : "2222.6480001118",
            "sslStart" : -1,
            "dnsStart" : -1,
            "receiveLast" : 2219.6480001118,
            "s_time" : 1874.2580000544,
            "sendEnd" : 0,
            "sendStart" : 0,
            "type" : "text/html"
         }
      },
      {
         "when_comp_start" : 1,
         "url" : "http://modified.testbed.localhost/wp-content/assets/js/account/loading.js",
         "id" : "r105",
         "comps" : [],
         "download" : {
            "receiveFirst" : 3,
            "len" : 329,
            "dns" : 0,
            "dnsEnd" : -1,
            "receiveHeadersEnd" : 3,
            "sslEnd" : -1,
            "connectEnd" : 0,
            "connectStart" : 0,
            "id" : "download_45",
            "receivedTime" : "2244.17000007816",
            "sslStart" : -1,
            "dnsStart" : -1,
            "receiveLast" : 2241.17000007816,
            "s_time" : 2156.22400003485,
            "sendEnd" : 0,
            "sendStart" : 0,
            "type" : "text/html"
         }
      },
      {
         "when_comp_start" : 1,
         "url" : "http://modified.testbed.localhost/svc/module/most-popular",
         "id" : "r109",
         "comps" : [],
         "download" : {
            "receiveFirst" : 3,
            "len" : 313,
            "dns" : 0,
            "dnsEnd" : -1,
            "receiveHeadersEnd" : 3,
            "sslEnd" : -1,
            "connectEnd" : 0,
            "connectStart" : 0,
            "id" : "download_46",
            "receivedTime" : "2244.75200008601",
            "sslStart" : -1,
            "dnsStart" : -1,
            "receiveLast" : 2241.75200008601,
            "s_time" : 2186.11800007056,
            "sendEnd" : 0,
            "sendStart" : 0,
            "type" : "text/html"
         }
      },
      {
         "when_comp_start" : 1,
         "url" : "http://modified.testbed.localhost/svc/module/promotions?1",
         "id" : "r110",
         "comps" : [],
         "download" : {
            "receiveFirst" : 2,
            "len" : 311,
            "dns" : 0,
            "dnsEnd" : -1,
            "receiveHeadersEnd" : 3,
            "sslEnd" : -1,
            "connectEnd" : 1,
            "connectStart" : 0,
            "id" : "download_47",
            "receivedTime" : "2246.31800001953",
            "sslStart" : -1,
            "dnsStart" : -1,
            "receiveLast" : 2243.31800001953,
            "s_time" : 2187.42500001099,
            "sendEnd" : 1,
            "sendStart" : 1,
            "type" : "text/html"
         }
      },
      {
         "when_comp_start" : 1,
         "url" : "http://modified.testbed.localhost/svc/module/strongbox",
         "id" : "r111",
         "comps" : [],
         "download" : {
            "receiveFirst" : 3,
            "len" : 310,
            "dns" : 0,
            "dnsEnd" : -1,
            "receiveHeadersEnd" : 3,
            "sslEnd" : -1,
            "connectEnd" : 0,
            "connectStart" : 0,
            "id" : "download_48",
            "receivedTime" : "2247.05600005109",
            "sslStart" : -1,
            "dnsStart" : -1,
            "receiveLast" : 2244.05600005109,
            "s_time" : 2188.15000005998,
            "sendEnd" : 0,
            "sendStart" : 0,
            "type" : "text/html"
         }
      }
   ],
   "deps" : [
      {
         "a2" : "r1_c2",
         "time" : -1,
         "id" : "dep1",
         "a1" : "comp_4"
      },
      {
         "a2" : "r1_c3",
         "time" : -1,
         "id" : "dep2",
         "a1" : "comp_55"
      },
      {
         "a2" : "r1_c4",
         "time" : -1,
         "id" : "dep3",
         "a1" : "comp_57"
      },
      {
         "a2" : "r1_c5",
         "time" : -1,
         "id" : "dep4",
         "a1" : "comp_60"
      },
      {
         "a2" : "r1_c6",
         "time" : -1,
         "id" : "dep5",
         "a1" : "comp_110"
      },
      {
         "a2" : "r1_c7",
         "time" : -1,
         "id" : "dep6",
         "a1" : "comp_113"
      },
      {
         "a2" : "r1_c8",
         "time" : -1,
         "id" : "dep7",
         "a1" : "comp_116"
      },
      {
         "a2" : "r1_c9",
         "time" : -1,
         "id" : "dep8",
         "a1" : "comp_123"
      },
      {
         "a2" : "r1_c10",
         "time" : -1,
         "id" : "dep9",
         "a1" : "comp_128"
      },
      {
         "a2" : "comp_4",
         "time" : -1,
         "id" : "dep10",
         "a1" : "comp_3"
      },
      {
         "a2" : "comp_57",
         "time" : -1,
         "id" : "dep11",
         "a1" : "comp_55"
      },
      {
         "a2" : "comp_60",
         "time" : -1,
         "id" : "dep12",
         "a1" : "comp_57"
      },
      {
         "a2" : "comp_113",
         "time" : -1,
         "id" : "dep13",
         "a1" : "comp_110"
      },
      {
         "a2" : "comp_116",
         "time" : -1,
         "id" : "dep14",
         "a1" : "comp_113"
      },
      {
         "a2" : "comp_123",
         "time" : -1,
         "id" : "dep15",
         "a1" : "comp_116"
      },
      {
         "a2" : "comp_128",
         "time" : -1,
         "id" : "dep16",
         "a1" : "comp_123"
      },
      {
         "a2" : "r37_c2",
         "time" : -1,
         "id" : "dep17",
         "a1" : "comp_145"
      },
      {
         "a2" : "r37_c3",
         "time" : -1,
         "id" : "dep18",
         "a1" : "comp_151"
      },
      {
         "a2" : "download_48",
         "time" : -1,
         "id" : "dep19",
         "a1" : "r1_c10"
      },
      {
         "a2" : "download_47",
         "time" : 362.09700000472,
         "id" : "dep20",
         "a1" : "r1_c10"
      },
      {
         "a2" : "download_46",
         "time" : 360.79000006429,
         "id" : "dep21",
         "a1" : "r1_c10"
      },
      {
         "a2" : "download_45",
         "time" : 330.89600002858,
         "id" : "dep22",
         "a1" : "r1_c10"
      },
      {
         "a2" : "download_44",
         "time" : -1,
         "id" : "dep23",
         "a1" : "r37_c1"
      },
      {
         "a2" : "download_44",
         "time" : 48.9300000481301,
         "id" : "dep24",
         "a1" : "r1_c10"
      },
      {
         "a2" : "download_43",
         "time" : 769.04500008095,
         "id" : "dep25",
         "a1" : "r37_c1"
      },
      {
         "a2" : "download_43",
         "time" : -1,
         "id" : "dep26",
         "a1" : "r1_c8"
      },
      {
         "a2" : "download_42",
         "time" : 766.50800008792,
         "id" : "dep27",
         "a1" : "r37_c1"
      },
      {
         "a2" : "download_42",
         "time" : 480.48000002746,
         "id" : "dep28",
         "a1" : "r1_c8"
      },
      {
         "a2" : "download_41",
         "time" : 765.18000010401,
         "id" : "dep29",
         "a1" : "r37_c1"
      },
      {
         "a2" : "download_41",
         "time" : 479.15200004355,
         "id" : "dep30",
         "a1" : "r1_c8"
      },
      {
         "a2" : "download_40",
         "time" : 4.61600010748998,
         "id" : "dep31",
         "a1" : "r37_c1"
      },
      {
         "a2" : "download_40",
         "time" : -1,
         "id" : "dep32",
         "a1" : "r1_c5"
      },
      {
         "a2" : "download_39",
         "time" : 4.13200003094994,
         "id" : "dep33",
         "a1" : "r37_c1"
      },
      {
         "a2" : "download_39",
         "time" : 96.0300000151659,
         "id" : "dep34",
         "a1" : "r1_c5"
      },
      {
         "a2" : "download_38",
         "time" : 95.230000093576,
         "id" : "dep35",
         "a1" : "r1_c5"
      },
      {
         "a2" : "download_38",
         "time" : 3.33200010936002,
         "id" : "dep36",
         "a1" : "r37_c1"
      },
      {
         "a2" : "download_38",
         "time" : 95.230000093576,
         "id" : "dep37",
         "a1" : "r1_c5"
      },
      {
         "a2" : "download_37",
         "time" : 91.3240000372761,
         "id" : "dep38",
         "a1" : "r1_c5"
      },
      {
         "a2" : "download_37",
         "time" : 91.3240000372761,
         "id" : "dep39",
         "a1" : "r1_c5"
      },
      {
         "a2" : "download_36",
         "time" : 0.686000101259879,
         "id" : "dep40",
         "a1" : "r37_c1"
      },
      {
         "a2" : "download_36",
         "time" : 92.5840000854759,
         "id" : "dep41",
         "a1" : "r1_c5"
      },
      {
         "a2" : "download_35",
         "time" : 1.11800001468009,
         "id" : "dep42",
         "a1" : "r37_c1"
      },
      {
         "a2" : "download_35",
         "time" : 93.0159999988961,
         "id" : "dep43",
         "a1" : "r1_c5"
      },
      {
         "a2" : "download_34",
         "time" : -1,
         "id" : "dep44",
         "a1" : "r1_c3"
      },
      {
         "a2" : "download_34",
         "time" : 3.14099993556704,
         "id" : "dep45",
         "a1" : "r1_c3"
      },
      {
         "a2" : "download_33",
         "time" : 1.81099993642408,
         "id" : "dep46",
         "a1" : "r1_c3"
      },
      {
         "a2" : "download_33",
         "time" : 1.81099993642408,
         "id" : "dep47",
         "a1" : "r1_c3"
      },
      {
         "a2" : "download_32",
         "time" : -1,
         "id" : "dep48",
         "a1" : "r1_c2"
      },
      {
         "a2" : "download_32",
         "time" : 411.362000042573,
         "id" : "dep49",
         "a1" : "r1_c2"
      },
      {
         "a2" : "download_31",
         "time" : 124.260999960825,
         "id" : "dep50",
         "a1" : "r1_c2"
      },
      {
         "a2" : "download_30",
         "time" : 120.600000023842,
         "id" : "dep51",
         "a1" : "r1_c2"
      },
      {
         "a2" : "download_29",
         "time" : 107.244999962859,
         "id" : "dep52",
         "a1" : "r1_c2"
      },
      {
         "a2" : "download_28",
         "time" : 89.752999949269,
         "id" : "dep53",
         "a1" : "r1_c2"
      },
      {
         "a2" : "download_27",
         "time" : 79.805999994278,
         "id" : "dep54",
         "a1" : "r1_c2"
      },
      {
         "a2" : "download_26",
         "time" : 78.540000016801,
         "id" : "dep55",
         "a1" : "r1_c2"
      },
      {
         "a2" : "download_25",
         "time" : 77.203999971971,
         "id" : "dep56",
         "a1" : "r1_c2"
      },
      {
         "a2" : "download_24",
         "time" : 62.799999956042,
         "id" : "dep57",
         "a1" : "r1_c2"
      },
      {
         "a2" : "download_23",
         "time" : 26.533999945969,
         "id" : "dep58",
         "a1" : "r1_c2"
      },
      {
         "a2" : "download_22",
         "time" : 26.178000029177,
         "id" : "dep59",
         "a1" : "r1_c2"
      },
      {
         "a2" : "download_21",
         "time" : 25.855000014417,
         "id" : "dep60",
         "a1" : "r1_c2"
      },
      {
         "a2" : "download_20",
         "time" : 27.481999946758,
         "id" : "dep61",
         "a1" : "r1_c2"
      },
      {
         "a2" : "download_19",
         "time" : 27.297999942676,
         "id" : "dep62",
         "a1" : "r1_c2"
      },
      {
         "a2" : "download_18",
         "time" : 26.843999978155,
         "id" : "dep63",
         "a1" : "r1_c2"
      },
      {
         "a2" : "download_17",
         "time" : 25.473000016064,
         "id" : "dep64",
         "a1" : "r1_c2"
      },
      {
         "a2" : "download_16",
         "time" : 26.04899997823,
         "id" : "dep65",
         "a1" : "r1_c2"
      },
      {
         "a2" : "download_15",
         "time" : 25.001000030898,
         "id" : "dep66",
         "a1" : "r1_c2"
      },
      {
         "a2" : "download_14",
         "time" : 24.671999970451,
         "id" : "dep67",
         "a1" : "r1_c2"
      },
      {
         "a2" : "download_13",
         "time" : 23.963000043296,
         "id" : "dep68",
         "a1" : "r1_c2"
      },
      {
         "a2" : "download_13",
         "time" : 23.963000043296,
         "id" : "dep69",
         "a1" : "r1_c2"
      },
      {
         "a2" : "download_11",
         "time" : -1,
         "id" : "dep70",
         "a1" : "r1_c1"
      },
      {
         "a2" : "download_10",
         "time" : 33.3160000154748,
         "id" : "dep71",
         "a1" : "r1_c1"
      },
      {
         "a2" : "download_9",
         "time" : 25.2600000239908,
         "id" : "dep72",
         "a1" : "r1_c1"
      },
      {
         "a2" : "download_8",
         "time" : 16.1679999437183,
         "id" : "dep73",
         "a1" : "r1_c1"
      },
      {
         "a2" : "download_7",
         "time" : 2.8579999925568,
         "id" : "dep74",
         "a1" : "r1_c1"
      },
      {
         "a2" : "download_7",
         "time" : 2.8579999925568,
         "id" : "dep75",
         "a1" : "r1_c1"
      },
      {
         "a2" : "download_6",
         "time" : 2.3289999226108,
         "id" : "dep76",
         "a1" : "r1_c1"
      },
      {
         "a2" : "download_5",
         "time" : 1.8869999330491,
         "id" : "dep77",
         "a1" : "r1_c1"
      }
   ]
}
