{
   "n_download_no_trigger" : 1,
   "start_activity" : "download_0",
   "name" : "modified.testbed.localhost_www.pewresearch.org_",
   "load_activity" : -1,
   "objs" : [
      {
         "when_comp_start" : 1,
         "url" : "http://modified.testbed.localhost/www.pewresearch.org/",
         "id" : "r1",
         "comps" : [
            {
               "s_time" : 43.3290000073612,
               "time" : 3.90600005630399,
               "id" : "r1_c1",
               "type" : "evalhtml",
               "e_time" : 47.2350000636652
            },
            {
               "s_time" : 61.2790000159293,
               "time" : 119.902000064031,
               "id" : "r1_c2",
               "type" : "evalhtml",
               "e_time" : 181.18100007996
            },
            {
               "s_time" : 183.367000077851,
               "time" : 6.386999972165,
               "id" : "r1_c3",
               "type" : "evalhtml",
               "e_time" : 189.754000050016
            },
            {
               "s_time" : 307.539000059478,
               "time" : -950560446.063,
               "id" : "r1_c4",
               "type" : "evalhtml",
               "e_time" : -950560138.524
            },
            {
               "s_time" : 308.128000004217,
               "time" : 320.910000009462,
               "id" : "r1_c5",
               "type" : "evalhtml",
               "e_time" : 629.038000013679
            },
            {
               "s_time" : 631.167000043206,
               "time" : -950560769.691,
               "id" : "r1_c6",
               "type" : "evalhtml",
               "e_time" : -950560138.524
            },
            {
               "s_time" : 632.565000094473,
               "time" : -950560771.089,
               "id" : "r1_c7",
               "type" : "evalhtml",
               "e_time" : -950560138.524
            },
            {
               "s_time" : 635.236000060104,
               "time" : -950560773.76,
               "id" : "r1_c8",
               "type" : "evalhtml",
               "e_time" : -950560138.524
            },
            {
               "s_time" : 636.042000027373,
               "time" : -950560774.566,
               "id" : "r1_c9",
               "type" : "evalhtml",
               "e_time" : -950560138.524
            },
            {
               "s_time" : 747.549000079744,
               "time" : -950560886.073,
               "id" : "r1_c10",
               "type" : "evalhtml",
               "e_time" : -950560138.524
            },
            {
               "s_time" : 748.477000044659,
               "time" : -950560887.001,
               "id" : "r1_c11",
               "type" : "evalhtml",
               "e_time" : -950560138.524
            },
            {
               "s_time" : 749.258000054397,
               "time" : -950560887.782,
               "id" : "r1_c12",
               "type" : "evalhtml",
               "e_time" : -950560138.524
            },
            {
               "s_time" : 749.760000035167,
               "time" : -950560888.284,
               "id" : "r1_c13",
               "type" : "evalhtml",
               "e_time" : -950560138.524
            },
            {
               "s_time" : 750.747000100091,
               "time" : -950560889.271,
               "id" : "r1_c14",
               "type" : "evalhtml",
               "e_time" : -950560138.524
            },
            {
               "s_time" : 849.364000023343,
               "time" : 233.484000083987,
               "type" : "evalhtml",
               "id" : "r1_c15",
               "e_time" : 1082.84800010733
            }
         ],
         "download" : {
            "receiveFirst" : 4,
            "len" : 53858,
            "dns" : 0,
            "dnsEnd" : -1,
            "receiveHeadersEnd" : 4,
            "sslEnd" : -1,
            "connectEnd" : 0,
            "connectStart" : 0,
            "id" : "download_0",
            "receivedTime" : "42.684999993071",
            "sslStart" : -1,
            "dnsStart" : -1,
            "receiveLast" : 38.684999993071,
            "s_time" : 0,
            "sendEnd" : 0,
            "sendStart" : 0,
            "type" : "text/html"
         }
      },
      {
         "when_comp_start" : -1,
         "url" : "http://modified.testbed.localhost/aws.predictiveresponse.net/http/trac.js",
         "id" : "r2",
         "comps" : [
            {
               "s_time" : 60.2650000946596,
               "time" : 1.0139999212697,
               "type" : 1,
               "id" : "comp_0",
               "e_time" : 61.2790000159293
            }
         ],
         "download" : {
            "receiveFirst" : 5,
            "len" : 7770,
            "dns" : 0,
            "dnsEnd" : -1,
            "receiveHeadersEnd" : 11,
            "sslEnd" : -1,
            "connectEnd" : 6,
            "connectStart" : 0,
            "id" : "download_1",
            "receivedTime" : "59.8740000277758",
            "sslStart" : -1,
            "dnsStart" : -1,
            "receiveLast" : 48.8740000277758,
            "s_time" : 44.584000017494,
            "sendEnd" : 6,
            "sendStart" : 6,
            "type" : "application/javascript"
         }
      },
      {
         "when_comp_start" : -1,
         "url" : "http://modified.testbed.localhost/www.pewresearch.org/wp-content/themes/pewresearch/css/2016-05-12_12:35/pewresearch.min.css",
         "id" : "r3",
         "comps" : [
            {
               "s_time" : 70.5920000327751,
               "time" : 4.856999963522,
               "type" : 4,
               "id" : "comp_3",
               "e_time" : 75.4489999962971
            }
         ],
         "download" : {
            "receiveFirst" : 6,
            "len" : 23620,
            "dns" : 0,
            "dnsEnd" : -1,
            "receiveHeadersEnd" : 12,
            "sslEnd" : -1,
            "connectEnd" : 6,
            "connectStart" : 0,
            "id" : "download_2",
            "receivedTime" : "70.4440000699833",
            "sslStart" : -1,
            "dnsStart" : -1,
            "receiveLast" : 58.4440000699833,
            "s_time" : 45.1050000265241,
            "sendEnd" : 6,
            "sendStart" : 6,
            "type" : "text/css"
         }
      },
      {
         "when_comp_start" : -1,
         "url" : "http://modified.testbed.localhost/www.pewresearch.org/wp-content/themes/pewresearch/css/2016-05-12_12:35/home.min.css",
         "id" : "r4",
         "comps" : [
            {
               "s_time" : 79.522000043653,
               "time" : 3.1230000313371,
               "type" : 4,
               "id" : "comp_4",
               "e_time" : 82.6450000749901
            }
         ],
         "download" : {
            "receiveFirst" : 8,
            "len" : 16215,
            "dns" : 0,
            "dnsEnd" : -1,
            "receiveHeadersEnd" : 14,
            "sslEnd" : -1,
            "connectEnd" : 6,
            "connectStart" : 0,
            "id" : "download_3",
            "receivedTime" : "79.3880000710487",
            "sslStart" : -1,
            "dnsStart" : -1,
            "receiveLast" : 65.3880000710487,
            "s_time" : 45.4820001032203,
            "sendEnd" : 6,
            "sendStart" : 6,
            "type" : "text/css"
         }
      },
      {
         "when_comp_start" : -1,
         "url" : "http://modified.testbed.localhost/www.pewresearch.org/wp-content/mu-plugins/pew-search/assets/css/pew-search.css%3Fver=4.5.css",
         "id" : "r5",
         "comps" : [
            {
               "s_time" : 83.0340000102296,
               "time" : 5.1710000261665,
               "type" : 4,
               "id" : "comp_5",
               "e_time" : 88.2050000363961
            }
         ],
         "download" : {
            "receiveFirst" : 9,
            "len" : 9953,
            "dns" : 0,
            "dnsEnd" : -1,
            "receiveHeadersEnd" : 15,
            "sslEnd" : -1,
            "connectEnd" : 6,
            "connectStart" : 0,
            "id" : "download_4",
            "receivedTime" : "82.9300000332296",
            "sslStart" : -1,
            "dnsStart" : -1,
            "receiveLast" : 67.9300000332296,
            "s_time" : 45.795000041835,
            "sendEnd" : 6,
            "sendStart" : 6,
            "type" : "text/css"
         }
      },
      {
         "when_comp_start" : -1,
         "url" : "http://modified.testbed.localhost/ajax.googleapis.com/ajax/libs/jquery/1/jquery.min.js",
         "id" : "r6",
         "comps" : [
            {
               "s_time" : 90.4009999940172,
               "time" : 92.9660000838338,
               "type" : 1,
               "id" : "comp_7",
               "e_time" : 183.367000077851
            }
         ],
         "download" : {
            "receiveFirst" : 11,
            "len" : 95786,
            "dns" : 0,
            "dnsEnd" : -1,
            "receiveHeadersEnd" : 17,
            "sslEnd" : -1,
            "connectEnd" : 6,
            "connectStart" : 0,
            "id" : "download_5",
            "receivedTime" : "90.2530000312254",
            "sslStart" : -1,
            "dnsStart" : -1,
            "receiveLast" : 73.2530000312254,
            "s_time" : 46.0960000054911,
            "sendEnd" : 6,
            "sendStart" : 6,
            "type" : "application/javascript"
         }
      },
      {
         "when_comp_start" : -1,
         "url" : "http://modified.testbed.localhost/www.pewresearch.org/wp-content/plugins/pew-refactor/bower_components/react/react-with-addons.min.js%3Fver=0.14.7",
         "id" : "r7",
         "comps" : [
            {
               "s_time" : 184.283000067808,
               "time" : 123.25599999167,
               "type" : 1,
               "id" : "comp_9",
               "e_time" : 307.539000059478
            }
         ],
         "download" : {
            "receiveFirst" : 13,
            "len" : 147971,
            "dns" : 0,
            "dnsEnd" : -1,
            "receiveHeadersEnd" : 19,
            "sslEnd" : -1,
            "connectEnd" : 6,
            "connectStart" : 0,
            "id" : "download_6",
            "receivedTime" : "184.091000002809",
            "sslStart" : -1,
            "dnsStart" : -1,
            "receiveLast" : 165.091000002809,
            "s_time" : 46.4220000430942,
            "sendEnd" : 6,
            "sendStart" : 6,
            "type" : "text/plain"
         }
      },
      {
         "when_comp_start" : -1,
         "url" : "http://modified.testbed.localhost/www.pewresearch.org/wp-content/plugins/pew-refactor/bower_components/react/react-dom.min.js%3Fver=0.14.7",
         "id" : "r8",
         "comps" : [
            {
               "s_time" : 307.771000079811,
               "time" : 0.356999924405955,
               "type" : 1,
               "id" : "comp_11",
               "e_time" : 308.128000004217
            }
         ],
         "download" : {
            "receiveFirst" : 7,
            "len" : 706,
            "dns" : 0,
            "dnsEnd" : -1,
            "receiveHeadersEnd" : 23,
            "sslEnd" : -1,
            "connectEnd" : 15,
            "connectStart" : 0,
            "id" : "download_7",
            "receivedTime" : "89.670000015758",
            "sslStart" : -1,
            "dnsStart" : -1,
            "receiveLast" : 66.670000015758,
            "s_time" : 46.7640000861138,
            "sendEnd" : 16,
            "sendStart" : 15,
            "type" : "text/plain"
         }
      },
      {
         "when_comp_start" : -1,
         "url" : "http://modified.testbed.localhost/www.pewresearch.org/wp-content/lib/img/pew-research-center.svg",
         "id" : "r9",
         "comps" : [],
         "download" : {
            "receiveFirst" : 15,
            "len" : 7200,
            "dns" : 0,
            "dnsEnd" : -1,
            "receiveHeadersEnd" : 34,
            "sslEnd" : -1,
            "connectEnd" : 19,
            "connectStart" : 0,
            "id" : "download_8",
            "receivedTime" : "330.152000067756",
            "sslStart" : -1,
            "dnsStart" : -1,
            "receiveLast" : 296.152000067756,
            "s_time" : 47.2350000636652,
            "sendEnd" : 19,
            "sendStart" : 19,
            "type" : "image/svg+xml"
         }
      },
      {
         "when_comp_start" : -1,
         "url" : "http://modified.testbed.localhost/www.pewresearch.org/wp-content/lib/img/home-icon.png",
         "id" : "r10",
         "comps" : [],
         "download" : {
            "receiveFirst" : 3,
            "len" : 242,
            "dns" : 0,
            "dnsEnd" : -1,
            "receiveHeadersEnd" : 10,
            "sslEnd" : -1,
            "connectEnd" : 7,
            "connectStart" : 0,
            "id" : "download_9",
            "receivedTime" : "385.401000035927",
            "sslStart" : -1,
            "dnsStart" : -1,
            "receiveLast" : 375.401000035927,
            "s_time" : 82.7960000606254,
            "sendEnd" : 7,
            "sendStart" : 7,
            "type" : "image/png"
         }
      },
      {
         "when_comp_start" : -1,
         "url" : "http://modified.testbed.localhost/www.pewresearch.org/files/2016/05/ST_16.05.12_MiddleIncome-3_HP.png",
         "id" : "r11",
         "comps" : [],
         "download" : {
            "receiveFirst" : 3,
            "len" : 26125,
            "dns" : 0,
            "dnsEnd" : -1,
            "receiveHeadersEnd" : 10,
            "sslEnd" : -1,
            "connectEnd" : 7,
            "connectStart" : 0,
            "id" : "download_10",
            "receivedTime" : "386.097000096925",
            "sslStart" : -1,
            "dnsStart" : -1,
            "receiveLast" : 376.097000096925,
            "s_time" : 83.0700000515208,
            "sendEnd" : 7,
            "sendStart" : 7,
            "type" : "image/png"
         }
      },
      {
         "when_comp_start" : -1,
         "url" : "http://modified.testbed.localhost/www.pewresearch.org/files/2016/05/PP_16.05.01_placeWorld_hompage.png",
         "id" : "r12",
         "comps" : [],
         "download" : {
            "receiveFirst" : 7,
            "len" : 6692,
            "dns" : 0,
            "dnsEnd" : -1,
            "receiveHeadersEnd" : 14,
            "sslEnd" : -1,
            "connectEnd" : 6,
            "connectStart" : 0,
            "id" : "download_11",
            "receivedTime" : "387.495000031777",
            "sslStart" : -1,
            "dnsStart" : -1,
            "receiveLast" : 373.495000031777,
            "s_time" : 83.3440000424162,
            "sendEnd" : 7,
            "sendStart" : 6,
            "type" : "image/png"
         }
      },
      {
         "when_comp_start" : -1,
         "url" : "http://modified.testbed.localhost/www.pewresearch.org/files/2016/05/PJ_16.02.22_Parsely_homepage.png",
         "id" : "r13",
         "comps" : [],
         "download" : {
            "receiveFirst" : 8,
            "len" : 5304,
            "dns" : 0,
            "dnsEnd" : -1,
            "receiveHeadersEnd" : 14,
            "sslEnd" : -1,
            "connectEnd" : 6,
            "connectStart" : 0,
            "id" : "download_12",
            "receivedTime" : "387.683000066318",
            "sslStart" : -1,
            "dnsStart" : -1,
            "receiveLast" : 373.683000066318,
            "s_time" : 83.5940000833943,
            "sendEnd" : 6,
            "sendStart" : 6,
            "type" : "image/png"
         }
      },
      {
         "when_comp_start" : -1,
         "url" : "http://modified.testbed.localhost/www.pewresearch.org/files/2016/04/PM_16.05.03_nonprobability_HP_260px.jpg",
         "id" : "r14",
         "comps" : [],
         "download" : {
            "receiveFirst" : 8,
            "len" : 51443,
            "dns" : 0,
            "dnsEnd" : -1,
            "receiveHeadersEnd" : 14,
            "sslEnd" : -1,
            "connectEnd" : 6,
            "connectStart" : 0,
            "id" : "download_13",
            "receivedTime" : "388.412000029348",
            "sslStart" : -1,
            "dnsStart" : -1,
            "receiveLast" : 374.412000029348,
            "s_time" : 83.8840000797063,
            "sendEnd" : 6,
            "sendStart" : 6,
            "type" : "image/jpeg"
         }
      },
      {
         "when_comp_start" : -1,
         "url" : "http://modified.testbed.localhost/www.pewresearch.org/files/2016/04/PP_14.06.10_polarizationTiles_01.png",
         "id" : "r15",
         "comps" : [],
         "download" : {
            "receiveFirst" : 8,
            "len" : 6937,
            "dns" : 0,
            "dnsEnd" : -1,
            "receiveHeadersEnd" : 14,
            "sslEnd" : -1,
            "connectEnd" : 6,
            "connectStart" : 0,
            "id" : "download_14",
            "receivedTime" : "387.984000029974",
            "sslStart" : -1,
            "dnsStart" : -1,
            "receiveLast" : 373.984000029974,
            "s_time" : 84.1600000858307,
            "sendEnd" : 6,
            "sendStart" : 6,
            "type" : "image/png"
         }
      },
      {
         "when_comp_start" : -1,
         "url" : "http://modified.testbed.localhost/www.pewresearch.org/files/2016/04/HPIslamLaw.jpg",
         "id" : "r16",
         "comps" : [],
         "download" : {
            "receiveFirst" : 7,
            "len" : 75188,
            "dns" : 0,
            "dnsEnd" : -1,
            "receiveHeadersEnd" : 19,
            "sslEnd" : -1,
            "connectEnd" : 12,
            "connectStart" : 0,
            "id" : "download_15",
            "receivedTime" : "390.575000084937",
            "sslStart" : -1,
            "dnsStart" : -1,
            "receiveLast" : 371.575000084937,
            "s_time" : 84.5919999992475,
            "sendEnd" : 12,
            "sendStart" : 12,
            "type" : "image/jpeg"
         }
      },
      {
         "when_comp_start" : -1,
         "url" : "http://modified.testbed.localhost/www.pewresearch.org/files/2016/04/PH_16.04.13_Generations.png",
         "id" : "r17",
         "comps" : [],
         "download" : {
            "receiveFirst" : 8,
            "len" : 6469,
            "dns" : 0,
            "dnsEnd" : -1,
            "receiveHeadersEnd" : 20,
            "sslEnd" : -1,
            "connectEnd" : 12,
            "connectStart" : 0,
            "id" : "download_16",
            "receivedTime" : "389.303000061773",
            "sslStart" : -1,
            "dnsStart" : -1,
            "receiveLast" : 369.303000061773,
            "s_time" : 84.8400000249967,
            "sendEnd" : 12,
            "sendStart" : 12,
            "type" : "image/png"
         }
      },
      {
         "when_comp_start" : -1,
         "url" : "http://modified.testbed.localhost/www.pewresearch.org/wp-content/lib/img/fact-tank-promo-banner.png",
         "id" : "r18",
         "comps" : [],
         "download" : {
            "receiveFirst" : 6,
            "len" : 1655,
            "dns" : 0,
            "dnsEnd" : -1,
            "receiveHeadersEnd" : 22,
            "sslEnd" : -1,
            "connectEnd" : 16,
            "connectStart" : 0,
            "id" : "download_17",
            "receivedTime" : "390.021000057459",
            "sslStart" : -1,
            "dnsStart" : -1,
            "receiveLast" : 368.021000057459,
            "s_time" : 85.501000052318,
            "sendEnd" : 16,
            "sendStart" : 16,
            "type" : "image/png"
         }
      },
      {
         "when_comp_start" : -1,
         "url" : "http://modified.testbed.localhost/www.pewresearch.org/files/2016/02/PRC_16.02.22_HP_Data-Gallery-Requests_6-1.png",
         "id" : "r19",
         "comps" : [],
         "download" : {
            "receiveFirst" : 6,
            "len" : 61874,
            "dns" : 0,
            "dnsEnd" : -1,
            "receiveHeadersEnd" : 15,
            "sslEnd" : -1,
            "connectEnd" : 9,
            "connectStart" : 0,
            "id" : "download_18",
            "receivedTime" : "394.05500004068",
            "sslStart" : -1,
            "dnsStart" : -1,
            "receiveLast" : 379.05500004068,
            "s_time" : 93.2420000899583,
            "sendEnd" : 9,
            "sendStart" : 9,
            "type" : "image/png"
         }
      },
      {
         "when_comp_start" : -1,
         "url" : "http://modified.testbed.localhost/www.pewresearch.org/files/2016/02/PRC_16.02.22_HP_Data-Gallery-Requests_2-1.png",
         "id" : "r20",
         "comps" : [],
         "download" : {
            "receiveFirst" : 9,
            "len" : 105945,
            "dns" : 0,
            "dnsEnd" : -1,
            "receiveHeadersEnd" : 17,
            "sslEnd" : -1,
            "connectEnd" : 8,
            "connectStart" : 0,
            "id" : "download_19",
            "receivedTime" : "416.263999999501",
            "sslStart" : -1,
            "dnsStart" : -1,
            "receiveLast" : 399.263999999501,
            "s_time" : 94.6950000943616,
            "sendEnd" : 8,
            "sendStart" : 8,
            "type" : "image/png"
         }
      },
      {
         "when_comp_start" : -1,
         "url" : "http://modified.testbed.localhost/www.pewresearch.org/files/2016/02/PRC_16.02.22_HP_Data-Gallery-Requests_3-1.png",
         "id" : "r21",
         "comps" : [],
         "download" : {
            "receiveFirst" : 9,
            "len" : 74281,
            "dns" : 0,
            "dnsEnd" : -1,
            "receiveHeadersEnd" : 17,
            "sslEnd" : -1,
            "connectEnd" : 8,
            "connectStart" : 0,
            "id" : "download_20",
            "receivedTime" : "416.855000075884",
            "sslStart" : -1,
            "dnsStart" : -1,
            "receiveLast" : 399.855000075884,
            "s_time" : 96.2240000953898,
            "sendEnd" : 8,
            "sendStart" : 8,
            "type" : "image/png"
         }
      },
      {
         "when_comp_start" : -1,
         "url" : "http://modified.testbed.localhost/www.pewresearch.org/files/2016/02/PRC_16.02.22_HP_Data-Gallery-Requests_7-2.png",
         "id" : "r22",
         "comps" : [],
         "download" : {
            "receiveFirst" : 8,
            "len" : 99282,
            "dns" : 0,
            "dnsEnd" : -1,
            "receiveHeadersEnd" : 15,
            "sslEnd" : -1,
            "connectEnd" : 7,
            "connectStart" : 0,
            "id" : "download_21",
            "receivedTime" : "394.560000044294",
            "sslStart" : -1,
            "dnsStart" : -1,
            "receiveLast" : 379.560000044294,
            "s_time" : 100.267000030726,
            "sendEnd" : 7,
            "sendStart" : 7,
            "type" : "image/png"
         }
      },
      {
         "when_comp_start" : -1,
         "url" : "http://modified.testbed.localhost/www.pewresearch.org/wp-content/themes/pewresearch/css/2016-05-12_12:35/print.min.css",
         "id" : "r24",
         "comps" : [
            {
               "s_time" : 395.017000031658,
               "time" : 20.8420000271871,
               "type" : 4,
               "id" : "comp_27",
               "e_time" : 415.859000058845
            }
         ],
         "download" : {
            "receiveFirst" : 13,
            "len" : 1902,
            "dns" : 0,
            "dnsEnd" : -1,
            "receiveHeadersEnd" : 22,
            "sslEnd" : -1,
            "connectEnd" : 9,
            "connectStart" : 0,
            "id" : "download_22",
            "receivedTime" : "394.902000087313",
            "sslStart" : -1,
            "dnsStart" : -1,
            "receiveLast" : 372.902000087313,
            "s_time" : 101.809000014327,
            "sendEnd" : 9,
            "sendStart" : 9,
            "type" : "text/css"
         }
      },
      {
         "when_comp_start" : -1,
         "url" : "http://modified.testbed.localhost/www.pewresearch.org/files/2016/02/PRC_16.02.22_HP_Data-Gallery-Requests_4-1.png",
         "id" : "r25",
         "comps" : [],
         "download" : {
            "receiveFirst" : 14,
            "len" : 97658,
            "dns" : 0,
            "dnsEnd" : -1,
            "receiveHeadersEnd" : 23,
            "sslEnd" : -1,
            "connectEnd" : 9,
            "connectStart" : 0,
            "id" : "download_23",
            "receivedTime" : "417.088000103831",
            "sslStart" : -1,
            "dnsStart" : -1,
            "receiveLast" : 394.088000103831,
            "s_time" : 102.288000052795,
            "sendEnd" : 9,
            "sendStart" : 9,
            "type" : "image/png"
         }
      },
      {
         "when_comp_start" : -1,
         "url" : "http://modified.testbed.localhost/www.pewresearch.org/files/2016/02/PRC_16.02.22_HP_Data-Gallery-Requests_5.png",
         "id" : "r26",
         "comps" : [],
         "download" : {
            "receiveFirst" : 14,
            "len" : 99821,
            "dns" : 0,
            "dnsEnd" : -1,
            "receiveHeadersEnd" : 42,
            "sslEnd" : -1,
            "connectEnd" : 28,
            "connectStart" : 0,
            "id" : "download_24",
            "receivedTime" : "423.346000025049",
            "sslStart" : -1,
            "dnsStart" : -1,
            "receiveLast" : 381.346000025049,
            "s_time" : 104.821000015363,
            "sendEnd" : 28,
            "sendStart" : 28,
            "type" : "image/png"
         }
      },
      {
         "when_comp_start" : -1,
         "url" : "http://modified.testbed.localhost/www.pewresearch.org/files/2016/02/PRC_16.02.22_HP_Data-Gallery-Requests_1-1.png",
         "id" : "r27",
         "comps" : [],
         "download" : {
            "receiveFirst" : 11,
            "len" : 85204,
            "dns" : 0,
            "dnsEnd" : -1,
            "receiveHeadersEnd" : 41,
            "sslEnd" : -1,
            "connectEnd" : 30,
            "connectStart" : 0,
            "id" : "download_25",
            "receivedTime" : "419.928000075743",
            "sslStart" : -1,
            "dnsStart" : -1,
            "receiveLast" : 378.928000075743,
            "s_time" : 107.14000009466,
            "sendEnd" : 30,
            "sendStart" : 30,
            "type" : "image/png"
         }
      },
      {
         "when_comp_start" : -1,
         "url" : "http://modified.testbed.localhost/www.pewresearch.org/files/2016/05/ST_16.05.12_MiddleIncome_Featured-Image_calc1_140px.jpg",
         "id" : "r28",
         "comps" : [],
         "download" : {
            "receiveFirst" : 15,
            "len" : 20303,
            "dns" : 0,
            "dnsEnd" : -1,
            "receiveHeadersEnd" : 47,
            "sslEnd" : -1,
            "connectEnd" : 32,
            "connectStart" : 0,
            "id" : "download_26",
            "receivedTime" : "418.889000080526",
            "sslStart" : -1,
            "dnsStart" : -1,
            "receiveLast" : 371.889000080526,
            "s_time" : 109.602000098675,
            "sendEnd" : 32,
            "sendStart" : 32,
            "type" : "image/jpeg"
         }
      },
      {
         "when_comp_start" : -1,
         "url" : "http://modified.testbed.localhost/www.pewforum.org/files/2016/02/PF_16.02.15_howReligiousStatePromo140x140.png",
         "id" : "r29",
         "comps" : [],
         "download" : {
            "receiveFirst" : 15,
            "len" : 3408,
            "dns" : 0,
            "dnsEnd" : -1,
            "receiveHeadersEnd" : 47,
            "sslEnd" : -1,
            "connectEnd" : 32,
            "connectStart" : 0,
            "id" : "download_27",
            "receivedTime" : "419.449000037275",
            "sslStart" : -1,
            "dnsStart" : -1,
            "receiveLast" : 372.449000037275,
            "s_time" : 111.217000056058,
            "sendEnd" : 32,
            "sendStart" : 32,
            "type" : "image/png"
         }
      },
      {
         "when_comp_start" : -1,
         "url" : "http://modified.testbed.localhost/www.pewhispanic.org/files/2016/02/PH_2016.01.19_New-Hispanic-Voter_StateMap.png",
         "id" : "r30",
         "comps" : [],
         "download" : {
            "receiveFirst" : 14,
            "len" : 19892,
            "dns" : 0,
            "dnsEnd" : -1,
            "receiveHeadersEnd" : 28,
            "sslEnd" : -1,
            "connectEnd" : 14,
            "connectStart" : 0,
            "id" : "download_28",
            "receivedTime" : "420.110000064597",
            "sslStart" : -1,
            "dnsStart" : -1,
            "receiveLast" : 392.110000064597,
            "s_time" : 132.301000063308,
            "sendEnd" : 14,
            "sendStart" : 14,
            "type" : "image/png"
         }
      },
      {
         "when_comp_start" : -1,
         "url" : "http://modified.testbed.localhost/www.pewinternet.org/files/2016/01/PI_2015-12-15_Gaming-and-Gamers_Video-Featured.png",
         "id" : "r31",
         "comps" : [],
         "download" : {
            "receiveFirst" : 12,
            "len" : 2466,
            "dns" : 0,
            "dnsEnd" : -1,
            "receiveHeadersEnd" : 32,
            "sslEnd" : -1,
            "connectEnd" : 20,
            "connectStart" : 0,
            "id" : "download_29",
            "receivedTime" : "423.901000060141",
            "sslStart" : -1,
            "dnsStart" : -1,
            "receiveLast" : 391.901000060141,
            "s_time" : 136.259000049904,
            "sendEnd" : 20,
            "sendStart" : 20,
            "type" : "image/png"
         }
      },
      {
         "when_comp_start" : -1,
         "url" : "http://modified.testbed.localhost/www.pewglobal.org/files/2015/12/Climate_Quiz_Promo140x140.jpg",
         "id" : "r32",
         "comps" : [],
         "download" : {
            "receiveFirst" : 7,
            "len" : 33261,
            "dns" : 0,
            "dnsEnd" : -1,
            "receiveHeadersEnd" : 29,
            "sslEnd" : -1,
            "connectEnd" : 22,
            "connectStart" : 0,
            "id" : "download_30",
            "receivedTime" : "424.472999991849",
            "sslStart" : -1,
            "dnsStart" : -1,
            "receiveLast" : 395.472999991849,
            "s_time" : 139.824000070803,
            "sendEnd" : 22,
            "sendStart" : 22,
            "type" : "image/jpeg"
         }
      },
      {
         "when_comp_start" : -1,
         "url" : "http://modified.testbed.localhost/www.pewglobal.org/files/2014/07/PG_14.07.10_BalanceOfPower_Image-140x140.png",
         "id" : "r35",
         "comps" : [],
         "download" : {
            "receiveFirst" : 8,
            "len" : 27165,
            "dns" : 0,
            "dnsEnd" : -1,
            "receiveHeadersEnd" : 17,
            "sslEnd" : -1,
            "connectEnd" : 9,
            "connectStart" : 0,
            "id" : "download_31",
            "receivedTime" : "425.168000045232",
            "sslStart" : -1,
            "dnsStart" : -1,
            "receiveLast" : 408.168000045232,
            "s_time" : 153.195000020787,
            "sendEnd" : 9,
            "sendStart" : 9,
            "type" : "image/png"
         }
      },
      {
         "when_comp_start" : -1,
         "url" : "http://modified.testbed.localhost/www.pewhispanic.org/files/2015/09/PH_15.07.06_Immigrants_InteractivePromo_140px.jpg",
         "id" : "r33",
         "comps" : [],
         "download" : {
            "receiveFirst" : 7,
            "len" : 26011,
            "dns" : 0,
            "dnsEnd" : -1,
            "receiveHeadersEnd" : 30,
            "sslEnd" : -1,
            "connectEnd" : 23,
            "connectStart" : 0,
            "id" : "download_32",
            "receivedTime" : "425.735000055283",
            "sslStart" : -1,
            "dnsStart" : -1,
            "receiveLast" : 395.735000055283,
            "s_time" : 142.152999993414,
            "sendEnd" : 23,
            "sendStart" : 23,
            "type" : "image/jpeg"
         }
      },
      {
         "when_comp_start" : -1,
         "url" : "http://modified.testbed.localhost/www.pewinternet.org/files/2015/09/PI_15.09.10_ScienceQuiz_hp_140x140.png",
         "id" : "r34",
         "comps" : [],
         "download" : {
            "receiveFirst" : 9,
            "len" : 13760,
            "dns" : 0,
            "dnsEnd" : -1,
            "receiveHeadersEnd" : 29,
            "sslEnd" : -1,
            "connectEnd" : 20,
            "connectStart" : 0,
            "id" : "download_33",
            "receivedTime" : "426.373000023887",
            "sslStart" : -1,
            "dnsStart" : -1,
            "receiveLast" : 397.373000023887,
            "s_time" : 145.75100003276,
            "sendEnd" : 20,
            "sendStart" : 20,
            "type" : "image/png"
         }
      },
      {
         "when_comp_start" : -1,
         "url" : "http://modified.testbed.localhost/www.pewglobal.org/files/2015/07/PF_15.07.08_GMC_map_140x140.png",
         "id" : "r36",
         "comps" : [],
         "download" : {
            "receiveFirst" : 8,
            "len" : 17141,
            "dns" : 0,
            "dnsEnd" : -1,
            "receiveHeadersEnd" : 16,
            "sslEnd" : -1,
            "connectEnd" : 8,
            "connectStart" : 0,
            "id" : "download_34",
            "receivedTime" : "426.891000010073",
            "sslStart" : -1,
            "dnsStart" : -1,
            "receiveLast" : 410.891000010073,
            "s_time" : 159.602000028826,
            "sendEnd" : 8,
            "sendStart" : 8,
            "type" : "image/png"
         }
      },
      {
         "when_comp_start" : -1,
         "url" : "http://modified.testbed.localhost/www.pewresearch.org/files/2015/01/Interactive_140x140.png",
         "id" : "r37",
         "comps" : [],
         "download" : {
            "receiveFirst" : 6,
            "len" : 1395,
            "dns" : 0,
            "dnsEnd" : -1,
            "receiveHeadersEnd" : 15,
            "sslEnd" : -1,
            "connectEnd" : 9,
            "connectStart" : 0,
            "id" : "download_35",
            "receivedTime" : "427.24700004328",
            "sslStart" : -1,
            "dnsStart" : -1,
            "receiveLast" : 412.24700004328,
            "s_time" : 161.297000013292,
            "sendEnd" : 9,
            "sendStart" : 9,
            "type" : "image/png"
         }
      },
      {
         "when_comp_start" : -1,
         "url" : "http://modified.testbed.localhost/www.pewsocialtrends.org/files/2015/06/ST_15.06.11_PROMO_VideoEssay_140x140.png",
         "id" : "r38",
         "comps" : [],
         "download" : {
            "receiveFirst" : 8,
            "len" : 25080,
            "dns" : 0,
            "dnsEnd" : -1,
            "receiveHeadersEnd" : 17,
            "sslEnd" : -1,
            "connectEnd" : 9,
            "connectStart" : 0,
            "id" : "download_36",
            "receivedTime" : "428.124000085518",
            "sslStart" : -1,
            "dnsStart" : -1,
            "receiveLast" : 411.124000085518,
            "s_time" : 163.245000061579,
            "sendEnd" : 9,
            "sendStart" : 9,
            "type" : "image/png"
         }
      },
      {
         "when_comp_start" : -1,
         "url" : "http://modified.testbed.localhost/www.pewsocialtrends.org/files/2015/06/ST_15.06.11_PROMO_Timeline_260x260-140x140.png",
         "id" : "r39",
         "comps" : [],
         "download" : {
            "receiveFirst" : 8,
            "len" : 28104,
            "dns" : 0,
            "dnsEnd" : -1,
            "receiveHeadersEnd" : 18,
            "sslEnd" : -1,
            "connectEnd" : 10,
            "connectStart" : 0,
            "id" : "download_37",
            "receivedTime" : "428.717000060715",
            "sslStart" : -1,
            "dnsStart" : -1,
            "receiveLast" : 410.717000060715,
            "s_time" : 164.013000088744,
            "sendEnd" : 10,
            "sendStart" : 10,
            "type" : "image/png"
         }
      },
      {
         "when_comp_start" : -1,
         "url" : "http://modified.testbed.localhost/www.pewforum.org/files/2013/07/rls-140x140.png",
         "id" : "r40",
         "comps" : [],
         "download" : {
            "receiveFirst" : 8,
            "len" : 16577,
            "dns" : 0,
            "dnsEnd" : -1,
            "receiveHeadersEnd" : 18,
            "sslEnd" : -1,
            "connectEnd" : 10,
            "connectStart" : 0,
            "id" : "download_38",
            "receivedTime" : "429.459000006318",
            "sslStart" : -1,
            "dnsStart" : -1,
            "receiveLast" : 411.459000006318,
            "s_time" : 166.132000042126,
            "sendEnd" : 10,
            "sendStart" : 10,
            "type" : "image/png"
         }
      },
      {
         "when_comp_start" : -1,
         "url" : "http://modified.testbed.localhost/www.pewresearch.org/files/2014/10/PP_14.10.1_quiz_140_promo.png",
         "id" : "r41",
         "comps" : [],
         "download" : {
            "receiveFirst" : 7,
            "len" : 3068,
            "dns" : 0,
            "dnsEnd" : -1,
            "receiveHeadersEnd" : 17,
            "sslEnd" : -1,
            "connectEnd" : 10,
            "connectStart" : 0,
            "id" : "download_39",
            "receivedTime" : "429.919000016525",
            "sslStart" : -1,
            "dnsStart" : -1,
            "receiveLast" : 412.919000016525,
            "s_time" : 169.794999994338,
            "sendEnd" : 10,
            "sendStart" : 10,
            "type" : "image/png"
         }
      },
      {
         "when_comp_start" : -1,
         "url" : "http://modified.testbed.localhost/www.journalism.org/files/2015/03/PJ_15.03.04_MediaEcology_visual_140x140-08.png",
         "id" : "r42",
         "comps" : [],
         "download" : {
            "receiveFirst" : 7,
            "len" : 1140,
            "dns" : 0,
            "dnsEnd" : -1,
            "receiveHeadersEnd" : 17,
            "sslEnd" : -1,
            "connectEnd" : 10,
            "connectStart" : 0,
            "id" : "download_40",
            "receivedTime" : "430.231000063941",
            "sslStart" : -1,
            "dnsStart" : -1,
            "receiveLast" : 413.231000063941,
            "s_time" : 171.296000014991,
            "sendEnd" : 10,
            "sendStart" : 10,
            "type" : "image/png"
         }
      },
      {
         "when_comp_start" : -1,
         "url" : "http://modified.testbed.localhost/www.journalism.org/files/2015/02/INT_dataviz-InvestigativeReporters-copy.png",
         "id" : "r43",
         "comps" : [],
         "download" : {
            "receiveFirst" : 7,
            "len" : 1075,
            "dns" : 0,
            "dnsEnd" : -1,
            "receiveHeadersEnd" : 17,
            "sslEnd" : -1,
            "connectEnd" : 9,
            "connectStart" : 0,
            "id" : "download_41",
            "receivedTime" : "430.824000039138",
            "sslStart" : -1,
            "dnsStart" : -1,
            "receiveLast" : 413.824000039138,
            "s_time" : 173.25900006108,
            "sendEnd" : 10,
            "sendStart" : 9,
            "type" : "image/png"
         }
      },
      {
         "when_comp_start" : -1,
         "url" : "http://modified.testbed.localhost/www.pewinternet.org/files/2014/11/PI_12.11.25_TechWebIQQuix_140x140-copy-140x140.png",
         "id" : "r44",
         "comps" : [],
         "download" : {
            "receiveFirst" : 6,
            "len" : 1902,
            "dns" : 0,
            "dnsEnd" : -1,
            "receiveHeadersEnd" : 16,
            "sslEnd" : -1,
            "connectEnd" : 10,
            "connectStart" : 0,
            "id" : "download_42",
            "receivedTime" : "431.123999995179",
            "sslStart" : -1,
            "dnsStart" : -1,
            "receiveLast" : 415.123999995179,
            "s_time" : 175.079000066034,
            "sendEnd" : 10,
            "sendStart" : 10,
            "type" : "image/png"
         }
      },
      {
         "when_comp_start" : -1,
         "url" : "http://modified.testbed.localhost/www.pewhispanic.org/files/2014/11/PH_14.11.17_UnauthorizedImmigration_Thumb_140-px1.png",
         "id" : "r45",
         "comps" : [],
         "download" : {
            "receiveFirst" : 7,
            "len" : 14102,
            "dns" : 0,
            "dnsEnd" : -1,
            "receiveHeadersEnd" : 17,
            "sslEnd" : -1,
            "connectEnd" : 10,
            "connectStart" : 0,
            "id" : "download_43",
            "receivedTime" : "432.021000073291",
            "sslStart" : -1,
            "dnsStart" : -1,
            "receiveLast" : 415.021000073291,
            "s_time" : 177.260000025854,
            "sendEnd" : 10,
            "sendStart" : 10,
            "type" : "image/png"
         }
      },
      {
         "when_comp_start" : -1,
         "url" : "http://modified.testbed.localhost/www.pewresearch.org/files/2016/03/Election-2016-260x100.png",
         "id" : "r46",
         "comps" : [],
         "download" : {
            "receiveFirst" : 6,
            "len" : 7567,
            "dns" : 0,
            "dnsEnd" : -1,
            "receiveHeadersEnd" : 17,
            "sslEnd" : -1,
            "connectEnd" : 11,
            "connectStart" : 0,
            "id" : "download_44",
            "receivedTime" : "432.689000037499",
            "sslStart" : -1,
            "dnsStart" : -1,
            "receiveLast" : 415.689000037499,
            "s_time" : 179.338000016287,
            "sendEnd" : 11,
            "sendStart" : 11,
            "type" : "image/png"
         }
      },
      {
         "when_comp_start" : -1,
         "url" : "http://modified.testbed.localhost/www.pewresearch.org/files/2015/12/PRC_15.12.21_BB-cards_space.jpg",
         "id" : "r47",
         "comps" : [],
         "download" : {
            "receiveFirst" : 7,
            "len" : 36310,
            "dns" : 0,
            "dnsEnd" : -1,
            "receiveHeadersEnd" : 17,
            "sslEnd" : -1,
            "connectEnd" : 10,
            "connectStart" : 0,
            "id" : "download_45",
            "receivedTime" : "432.896999991499",
            "sslStart" : -1,
            "dnsStart" : -1,
            "receiveLast" : 415.896999991499,
            "s_time" : 181.18100007996,
            "sendEnd" : 10,
            "sendStart" : 10,
            "type" : "image/jpeg"
         }
      },
      {
         "when_comp_start" : -1,
         "url" : "http://modified.testbed.localhost/www.pewresearch.org/files/2015/12/PRC_15.12.21_BB-cards_border.jpg",
         "id" : "r48",
         "comps" : [],
         "download" : {
            "receiveFirst" : 9,
            "len" : 52254,
            "dns" : 0,
            "dnsEnd" : -1,
            "receiveHeadersEnd" : 18,
            "sslEnd" : -1,
            "connectEnd" : 9,
            "connectStart" : 0,
            "id" : "download_46",
            "receivedTime" : "434.639000101015",
            "sslStart" : -1,
            "dnsStart" : -1,
            "receiveLast" : 416.639000101015,
            "s_time" : 183.646999998018,
            "sendEnd" : 9,
            "sendStart" : 9,
            "type" : "image/jpeg"
         }
      },
      {
         "when_comp_start" : -1,
         "url" : "http://modified.testbed.localhost/www.pewsocialtrends.org/files/2014/07/PKG_millennials.png",
         "id" : "r50",
         "comps" : [],
         "download" : {
            "receiveFirst" : 8,
            "len" : 60467,
            "dns" : 0,
            "dnsEnd" : -1,
            "receiveHeadersEnd" : 17,
            "sslEnd" : -1,
            "connectEnd" : 9,
            "connectStart" : 0,
            "id" : "download_47",
            "receivedTime" : "434.844000032172",
            "sslStart" : -1,
            "dnsStart" : -1,
            "receiveLast" : 417.844000032172,
            "s_time" : 186.887999996543,
            "sendEnd" : 9,
            "sendStart" : 9,
            "type" : "image/png"
         }
      },
      {
         "when_comp_start" : -1,
         "url" : "http://modified.testbed.localhost/www.pewresearch.org/wp-content/lib/img/PRC-Logo-footer.png",
         "id" : "r51",
         "comps" : [],
         "download" : {
            "receiveFirst" : 11,
            "len" : 1058,
            "dns" : 0,
            "dnsEnd" : -1,
            "receiveHeadersEnd" : 18,
            "sslEnd" : -1,
            "connectEnd" : 7,
            "connectStart" : 0,
            "id" : "download_48",
            "receivedTime" : "435.073000029661",
            "sslStart" : -1,
            "dnsStart" : -1,
            "receiveLast" : 417.073000029661,
            "s_time" : 189.754000050016,
            "sendEnd" : 7,
            "sendStart" : 7,
            "type" : "image/png"
         }
      },
      {
         "when_comp_start" : -1,
         "url" : "http://modified.testbed.localhost/www.pewresearch.org/wp-content/lib/img/footer-socialmedia-sprite.png",
         "id" : "r55",
         "comps" : [],
         "download" : {
            "receiveFirst" : 4,
            "len" : 2685,
            "dns" : 0,
            "dnsEnd" : -1,
            "receiveHeadersEnd" : 5,
            "sslEnd" : -1,
            "connectEnd" : 1,
            "connectStart" : 0,
            "id" : "download_49",
            "receivedTime" : "605.711000040174",
            "sslStart" : -1,
            "dnsStart" : -1,
            "receiveLast" : 600.711000040174,
            "s_time" : 383.464000071399,
            "sendEnd" : 1,
            "sendStart" : 1,
            "type" : "image/png"
         }
      },
      {
         "when_comp_start" : -1,
         "url" : "http://modified.testbed.localhost/www.pewresearch.org/wp-content/plugins/pew-scripts/js/2016-05-12_12:35/hammer.min.js",
         "id" : "r56",
         "comps" : [
            {
               "s_time" : 630.319000105374,
               "time" : 0.847999937832014,
               "type" : 1,
               "id" : "comp_72",
               "e_time" : 631.167000043206
            }
         ],
         "download" : {
            "receiveFirst" : 9,
            "len" : 6976,
            "dns" : 0,
            "dnsEnd" : -1,
            "receiveHeadersEnd" : 15,
            "sslEnd" : -1,
            "connectEnd" : 6,
            "connectStart" : 0,
            "id" : "download_50",
            "receivedTime" : "630.245000007562",
            "sslStart" : -1,
            "dnsStart" : -1,
            "receiveLast" : 615.245000007562,
            "s_time" : 436.340000014752,
            "sendEnd" : 6,
            "sendStart" : 6,
            "type" : "application/javascript"
         }
      },
      {
         "when_comp_start" : -1,
         "url" : "http://modified.testbed.localhost/www.pewresearch.org/wp-content/plugins/pew-scripts/js/2016-05-12_12:35/pew-carousel.min.js",
         "id" : "r57",
         "comps" : [
            {
               "s_time" : 631.568000069819,
               "time" : 0.997000024653971,
               "type" : 1,
               "id" : "comp_74",
               "e_time" : 632.565000094473
            }
         ],
         "download" : {
            "receiveFirst" : 9,
            "len" : 6821,
            "dns" : 0,
            "dnsEnd" : -1,
            "receiveHeadersEnd" : 15,
            "sslEnd" : -1,
            "connectEnd" : 6,
            "connectStart" : 0,
            "id" : "download_51",
            "receivedTime" : "631.42400002107",
            "sslStart" : -1,
            "dnsStart" : -1,
            "receiveLast" : 616.42400002107,
            "s_time" : 436.640000087209,
            "sendEnd" : 6,
            "sendStart" : 6,
            "type" : "application/javascript"
         }
      },
      {
         "when_comp_start" : -1,
         "url" : "http://modified.testbed.localhost/www.pewresearch.org/wp-content/themes/pewresearch/js/2016-05-12_12:35/pew-homepage.js",
         "id" : "r58",
         "comps" : [
            {
               "s_time" : 632.696000044234,
               "time" : 2.54000001586996,
               "type" : 1,
               "id" : "comp_76",
               "e_time" : 635.236000060104
            }
         ],
         "download" : {
            "receiveFirst" : 9,
            "len" : 956,
            "dns" : 0,
            "dnsEnd" : -1,
            "receiveHeadersEnd" : 15,
            "sslEnd" : -1,
            "connectEnd" : 6,
            "connectStart" : 0,
            "id" : "download_52",
            "receivedTime" : "629.336000070907",
            "sslStart" : -1,
            "dnsStart" : -1,
            "receiveLast" : 614.336000070907,
            "s_time" : 437.016000039876,
            "sendEnd" : 6,
            "sendStart" : 6,
            "type" : "application/javascript"
         }
      },
      {
         "when_comp_start" : -1,
         "url" : "http://modified.testbed.localhost/www.pewresearch.org/wp-content/plugins/pew-scripts/js/2016-05-12_12:35/organic-tabs.min.js",
         "id" : "r59",
         "comps" : [
            {
               "s_time" : 635.378000093624,
               "time" : 0.663999933748983,
               "type" : 1,
               "id" : "comp_78",
               "e_time" : 636.042000027373
            }
         ],
         "download" : {
            "receiveFirst" : 9,
            "len" : 1348,
            "dns" : 0,
            "dnsEnd" : -1,
            "receiveHeadersEnd" : 14,
            "sslEnd" : -1,
            "connectEnd" : 5,
            "connectStart" : 0,
            "id" : "download_53",
            "receivedTime" : "629.569000098854",
            "sslStart" : -1,
            "dnsStart" : -1,
            "receiveLast" : 615.569000098854,
            "s_time" : 438.014000072144,
            "sendEnd" : 5,
            "sendStart" : 5,
            "type" : "application/javascript"
         }
      },
      {
         "when_comp_start" : -1,
         "url" : "http://modified.testbed.localhost/www.pewresearch.org/wp-content/mu-plugins/pew-search/assets/js/configuration.js%3Fver=1",
         "id" : "r61",
         "comps" : [
            {
               "s_time" : 747.779000084847,
               "time" : 0.697999959812023,
               "type" : 1,
               "id" : "comp_83",
               "e_time" : 748.477000044659
            }
         ],
         "download" : {
            "receiveFirst" : 9,
            "len" : 2402,
            "dns" : 0,
            "dnsEnd" : -1,
            "receiveHeadersEnd" : 14,
            "sslEnd" : -1,
            "connectEnd" : 4,
            "connectStart" : 0,
            "id" : "download_54",
            "receivedTime" : "629.860000102781",
            "sslStart" : -1,
            "dnsStart" : -1,
            "receiveLast" : 615.860000102781,
            "s_time" : 438.871000078507,
            "sendEnd" : 5,
            "sendStart" : 4,
            "type" : "text/plain"
         }
      },
      {
         "when_comp_start" : -1,
         "url" : "http://modified.testbed.localhost/www.pewresearch.org/wp-content/mu-plugins/pew-search/assets/js/SwiftypeComponents.js%3Fver=1",
         "id" : "r60",
         "comps" : [
            {
               "s_time" : 644.129000022076,
               "time" : 103.420000057668,
               "type" : 1,
               "id" : "comp_81",
               "e_time" : 747.549000079744
            }
         ],
         "download" : {
            "receiveFirst" : 10,
            "len" : 592338,
            "dns" : 0,
            "dnsEnd" : -1,
            "receiveHeadersEnd" : 15,
            "sslEnd" : -1,
            "connectEnd" : 5,
            "connectStart" : 0,
            "id" : "download_55",
            "receivedTime" : "643.756000092253",
            "sslStart" : -1,
            "dnsStart" : -1,
            "receiveLast" : 628.756000092253,
            "s_time" : 438.35300009232,
            "sendEnd" : 5,
            "sendStart" : 5,
            "type" : "text/plain"
         }
      },
      {
         "when_comp_start" : -1,
         "url" : "http://modified.testbed.localhost/www.pewresearch.org/wp-content/mu-plugins/pew-search/assets/js/pew-search-utils.js%3Fver=1",
         "id" : "r62",
         "comps" : [
            {
               "s_time" : 748.616000055335,
               "time" : 0.641999999062023,
               "type" : 1,
               "id" : "comp_85",
               "e_time" : 749.258000054397
            }
         ],
         "download" : {
            "receiveFirst" : 6,
            "len" : 6762,
            "dns" : 0,
            "dnsEnd" : -1,
            "receiveHeadersEnd" : 24,
            "sslEnd" : -1,
            "connectEnd" : 18,
            "connectStart" : 0,
            "id" : "download_56",
            "receivedTime" : "637.392000062391",
            "sslStart" : -1,
            "dnsStart" : -1,
            "receiveLast" : 613.392000062391,
            "s_time" : 438.995000091381,
            "sendEnd" : 18,
            "sendStart" : 18,
            "type" : "text/plain"
         }
      },
      {
         "when_comp_start" : -1,
         "url" : "http://modified.testbed.localhost/www.pewresearch.org/wp-content/plugins/pew-scripts/js/2016-05-12_12:35/pew-global.min.js",
         "id" : "r63",
         "comps" : [
            {
               "s_time" : 749.391000019386,
               "time" : 0.369000015781012,
               "type" : 1,
               "id" : "comp_87",
               "e_time" : 749.760000035167
            }
         ],
         "download" : {
            "receiveFirst" : 8,
            "len" : 2778,
            "dns" : 0,
            "dnsEnd" : -1,
            "receiveHeadersEnd" : 26,
            "sslEnd" : -1,
            "connectEnd" : 18,
            "connectStart" : 0,
            "id" : "download_57",
            "receivedTime" : "638.078000047244",
            "sslStart" : -1,
            "dnsStart" : -1,
            "receiveLast" : 612.078000047244,
            "s_time" : 439.332000096329,
            "sendEnd" : 18,
            "sendStart" : 18,
            "type" : "application/javascript"
         }
      },
      {
         "when_comp_start" : -1,
         "url" : "http://modified.testbed.localhost/platform.twitter.com/widgets.js",
         "id" : "r65",
         "comps" : [
            {
               "s_time" : 750.880000065081,
               "time" : 98.483999958262,
               "type" : 1,
               "id" : "comp_91",
               "e_time" : 849.364000023343
            }
         ],
         "download" : {
            "receiveFirst" : 4,
            "len" : 104197,
            "dns" : 0,
            "dnsEnd" : -1,
            "receiveHeadersEnd" : 5,
            "sslEnd" : -1,
            "connectEnd" : 1,
            "connectStart" : 0,
            "id" : "download_58",
            "receivedTime" : "643.309000064619",
            "sslStart" : -1,
            "dnsStart" : -1,
            "receiveLast" : 638.309000064619,
            "s_time" : 629.038000013679,
            "sendEnd" : 1,
            "sendStart" : 1,
            "type" : "application/javascript"
         }
      },
      {
         "when_comp_start" : -1,
         "url" : "http://modified.testbed.localhost/www.pewresearch.org/wp-includes/js/wp-embed.min.js%3Fver=4.5",
         "id" : "r64",
         "comps" : [
            {
               "s_time" : 749.891999992542,
               "time" : 0.855000107549017,
               "type" : 1,
               "id" : "comp_89",
               "e_time" : 750.747000100091
            }
         ],
         "download" : {
            "receiveFirst" : 3,
            "len" : 1403,
            "dns" : 0,
            "dnsEnd" : -1,
            "receiveHeadersEnd" : 5,
            "sslEnd" : -1,
            "connectEnd" : 2,
            "connectStart" : 0,
            "id" : "download_59",
            "receivedTime" : "640.514000086114",
            "sslStart" : -1,
            "dnsStart" : -1,
            "receiveLast" : 635.514000086114,
            "s_time" : 628.498000092804,
            "sendEnd" : 2,
            "sendStart" : 2,
            "type" : "text/plain"
         }
      },
      {
         "when_comp_start" : -1,
         "url" : "http://modified.testbed.localhost/www.pewresearch.org/wp-content/themes/pewresearch/img/carousel-right.png",
         "id" : "r68",
         "comps" : [],
         "download" : {
            "receiveFirst" : 4,
            "len" : 439,
            "dns" : 0,
            "dnsEnd" : -1,
            "receiveHeadersEnd" : 5,
            "sslEnd" : -1,
            "connectEnd" : 1,
            "connectStart" : 0,
            "id" : "download_60",
            "receivedTime" : "1295.2210000949",
            "sslStart" : -1,
            "dnsStart" : -1,
            "receiveLast" : 1290.2210000949,
            "s_time" : 1082.37000007648,
            "sendEnd" : 1,
            "sendStart" : 1,
            "type" : "image/png"
         }
      },
      {
         "when_comp_start" : -1,
         "url" : "http://modified.testbed.localhost/www.pewresearch.org/wp-content/themes/pewresearch/img/carousel-left.png",
         "id" : "r69",
         "comps" : [],
         "download" : {
            "receiveFirst" : 3,
            "len" : 445,
            "dns" : 0,
            "dnsEnd" : -1,
            "receiveHeadersEnd" : 4,
            "sslEnd" : -1,
            "connectEnd" : 1,
            "connectStart" : 0,
            "id" : "download_61",
            "receivedTime" : "1295.6220000051",
            "sslStart" : -1,
            "dnsStart" : -1,
            "receiveLast" : 1291.6220000051,
            "s_time" : 1082.84800010733,
            "sendEnd" : 1,
            "sendStart" : 1,
            "type" : "image/png"
         }
      }
   ],
   "deps" : [
      {
         "a2" : "r1_c2",
         "time" : -1,
         "id" : "dep1",
         "a1" : "comp_0"
      },
      {
         "a2" : "r1_c3",
         "time" : -1,
         "id" : "dep2",
         "a1" : "comp_7"
      },
      {
         "a2" : "r1_c4",
         "time" : -1,
         "id" : "dep3",
         "a1" : "comp_9"
      },
      {
         "a2" : "r1_c5",
         "time" : -1,
         "id" : "dep4",
         "a1" : "comp_11"
      },
      {
         "a2" : "r1_c6",
         "time" : -1,
         "id" : "dep5",
         "a1" : "comp_72"
      },
      {
         "a2" : "r1_c7",
         "time" : -1,
         "id" : "dep6",
         "a1" : "comp_74"
      },
      {
         "a2" : "r1_c8",
         "time" : -1,
         "id" : "dep7",
         "a1" : "comp_76"
      },
      {
         "a2" : "r1_c9",
         "time" : -1,
         "id" : "dep8",
         "a1" : "comp_78"
      },
      {
         "a2" : "r1_c10",
         "time" : -1,
         "id" : "dep9",
         "a1" : "comp_81"
      },
      {
         "a2" : "r1_c11",
         "time" : -1,
         "id" : "dep10",
         "a1" : "comp_83"
      },
      {
         "a2" : "r1_c12",
         "time" : -1,
         "id" : "dep11",
         "a1" : "comp_85"
      },
      {
         "a2" : "r1_c13",
         "time" : -1,
         "id" : "dep12",
         "a1" : "comp_87"
      },
      {
         "a2" : "r1_c14",
         "time" : -1,
         "id" : "dep13",
         "a1" : "comp_89"
      },
      {
         "a2" : "r1_c15",
         "time" : -1,
         "id" : "dep14",
         "a1" : "comp_91"
      },
      {
         "a2" : "comp_9",
         "time" : -1,
         "id" : "dep15",
         "a1" : "comp_7"
      },
      {
         "a2" : "comp_11",
         "time" : -1,
         "id" : "dep16",
         "a1" : "comp_9"
      },
      {
         "a2" : "comp_74",
         "time" : -1,
         "id" : "dep17",
         "a1" : "comp_72"
      },
      {
         "a2" : "comp_76",
         "time" : -1,
         "id" : "dep18",
         "a1" : "comp_74"
      },
      {
         "a2" : "comp_78",
         "time" : -1,
         "id" : "dep19",
         "a1" : "comp_76"
      },
      {
         "a2" : "comp_81",
         "time" : -1,
         "id" : "dep20",
         "a1" : "comp_78"
      },
      {
         "a2" : "comp_83",
         "time" : -1,
         "id" : "dep21",
         "a1" : "comp_81"
      },
      {
         "a2" : "comp_85",
         "time" : -1,
         "id" : "dep22",
         "a1" : "comp_83"
      },
      {
         "a2" : "comp_87",
         "time" : -1,
         "id" : "dep23",
         "a1" : "comp_85"
      },
      {
         "a2" : "comp_89",
         "time" : -1,
         "id" : "dep24",
         "a1" : "comp_87"
      },
      {
         "a2" : "comp_91",
         "time" : -1,
         "id" : "dep25",
         "a1" : "comp_89"
      },
      {
         "a2" : "download_61",
         "time" : -1,
         "id" : "dep26",
         "a1" : "r1_c15"
      },
      {
         "a2" : "download_60",
         "time" : 233.006000053137,
         "id" : "dep27",
         "a1" : "r1_c15"
      },
      {
         "a2" : "download_59",
         "time" : -1,
         "id" : "dep28",
         "a1" : "r1_c5"
      },
      {
         "a2" : "download_59",
         "time" : 320.370000088587,
         "id" : "dep29",
         "a1" : "r1_c5"
      },
      {
         "a2" : "download_58",
         "time" : -1,
         "id" : "dep30",
         "a1" : "r1_c5"
      },
      {
         "a2" : "download_58",
         "time" : 320.910000009462,
         "id" : "dep31",
         "a1" : "r1_c5"
      },
      {
         "a2" : "download_57",
         "time" : 131.204000092112,
         "id" : "dep32",
         "a1" : "r1_c5"
      },
      {
         "a2" : "download_56",
         "time" : 130.867000087164,
         "id" : "dep33",
         "a1" : "r1_c5"
      },
      {
         "a2" : "download_55",
         "time" : 130.225000088103,
         "id" : "dep34",
         "a1" : "r1_c5"
      },
      {
         "a2" : "download_54",
         "time" : 130.74300007429,
         "id" : "dep35",
         "a1" : "r1_c5"
      },
      {
         "a2" : "download_53",
         "time" : 129.886000067927,
         "id" : "dep36",
         "a1" : "r1_c5"
      },
      {
         "a2" : "download_52",
         "time" : 128.888000035659,
         "id" : "dep37",
         "a1" : "r1_c5"
      },
      {
         "a2" : "download_52",
         "time" : 128.888000035659,
         "id" : "dep38",
         "a1" : "r1_c5"
      },
      {
         "a2" : "download_51",
         "time" : 128.512000082992,
         "id" : "dep39",
         "a1" : "r1_c5"
      },
      {
         "a2" : "download_51",
         "time" : 128.512000082992,
         "id" : "dep40",
         "a1" : "r1_c5"
      },
      {
         "a2" : "download_50",
         "time" : 128.212000010535,
         "id" : "dep41",
         "a1" : "r1_c5"
      },
      {
         "a2" : "download_49",
         "time" : 75.3360000671821,
         "id" : "dep42",
         "a1" : "r1_c5"
      },
      {
         "a2" : "download_48",
         "time" : -1,
         "id" : "dep43",
         "a1" : "r1_c3"
      },
      {
         "a2" : "download_47",
         "time" : 3.52099991869198,
         "id" : "dep44",
         "a1" : "r1_c3"
      },
      {
         "a2" : "download_46",
         "time" : 0.279999920167,
         "id" : "dep45",
         "a1" : "r1_c3"
      },
      {
         "a2" : "download_45",
         "time" : -1,
         "id" : "dep46",
         "a1" : "r1_c2"
      },
      {
         "a2" : "download_44",
         "time" : 118.059000000358,
         "id" : "dep47",
         "a1" : "r1_c2"
      },
      {
         "a2" : "download_43",
         "time" : 115.981000009925,
         "id" : "dep48",
         "a1" : "r1_c2"
      },
      {
         "a2" : "download_42",
         "time" : 113.800000050105,
         "id" : "dep49",
         "a1" : "r1_c2"
      },
      {
         "a2" : "download_41",
         "time" : 111.980000045151,
         "id" : "dep50",
         "a1" : "r1_c2"
      },
      {
         "a2" : "download_40",
         "time" : 110.016999999062,
         "id" : "dep51",
         "a1" : "r1_c2"
      },
      {
         "a2" : "download_39",
         "time" : 108.515999978409,
         "id" : "dep52",
         "a1" : "r1_c2"
      },
      {
         "a2" : "download_38",
         "time" : 104.853000026197,
         "id" : "dep53",
         "a1" : "r1_c2"
      },
      {
         "a2" : "download_37",
         "time" : 102.734000072815,
         "id" : "dep54",
         "a1" : "r1_c2"
      },
      {
         "a2" : "download_36",
         "time" : 101.96600004565,
         "id" : "dep55",
         "a1" : "r1_c2"
      },
      {
         "a2" : "download_35",
         "time" : 100.017999997363,
         "id" : "dep56",
         "a1" : "r1_c2"
      },
      {
         "a2" : "download_34",
         "time" : 98.3230000128967,
         "id" : "dep57",
         "a1" : "r1_c2"
      },
      {
         "a2" : "download_33",
         "time" : 84.4720000168307,
         "id" : "dep58",
         "a1" : "r1_c2"
      },
      {
         "a2" : "download_32",
         "time" : 80.8739999774847,
         "id" : "dep59",
         "a1" : "r1_c2"
      },
      {
         "a2" : "download_31",
         "time" : 91.9160000048577,
         "id" : "dep60",
         "a1" : "r1_c2"
      },
      {
         "a2" : "download_30",
         "time" : 78.5450000548737,
         "id" : "dep61",
         "a1" : "r1_c2"
      },
      {
         "a2" : "download_29",
         "time" : 74.9800000339747,
         "id" : "dep62",
         "a1" : "r1_c2"
      },
      {
         "a2" : "download_28",
         "time" : 71.0220000473787,
         "id" : "dep63",
         "a1" : "r1_c2"
      },
      {
         "a2" : "download_27",
         "time" : 49.9380000401287,
         "id" : "dep64",
         "a1" : "r1_c2"
      },
      {
         "a2" : "download_26",
         "time" : 48.3230000827457,
         "id" : "dep65",
         "a1" : "r1_c2"
      },
      {
         "a2" : "download_25",
         "time" : 45.8610000787307,
         "id" : "dep66",
         "a1" : "r1_c2"
      },
      {
         "a2" : "download_24",
         "time" : 43.5419999994337,
         "id" : "dep67",
         "a1" : "r1_c2"
      },
      {
         "a2" : "download_23",
         "time" : 41.0090000368657,
         "id" : "dep68",
         "a1" : "r1_c2"
      },
      {
         "a2" : "download_22",
         "time" : 40.5299999983977,
         "id" : "dep69",
         "a1" : "r1_c2"
      },
      {
         "a2" : "download_21",
         "time" : 38.9880000147967,
         "id" : "dep70",
         "a1" : "r1_c2"
      },
      {
         "a2" : "download_20",
         "time" : 34.9450000794605,
         "id" : "dep71",
         "a1" : "r1_c2"
      },
      {
         "a2" : "download_19",
         "time" : 33.4160000784323,
         "id" : "dep72",
         "a1" : "r1_c2"
      },
      {
         "a2" : "download_18",
         "time" : 31.963000074029,
         "id" : "dep73",
         "a1" : "r1_c2"
      },
      {
         "a2" : "download_17",
         "time" : 24.2220000363887,
         "id" : "dep74",
         "a1" : "r1_c2"
      },
      {
         "a2" : "download_16",
         "time" : 23.5610000090674,
         "id" : "dep75",
         "a1" : "r1_c2"
      },
      {
         "a2" : "download_15",
         "time" : 23.3129999833182,
         "id" : "dep76",
         "a1" : "r1_c2"
      },
      {
         "a2" : "download_14",
         "time" : 22.8810000699014,
         "id" : "dep77",
         "a1" : "r1_c2"
      },
      {
         "a2" : "download_13",
         "time" : 22.605000063777,
         "id" : "dep78",
         "a1" : "r1_c2"
      },
      {
         "a2" : "download_12",
         "time" : 22.315000067465,
         "id" : "dep79",
         "a1" : "r1_c2"
      },
      {
         "a2" : "download_11",
         "time" : 22.0650000264869,
         "id" : "dep80",
         "a1" : "r1_c2"
      },
      {
         "a2" : "download_10",
         "time" : 21.7910000355915,
         "id" : "dep81",
         "a1" : "r1_c2"
      },
      {
         "a2" : "download_9",
         "time" : 21.5170000446961,
         "id" : "dep82",
         "a1" : "r1_c2"
      },
      {
         "a2" : "download_8",
         "time" : -1,
         "id" : "dep83",
         "a1" : "r1_c1"
      },
      {
         "a2" : "download_7",
         "time" : 3.4350000787526,
         "id" : "dep84",
         "a1" : "r1_c1"
      },
      {
         "a2" : "download_6",
         "time" : 3.093000035733,
         "id" : "dep85",
         "a1" : "r1_c1"
      },
      {
         "a2" : "download_5",
         "time" : 2.7669999981299,
         "id" : "dep86",
         "a1" : "r1_c1"
      },
      {
         "a2" : "download_4",
         "time" : 2.4660000344738,
         "id" : "dep87",
         "a1" : "r1_c1"
      },
      {
         "a2" : "download_4",
         "time" : 2.4660000344738,
         "id" : "dep88",
         "a1" : "r1_c1"
      },
      {
         "a2" : "download_3",
         "time" : 2.1530000958591,
         "id" : "dep89",
         "a1" : "r1_c1"
      },
      {
         "a2" : "download_3",
         "time" : 2.1530000958591,
         "id" : "dep90",
         "a1" : "r1_c1"
      },
      {
         "a2" : "download_2",
         "time" : 1.7760000191629,
         "id" : "dep91",
         "a1" : "r1_c1"
      },
      {
         "a2" : "download_2",
         "time" : 1.7760000191629,
         "id" : "dep92",
         "a1" : "r1_c1"
      },
      {
         "a2" : "download_1",
         "time" : 1.2550000101328,
         "id" : "dep93",
         "a1" : "r1_c1"
      }
   ]
}
