{
   "n_download_no_trigger" : 1,
   "start_activity" : "download_0",
   "name" : "modified.testbed.localhost_www.msn.com_",
   "load_activity" : -1,
   "objs" : [
      {
         "when_comp_start" : 1,
         "url" : "http://modified.testbed.localhost/www.msn.com/",
         "id" : "r1",
         "comps" : [
            {
               "s_time" : 89.5890002138913,
               "time" : 303.288999944926,
               "id" : "r1_c1",
               "type" : "evalhtml",
               "e_time" : 392.878000158817
            },
            {
               "s_time" : 396.620000246912,
               "time" : 1.61499995738296,
               "id" : "r1_c2",
               "type" : "evalhtml",
               "e_time" : 398.235000204295
            },
            {
               "s_time" : 405.751999933273,
               "time" : 25.389000307768,
               "type" : "evalhtml",
               "id" : "r1_c3",
               "e_time" : 431.141000241041
            }
         ],
         "download" : {
            "receiveFirst" : 47,
            "len" : 41429,
            "dns" : 0,
            "dnsEnd" : -1,
            "receiveHeadersEnd" : 49,
            "sslEnd" : -1,
            "connectEnd" : 1,
            "connectStart" : 0,
            "id" : "download_0",
            "receivedTime" : "127.547000069171",
            "sslStart" : -1,
            "dnsStart" : -1,
            "receiveLast" : 78.5470000691712,
            "s_time" : 0,
            "sendEnd" : 2,
            "sendStart" : 1,
            "type" : "text/html"
         }
      },
      {
         "when_comp_start" : -1,
         "url" : "http://modified.testbed.localhost/static-hp-cus-s-msn-com.akamaized.net/en-us/homepage/_sc/css/6670b51d-8b551b9/direction=ltr.locales=en-us.themes=start.dpi=resolution1x/bc-31f301-4e3b0a9b/71-02c155-ee5f2b10/58-337e27-536df121/df-27aa83-f94d3276/ba-8306bd-a648eab2/89-c8531a-63b61fa3/90-692796-68ddb2",
         "id" : "r2",
         "comps" : [],
         "download" : {
            "receiveFirst" : 45,
            "len" : 27817,
            "dns" : 0,
            "dnsEnd" : -1,
            "receiveHeadersEnd" : 58,
            "sslEnd" : -1,
            "connectEnd" : 13,
            "connectStart" : 0,
            "id" : "download_1",
            "receivedTime" : "282.422000076622",
            "sslStart" : -1,
            "dnsStart" : -1,
            "receiveLast" : 224.422000076622,
            "s_time" : 91.5180002339184,
            "sendEnd" : 13,
            "sendStart" : 13,
            "type" : "text/css"
         }
      },
      {
         "when_comp_start" : -1,
         "url" : "http://modified.testbed.localhost/static-hp-cus-s-msn-com.akamaized.net/_h/804ff984/webcore/externalscripts/jquery/jquery-1.11.1.min.js",
         "id" : "r3",
         "comps" : [
            {
               "s_time" : 319.401999935508,
               "time" : 77.218000311404,
               "type" : 1,
               "id" : "comp_8",
               "e_time" : 396.620000246912
            }
         ],
         "download" : {
            "receiveFirst" : 50,
            "len" : 95786,
            "dns" : 0,
            "dnsEnd" : -1,
            "receiveHeadersEnd" : 62,
            "sslEnd" : -1,
            "connectEnd" : 12,
            "connectStart" : 0,
            "id" : "download_2",
            "receivedTime" : "319.099999964237",
            "sslStart" : -1,
            "dnsStart" : -1,
            "receiveLast" : 257.099999964237,
            "s_time" : 92.3370001837611,
            "sendEnd" : 12,
            "sendStart" : 12,
            "type" : "application/javascript"
         }
      },
      {
         "when_comp_start" : -1,
         "url" : "http://modified.testbed.localhost/ads1.msads.net/library/8.4/dapmsn.js",
         "id" : "r4",
         "comps" : [
            {
               "s_time" : 396.78299985826,
               "time" : 8.96900007501301,
               "type" : 1,
               "id" : "comp_10",
               "e_time" : 405.751999933273
            }
         ],
         "download" : {
            "receiveFirst" : 56,
            "len" : 25578,
            "dns" : 0,
            "dnsEnd" : -1,
            "receiveHeadersEnd" : 67,
            "sslEnd" : -1,
            "connectEnd" : 11,
            "connectStart" : 0,
            "id" : "download_3",
            "receivedTime" : "298.429999966174",
            "sslStart" : -1,
            "dnsStart" : -1,
            "receiveLast" : 231.429999966174,
            "s_time" : 93.0050001479685,
            "sendEnd" : 11,
            "sendStart" : 11,
            "type" : "application/javascript"
         }
      },
      {
         "when_comp_start" : -1,
         "url" : "http://modified.testbed.localhost/static-hp-cus-s-msn-com.akamaized.net/sc/82/c22c7d.gif",
         "id" : "r5",
         "comps" : [],
         "download" : {
            "receiveFirst" : 49,
            "len" : 1177,
            "dns" : 0,
            "dnsEnd" : -1,
            "receiveHeadersEnd" : 72,
            "sslEnd" : -1,
            "connectEnd" : 23,
            "connectStart" : 0,
            "id" : "download_4",
            "receivedTime" : "298.700000159442",
            "sslStart" : -1,
            "dnsStart" : -1,
            "receiveLast" : 226.700000159442,
            "s_time" : 93.7390001490712,
            "sendEnd" : 23,
            "sendStart" : 23,
            "type" : "image/gif"
         }
      },
      {
         "when_comp_start" : -1,
         "url" : "http://modified.testbed.localhost/static-hp-cus-s-msn-com.akamaized.net/sc/6a/a62410.gif",
         "id" : "r6",
         "comps" : [],
         "download" : {
            "receiveFirst" : 48,
            "len" : 1258,
            "dns" : 0,
            "dnsEnd" : -1,
            "receiveHeadersEnd" : 50,
            "sslEnd" : -1,
            "connectEnd" : 2,
            "connectStart" : 0,
            "id" : "download_5",
            "receivedTime" : "501.608000136912",
            "sslStart" : -1,
            "dnsStart" : -1,
            "receiveLast" : 451.608000136912,
            "s_time" : 281.802000012249,
            "sendEnd" : 2,
            "sendStart" : 2,
            "type" : "image/gif"
         }
      },
      {
         "when_comp_start" : -1,
         "url" : "http://modified.testbed.localhost/static-hp-cus-s-msn-com.akamaized.net/sc/57/a49b8d.gif",
         "id" : "r7",
         "comps" : [],
         "download" : {
            "receiveFirst" : 43,
            "len" : 1125,
            "dns" : 0,
            "dnsEnd" : -1,
            "receiveHeadersEnd" : 56,
            "sslEnd" : -1,
            "connectEnd" : 13,
            "connectStart" : 0,
            "id" : "download_6",
            "receivedTime" : "502.104999963194",
            "sslStart" : -1,
            "dnsStart" : -1,
            "receiveLast" : 446.104999963194,
            "s_time" : 317.923000082374,
            "sendEnd" : 13,
            "sendStart" : 13,
            "type" : "image/gif"
         }
      },
      {
         "when_comp_start" : -1,
         "url" : "http://modified.testbed.localhost/img-s-msn-com.akamaized.net/tenant/amp/entityid/BB8MKSg.img%3Fm=6&o=true&u=true&n=true&w=40&h=40",
         "id" : "r8",
         "comps" : [],
         "download" : {
            "receiveFirst" : 48,
            "len" : 1538,
            "dns" : 0,
            "dnsEnd" : -1,
            "receiveHeadersEnd" : 60,
            "sslEnd" : -1,
            "connectEnd" : 12,
            "connectStart" : 0,
            "id" : "download_7",
            "receivedTime" : "502.450999803841",
            "sslStart" : -1,
            "dnsStart" : -1,
            "receiveLast" : 442.450999803841,
            "s_time" : 318.671000190079,
            "sendEnd" : 12,
            "sendStart" : 12,
            "type" : "image/png"
         }
      },
      {
         "when_comp_start" : -1,
         "url" : "http://modified.testbed.localhost/img-s-msn-com.akamaized.net/tenant/amp/entityid/BBsnWIG.img%3Fh=194&w=300&m=6&q=60&u=t&o=t&l=f&x=1274&y=665",
         "id" : "r9",
         "comps" : [],
         "download" : {
            "receiveFirst" : 50,
            "len" : 10667,
            "dns" : 0,
            "dnsEnd" : -1,
            "receiveHeadersEnd" : 62,
            "sslEnd" : -1,
            "connectEnd" : 11,
            "connectStart" : 0,
            "id" : "download_8",
            "receivedTime" : "503.450999967754",
            "sslStart" : -1,
            "dnsStart" : -1,
            "receiveLast" : 441.450999967754,
            "s_time" : 319.521000143141,
            "sendEnd" : 12,
            "sendStart" : 11,
            "type" : "image/jpeg"
         }
      },
      {
         "when_comp_start" : -1,
         "url" : "http://modified.testbed.localhost/img-s-msn-com.akamaized.net/tenant/amp/entityid/BBsnX6w.img%3Fh=194&w=300&m=6&q=60&u=t&o=t&l=f&x=1727&y=1092",
         "id" : "r10",
         "comps" : [],
         "download" : {
            "receiveFirst" : 57,
            "len" : 7457,
            "dns" : 0,
            "dnsEnd" : -1,
            "receiveHeadersEnd" : 68,
            "sslEnd" : -1,
            "connectEnd" : 11,
            "connectStart" : 0,
            "id" : "download_9",
            "receivedTime" : "503.946000244468",
            "sslStart" : -1,
            "dnsStart" : -1,
            "receiveLast" : 435.946000244468,
            "s_time" : 320.296999998391,
            "sendEnd" : 11,
            "sendStart" : 11,
            "type" : "image/jpeg"
         }
      },
      {
         "when_comp_start" : -1,
         "url" : "http://modified.testbed.localhost/img-s-msn-com.akamaized.net/tenant/amp/entityid/BBqQrEj.img%3Fh=194&w=300&m=6&q=60&u=t&o=t&l=f",
         "id" : "r11",
         "comps" : [],
         "download" : {
            "receiveFirst" : 59,
            "len" : 10780,
            "dns" : 0,
            "dnsEnd" : -1,
            "receiveHeadersEnd" : 69,
            "sslEnd" : -1,
            "connectEnd" : 10,
            "connectStart" : 0,
            "id" : "download_10",
            "receivedTime" : "504.898999817669",
            "sslStart" : -1,
            "dnsStart" : -1,
            "receiveLast" : 435.898999817669,
            "s_time" : 321.10199984163,
            "sendEnd" : 10,
            "sendStart" : 10,
            "type" : "image/jpeg"
         }
      },
      {
         "when_comp_start" : -1,
         "url" : "http://modified.testbed.localhost/img-s-msn-com.akamaized.net/tenant/amp/entityid/BBseHQT.img%3Fh=194&w=300&m=6&q=60&u=t&o=t&l=f&x=974&y=574",
         "id" : "r12",
         "comps" : [],
         "download" : {
            "receiveFirst" : 60,
            "len" : 9156,
            "dns" : 0,
            "dnsEnd" : -1,
            "receiveHeadersEnd" : 72,
            "sslEnd" : -1,
            "connectEnd" : 12,
            "connectStart" : 0,
            "id" : "download_11",
            "receivedTime" : "505.39099983871",
            "sslStart" : -1,
            "dnsStart" : -1,
            "receiveLast" : 433.39099983871,
            "s_time" : 322.019000072032,
            "sendEnd" : 12,
            "sendStart" : 12,
            "type" : "image/jpeg"
         }
      },
      {
         "when_comp_start" : -1,
         "url" : "http://modified.testbed.localhost/img-s-msn-com.akamaized.net/tenant/amp/entityid/BBhJf8E.img%3Fh=194&w=300&m=6&q=60&u=t&o=t&l=f&x=1217&y=493",
         "id" : "r13",
         "comps" : [],
         "download" : {
            "receiveFirst" : 44,
            "len" : 6408,
            "dns" : 0,
            "dnsEnd" : -1,
            "receiveHeadersEnd" : 99,
            "sslEnd" : -1,
            "connectEnd" : 55,
            "connectStart" : 0,
            "id" : "download_12",
            "receivedTime" : "505.886000115424",
            "sslStart" : -1,
            "dnsStart" : -1,
            "receiveLast" : 406.886000115424,
            "s_time" : 322.84800009802,
            "sendEnd" : 55,
            "sendStart" : 55,
            "type" : "image/jpeg"
         }
      },
      {
         "when_comp_start" : -1,
         "url" : "http://modified.testbed.localhost/img-s-msn-com.akamaized.net/tenant/amp/entityid/BBqGntQ.img%3Fh=194&w=300&m=6&q=60&u=t&o=t&l=f&x=996&y=1035",
         "id" : "r14",
         "comps" : [],
         "download" : {
            "receiveFirst" : 45,
            "len" : 11728,
            "dns" : 0,
            "dnsEnd" : -1,
            "receiveHeadersEnd" : 102,
            "sslEnd" : -1,
            "connectEnd" : 57,
            "connectStart" : 0,
            "id" : "download_13",
            "receivedTime" : "506.442000158131",
            "sslStart" : -1,
            "dnsStart" : -1,
            "receiveLast" : 404.442000158131,
            "s_time" : 323.656999971718,
            "sendEnd" : 57,
            "sendStart" : 57,
            "type" : "image/jpeg"
         }
      },
      {
         "when_comp_start" : -1,
         "url" : "http://modified.testbed.localhost/img-s-msn-com.akamaized.net/tenant/amp/entityid/BBsiHOD.img%3Fh=194&w=300&m=6&q=60&u=t&o=t&l=f&x=1010&y=793",
         "id" : "r15",
         "comps" : [],
         "download" : {
            "receiveFirst" : 45,
            "len" : 6549,
            "dns" : 0,
            "dnsEnd" : -1,
            "receiveHeadersEnd" : 107,
            "sslEnd" : -1,
            "connectEnd" : 62,
            "connectStart" : 0,
            "id" : "download_14",
            "receivedTime" : "506.940000224859",
            "sslStart" : -1,
            "dnsStart" : -1,
            "receiveLast" : 399.940000224859,
            "s_time" : 324.514000210911,
            "sendEnd" : 62,
            "sendStart" : 62,
            "type" : "image/jpeg"
         }
      },
      {
         "when_comp_start" : -1,
         "url" : "http://modified.testbed.localhost/img-s-msn-com.akamaized.net/tenant/amp/entityid/BBsnPCx.img%3Fh=194&w=300&m=6&q=60&u=t&o=t&l=f&x=468&y=397",
         "id" : "r16",
         "comps" : [],
         "download" : {
            "receiveFirst" : 44,
            "len" : 108921,
            "dns" : 0,
            "dnsEnd" : -1,
            "receiveHeadersEnd" : 102,
            "sslEnd" : -1,
            "connectEnd" : 58,
            "connectStart" : 0,
            "id" : "download_15",
            "receivedTime" : "625.33099995926",
            "sslStart" : -1,
            "dnsStart" : -1,
            "receiveLast" : 523.33099995926,
            "s_time" : 332.950000185519,
            "sendEnd" : 58,
            "sendStart" : 58,
            "type" : "image/png"
         }
      },
      {
         "when_comp_start" : -1,
         "url" : "http://modified.testbed.localhost/img-s-msn-com.akamaized.net/tenant/amp/entityid/BBrc8mJ.img%3Fh=194&w=300&m=6&q=60&u=t&o=t&l=f&x=215&y=212",
         "id" : "r17",
         "comps" : [],
         "download" : {
            "receiveFirst" : 50,
            "len" : 10474,
            "dns" : 0,
            "dnsEnd" : -1,
            "receiveHeadersEnd" : 68,
            "sslEnd" : -1,
            "connectEnd" : 18,
            "connectStart" : 0,
            "id" : "download_16",
            "receivedTime" : "530.65299987793",
            "sslStart" : -1,
            "dnsStart" : -1,
            "receiveLast" : 462.65299987793,
            "s_time" : 375.454000197351,
            "sendEnd" : 18,
            "sendStart" : 18,
            "type" : "image/jpeg"
         }
      },
      {
         "when_comp_start" : -1,
         "url" : "http://modified.testbed.localhost/img-s-msn-com.akamaized.net/tenant/amp/entityid/BBrHjIQ.img%3Fh=194&w=300&m=6&q=60&u=t&o=t&l=f&x=151&y=291",
         "id" : "r18",
         "comps" : [],
         "download" : {
            "receiveFirst" : 50,
            "len" : 9661,
            "dns" : 0,
            "dnsEnd" : -1,
            "receiveHeadersEnd" : 68,
            "sslEnd" : -1,
            "connectEnd" : 18,
            "connectStart" : 0,
            "id" : "download_17",
            "receivedTime" : "532.211999874562",
            "sslStart" : -1,
            "dnsStart" : -1,
            "receiveLast" : 464.211999874562,
            "s_time" : 380.003000143915,
            "sendEnd" : 18,
            "sendStart" : 18,
            "type" : "image/jpeg"
         }
      },
      {
         "when_comp_start" : -1,
         "url" : "http://modified.testbed.localhost/img-s-msn-com.akamaized.net/tenant/amp/entityid/BBrIjI9.img%3Fh=194&w=300&m=6&q=60&u=t&o=t&l=f&x=843&y=560",
         "id" : "r19",
         "comps" : [],
         "download" : {
            "receiveFirst" : 44,
            "len" : 44933,
            "dns" : 0,
            "dnsEnd" : -1,
            "receiveHeadersEnd" : 84,
            "sslEnd" : -1,
            "connectEnd" : 40,
            "connectStart" : 0,
            "id" : "download_18",
            "receivedTime" : "536.175000015646",
            "sslStart" : -1,
            "dnsStart" : -1,
            "receiveLast" : 452.175000015646,
            "s_time" : 384.930999949574,
            "sendEnd" : 40,
            "sendStart" : 40,
            "type" : "image/gif"
         }
      },
      {
         "when_comp_start" : -1,
         "url" : "http://modified.testbed.localhost/b.scorecardresearch.com/p%3Fc1=2&c2=3000001&rn=635974793289808095&c7=http%253A%252F%252Fwww.msn.com%252F&c8=&c9=",
         "id" : "r23",
         "comps" : [],
         "download" : {
            "receiveFirst" : 49,
            "len" : 43,
            "dns" : 0,
            "dnsEnd" : -1,
            "receiveHeadersEnd" : 55,
            "sslEnd" : -1,
            "connectEnd" : 6,
            "connectStart" : 0,
            "id" : "download_19",
            "receivedTime" : "533.251999877393",
            "sslStart" : -1,
            "dnsStart" : -1,
            "receiveLast" : 478.251999877393,
            "s_time" : 425.158999860287,
            "sendEnd" : 6,
            "sendStart" : 6,
            "type" : "image/gif"
         }
      },
      {
         "when_comp_start" : -1,
         "url" : "http://modified.testbed.localhost/img-s-msn-com.akamaized.net/tenant/amp/entityid/BBsnCmy.img%3Fh=194&w=300&m=6&q=60&u=t&o=t&l=f&x=686&y=425",
         "id" : "r20",
         "comps" : [],
         "download" : {
            "receiveFirst" : 47,
            "len" : 10039,
            "dns" : 0,
            "dnsEnd" : -1,
            "receiveHeadersEnd" : 90,
            "sslEnd" : -1,
            "connectEnd" : 43,
            "connectStart" : 0,
            "id" : "download_20",
            "receivedTime" : "533.879000227898",
            "sslStart" : -1,
            "dnsStart" : -1,
            "receiveLast" : 443.879000227898,
            "s_time" : 389.723000116646,
            "sendEnd" : 43,
            "sendStart" : 43,
            "type" : "image/jpeg"
         }
      },
      {
         "when_comp_start" : -1,
         "url" : "http://modified.testbed.localhost/img-s-msn-com.akamaized.net/tenant/amp/entityid/BBs4VZ3.img%3Fh=194&w=300&m=6&q=60&u=t&o=t&l=f",
         "id" : "r21",
         "comps" : [],
         "download" : {
            "receiveFirst" : 45,
            "len" : 8303,
            "dns" : 0,
            "dnsEnd" : -1,
            "receiveHeadersEnd" : 100,
            "sslEnd" : -1,
            "connectEnd" : 55,
            "connectStart" : 0,
            "id" : "download_21",
            "receivedTime" : "534.812000114471",
            "sslStart" : -1,
            "dnsStart" : -1,
            "receiveLast" : 434.812000114471,
            "s_time" : 392.878000158817,
            "sendEnd" : 55,
            "sendStart" : 55,
            "type" : "image/jpeg"
         }
      },
      {
         "when_comp_start" : -1,
         "url" : "http://modified.testbed.localhost/c.msn.com/c.gif%3Fudc=true&rid=2c514c60f8dc42db9efa56d66dfcdba5&rnd=635974793289808095&rf=&tp=http%253A%252F%252Fwww.msn.com%252F&di=340&lng=en-us&cv.product=prime&pn=startpage&activityId=2c514c60f8dc42db9efa56d66dfcdba5&d.dgk=downlevel.pc&d.imd=0",
         "id" : "r22",
         "comps" : [],
         "download" : {
            "receiveFirst" : 43,
            "len" : 42,
            "dns" : 0,
            "dnsEnd" : -1,
            "receiveHeadersEnd" : 100,
            "sslEnd" : -1,
            "connectEnd" : 55,
            "connectStart" : 0,
            "id" : "download_22",
            "receivedTime" : "535.240999888629",
            "sslStart" : -1,
            "dnsStart" : -1,
            "receiveLast" : 435.240999888629,
            "s_time" : 398.235000204295,
            "sendEnd" : 57,
            "sendStart" : 55,
            "type" : "image/gif"
         }
      },
      {
         "when_comp_start" : -1,
         "url" : "http://otf.msn.com/c.gif?js=0&evt=impr&di=340&pi=&ps=&su=http%253A%252F%252Fwww.msn.com%252F&pageid=startpage&mkt=en-us&pn=startpage&mv=15&pp=False&cv.product=prime&cv.partner=&cv.publcat=&st.dpt=&st.sdpt=&dv.Title1=&cts=635974793289808095&rf=&rid=2c514c60f8dc42db9efa56d66dfcdba5&cvs=Browser&subcvs=",
         "id" : "r24",
         "comps" : [],
         "download" : {
            "receiveFirst" : 993,
            "len" : 42,
            "dns" : 0,
            "dnsEnd" : -1,
            "receiveHeadersEnd" : 994,
            "sslEnd" : -1,
            "connectEnd" : 1,
            "connectStart" : 0,
            "id" : "download_23",
            "receivedTime" : "1426.22100003064",
            "sslStart" : -1,
            "dnsStart" : -1,
            "receiveLast" : 432.221000030637,
            "s_time" : 431.141000241041,
            "sendEnd" : 1,
            "sendStart" : 1,
            "type" : "image/gif"
         }
      }
   ],
   "deps" : [
      {
         "a2" : "r1_c2",
         "time" : -1,
         "id" : "dep1",
         "a1" : "comp_8"
      },
      {
         "a2" : "r1_c3",
         "time" : -1,
         "id" : "dep2",
         "a1" : "comp_10"
      },
      {
         "a2" : "comp_10",
         "time" : -1,
         "id" : "dep3",
         "a1" : "comp_8"
      },
      {
         "a2" : "download_23",
         "time" : -1,
         "id" : "dep4",
         "a1" : "r1_c3"
      },
      {
         "a2" : "download_22",
         "time" : -1,
         "id" : "dep5",
         "a1" : "r1_c2"
      },
      {
         "a2" : "download_21",
         "time" : -1,
         "id" : "dep6",
         "a1" : "r1_c1"
      },
      {
         "a2" : "download_20",
         "time" : 300.133999902755,
         "id" : "dep7",
         "a1" : "r1_c1"
      },
      {
         "a2" : "download_19",
         "time" : 19.406999927014,
         "id" : "dep8",
         "a1" : "r1_c3"
      },
      {
         "a2" : "download_18",
         "time" : 295.341999735683,
         "id" : "dep9",
         "a1" : "r1_c1"
      },
      {
         "a2" : "download_17",
         "time" : 290.413999930024,
         "id" : "dep10",
         "a1" : "r1_c1"
      },
      {
         "a2" : "download_16",
         "time" : 285.86499998346,
         "id" : "dep11",
         "a1" : "r1_c1"
      },
      {
         "a2" : "download_15",
         "time" : 243.360999971628,
         "id" : "dep12",
         "a1" : "r1_c1"
      },
      {
         "a2" : "download_14",
         "time" : 234.92499999702,
         "id" : "dep13",
         "a1" : "r1_c1"
      },
      {
         "a2" : "download_13",
         "time" : 234.067999757827,
         "id" : "dep14",
         "a1" : "r1_c1"
      },
      {
         "a2" : "download_12",
         "time" : 233.258999884129,
         "id" : "dep15",
         "a1" : "r1_c1"
      },
      {
         "a2" : "download_11",
         "time" : 232.429999858141,
         "id" : "dep16",
         "a1" : "r1_c1"
      },
      {
         "a2" : "download_10",
         "time" : 231.512999627739,
         "id" : "dep17",
         "a1" : "r1_c1"
      },
      {
         "a2" : "download_9",
         "time" : 230.7079997845,
         "id" : "dep18",
         "a1" : "r1_c1"
      },
      {
         "a2" : "download_8",
         "time" : 229.93199992925,
         "id" : "dep19",
         "a1" : "r1_c1"
      },
      {
         "a2" : "download_7",
         "time" : 229.081999976188,
         "id" : "dep20",
         "a1" : "r1_c1"
      },
      {
         "a2" : "download_6",
         "time" : 228.333999868483,
         "id" : "dep21",
         "a1" : "r1_c1"
      },
      {
         "a2" : "download_5",
         "time" : 192.212999798358,
         "id" : "dep22",
         "a1" : "r1_c1"
      },
      {
         "a2" : "download_4",
         "time" : 4.14999993517991,
         "id" : "dep23",
         "a1" : "r1_c1"
      },
      {
         "a2" : "download_3",
         "time" : 3.41599993407721,
         "id" : "dep24",
         "a1" : "r1_c1"
      },
      {
         "a2" : "download_2",
         "time" : 2.74799996986981,
         "id" : "dep25",
         "a1" : "r1_c1"
      },
      {
         "a2" : "download_1",
         "time" : 1.9290000200271,
         "id" : "dep26",
         "a1" : "r1_c1"
      }
   ]
}
