{
   "n_download_no_trigger" : 1,
   "start_activity" : "download_0",
   "name" : "modified.testbed.localhost_www.microsoft.com_",
   "load_activity" : -1,
   "objs" : [
      {
         "when_comp_start" : 1,
         "url" : "http://modified.testbed.localhost/www.microsoft.com/",
         "id" : "r1",
         "comps" : [
            {
               "s_time" : 43.5819999547675,
               "time" : 4.88400005269801,
               "id" : "r1_c1",
               "type" : "evalhtml",
               "e_time" : 48.4660000074655
            },
            {
               "s_time" : 145.405999966897,
               "time" : -958350912.761,
               "id" : "r1_c2",
               "type" : "evalhtml",
               "e_time" : -958350767.355
            },
            {
               "s_time" : 181.509000016376,
               "time" : -958350948.864,
               "id" : "r1_c3",
               "type" : "evalhtml",
               "e_time" : -958350767.355
            },
            {
               "s_time" : 198.589000036009,
               "time" : -958350965.944,
               "id" : "r1_c4",
               "type" : "evalhtml",
               "e_time" : -958350767.355
            },
            {
               "s_time" : 210.652999929152,
               "time" : -958350978.008,
               "id" : "r1_c5",
               "type" : "evalhtml",
               "e_time" : -958350767.355
            },
            {
               "s_time" : 226.512999972329,
               "time" : -958350993.868,
               "id" : "r1_c6",
               "type" : "evalhtml",
               "e_time" : -958350767.355
            },
            {
               "s_time" : 230.012999963947,
               "time" : 190.136000048369,
               "type" : "evalhtml",
               "id" : "r1_c7",
               "e_time" : 420.149000012316
            }
         ],
         "download" : {
            "receiveFirst" : 4,
            "len" : 82571,
            "dns" : 0,
            "dnsEnd" : -1,
            "receiveHeadersEnd" : 4,
            "sslEnd" : -1,
            "connectEnd" : 0,
            "connectStart" : 0,
            "id" : "download_0",
            "receivedTime" : "42.9930000100285",
            "sslStart" : -1,
            "dnsStart" : -1,
            "receiveLast" : 38.9930000100285,
            "s_time" : 0,
            "sendEnd" : 0,
            "sendStart" : 0,
            "type" : "text/html"
         }
      },
      {
         "when_comp_start" : -1,
         "url" : "http://modified.testbed.localhost/ajax.aspnetcdn.com/ajax/jQuery/jquery-1.7.2.min.js",
         "id" : "r2",
         "comps" : [
            {
               "s_time" : 71.7469999799505,
               "time" : 73.6589999869465,
               "type" : 1,
               "id" : "comp_2",
               "e_time" : 145.405999966897
            }
         ],
         "download" : {
            "receiveFirst" : 8,
            "len" : 94840,
            "dns" : 0,
            "dnsEnd" : -1,
            "receiveHeadersEnd" : 14,
            "sslEnd" : -1,
            "connectEnd" : 6,
            "connectStart" : 0,
            "id" : "download_1",
            "receivedTime" : "71.4010000228882",
            "sslStart" : -1,
            "dnsStart" : -1,
            "receiveLast" : 57.4010000228882,
            "s_time" : 44.6780000347644,
            "sendEnd" : 6,
            "sendStart" : 6,
            "type" : "application/javascript"
         }
      },
      {
         "when_comp_start" : -1,
         "url" : "http://modified.testbed.localhost/c.webtrends.com/acs/account/ep4ka8v0wg/js/wt.js",
         "id" : "r3",
         "comps" : [
            {
               "s_time" : 148.626000038348,
               "time" : 32.882999978028,
               "type" : 1,
               "id" : "comp_5",
               "e_time" : 181.509000016376
            }
         ],
         "download" : {
            "receiveFirst" : 8,
            "len" : 40623,
            "dns" : 0,
            "dnsEnd" : -1,
            "receiveHeadersEnd" : 15,
            "sslEnd" : -1,
            "connectEnd" : 7,
            "connectStart" : 0,
            "id" : "download_2",
            "receivedTime" : "67.3689999384806",
            "sslStart" : -1,
            "dnsStart" : -1,
            "receiveLast" : 52.3689999384806,
            "s_time" : 45.1040000189096,
            "sendEnd" : 7,
            "sendStart" : 7,
            "type" : "application/javascript"
         }
      },
      {
         "when_comp_start" : -1,
         "url" : "http://modified.testbed.localhost/assets.onestore.ms/cdnfiles/onestorerolling-1604-22001/shell/v3/scss/shell.min.css",
         "id" : "r4",
         "comps" : [
            {
               "s_time" : 184.754999936558,
               "time" : 26.05800004676,
               "type" : 4,
               "id" : "comp_9",
               "e_time" : 210.812999983318
            }
         ],
         "download" : {
            "receiveFirst" : 9,
            "len" : 95242,
            "dns" : 0,
            "dnsEnd" : -1,
            "receiveHeadersEnd" : 16,
            "sslEnd" : -1,
            "connectEnd" : 6,
            "connectStart" : 0,
            "id" : "download_3",
            "receivedTime" : "184.556999942288",
            "sslStart" : -1,
            "dnsStart" : -1,
            "receiveLast" : 168.556999942288,
            "s_time" : 45.5000000074506,
            "sendEnd" : 7,
            "sendStart" : 6,
            "type" : "text/css"
         }
      },
      {
         "when_comp_start" : 1,
         "url" : "http://modified.testbed.localhost/assets.onestore.ms/cdnfiles/onestorerolling-1604-22001/shell/common/respond-proxy.html",
         "id" : "r5",
         "comps" : [
            {
               "s_time" : 67.0699999900535,
               "time" : 0.010999967344091,
               "type" : 4,
               "id" : "comp_1",
               "e_time" : 67.0809999573976
            }
         ],
         "download" : {
            "receiveFirst" : 10,
            "len" : 3319,
            "dns" : 0,
            "dnsEnd" : -1,
            "receiveHeadersEnd" : 16,
            "sslEnd" : -1,
            "connectEnd" : 6,
            "connectStart" : 0,
            "id" : "download_4",
            "receivedTime" : "66.6269999928772",
            "sslStart" : -1,
            "dnsStart" : -1,
            "receiveLast" : 50.6269999928772,
            "s_time" : 45.9259999915957,
            "sendEnd" : 6,
            "sendStart" : 6,
            "type" : "text/html"
         }
      },
      {
         "when_comp_start" : -1,
         "url" : "http://modified.testbed.localhost/assets.onestore.ms/cdnfiles/onestorerolling-1604-22001/shell/common/js/shell_ie8.js",
         "id" : "r7",
         "comps" : [
            {
               "s_time" : 198.335999972187,
               "time" : 0.253000063821986,
               "type" : 1,
               "id" : "comp_10",
               "e_time" : 198.589000036009
            }
         ],
         "download" : {
            "receiveFirst" : 12,
            "len" : 42,
            "dns" : 0,
            "dnsEnd" : -1,
            "receiveHeadersEnd" : 18,
            "sslEnd" : -1,
            "connectEnd" : 6,
            "connectStart" : 0,
            "id" : "download_5",
            "receivedTime" : "68.8069999450818",
            "sslStart" : -1,
            "dnsStart" : -1,
            "receiveLast" : 50.8069999450818,
            "s_time" : 46.6079999459907,
            "sendEnd" : 6,
            "sendStart" : 6,
            "type" : "application/javascript"
         }
      },
      {
         "when_comp_start" : -1,
         "url" : "http://modified.testbed.localhost/mem.gfx.ms/meversion%3Fpartner=mshomepage&market=en-US",
         "id" : "r8",
         "comps" : [
            {
               "s_time" : 198.714999947697,
               "time" : 11.937999981455,
               "type" : 1,
               "id" : "comp_12",
               "e_time" : 210.652999929152
            }
         ],
         "download" : {
            "receiveFirst" : 11,
            "len" : 4353,
            "dns" : 0,
            "dnsEnd" : -1,
            "receiveHeadersEnd" : 17,
            "sslEnd" : -1,
            "connectEnd" : 6,
            "connectStart" : 0,
            "id" : "download_6",
            "receivedTime" : "70.3039999352768",
            "sslStart" : -1,
            "dnsStart" : -1,
            "receiveLast" : 53.3039999352768,
            "s_time" : 46.9060000032187,
            "sendEnd" : 6,
            "sendStart" : 6,
            "type" : "text/plain"
         }
      },
      {
         "when_comp_start" : -1,
         "url" : "http://modified.testbed.localhost/assets.onestore.ms/cdnfiles/onestorerolling-1604-22001/shell/generated/shellservice.v3.min.js",
         "id" : "r9",
         "comps" : [
            {
               "s_time" : 212.589000002481,
               "time" : 13.923999969848,
               "type" : 1,
               "id" : "comp_14",
               "e_time" : 226.512999972329
            }
         ],
         "download" : {
            "receiveFirst" : 5,
            "len" : 45423,
            "dns" : 0,
            "dnsEnd" : -1,
            "receiveHeadersEnd" : 27,
            "sslEnd" : -1,
            "connectEnd" : 22,
            "connectStart" : 0,
            "id" : "download_7",
            "receivedTime" : "212.480999995023",
            "sslStart" : -1,
            "dnsStart" : -1,
            "receiveLast" : 185.480999995023,
            "s_time" : 47.2199999494478,
            "sendEnd" : 22,
            "sendStart" : 22,
            "type" : "application/javascript"
         }
      },
      {
         "when_comp_start" : -1,
         "url" : "http://modified.testbed.localhost/www.microsoft.com/uniblends/scripts/blender.js",
         "id" : "r10",
         "comps" : [
            {
               "s_time" : 226.641000015661,
               "time" : 3.371999948286,
               "type" : 1,
               "id" : "comp_16",
               "e_time" : 230.012999963947
            }
         ],
         "download" : {
            "receiveFirst" : 6,
            "len" : 32223,
            "dns" : 0,
            "dnsEnd" : -1,
            "receiveHeadersEnd" : 28,
            "sslEnd" : -1,
            "connectEnd" : 22,
            "connectStart" : 0,
            "id" : "download_8",
            "receivedTime" : "211.557999951765",
            "sslStart" : -1,
            "dnsStart" : -1,
            "receiveLast" : 183.557999951765,
            "s_time" : 47.5899999728426,
            "sendEnd" : 22,
            "sendStart" : 22,
            "type" : "application/javascript"
         }
      },
      {
         "when_comp_start" : -1,
         "url" : "http://modified.testbed.localhost/assets.onestore.ms/cdnfiles/onestorerolling-1604-22001/shell/v3/images/logo/microsoft.png",
         "id" : "r12",
         "comps" : [],
         "download" : {
            "receiveFirst" : 7,
            "len" : 977,
            "dns" : 0,
            "dnsEnd" : -1,
            "receiveHeadersEnd" : 29,
            "sslEnd" : -1,
            "connectEnd" : 21,
            "connectStart" : 0,
            "id" : "download_9",
            "receivedTime" : "212.034999975003",
            "sslStart" : -1,
            "dnsStart" : -1,
            "receiveLast" : 183.034999975003,
            "s_time" : 48.4660000074655,
            "sendEnd" : 22,
            "sendStart" : 21,
            "type" : "image/png"
         }
      },
      {
         "when_comp_start" : -1,
         "url" : "http://modified.testbed.localhost/c.s-microsoft.com/en-us/CMSImages/Ofc2016_LaunchFlags_1115_368x207_EN_US.jpg%3Fversion=e9d88df1-0cb5-dbfe-abdc-5581eaa95208",
         "id" : "r29",
         "comps" : [],
         "download" : {
            "receiveFirst" : 10,
            "len" : 17754,
            "dns" : 0,
            "dnsEnd" : -1,
            "receiveHeadersEnd" : 17,
            "sslEnd" : -1,
            "connectEnd" : 6,
            "connectStart" : 0,
            "id" : "download_10",
            "receivedTime" : "388.590999995358",
            "sslStart" : -1,
            "dnsStart" : -1,
            "receiveLast" : 371.590999995358,
            "s_time" : 290.458000032231,
            "sendEnd" : 7,
            "sendStart" : 6,
            "type" : "image/jpeg"
         }
      },
      {
         "when_comp_start" : -1,
         "url" : "http://modified.testbed.localhost/c.s-microsoft.com/en-us/CMSImages/Win10_GA_1002_368x207_EN_US.jpg%3Fversion=36c8a2eb-1406-ebb4-d5cd-aebdcc8073f2",
         "id" : "r31",
         "comps" : [],
         "download" : {
            "receiveFirst" : 11,
            "len" : 52048,
            "dns" : 0,
            "dnsEnd" : -1,
            "receiveHeadersEnd" : 17,
            "sslEnd" : -1,
            "connectEnd" : 6,
            "connectStart" : 0,
            "id" : "download_11",
            "receivedTime" : "464.544999995269",
            "sslStart" : -1,
            "dnsStart" : -1,
            "receiveLast" : 447.544999995269,
            "s_time" : 291.442999965511,
            "sendEnd" : 6,
            "sendStart" : 6,
            "type" : "image/jpeg"
         }
      },
      {
         "when_comp_start" : -1,
         "url" : "http://modified.testbed.localhost/c.s-microsoft.com/en-us/CMSImages/AG23703_XboxStorePromo_368x207.jpg%3Fversion=491d4300-ad0a-07d3-2a7b-4d0477b966d0",
         "id" : "r30",
         "comps" : [],
         "download" : {
            "receiveFirst" : 11,
            "len" : 36886,
            "dns" : 0,
            "dnsEnd" : -1,
            "receiveHeadersEnd" : 18,
            "sslEnd" : -1,
            "connectEnd" : 6,
            "connectStart" : 0,
            "id" : "download_12",
            "receivedTime" : "464.904999942519",
            "sslStart" : -1,
            "dnsStart" : -1,
            "receiveLast" : 446.904999942519,
            "s_time" : 290.993000031449,
            "sendEnd" : 7,
            "sendStart" : 6,
            "type" : "image/jpeg"
         }
      },
      {
         "when_comp_start" : -1,
         "url" : "http://modified.testbed.localhost/c.s-microsoft.com/en-us/CMSImages/AG23752_DoyinRichards_368x207.jpg%3Fversion=7a5ed0f2-d88c-53b6-2b6f-0328014eef8e",
         "id" : "r32",
         "comps" : [],
         "download" : {
            "receiveFirst" : 15,
            "len" : 64678,
            "dns" : 0,
            "dnsEnd" : -1,
            "receiveHeadersEnd" : 21,
            "sslEnd" : -1,
            "connectEnd" : 6,
            "connectStart" : 0,
            "id" : "download_13",
            "receivedTime" : "466.104999999516",
            "sslStart" : -1,
            "dnsStart" : -1,
            "receiveLast" : 445.104999999516,
            "s_time" : 291.96599998977,
            "sendEnd" : 6,
            "sendStart" : 6,
            "type" : "image/jpeg"
         }
      },
      {
         "when_comp_start" : -1,
         "url" : "http://modified.testbed.localhost/c.s-microsoft.com/en-us/CMSImages/Ofc365_Enterprise_1201_368x207_EN_US.jpg%3Fversion=457114ee-f7f9-7b0e-736e-8aa9197fc200",
         "id" : "r34",
         "comps" : [],
         "download" : {
            "receiveFirst" : 19,
            "len" : 23257,
            "dns" : 0,
            "dnsEnd" : -1,
            "receiveHeadersEnd" : 24,
            "sslEnd" : -1,
            "connectEnd" : 5,
            "connectStart" : 0,
            "id" : "download_14",
            "receivedTime" : "466.375999967568",
            "sslStart" : -1,
            "dnsStart" : -1,
            "receiveLast" : 442.375999967568,
            "s_time" : 293.243999942206,
            "sendEnd" : 5,
            "sendStart" : 5,
            "type" : "image/jpeg"
         }
      },
      {
         "when_comp_start" : -1,
         "url" : "http://modified.testbed.localhost/c.s-microsoft.com/en-us/CMSImages/Win10_DevTools_1002_368x207_EN_US.png%3Fversion=8085caa9-ba15-a632-38a2-9eb121883f7f",
         "id" : "r33",
         "comps" : [],
         "download" : {
            "receiveFirst" : 22,
            "len" : 27411,
            "dns" : 0,
            "dnsEnd" : -1,
            "receiveHeadersEnd" : 27,
            "sslEnd" : -1,
            "connectEnd" : 5,
            "connectStart" : 0,
            "id" : "download_15",
            "receivedTime" : "466.626000008546",
            "sslStart" : -1,
            "dnsStart" : -1,
            "receiveLast" : 439.626000008546,
            "s_time" : 292.98100003507,
            "sendEnd" : 5,
            "sendStart" : 5,
            "type" : "image/png"
         }
      },
      {
         "when_comp_start" : -1,
         "url" : "http://modified.testbed.localhost/c.s-microsoft.com/en-us/CMSImages/DYN_CRM_0101_368x207_EN_US.jpg%3Fversion=486b949f-aec7-ff29-fb95-5f0d40214555",
         "id" : "r35",
         "comps" : [],
         "download" : {
            "receiveFirst" : 7,
            "len" : 17285,
            "dns" : 0,
            "dnsEnd" : -1,
            "receiveHeadersEnd" : 33,
            "sslEnd" : -1,
            "connectEnd" : 26,
            "connectStart" : 0,
            "id" : "download_16",
            "receivedTime" : "467.30999997817",
            "sslStart" : -1,
            "dnsStart" : -1,
            "receiveLast" : 434.30999997817,
            "s_time" : 293.684000032954,
            "sendEnd" : 26,
            "sendStart" : 26,
            "type" : "image/jpeg"
         }
      },
      {
         "when_comp_start" : -1,
         "url" : "http://modified.testbed.localhost/c.s-microsoft.com/en-us/CMSImages/CE_SQLServer2016_368x207.jpg%3Fversion=ed2918c1-bfd7-fa61-a93f-806549675ee8",
         "id" : "r36",
         "comps" : [],
         "download" : {
            "receiveFirst" : 6,
            "len" : 73044,
            "dns" : 0,
            "dnsEnd" : -1,
            "receiveHeadersEnd" : 34,
            "sslEnd" : -1,
            "connectEnd" : 28,
            "connectStart" : 0,
            "id" : "download_17",
            "receivedTime" : "469.404999981634",
            "sslStart" : -1,
            "dnsStart" : -1,
            "receiveLast" : 435.404999981634,
            "s_time" : 294.056999962777,
            "sendEnd" : 28,
            "sendStart" : 28,
            "type" : "image/jpeg"
         }
      },
      {
         "when_comp_start" : -1,
         "url" : "http://modified.testbed.localhost/c.s-microsoft.com/en-us/CMSImages/HPFeb15_social_Facebook.png%3Fversion=7f2bd528-7148-5a76-d124-92ede5ee71c5",
         "id" : "r37",
         "comps" : [],
         "download" : {
            "receiveFirst" : 7,
            "len" : 165,
            "dns" : 0,
            "dnsEnd" : -1,
            "receiveHeadersEnd" : 34,
            "sslEnd" : -1,
            "connectEnd" : 27,
            "connectStart" : 0,
            "id" : "download_18",
            "receivedTime" : "468.013999983668",
            "sslStart" : -1,
            "dnsStart" : -1,
            "receiveLast" : 434.013999983668,
            "s_time" : 295.891999965534,
            "sendEnd" : 27,
            "sendStart" : 27,
            "type" : "image/png"
         }
      },
      {
         "when_comp_start" : -1,
         "url" : "http://modified.testbed.localhost/assets.onestore.ms/cdnfiles/onestorerolling-1510-27008/shell/v2_5/images/logo/microsoft.png",
         "id" : "r39",
         "comps" : [],
         "download" : {
            "receiveFirst" : 7,
            "len" : 16628,
            "dns" : 0,
            "dnsEnd" : -1,
            "receiveHeadersEnd" : 18,
            "sslEnd" : -1,
            "connectEnd" : 10,
            "connectStart" : 0,
            "id" : "download_19",
            "receivedTime" : "469.646999961697",
            "sslStart" : -1,
            "dnsStart" : -1,
            "receiveLast" : 451.646999961697,
            "s_time" : 314.680999959819,
            "sendEnd" : 11,
            "sendStart" : 10,
            "type" : "image/png"
         }
      },
      {
         "when_comp_start" : -1,
         "url" : "http://modified.testbed.localhost/c.s-microsoft.com/en-us/CMSImages/HPFeb15_social_Twitter.png%3Fversion=6eb346b9-c834-c911-b448-1f01aa7d0201",
         "id" : "r38",
         "comps" : [],
         "download" : {
            "receiveFirst" : 7,
            "len" : 252,
            "dns" : 0,
            "dnsEnd" : -1,
            "receiveHeadersEnd" : 36,
            "sslEnd" : -1,
            "connectEnd" : 28,
            "connectStart" : 0,
            "id" : "download_20",
            "receivedTime" : "469.013000023551",
            "sslStart" : -1,
            "dnsStart" : -1,
            "receiveLast" : 433.013000023551,
            "s_time" : 296.276999986731,
            "sendEnd" : 29,
            "sendStart" : 28,
            "type" : "image/png"
         }
      },
      {
         "when_comp_start" : -1,
         "url" : "http://modified.testbed.localhost/c.s-microsoft.com/static/fonts/segoe-ui/west-european/normal/latest.woff",
         "id" : "r16",
         "comps" : [],
         "download" : {
            "receiveFirst" : 5,
            "len" : 41280,
            "dns" : 0,
            "dnsEnd" : -1,
            "receiveHeadersEnd" : 6,
            "sslEnd" : -1,
            "connectEnd" : 1,
            "connectStart" : 0,
            "id" : "download_21",
            "receivedTime" : "487.306999973953",
            "sslStart" : -1,
            "dnsStart" : -1,
            "receiveLast" : 481.306999973953,
            "s_time" : 369.758000015281,
            "sendEnd" : 1,
            "sendStart" : 1,
            "type" : "application/octet-stream"
         }
      },
      {
         "when_comp_start" : -1,
         "url" : "http://modified.testbed.localhost/assets.onestore.ms/cdnfiles/onestorerolling-1604-22001/shell/v3/fonts/shell-icons-0.4.0.woff",
         "id" : "r25",
         "comps" : [],
         "download" : {
            "receiveFirst" : 7,
            "len" : 2780,
            "dns" : 0,
            "dnsEnd" : -1,
            "receiveHeadersEnd" : 8,
            "sslEnd" : -1,
            "connectEnd" : 1,
            "connectStart" : 0,
            "id" : "download_22",
            "receivedTime" : "490.095000015572",
            "sslStart" : -1,
            "dnsStart" : -1,
            "receiveLast" : 482.095000015572,
            "s_time" : 370.226999977604,
            "sendEnd" : 1,
            "sendStart" : 1,
            "type" : "application/octet-stream"
         }
      }
   ],
   "deps" : [
      {
         "a2" : "r1_c2",
         "time" : -1,
         "id" : "dep1",
         "a1" : "comp_2"
      },
      {
         "a2" : "r1_c3",
         "time" : -1,
         "id" : "dep2",
         "a1" : "comp_5"
      },
      {
         "a2" : "r1_c4",
         "time" : -1,
         "id" : "dep3",
         "a1" : "comp_10"
      },
      {
         "a2" : "r1_c5",
         "time" : -1,
         "id" : "dep4",
         "a1" : "comp_12"
      },
      {
         "a2" : "r1_c6",
         "time" : -1,
         "id" : "dep5",
         "a1" : "comp_14"
      },
      {
         "a2" : "r1_c7",
         "time" : -1,
         "id" : "dep6",
         "a1" : "comp_16"
      },
      {
         "a2" : "comp_10",
         "time" : -1,
         "id" : "dep7",
         "a1" : "comp_5"
      },
      {
         "a2" : "comp_10",
         "time" : -1,
         "id" : "dep8",
         "a1" : "comp_9"
      },
      {
         "a2" : "comp_10",
         "time" : -1,
         "id" : "dep9",
         "a1" : "comp_1"
      },
      {
         "a2" : "comp_12",
         "time" : -1,
         "id" : "dep10",
         "a1" : "comp_10"
      },
      {
         "a2" : "comp_14",
         "time" : -1,
         "id" : "dep11",
         "a1" : "comp_12"
      },
      {
         "a2" : "comp_16",
         "time" : -1,
         "id" : "dep12",
         "a1" : "comp_14"
      },
      {
         "a2" : "download_22",
         "time" : 140.214000013657,
         "id" : "dep13",
         "a1" : "r1_c7"
      },
      {
         "a2" : "download_21",
         "time" : 139.745000051334,
         "id" : "dep14",
         "a1" : "r1_c7"
      },
      {
         "a2" : "download_20",
         "time" : 66.264000022784,
         "id" : "dep15",
         "a1" : "r1_c7"
      },
      {
         "a2" : "download_19",
         "time" : 84.667999995872,
         "id" : "dep16",
         "a1" : "r1_c7"
      },
      {
         "a2" : "download_18",
         "time" : 65.879000001587,
         "id" : "dep17",
         "a1" : "r1_c7"
      },
      {
         "a2" : "download_17",
         "time" : 64.04399999883,
         "id" : "dep18",
         "a1" : "r1_c7"
      },
      {
         "a2" : "download_16",
         "time" : 63.671000069007,
         "id" : "dep19",
         "a1" : "r1_c7"
      },
      {
         "a2" : "download_15",
         "time" : 62.968000071123,
         "id" : "dep20",
         "a1" : "r1_c7"
      },
      {
         "a2" : "download_14",
         "time" : 63.230999978259,
         "id" : "dep21",
         "a1" : "r1_c7"
      },
      {
         "a2" : "download_13",
         "time" : 61.953000025823,
         "id" : "dep22",
         "a1" : "r1_c7"
      },
      {
         "a2" : "download_12",
         "time" : 60.980000067502,
         "id" : "dep23",
         "a1" : "r1_c7"
      },
      {
         "a2" : "download_11",
         "time" : 61.430000001564,
         "id" : "dep24",
         "a1" : "r1_c7"
      },
      {
         "a2" : "download_10",
         "time" : 60.445000068284,
         "id" : "dep25",
         "a1" : "r1_c7"
      },
      {
         "a2" : "download_9",
         "time" : -1,
         "id" : "dep26",
         "a1" : "r1_c1"
      },
      {
         "a2" : "download_8",
         "time" : 4.0080000180751,
         "id" : "dep27",
         "a1" : "r1_c1"
      },
      {
         "a2" : "download_7",
         "time" : 3.63799999468031,
         "id" : "dep28",
         "a1" : "r1_c1"
      },
      {
         "a2" : "download_6",
         "time" : 3.3240000484512,
         "id" : "dep29",
         "a1" : "r1_c1"
      },
      {
         "a2" : "download_5",
         "time" : 3.0259999912232,
         "id" : "dep30",
         "a1" : "r1_c1"
      },
      {
         "a2" : "download_4",
         "time" : 2.34400003682821,
         "id" : "dep31",
         "a1" : "r1_c1"
      },
      {
         "a2" : "download_4",
         "time" : 2.34400003682821,
         "id" : "dep32",
         "a1" : "r1_c1"
      },
      {
         "a2" : "download_3",
         "time" : 1.91800005268311,
         "id" : "dep33",
         "a1" : "r1_c1"
      },
      {
         "a2" : "download_3",
         "time" : 1.91800005268311,
         "id" : "dep34",
         "a1" : "r1_c1"
      },
      {
         "a2" : "download_2",
         "time" : 1.52200006414211,
         "id" : "dep35",
         "a1" : "r1_c1"
      },
      {
         "a2" : "download_2",
         "time" : 1.52200006414211,
         "id" : "dep36",
         "a1" : "r1_c1"
      },
      {
         "a2" : "download_1",
         "time" : 1.09600007999691,
         "id" : "dep37",
         "a1" : "r1_c1"
      }
   ]
}
