{
   "n_download_no_trigger" : 1,
   "start_activity" : "download_0",
   "name" : "modified.testbed.localhost_www.buzzfeed.com_",
   "load_activity" : -1,
   "objs" : [
      {
         "when_comp_start" : 1,
         "url" : "http://modified.testbed.localhost/www.buzzfeed.com/",
         "id" : "r1",
         "comps" : [
            {
               "s_time" : 59.7230000421405,
               "time" : 39.7949999896809,
               "id" : "r1_c1",
               "type" : "evalhtml",
               "e_time" : 99.5180000318214
            },
            {
               "s_time" : 176.714000059292,
               "time" : -630999448.707,
               "id" : "r1_c2",
               "type" : "evalhtml",
               "e_time" : -630999271.993
            },
            {
               "s_time" : 177.232000045478,
               "time" : -630999449.225,
               "id" : "r1_c3",
               "type" : "evalhtml",
               "e_time" : -630999271.993
            },
            {
               "s_time" : 177.650000085123,
               "time" : -630999449.643,
               "id" : "r1_c4",
               "type" : "evalhtml",
               "e_time" : -630999271.993
            },
            {
               "s_time" : 185.203000088222,
               "time" : 146.230999962427,
               "id" : "r1_c5",
               "type" : "evalhtml",
               "e_time" : 331.434000050649
            },
            {
               "s_time" : 574.664000072517,
               "time" : -630999846.657,
               "id" : "r1_c6",
               "type" : "evalhtml",
               "e_time" : -630999271.993
            },
            {
               "s_time" : 722.692000097595,
               "time" : 753.802999970505,
               "id" : "r1_c7",
               "type" : "evalhtml",
               "e_time" : 1476.4950000681
            },
            {
               "s_time" : 1713.74800009653,
               "time" : 691.60199991893,
               "type" : "evalhtml",
               "id" : "r1_c8",
               "e_time" : 2405.35000001546
            }
         ],
         "download" : {
            "receiveFirst" : 3,
            "len" : 590328,
            "dns" : 0,
            "dnsEnd" : -1,
            "receiveHeadersEnd" : 4,
            "sslEnd" : -1,
            "connectEnd" : 1,
            "connectStart" : 0,
            "id" : "download_0",
            "receivedTime" : "94.6510001085699",
            "sslStart" : -1,
            "dnsStart" : -1,
            "receiveLast" : 90.6510001085699,
            "s_time" : 0,
            "sendEnd" : 1,
            "sendStart" : 1,
            "type" : "text/html"
         }
      },
      {
         "when_comp_start" : -1,
         "url" : "http://modified.testbed.localhost/webappstatic.buzzfeed.com/static/js/prototype/prototype.1.7-compact.js",
         "id" : "r3",
         "comps" : [
            {
               "s_time" : 112.696000025608,
               "time" : 64.018000033684,
               "type" : 1,
               "id" : "comp_8",
               "e_time" : 176.714000059292
            }
         ],
         "download" : {
            "receiveFirst" : 8,
            "len" : 92129,
            "dns" : 0,
            "dnsEnd" : -1,
            "receiveHeadersEnd" : 10,
            "sslEnd" : -1,
            "connectEnd" : 2,
            "connectStart" : 0,
            "id" : "download_1",
            "receivedTime" : "112.510000006296",
            "sslStart" : -1,
            "dnsStart" : -1,
            "receiveLast" : 102.510000006296,
            "s_time" : 93.6730001121759,
            "sendEnd" : 2,
            "sendStart" : 2,
            "type" : "application/javascript"
         }
      },
      {
         "when_comp_start" : -1,
         "url" : "http://modified.testbed.localhost/webappstatic.buzzfeed.com/static/js/localization/mx.js%3Fv=1462559564",
         "id" : "r5",
         "comps" : [
            {
               "s_time" : 177.361000096425,
               "time" : 0.288999988698009,
               "type" : 1,
               "id" : "comp_14",
               "e_time" : 177.650000085123
            }
         ],
         "download" : {
            "receiveFirst" : 10,
            "len" : 327,
            "dns" : 0,
            "dnsEnd" : -1,
            "receiveHeadersEnd" : 11,
            "sslEnd" : -1,
            "connectEnd" : 1,
            "connectStart" : 0,
            "id" : "download_2",
            "receivedTime" : "108.332000090741",
            "sslStart" : -1,
            "dnsStart" : -1,
            "receiveLast" : 97.3320000907406,
            "s_time" : 94.3810000317171,
            "sendEnd" : 1,
            "sendStart" : 1,
            "type" : "text/plain"
         }
      },
      {
         "when_comp_start" : -1,
         "url" : "http://modified.testbed.localhost/webappstatic.buzzfeed.com/static/js/localization/es-es.js%3Fv=1462559564",
         "id" : "r4",
         "comps" : [
            {
               "s_time" : 176.883000065573,
               "time" : 0.348999979905017,
               "type" : 1,
               "id" : "comp_12",
               "e_time" : 177.232000045478
            }
         ],
         "download" : {
            "receiveFirst" : 10,
            "len" : 335,
            "dns" : 0,
            "dnsEnd" : -1,
            "receiveHeadersEnd" : 12,
            "sslEnd" : -1,
            "connectEnd" : 2,
            "connectStart" : 0,
            "id" : "download_3",
            "receivedTime" : "109.420000109822",
            "sslStart" : -1,
            "dnsStart" : -1,
            "receiveLast" : 97.4200001098216,
            "s_time" : 94.0920000430197,
            "sendEnd" : 2,
            "sendStart" : 2,
            "type" : "text/plain"
         }
      },
      {
         "when_comp_start" : -1,
         "url" : "http://modified.testbed.localhost/webappstatic.buzzfeed.com/static/js/advertiser/ads.js",
         "id" : "r6",
         "comps" : [
            {
               "s_time" : 185.019000084139,
               "time" : 0.184000004083003,
               "type" : 1,
               "id" : "comp_19",
               "e_time" : 185.203000088222
            }
         ],
         "download" : {
            "receiveFirst" : 7,
            "len" : 104,
            "dns" : 0,
            "dnsEnd" : -1,
            "receiveHeadersEnd" : 12,
            "sslEnd" : -1,
            "connectEnd" : 5,
            "connectStart" : 0,
            "id" : "download_4",
            "receivedTime" : "184.863000060432",
            "sslStart" : -1,
            "dnsStart" : -1,
            "receiveLast" : 172.863000060432,
            "s_time" : 97.942000022158,
            "sendEnd" : 5,
            "sendStart" : 5,
            "type" : "application/javascript"
         }
      },
      {
         "when_comp_start" : -1,
         "url" : "http://modified.testbed.localhost/webappstatic.buzzfeed.com/static/compiled/bfa_webapp.js%3Fv=1462559564",
         "id" : "r7",
         "comps" : [
            {
               "s_time" : 214.722000062466,
               "time" : 115.626999991946,
               "type" : 3,
               "id" : "comp_25",
               "e_time" : 330.349000054412
            }
         ],
         "download" : {
            "receiveFirst" : 7,
            "len" : 156358,
            "dns" : 0,
            "dnsEnd" : -1,
            "receiveHeadersEnd" : 12,
            "sslEnd" : -1,
            "connectEnd" : 4,
            "connectStart" : 0,
            "id" : "download_5",
            "receivedTime" : "189.700000104494",
            "sslStart" : -1,
            "dnsStart" : -1,
            "receiveLast" : 177.700000104494,
            "s_time" : 98.3820001129061,
            "sendEnd" : 5,
            "sendStart" : 4,
            "type" : "text/plain"
         }
      },
      {
         "when_comp_start" : -1,
         "url" : "http://modified.testbed.localhost/tags.crwdcntrl.net/c/6942/cc.js%3Fns=_cc6942",
         "id" : "r8",
         "comps" : [
            {
               "s_time" : 197.338000056334,
               "time" : 17.335999989882,
               "type" : 3,
               "id" : "comp_23",
               "e_time" : 214.674000046216
            }
         ],
         "download" : {
            "receiveFirst" : 9,
            "len" : 29982,
            "dns" : 0,
            "dnsEnd" : -1,
            "receiveHeadersEnd" : 13,
            "sslEnd" : -1,
            "connectEnd" : 4,
            "connectStart" : 0,
            "id" : "download_6",
            "receivedTime" : "187.585000065155",
            "sslStart" : -1,
            "dnsStart" : -1,
            "receiveLast" : 174.585000065155,
            "s_time" : 98.8320000469685,
            "sendEnd" : 4,
            "sendStart" : 4,
            "type" : "text/plain"
         }
      },
      {
         "when_comp_start" : -1,
         "url" : "http://modified.testbed.localhost/webappstatic.buzzfeed.com/static/js/General_concat_header.js%3Fv=1462559564",
         "id" : "r9",
         "comps" : [
            {
               "s_time" : 332.007000106387,
               "time" : 242.65699996613,
               "type" : 1,
               "id" : "comp_27",
               "e_time" : 574.664000072517
            }
         ],
         "download" : {
            "receiveFirst" : 7,
            "len" : 706393,
            "dns" : 0,
            "dnsEnd" : -1,
            "receiveHeadersEnd" : 17,
            "sslEnd" : -1,
            "connectEnd" : 10,
            "connectStart" : 0,
            "id" : "download_7",
            "receivedTime" : "331.666000070982",
            "sslStart" : -1,
            "dnsStart" : -1,
            "receiveLast" : 314.666000070982,
            "s_time" : 99.5180000318214,
            "sendEnd" : 10,
            "sendStart" : 10,
            "type" : "text/plain"
         }
      },
      {
         "when_comp_start" : -1,
         "url" : "http://modified.testbed.localhost/webappstatic.buzzfeed.com/static/css/header.css%3Fv=1462559564.css",
         "id" : "r13",
         "comps" : [
            {
               "s_time" : 602.967000100762,
               "time" : 11.913999915123,
               "type" : 4,
               "id" : "comp_33",
               "e_time" : 614.881000015885
            }
         ],
         "download" : {
            "receiveFirst" : 4,
            "len" : 69165,
            "dns" : 0,
            "dnsEnd" : -1,
            "receiveHeadersEnd" : 8,
            "sslEnd" : -1,
            "connectEnd" : 4,
            "connectStart" : 0,
            "id" : "download_8",
            "receivedTime" : "602.839000057429",
            "sslStart" : -1,
            "dnsStart" : -1,
            "receiveLast" : 594.839000057429,
            "s_time" : 197.987999999896,
            "sendEnd" : 4,
            "sendStart" : 4,
            "type" : "text/css"
         }
      },
      {
         "when_comp_start" : -1,
         "url" : "http://modified.testbed.localhost/webappstatic.buzzfeed.com/static/css/ccss/front.desktop.css%3Fv=1462559564.css",
         "id" : "r12",
         "comps" : [
            {
               "s_time" : 620.558000053279,
               "time" : 48.355999984779,
               "type" : 4,
               "id" : "comp_36",
               "e_time" : 668.914000038058
            }
         ],
         "download" : {
            "receiveFirst" : 7,
            "len" : 305571,
            "dns" : 0,
            "dnsEnd" : -1,
            "receiveHeadersEnd" : 11,
            "sslEnd" : -1,
            "connectEnd" : 4,
            "connectStart" : 0,
            "id" : "download_9",
            "receivedTime" : "620.360000059009",
            "sslStart" : -1,
            "dnsStart" : -1,
            "receiveLast" : 609.360000059009,
            "s_time" : 197.695000097156,
            "sendEnd" : 4,
            "sendStart" : 4,
            "type" : "text/css"
         }
      },
      {
         "when_comp_start" : -1,
         "url" : "http://modified.testbed.localhost/webappstatic.buzzfeed.com/static/css/legacy/core1.css%3Fv=1462559564.css",
         "id" : "r14",
         "comps" : [
            {
               "s_time" : 669.711000053212,
               "time" : 112.965999986045,
               "type" : 4,
               "id" : "comp_37",
               "e_time" : 782.677000039257
            }
         ],
         "download" : {
            "receiveFirst" : 11,
            "len" : 234377,
            "dns" : 0,
            "dnsEnd" : -1,
            "receiveHeadersEnd" : 15,
            "sslEnd" : -1,
            "connectEnd" : 4,
            "connectStart" : 0,
            "id" : "download_10",
            "receivedTime" : "669.475000002421",
            "sslStart" : -1,
            "dnsStart" : -1,
            "receiveLast" : 654.475000002421,
            "s_time" : 198.291000095196,
            "sendEnd" : 4,
            "sendStart" : 4,
            "type" : "text/css"
         }
      },
      {
         "when_comp_start" : -1,
         "url" : "http://modified.testbed.localhost/webappstatic.buzzfeed.com/static/js/public/front.js%3Fv=1462559564",
         "id" : "r17",
         "comps" : [
            {
               "s_time" : 720.512000028975,
               "time" : 2.18000006862007,
               "type" : 1,
               "id" : "comp_38",
               "e_time" : 722.692000097595
            }
         ],
         "download" : {
            "receiveFirst" : 13,
            "len" : 9296,
            "dns" : 0,
            "dnsEnd" : -1,
            "receiveHeadersEnd" : 15,
            "sslEnd" : -1,
            "connectEnd" : 2,
            "connectStart" : 0,
            "id" : "download_11",
            "receivedTime" : "602.357000112534",
            "sslStart" : -1,
            "dnsStart" : -1,
            "receiveLast" : 587.357000112534,
            "s_time" : 199.528000084683,
            "sendEnd" : 2,
            "sendStart" : 2,
            "type" : "text/plain"
         }
      },
      {
         "when_comp_start" : -1,
         "url" : "http://modified.testbed.localhost/webappstatic.buzzfeed.com/static/css/metaverticals/screen.css%3Fv=1462559564.css",
         "id" : "r15",
         "comps" : [
            {
               "s_time" : 615.958000067621,
               "time" : 3.15100001171299,
               "type" : 4,
               "id" : "comp_35",
               "e_time" : 619.109000079334
            }
         ],
         "download" : {
            "receiveFirst" : 15,
            "len" : 18833,
            "dns" : 0,
            "dnsEnd" : -1,
            "receiveHeadersEnd" : 19,
            "sslEnd" : -1,
            "connectEnd" : 3,
            "connectStart" : 0,
            "id" : "download_12",
            "receivedTime" : "615.858000004664",
            "sslStart" : -1,
            "dnsStart" : -1,
            "receiveLast" : 596.858000004664,
            "s_time" : 198.592000058852,
            "sendEnd" : 4,
            "sendStart" : 3,
            "type" : "text/css"
         }
      },
      {
         "when_comp_start" : -1,
         "url" : "http://modified.testbed.localhost/webappstatic.buzzfeed.com/static/css/metaverticals/metaverticals.css%3Fv=1462559564.css",
         "id" : "r16",
         "comps" : [
            {
               "s_time" : 615.322000114247,
               "time" : 0.224999967031067,
               "type" : 4,
               "id" : "comp_34",
               "e_time" : 615.547000081278
            }
         ],
         "download" : {
            "receiveFirst" : 19,
            "len" : 2380,
            "dns" : 0,
            "dnsEnd" : -1,
            "receiveHeadersEnd" : 22,
            "sslEnd" : -1,
            "connectEnd" : 3,
            "connectStart" : 0,
            "id" : "download_13",
            "receivedTime" : "615.216000005603",
            "sslStart" : -1,
            "dnsStart" : -1,
            "receiveLast" : 593.216000005603,
            "s_time" : 198.938000015914,
            "sendEnd" : 3,
            "sendStart" : 3,
            "type" : "text/css"
         }
      },
      {
         "when_comp_start" : -1,
         "url" : "http://modified.testbed.localhost/webappstatic.buzzfeed.com/static/images/public/defaults/user.jpg",
         "id" : "r18",
         "comps" : [],
         "download" : {
            "receiveFirst" : 3,
            "len" : 338,
            "dns" : 0,
            "dnsEnd" : -1,
            "receiveHeadersEnd" : 4,
            "sslEnd" : -1,
            "connectEnd" : 1,
            "connectStart" : 0,
            "id" : "download_14",
            "receivedTime" : "829.713000101037",
            "sslStart" : -1,
            "dnsStart" : -1,
            "receiveLast" : 825.713000101037,
            "s_time" : 331.434000050649,
            "sendEnd" : 1,
            "sendStart" : 1,
            "type" : "image/jpeg"
         }
      },
      {
         "when_comp_start" : -1,
         "url" : "http://modified.testbed.localhost/webappstatic.buzzfeed.com/static/fonts/ProximaNova-Regular-webfont.woff",
         "id" : "r23",
         "comps" : [],
         "download" : {
            "receiveFirst" : 7,
            "len" : 16532,
            "dns" : 0,
            "dnsEnd" : -1,
            "receiveHeadersEnd" : 8,
            "sslEnd" : -1,
            "connectEnd" : 1,
            "connectStart" : 0,
            "id" : "download_15",
            "receivedTime" : "853.53900003247",
            "sslStart" : -1,
            "dnsStart" : -1,
            "receiveLast" : 845.53900003247,
            "s_time" : 828.851000056602,
            "sendEnd" : 1,
            "sendStart" : 1,
            "type" : "application/octet-stream"
         }
      },
      {
         "when_comp_start" : -1,
         "url" : "http://modified.testbed.localhost/webappstatic.buzzfeed.com/static/fonts/ProximaNova-Semibold-webfont.woff",
         "id" : "r24",
         "comps" : [],
         "download" : {
            "receiveFirst" : 7,
            "len" : 16056,
            "dns" : 0,
            "dnsEnd" : -1,
            "receiveHeadersEnd" : 8,
            "sslEnd" : -1,
            "connectEnd" : 1,
            "connectStart" : 0,
            "id" : "download_16",
            "receivedTime" : "855.32900004182",
            "sslStart" : -1,
            "dnsStart" : -1,
            "receiveLast" : 847.32900004182,
            "s_time" : 829.187000053935,
            "sendEnd" : 1,
            "sendStart" : 1,
            "type" : "application/octet-stream"
         }
      },
      {
         "when_comp_start" : -1,
         "url" : "http://modified.testbed.localhost/img.buzzfeed.com/buzzfeed-static/static/2016-05/8/18/campaign_images/webdr03/pull-up-a-chair-and-make-these-croque-monsieur-sl-2-15694-1462746076-0.jpg",
         "id" : "r31",
         "comps" : [],
         "download" : {
            "receiveFirst" : 4,
            "len" : 17240,
            "dns" : 0,
            "dnsEnd" : -1,
            "receiveHeadersEnd" : 7,
            "sslEnd" : -1,
            "connectEnd" : 3,
            "connectStart" : 0,
            "id" : "download_17",
            "receivedTime" : "857.253000023775",
            "sslStart" : -1,
            "dnsStart" : -1,
            "receiveLast" : 850.253000023775,
            "s_time" : 833.472000085749,
            "sendEnd" : 3,
            "sendStart" : 3,
            "type" : "image/jpeg"
         }
      },
      {
         "when_comp_start" : -1,
         "url" : "http://modified.testbed.localhost/img.buzzfeed.com/buzzfeed-static/static/2016-05/6/20/campaign_images/webdr15/the-art-created-by-20-different-drugs-2-3582-1462580351-0.jpg",
         "id" : "r34",
         "comps" : [],
         "download" : {
            "receiveFirst" : 4,
            "len" : 21338,
            "dns" : 0,
            "dnsEnd" : -1,
            "receiveHeadersEnd" : 6,
            "sslEnd" : -1,
            "connectEnd" : 2,
            "connectStart" : 0,
            "id" : "download_18",
            "receivedTime" : "1029.97500007041",
            "sslStart" : -1,
            "dnsStart" : -1,
            "receiveLast" : 1023.97500007041,
            "s_time" : 850.577000062913,
            "sendEnd" : 2,
            "sendStart" : 2,
            "type" : "image/jpeg"
         }
      },
      {
         "when_comp_start" : -1,
         "url" : "http://modified.testbed.localhost/img.buzzfeed.com/buzzfeed-static/static/2016-05/8/8/campaign_images/webdr02/mumbais-red-light-district-mothers-are-doing-sex--2-5901-1462709806-1.jpg",
         "id" : "r36",
         "comps" : [],
         "download" : {
            "receiveFirst" : 6,
            "len" : 5537,
            "dns" : 0,
            "dnsEnd" : -1,
            "receiveHeadersEnd" : 7,
            "sslEnd" : -1,
            "connectEnd" : 1,
            "connectStart" : 0,
            "id" : "download_19",
            "receivedTime" : "1050.42600003071",
            "sslStart" : -1,
            "dnsStart" : -1,
            "receiveLast" : 1043.42600003071,
            "s_time" : 852.396000060253,
            "sendEnd" : 1,
            "sendStart" : 1,
            "type" : "image/jpeg"
         }
      },
      {
         "when_comp_start" : -1,
         "url" : "http://modified.testbed.localhost/img.buzzfeed.com/buzzfeed-static/static/2016-05/8/12/enhanced/webdr07/enhanced-buzz-6773-1462726501-0.jpg",
         "id" : "r39",
         "comps" : [],
         "download" : {
            "receiveFirst" : 5,
            "len" : 41812,
            "dns" : 0,
            "dnsEnd" : -1,
            "receiveHeadersEnd" : 6,
            "sslEnd" : -1,
            "connectEnd" : 1,
            "connectStart" : 0,
            "id" : "download_20",
            "receivedTime" : "1328.41600000393",
            "sslStart" : -1,
            "dnsStart" : -1,
            "receiveLast" : 1322.41600000393,
            "s_time" : 884.563000057824,
            "sendEnd" : 1,
            "sendStart" : 1,
            "type" : "image/jpeg"
         }
      },
      {
         "when_comp_start" : -1,
         "url" : "http://modified.testbed.localhost/img.buzzfeed.com/buzzfeed-static/static/2016-05/8/19/campaign_images/webdr13/24-songs-that-totally-went-over-your-head-as-a-kid-2-5043-1462750176-10.jpg",
         "id" : "r40",
         "comps" : [],
         "download" : {
            "receiveFirst" : 4,
            "len" : 4225,
            "dns" : 0,
            "dnsEnd" : -1,
            "receiveHeadersEnd" : 5,
            "sslEnd" : -1,
            "connectEnd" : 1,
            "connectStart" : 0,
            "id" : "download_21",
            "receivedTime" : "1386.26500009559",
            "sslStart" : -1,
            "dnsStart" : -1,
            "receiveLast" : 1381.26500009559,
            "s_time" : 888.128000078723,
            "sendEnd" : 1,
            "sendStart" : 1,
            "type" : "image/jpeg"
         }
      },
      {
         "when_comp_start" : -1,
         "url" : "http://modified.testbed.localhost/img.buzzfeed.com/buzzfeed-static/static/2016-05/8/20/campaign_images/webdr11/this-photographer-wants-to-change-the-way-the-wor-2-31024-1462753769-0.jpg",
         "id" : "r41",
         "comps" : [],
         "download" : {
            "receiveFirst" : 4,
            "len" : 10521,
            "dns" : 0,
            "dnsEnd" : -1,
            "receiveHeadersEnd" : 5,
            "sslEnd" : -1,
            "connectEnd" : 1,
            "connectStart" : 0,
            "id" : "download_22",
            "receivedTime" : "1398.57600000687",
            "sslStart" : -1,
            "dnsStart" : -1,
            "receiveLast" : 1393.57600000687,
            "s_time" : 896.675000083633,
            "sendEnd" : 1,
            "sendStart" : 1,
            "type" : "image/jpeg"
         }
      },
      {
         "when_comp_start" : -1,
         "url" : "http://modified.testbed.localhost/img.buzzfeed.com/buzzfeed-static/static/badge_images/au/lol.png%3Fv=1462559564",
         "id" : "r42",
         "comps" : [],
         "download" : {
            "receiveFirst" : 5,
            "len" : 3053,
            "dns" : 0,
            "dnsEnd" : -1,
            "receiveHeadersEnd" : 6,
            "sslEnd" : -1,
            "connectEnd" : 1,
            "connectStart" : 0,
            "id" : "download_23",
            "receivedTime" : "1399.05800006818",
            "sslStart" : -1,
            "dnsStart" : -1,
            "receiveLast" : 1393.05800006818,
            "s_time" : 897.764000110328,
            "sendEnd" : 1,
            "sendStart" : 1,
            "type" : "image/png"
         }
      },
      {
         "when_comp_start" : -1,
         "url" : "http://modified.testbed.localhost/img.buzzfeed.com/buzzfeed-static/static/badge_images/au/viral.png%3Fv=1462559564",
         "id" : "r43",
         "comps" : [],
         "download" : {
            "receiveFirst" : 5,
            "len" : 1828,
            "dns" : 0,
            "dnsEnd" : -1,
            "receiveHeadersEnd" : 6,
            "sslEnd" : -1,
            "connectEnd" : 1,
            "connectStart" : 0,
            "id" : "download_24",
            "receivedTime" : "1399.6460000053",
            "sslStart" : -1,
            "dnsStart" : -1,
            "receiveLast" : 1393.6460000053,
            "s_time" : 898.829000070691,
            "sendEnd" : 1,
            "sendStart" : 1,
            "type" : "image/png"
         }
      },
      {
         "when_comp_start" : -1,
         "url" : "http://modified.testbed.localhost/img.buzzfeed.com/buzzfeed-static/static/badge_images/quiz.png%3Fv=1462559564",
         "id" : "r44",
         "comps" : [],
         "download" : {
            "receiveFirst" : 5,
            "len" : 3129,
            "dns" : 0,
            "dnsEnd" : -1,
            "receiveHeadersEnd" : 6,
            "sslEnd" : -1,
            "connectEnd" : 1,
            "connectStart" : 0,
            "id" : "download_25",
            "receivedTime" : "1426.18800001219",
            "sslStart" : -1,
            "dnsStart" : -1,
            "receiveLast" : 1420.18800001219,
            "s_time" : 1012.63100001961,
            "sendEnd" : 1,
            "sendStart" : 1,
            "type" : "image/png"
         }
      },
      {
         "when_comp_start" : -1,
         "url" : "http://modified.testbed.localhost/img.buzzfeed.com/buzzfeed-static/static/2014-06/enhanced/webdr02/badge_images/trending.png%3Fv=1462559564",
         "id" : "r45",
         "comps" : [],
         "download" : {
            "receiveFirst" : 5,
            "len" : 4348,
            "dns" : 0,
            "dnsEnd" : -1,
            "receiveHeadersEnd" : 8,
            "sslEnd" : -1,
            "connectEnd" : 3,
            "connectStart" : 0,
            "id" : "download_26",
            "receivedTime" : "1427.94300010428",
            "sslStart" : -1,
            "dnsStart" : -1,
            "receiveLast" : 1419.94300010428,
            "s_time" : 1014.21000005212,
            "sendEnd" : 3,
            "sendStart" : 3,
            "type" : "image/png"
         }
      },
      {
         "when_comp_start" : 1,
         "url" : "http://modified.testbed.localhost/www.buzzfeed.com/index.html",
         "id" : "r47",
         "comps" : [],
         "download" : {
            "receiveFirst" : 5,
            "len" : 590328,
            "dns" : 0,
            "dnsEnd" : -1,
            "receiveHeadersEnd" : 7,
            "sslEnd" : -1,
            "connectEnd" : 2,
            "connectStart" : 0,
            "id" : "download_27",
            "receivedTime" : "1576.2120001018",
            "sslStart" : -1,
            "dnsStart" : -1,
            "receiveLast" : 1569.2120001018,
            "s_time" : 1016.53400005307,
            "sendEnd" : 2,
            "sendStart" : 2,
            "type" : "text/html"
         }
      },
      {
         "when_comp_start" : -1,
         "url" : "http://modified.testbed.localhost/img.buzzfeed.com/buzzfeed-static/static/2013-11/enhanced/webdr05/badge_images/cute.png%3Fv=1462559564",
         "id" : "r46",
         "comps" : [],
         "download" : {
            "receiveFirst" : 5,
            "len" : 1809,
            "dns" : 0,
            "dnsEnd" : -1,
            "receiveHeadersEnd" : 7,
            "sslEnd" : -1,
            "connectEnd" : 2,
            "connectStart" : 0,
            "id" : "download_28",
            "receivedTime" : "1428.38100006338",
            "sslStart" : -1,
            "dnsStart" : -1,
            "receiveLast" : 1421.38100006338,
            "s_time" : 1015.24200011045,
            "sendEnd" : 2,
            "sendStart" : 2,
            "type" : "image/png"
         }
      },
      {
         "when_comp_start" : -1,
         "url" : "http://modified.testbed.localhost/img.buzzfeed.com/buzzfeed-static/static/2013-10/enhanced/webdr02/badge_images/lol.png%3Fv=1462559564",
         "id" : "r48",
         "comps" : [],
         "download" : {
            "receiveFirst" : 4,
            "len" : 1816,
            "dns" : 0,
            "dnsEnd" : -1,
            "receiveHeadersEnd" : 5,
            "sslEnd" : -1,
            "connectEnd" : 1,
            "connectStart" : 0,
            "id" : "download_29",
            "receivedTime" : "1434.58200001623",
            "sslStart" : -1,
            "dnsStart" : -1,
            "receiveLast" : 1429.58200001623,
            "s_time" : 1258.78000003286,
            "sendEnd" : 1,
            "sendStart" : 1,
            "type" : "image/png"
         }
      },
      {
         "when_comp_start" : -1,
         "url" : "http://modified.testbed.localhost/img.buzzfeed.com/buzzfeed-static/static/2016-05/8/12/campaign_images/webdr03/this-is-what-life-is-like-when-your-daughter-is-k-2-7921-1462723218-9_wide.jpg",
         "id" : "r49",
         "comps" : [],
         "download" : {
            "receiveFirst" : 4,
            "len" : 22078,
            "dns" : 0,
            "dnsEnd" : -1,
            "receiveHeadersEnd" : 5,
            "sslEnd" : -1,
            "connectEnd" : 1,
            "connectStart" : 0,
            "id" : "download_30",
            "receivedTime" : "1435.484000016",
            "sslStart" : -1,
            "dnsStart" : -1,
            "receiveLast" : 1430.484000016,
            "s_time" : 1262.0370000368,
            "sendEnd" : 1,
            "sendStart" : 1,
            "type" : "image/jpeg"
         }
      },
      {
         "when_comp_start" : -1,
         "url" : "http://modified.testbed.localhost/img.buzzfeed.com/buzzfeed-static/static/2016-05/8/16/campaign_images/webdr06/whats-a-gmo-the-answer-could-change-the-future-of-2-28551-1462739395-0_wide.jpg",
         "id" : "r50",
         "comps" : [],
         "download" : {
            "receiveFirst" : 10,
            "len" : 27189,
            "dns" : 0,
            "dnsEnd" : -1,
            "receiveHeadersEnd" : 11,
            "sslEnd" : -1,
            "connectEnd" : 1,
            "connectStart" : 0,
            "id" : "download_31",
            "receivedTime" : "1538.10100001283",
            "sslStart" : -1,
            "dnsStart" : -1,
            "receiveLast" : 1527.10100001283,
            "s_time" : 1300.33400002867,
            "sendEnd" : 1,
            "sendStart" : 1,
            "type" : "image/jpeg"
         }
      },
      {
         "when_comp_start" : -1,
         "url" : "http://modified.testbed.localhost/img.buzzfeed.com/buzzfeed-static/static/2016-05/7/15/campaign_images/webdr12/massive-alberta-wildfire-could-double-in-size-sat-2-30435-1462648460-9_wide.jpg",
         "id" : "r51",
         "comps" : [],
         "download" : {
            "receiveFirst" : 18,
            "len" : 18601,
            "dns" : 0,
            "dnsEnd" : -1,
            "receiveHeadersEnd" : 19,
            "sslEnd" : -1,
            "connectEnd" : 1,
            "connectStart" : 0,
            "id" : "download_32",
            "receivedTime" : "1538.71000010986",
            "sslStart" : -1,
            "dnsStart" : -1,
            "receiveLast" : 1519.71000010986,
            "s_time" : 1301.22000002302,
            "sendEnd" : 1,
            "sendStart" : 1,
            "type" : "image/jpeg"
         }
      },
      {
         "when_comp_start" : -1,
         "url" : "http://modified.testbed.localhost/img.buzzfeed.com/buzzfeed-static/static/2016-05/8/12/campaign_images/webdr05/more-than-70-people-died-after-two-buses-collided-2-27249-1462723478-5_wide.jpg",
         "id" : "r52",
         "comps" : [],
         "download" : {
            "receiveFirst" : 14,
            "len" : 22374,
            "dns" : 0,
            "dnsEnd" : -1,
            "receiveHeadersEnd" : 18,
            "sslEnd" : -1,
            "connectEnd" : 4,
            "connectStart" : 0,
            "id" : "download_33",
            "receivedTime" : "1539.54100003466",
            "sslStart" : -1,
            "dnsStart" : -1,
            "receiveLast" : 1521.54100003466,
            "s_time" : 1302.8120000381,
            "sendEnd" : 4,
            "sendStart" : 4,
            "type" : "image/jpeg"
         }
      },
      {
         "when_comp_start" : -1,
         "url" : "http://modified.testbed.localhost/img.buzzfeed.com/buzzfeed-static/static/2016-05/8/0/campaign_images/webdr06/lyft-and-uber-to-halt-operations-in-austin-after--2-17416-1462680227-4_wide.jpg",
         "id" : "r53",
         "comps" : [],
         "download" : {
            "receiveFirst" : 16,
            "len" : 48453,
            "dns" : 0,
            "dnsEnd" : -1,
            "receiveHeadersEnd" : 22,
            "sslEnd" : -1,
            "connectEnd" : 6,
            "connectStart" : 0,
            "id" : "download_34",
            "receivedTime" : "1540.42299999855",
            "sslStart" : -1,
            "dnsStart" : -1,
            "receiveLast" : 1518.42299999855,
            "s_time" : 1303.26000007335,
            "sendEnd" : 6,
            "sendStart" : 6,
            "type" : "image/jpeg"
         }
      },
      {
         "when_comp_start" : -1,
         "url" : "http://modified.testbed.localhost/img.buzzfeed.com/buzzfeed-static/static/2016-05/8/13/campaign_images/webdr04/iron-man-and-spider-man-boost-captain-america-civ-2-18550-1462727750-1_wide.jpg",
         "id" : "r54",
         "comps" : [],
         "download" : {
            "receiveFirst" : 15,
            "len" : 40747,
            "dns" : 0,
            "dnsEnd" : -1,
            "receiveHeadersEnd" : 21,
            "sslEnd" : -1,
            "connectEnd" : 6,
            "connectStart" : 0,
            "id" : "download_35",
            "receivedTime" : "1540.78300006222",
            "sslStart" : -1,
            "dnsStart" : -1,
            "receiveLast" : 1519.78300006222,
            "s_time" : 1304.23000000883,
            "sendEnd" : 6,
            "sendStart" : 6,
            "type" : "image/jpeg"
         }
      },
      {
         "when_comp_start" : -1,
         "url" : "http://modified.testbed.localhost/img.buzzfeed.com/buzzfeed-static/static/2016-05/6/23/campaign_images/webdr07/trump-blasts-goofy-elizabeth-warren-after-she-rip-2-9716-1462593288-0_big.jpg",
         "id" : "r55",
         "comps" : [],
         "download" : {
            "receiveFirst" : 8,
            "len" : 22196,
            "dns" : 0,
            "dnsEnd" : -1,
            "receiveHeadersEnd" : 27,
            "sslEnd" : -1,
            "connectEnd" : 19,
            "connectStart" : 0,
            "id" : "download_36",
            "receivedTime" : "1541.50800011121",
            "sslStart" : -1,
            "dnsStart" : -1,
            "receiveLast" : 1514.50800011121,
            "s_time" : 1305.10400002822,
            "sendEnd" : 19,
            "sendStart" : 19,
            "type" : "image/jpeg"
         }
      },
      {
         "when_comp_start" : -1,
         "url" : "http://modified.testbed.localhost/img.buzzfeed.com/buzzfeed-static/static/2016-05/7/10/campaign_images/webdr13/tijuana-wants-you-to-forget-everything-you-know-a-2-18232-1462631755-0_wide.jpg",
         "id" : "r56",
         "comps" : [],
         "download" : {
            "receiveFirst" : 7,
            "len" : 27197,
            "dns" : 0,
            "dnsEnd" : -1,
            "receiveHeadersEnd" : 28,
            "sslEnd" : -1,
            "connectEnd" : 20,
            "connectStart" : 0,
            "id" : "download_37",
            "receivedTime" : "1542.66300005838",
            "sslStart" : -1,
            "dnsStart" : -1,
            "receiveLast" : 1514.66300005838,
            "s_time" : 1307.80900001992,
            "sendEnd" : 21,
            "sendStart" : 20,
            "type" : "image/jpeg"
         }
      },
      {
         "when_comp_start" : -1,
         "url" : "http://modified.testbed.localhost/img.buzzfeed.com/buzzfeed-static/static/2016-05/7/10/campaign_images/webdr11/the-embryo-crusader-2-22517-1462630075-4_wide.jpg",
         "id" : "r57",
         "comps" : [],
         "download" : {
            "receiveFirst" : 7,
            "len" : 10114,
            "dns" : 0,
            "dnsEnd" : -1,
            "receiveHeadersEnd" : 28,
            "sslEnd" : -1,
            "connectEnd" : 21,
            "connectStart" : 0,
            "id" : "download_38",
            "receivedTime" : "1542.97900001984",
            "sslStart" : -1,
            "dnsStart" : -1,
            "receiveLast" : 1514.97900001984,
            "s_time" : 1308.55300009716,
            "sendEnd" : 21,
            "sendStart" : 21,
            "type" : "image/jpeg"
         }
      },
      {
         "when_comp_start" : -1,
         "url" : "http://modified.testbed.localhost/img.buzzfeed.com/buzzfeed-static/static/2016-05/7/14/campaign_images/webdr13/obama-at-howard-university-change-requires-more-t-2-19191-1462646680-5_wide.jpg",
         "id" : "r58",
         "comps" : [],
         "download" : {
            "receiveFirst" : 6,
            "len" : 8492,
            "dns" : 0,
            "dnsEnd" : -1,
            "receiveHeadersEnd" : 30,
            "sslEnd" : -1,
            "connectEnd" : 24,
            "connectStart" : 0,
            "id" : "download_39",
            "receivedTime" : "1544.14300003555",
            "sslStart" : -1,
            "dnsStart" : -1,
            "receiveLast" : 1514.14300003555,
            "s_time" : 1309.34800009709,
            "sendEnd" : 24,
            "sendStart" : 24,
            "type" : "image/jpeg"
         }
      },
      {
         "when_comp_start" : -1,
         "url" : "http://modified.testbed.localhost/img.buzzfeed.com/buzzfeed-static/static/2016-05/6/16/campaign_images/webdr03/inside-palantir-silicon-valleys-most-secretive-co-2-24538-1462566973-3_wide.jpg",
         "id" : "r59",
         "comps" : [],
         "download" : {
            "receiveFirst" : 7,
            "len" : 20908,
            "dns" : 0,
            "dnsEnd" : -1,
            "receiveHeadersEnd" : 19,
            "sslEnd" : -1,
            "connectEnd" : 11,
            "connectStart" : 0,
            "id" : "download_40",
            "receivedTime" : "1544.37600006349",
            "sslStart" : -1,
            "dnsStart" : -1,
            "receiveLast" : 1525.37600006349,
            "s_time" : 1322.27100001182,
            "sendEnd" : 12,
            "sendStart" : 11,
            "type" : "image/jpeg"
         }
      },
      {
         "when_comp_start" : -1,
         "url" : "http://modified.testbed.localhost/img.buzzfeed.com/buzzfeed-static/static/badge_images/viral.png%3Fv=1462559564",
         "id" : "r60",
         "comps" : [],
         "download" : {
            "receiveFirst" : 7,
            "len" : 1828,
            "dns" : 0,
            "dnsEnd" : -1,
            "receiveHeadersEnd" : 20,
            "sslEnd" : -1,
            "connectEnd" : 13,
            "connectStart" : 0,
            "id" : "download_41",
            "receivedTime" : "1544.92900008336",
            "sslStart" : -1,
            "dnsStart" : -1,
            "receiveLast" : 1524.92900008336,
            "s_time" : 1324.25100007094,
            "sendEnd" : 13,
            "sendStart" : 13,
            "type" : "image/png"
         }
      },
      {
         "when_comp_start" : -1,
         "url" : "http://modified.testbed.localhost/img.buzzfeed.com/buzzfeed-static/static/2016-05/6/17/campaign_images/webdr01/lol-moms-2-6535-1462568873-5_wide.jpg",
         "id" : "r61",
         "comps" : [],
         "download" : {
            "receiveFirst" : 7,
            "len" : 22104,
            "dns" : 0,
            "dnsEnd" : -1,
            "receiveHeadersEnd" : 21,
            "sslEnd" : -1,
            "connectEnd" : 14,
            "connectStart" : 0,
            "id" : "download_42",
            "receivedTime" : "1546.09100008383",
            "sslStart" : -1,
            "dnsStart" : -1,
            "receiveLast" : 1525.09100008383,
            "s_time" : 1326.93200011272,
            "sendEnd" : 14,
            "sendStart" : 14,
            "type" : "image/jpeg"
         }
      },
      {
         "when_comp_start" : -1,
         "url" : "http://modified.testbed.localhost/img.buzzfeed.com/buzzfeed-static/static/2016-05/3/13/campaign_images/webdr07/awkward-anal-sex-stories-2-28859-1462296155-15_wide.jpg",
         "id" : "r62",
         "comps" : [],
         "download" : {
            "receiveFirst" : 7,
            "len" : 15751,
            "dns" : 0,
            "dnsEnd" : -1,
            "receiveHeadersEnd" : 18,
            "sslEnd" : -1,
            "connectEnd" : 10,
            "connectStart" : 0,
            "id" : "download_43",
            "receivedTime" : "1546.82600009255",
            "sslStart" : -1,
            "dnsStart" : -1,
            "receiveLast" : 1528.82600009255,
            "s_time" : 1331.32300002035,
            "sendEnd" : 11,
            "sendStart" : 10,
            "type" : "image/jpeg"
         }
      },
      {
         "when_comp_start" : -1,
         "url" : "http://modified.testbed.localhost/img.buzzfeed.com/buzzfeed-static/static/2016-05/6/15/campaign_images/webdr11/kristen-bell-is-here-to-remind-us-there-is-no-sha-2-26561-1462562075-2_wide.jpg",
         "id" : "r63",
         "comps" : [],
         "download" : {
            "receiveFirst" : 7,
            "len" : 4814,
            "dns" : 0,
            "dnsEnd" : -1,
            "receiveHeadersEnd" : 19,
            "sslEnd" : -1,
            "connectEnd" : 12,
            "connectStart" : 0,
            "id" : "download_44",
            "receivedTime" : "1547.6520000957",
            "sslStart" : -1,
            "dnsStart" : -1,
            "receiveLast" : 1528.6520000957,
            "s_time" : 1332.30200002436,
            "sendEnd" : 12,
            "sendStart" : 12,
            "type" : "image/jpeg"
         }
      },
      {
         "when_comp_start" : -1,
         "url" : "http://modified.testbed.localhost/img.buzzfeed.com/buzzfeed-static/static/2016-05/6/10/campaign_images/webdr09/mom-quotes-2-5749-1462546208-3_wide.jpg",
         "id" : "r64",
         "comps" : [],
         "download" : {
            "receiveFirst" : 8,
            "len" : 14973,
            "dns" : 0,
            "dnsEnd" : -1,
            "receiveHeadersEnd" : 17,
            "sslEnd" : -1,
            "connectEnd" : 9,
            "connectStart" : 0,
            "id" : "download_45",
            "receivedTime" : "1547.87700006273",
            "sslStart" : -1,
            "dnsStart" : -1,
            "receiveLast" : 1530.87700006273,
            "s_time" : 1335.92900005169,
            "sendEnd" : 9,
            "sendStart" : 9,
            "type" : "image/jpeg"
         }
      },
      {
         "when_comp_start" : -1,
         "url" : "http://modified.testbed.localhost/img.buzzfeed.com/buzzfeed-static/static/badge_images/uk/trending.png%3Fv=1462559564",
         "id" : "r65",
         "comps" : [],
         "download" : {
            "receiveFirst" : 7,
            "len" : 1828,
            "dns" : 0,
            "dnsEnd" : -1,
            "receiveHeadersEnd" : 15,
            "sslEnd" : -1,
            "connectEnd" : 8,
            "connectStart" : 0,
            "id" : "download_46",
            "receivedTime" : "1548.50800009444",
            "sslStart" : -1,
            "dnsStart" : -1,
            "receiveLast" : 1533.50800009444,
            "s_time" : 1339.05900001992,
            "sendEnd" : 8,
            "sendStart" : 8,
            "type" : "image/png"
         }
      },
      {
         "when_comp_start" : -1,
         "url" : "http://modified.testbed.localhost/img.buzzfeed.com/buzzfeed-static/static/2016-05/6/13/campaign_images/webdr06/you-probably-shouldnt-open-these-pictures-of-dick-2-14766-1462557167-4_wide.jpg",
         "id" : "r66",
         "comps" : [],
         "download" : {
            "receiveFirst" : 7,
            "len" : 13326,
            "dns" : 0,
            "dnsEnd" : -1,
            "receiveHeadersEnd" : 19,
            "sslEnd" : -1,
            "connectEnd" : 12,
            "connectStart" : 0,
            "id" : "download_47",
            "receivedTime" : "1549.7280000709",
            "sslStart" : -1,
            "dnsStart" : -1,
            "receiveLast" : 1530.7280000709,
            "s_time" : 1339.74900003523,
            "sendEnd" : 12,
            "sendStart" : 12,
            "type" : "image/jpeg"
         }
      },
      {
         "when_comp_start" : -1,
         "url" : "http://modified.testbed.localhost/img.buzzfeed.com/buzzfeed-static/static/2016-05/6/11/campaign_images/webdr10/butter-products-2-22395-1462549149-1_wide.jpg",
         "id" : "r67",
         "comps" : [],
         "download" : {
            "receiveFirst" : 6,
            "len" : 8295,
            "dns" : 0,
            "dnsEnd" : -1,
            "receiveHeadersEnd" : 17,
            "sslEnd" : -1,
            "connectEnd" : 11,
            "connectStart" : 0,
            "id" : "download_48",
            "receivedTime" : "1549.96100009885",
            "sslStart" : -1,
            "dnsStart" : -1,
            "receiveLast" : 1532.96100009885,
            "s_time" : 1343.12299999874,
            "sendEnd" : 11,
            "sendStart" : 11,
            "type" : "image/jpeg"
         }
      },
      {
         "when_comp_start" : -1,
         "url" : "http://modified.testbed.localhost/img.buzzfeed.com/buzzfeed-static/static/2016-05/7/22/campaign_images/webdr06/anthony-bourdains-manila-episode-of-parts-unknown-2-3049-1462674085-0_wide.jpg",
         "id" : "r68",
         "comps" : [],
         "download" : {
            "receiveFirst" : 5,
            "len" : 17256,
            "dns" : 0,
            "dnsEnd" : -1,
            "receiveHeadersEnd" : 19,
            "sslEnd" : -1,
            "connectEnd" : 13,
            "connectStart" : 0,
            "id" : "download_49",
            "receivedTime" : "1551.35500000324",
            "sslStart" : -1,
            "dnsStart" : -1,
            "receiveLast" : 1532.35500000324,
            "s_time" : 1344.04300001916,
            "sendEnd" : 14,
            "sendStart" : 13,
            "type" : "image/jpeg"
         }
      },
      {
         "when_comp_start" : -1,
         "url" : "http://modified.testbed.localhost/img.buzzfeed.com/buzzfeed-static/static/2016-05/8/14/campaign_images/webdr03/a-guy-says-he-was-questioned-on-a-plane-for-doing-2-10381-1462732936-0_wide.jpg",
         "id" : "r69",
         "comps" : [],
         "download" : {
            "receiveFirst" : 6,
            "len" : 13835,
            "dns" : 0,
            "dnsEnd" : -1,
            "receiveHeadersEnd" : 18,
            "sslEnd" : -1,
            "connectEnd" : 12,
            "connectStart" : 0,
            "id" : "download_50",
            "receivedTime" : "1551.57300003339",
            "sslStart" : -1,
            "dnsStart" : -1,
            "receiveLast" : 1533.57300003339,
            "s_time" : 1346.30500001367,
            "sendEnd" : 12,
            "sendStart" : 12,
            "type" : "image/jpeg"
         }
      },
      {
         "when_comp_start" : -1,
         "url" : "http://modified.testbed.localhost/img.buzzfeed.com/buzzfeed-static/static/2016-05/8/16/campaign_images/webdr07/this-couple-had-an-insanely-unique-baby-gender-re-2-6334-1462740508-0_wide.jpg",
         "id" : "r70",
         "comps" : [],
         "download" : {
            "receiveFirst" : 7,
            "len" : 20958,
            "dns" : 0,
            "dnsEnd" : -1,
            "receiveHeadersEnd" : 14,
            "sslEnd" : -1,
            "connectEnd" : 7,
            "connectStart" : 0,
            "id" : "download_51",
            "receivedTime" : "1551.90700001549",
            "sslStart" : -1,
            "dnsStart" : -1,
            "receiveLast" : 1537.90700001549,
            "s_time" : 1351.1100000469,
            "sendEnd" : 7,
            "sendStart" : 7,
            "type" : "image/jpeg"
         }
      },
      {
         "when_comp_start" : -1,
         "url" : "http://modified.testbed.localhost/img.buzzfeed.com/buzzfeed-static/static/2016-05/6/3/campaign_images/webdr02/sexy-time-2-24606-1462519729-11_wide.jpg",
         "id" : "r71",
         "comps" : [],
         "download" : {
            "receiveFirst" : 8,
            "len" : 17264,
            "dns" : 0,
            "dnsEnd" : -1,
            "receiveHeadersEnd" : 18,
            "sslEnd" : -1,
            "connectEnd" : 10,
            "connectStart" : 0,
            "id" : "download_52",
            "receivedTime" : "1553.03400009871",
            "sslStart" : -1,
            "dnsStart" : -1,
            "receiveLast" : 1535.03400009871,
            "s_time" : 1352.70200006198,
            "sendEnd" : 10,
            "sendStart" : 10,
            "type" : "image/jpeg"
         }
      },
      {
         "when_comp_start" : -1,
         "url" : "http://modified.testbed.localhost/img.buzzfeed.com/buzzfeed-static/static/2016-04/27/16/campaign_images/webdr15/hipsters-vs-normies-2-32143-1461787893-1_wide.jpg",
         "id" : "r72",
         "comps" : [],
         "download" : {
            "receiveFirst" : 9,
            "len" : 19497,
            "dns" : 0,
            "dnsEnd" : -1,
            "receiveHeadersEnd" : 17,
            "sslEnd" : -1,
            "connectEnd" : 8,
            "connectStart" : 0,
            "id" : "download_53",
            "receivedTime" : "1553.22900007013",
            "sslStart" : -1,
            "dnsStart" : -1,
            "receiveLast" : 1536.22900007013,
            "s_time" : 1354.76100002415,
            "sendEnd" : 8,
            "sendStart" : 8,
            "type" : "image/jpeg"
         }
      },
      {
         "when_comp_start" : -1,
         "url" : "http://modified.testbed.localhost/img.buzzfeed.com/buzzfeed-static/static/2016-05/6/16/campaign_images/webdr01/people-are-loving-this-guys-mistake-on-a-homework-2-24267-1462565290-16_wide.jpg",
         "id" : "r73",
         "comps" : [],
         "download" : {
            "receiveFirst" : 5,
            "len" : 8024,
            "dns" : 0,
            "dnsEnd" : -1,
            "receiveHeadersEnd" : 17,
            "sslEnd" : -1,
            "connectEnd" : 11,
            "connectStart" : 0,
            "id" : "download_54",
            "receivedTime" : "1554.74000005051",
            "sslStart" : -1,
            "dnsStart" : -1,
            "receiveLast" : 1537.74000005051,
            "s_time" : 1356.43300006632,
            "sendEnd" : 12,
            "sendStart" : 11,
            "type" : "image/jpeg"
         }
      },
      {
         "when_comp_start" : -1,
         "url" : "http://modified.testbed.localhost/img.buzzfeed.com/buzzfeed-static/static/2016-05/6/14/campaign_images/webdr07/people-are-really-upset-over-this-girls-sad-photo-2-28475-1462560128-1_wide.jpg",
         "id" : "r74",
         "comps" : [],
         "download" : {
            "receiveFirst" : 6,
            "len" : 13323,
            "dns" : 0,
            "dnsEnd" : -1,
            "receiveHeadersEnd" : 17,
            "sslEnd" : -1,
            "connectEnd" : 11,
            "connectStart" : 0,
            "id" : "download_55",
            "receivedTime" : "1554.97300007846",
            "sslStart" : -1,
            "dnsStart" : -1,
            "receiveLast" : 1537.97300007846,
            "s_time" : 1357.36500006169,
            "sendEnd" : 11,
            "sendStart" : 11,
            "type" : "image/jpeg"
         }
      },
      {
         "when_comp_start" : -1,
         "url" : "http://modified.testbed.localhost/img.buzzfeed.com/buzzfeed-static/static/2016-05/6/21/campaign_images/webdr06/21-people-who-need-to-be-thrown-in-prison-for-ete-2-11078-1462584681-8_wide.jpg",
         "id" : "r75",
         "comps" : [],
         "download" : {
            "receiveFirst" : 5,
            "len" : 8335,
            "dns" : 0,
            "dnsEnd" : -1,
            "receiveHeadersEnd" : 13,
            "sslEnd" : -1,
            "connectEnd" : 7,
            "connectStart" : 0,
            "id" : "download_56",
            "receivedTime" : "1555.23300007917",
            "sslStart" : -1,
            "dnsStart" : -1,
            "receiveLast" : 1542.23300007917,
            "s_time" : 1361.62200011313,
            "sendEnd" : 8,
            "sendStart" : 7,
            "type" : "image/jpeg"
         }
      },
      {
         "when_comp_start" : -1,
         "url" : "http://modified.testbed.localhost/img.buzzfeed.com/buzzfeed-static/static/badge_images/in/trending.png%3Fv=1462559564",
         "id" : "r76",
         "comps" : [],
         "download" : {
            "receiveFirst" : 3,
            "len" : 1828,
            "dns" : 0,
            "dnsEnd" : -1,
            "receiveHeadersEnd" : 14,
            "sslEnd" : -1,
            "connectEnd" : 11,
            "connectStart" : 0,
            "id" : "download_57",
            "receivedTime" : "1555.7390000904",
            "sslStart" : -1,
            "dnsStart" : -1,
            "receiveLast" : 1541.7390000904,
            "s_time" : 1362.46900004335,
            "sendEnd" : 11,
            "sendStart" : 11,
            "type" : "image/png"
         }
      },
      {
         "when_comp_start" : -1,
         "url" : "http://modified.testbed.localhost/img.buzzfeed.com/buzzfeed-static/static/2016-05/6/2/campaign_images/webdr12/the-urban-poor-you-havent-noticed-millennials-who-2-1765-1462517646-1_wide.jpg",
         "id" : "r77",
         "comps" : [],
         "download" : {
            "receiveFirst" : 3,
            "len" : 24733,
            "dns" : 0,
            "dnsEnd" : -1,
            "receiveHeadersEnd" : 12,
            "sslEnd" : -1,
            "connectEnd" : 9,
            "connectStart" : 0,
            "id" : "download_58",
            "receivedTime" : "1557.74800002109",
            "sslStart" : -1,
            "dnsStart" : -1,
            "receiveLast" : 1545.74800002109,
            "s_time" : 1365.91000005137,
            "sendEnd" : 9,
            "sendStart" : 9,
            "type" : "image/jpeg"
         }
      },
      {
         "when_comp_start" : -1,
         "url" : "http://modified.testbed.localhost/img.buzzfeed.com/buzzfeed-static/static/2016-05/5/18/campaign_images/webdr05/goals-out-of-ten-2-8337-1462488956-1_wide.jpg",
         "id" : "r78",
         "comps" : [],
         "download" : {
            "receiveFirst" : 2,
            "len" : 23291,
            "dns" : 0,
            "dnsEnd" : -1,
            "receiveHeadersEnd" : 12,
            "sslEnd" : -1,
            "connectEnd" : 10,
            "connectStart" : 0,
            "id" : "download_59",
            "receivedTime" : "1557.51600000076",
            "sslStart" : -1,
            "dnsStart" : -1,
            "receiveLast" : 1545.51600000076,
            "s_time" : 1366.98100005742,
            "sendEnd" : 10,
            "sendStart" : 10,
            "type" : "image/jpeg"
         }
      },
      {
         "when_comp_start" : -1,
         "url" : "http://modified.testbed.localhost/img.buzzfeed.com/buzzfeed-static/static/2016-05/6/17/campaign_images/webdr03/kristen-bell-and-mila-kunis-being-surprised-by-th-2-8026-1462570252-9_wide.jpg",
         "id" : "r79",
         "comps" : [],
         "download" : {
            "receiveFirst" : 8,
            "len" : 16500,
            "dns" : 0,
            "dnsEnd" : -1,
            "receiveHeadersEnd" : 10,
            "sslEnd" : -1,
            "connectEnd" : 2,
            "connectStart" : 0,
            "id" : "download_60",
            "receivedTime" : "1566.03000010364",
            "sslStart" : -1,
            "dnsStart" : -1,
            "receiveLast" : 1556.03000010364,
            "s_time" : 1387.10600009654,
            "sendEnd" : 2,
            "sendStart" : 2,
            "type" : "image/jpeg"
         }
      },
      {
         "when_comp_start" : -1,
         "url" : "http://modified.testbed.localhost/img.buzzfeed.com/buzzfeed-static/static/badge_images/uk/viral.png%3Fv=1462559564",
         "id" : "r80",
         "comps" : [],
         "download" : {
            "receiveFirst" : 6,
            "len" : 1828,
            "dns" : 0,
            "dnsEnd" : -1,
            "receiveHeadersEnd" : 10,
            "sslEnd" : -1,
            "connectEnd" : 4,
            "connectStart" : 0,
            "id" : "download_61",
            "receivedTime" : "1565.0490000844",
            "sslStart" : -1,
            "dnsStart" : -1,
            "receiveLast" : 1555.0490000844,
            "s_time" : 1387.82400009222,
            "sendEnd" : 4,
            "sendStart" : 4,
            "type" : "image/png"
         }
      },
      {
         "when_comp_start" : -1,
         "url" : "http://modified.testbed.localhost/img.buzzfeed.com/buzzfeed-static/static/2016-05/6/10/campaign_images/webdr07/satisfying-times-2-13934-1462543993-7_wide.jpg",
         "id" : "r81",
         "comps" : [],
         "download" : {
            "receiveFirst" : 6,
            "len" : 6019,
            "dns" : 0,
            "dnsEnd" : -1,
            "receiveHeadersEnd" : 11,
            "sslEnd" : -1,
            "connectEnd" : 5,
            "connectStart" : 0,
            "id" : "download_62",
            "receivedTime" : "1566.61000009626",
            "sslStart" : -1,
            "dnsStart" : -1,
            "receiveLast" : 1555.61000009626,
            "s_time" : 1388.20900011342,
            "sendEnd" : 5,
            "sendStart" : 5,
            "type" : "image/jpeg"
         }
      },
      {
         "when_comp_start" : -1,
         "url" : "http://modified.testbed.localhost/img.buzzfeed.com/buzzfeed-static/static/2016-05/6/5/campaign_images/webdr13/can-you-pass-this-maths-sat-test-for-6-year-olds-2-7174-1462527199-0_wide.jpg",
         "id" : "r82",
         "comps" : [],
         "download" : {
            "receiveFirst" : 5,
            "len" : 4948,
            "dns" : 0,
            "dnsEnd" : -1,
            "receiveHeadersEnd" : 11,
            "sslEnd" : -1,
            "connectEnd" : 5,
            "connectStart" : 0,
            "id" : "download_63",
            "receivedTime" : "1567.14300008025",
            "sslStart" : -1,
            "dnsStart" : -1,
            "receiveLast" : 1556.14300008025,
            "s_time" : 1388.96500004921,
            "sendEnd" : 6,
            "sendStart" : 5,
            "type" : "image/jpeg"
         }
      },
      {
         "when_comp_start" : -1,
         "url" : "http://modified.testbed.localhost/img.buzzfeed.com/buzzfeed-static/static/2016-05/5/14/campaign_images/webdr04/this-naval-officer-is-an-instagram-sensation-due--2-8476-1462472919-0_wide.jpg",
         "id" : "r83",
         "comps" : [],
         "download" : {
            "receiveFirst" : 8,
            "len" : 13824,
            "dns" : 0,
            "dnsEnd" : -1,
            "receiveHeadersEnd" : 14,
            "sslEnd" : -1,
            "connectEnd" : 6,
            "connectStart" : 0,
            "id" : "download_64",
            "receivedTime" : "1567.52900010906",
            "sslStart" : -1,
            "dnsStart" : -1,
            "receiveLast" : 1553.52900010906,
            "s_time" : 1389.87000007182,
            "sendEnd" : 6,
            "sendStart" : 6,
            "type" : "image/jpeg"
         }
      },
      {
         "when_comp_start" : -1,
         "url" : "http://modified.testbed.localhost/img.buzzfeed.com/buzzfeed-static/static/2016-05/4/10/campaign_images/webdr07/asos-prom-dresses-2-24236-1462370609-1_wide.jpg",
         "id" : "r84",
         "comps" : [],
         "download" : {
            "receiveFirst" : 5,
            "len" : 24038,
            "dns" : 0,
            "dnsEnd" : -1,
            "receiveHeadersEnd" : 18,
            "sslEnd" : -1,
            "connectEnd" : 13,
            "connectStart" : 0,
            "id" : "download_65",
            "receivedTime" : "1568.55000008363",
            "sslStart" : -1,
            "dnsStart" : -1,
            "receiveLast" : 1550.55000008363,
            "s_time" : 1390.58800006751,
            "sendEnd" : 13,
            "sendStart" : 13,
            "type" : "image/jpeg"
         }
      },
      {
         "when_comp_start" : -1,
         "url" : "http://modified.testbed.localhost/img.buzzfeed.com/buzzfeed-static/static/2016-05/6/11/campaign_images/webdr14/can-you-pick-which-couple-is-actually-miserable-2-27539-1462547084-1_wide.jpg",
         "id" : "r85",
         "comps" : [],
         "download" : {
            "receiveFirst" : 5,
            "len" : 18018,
            "dns" : 0,
            "dnsEnd" : -1,
            "receiveHeadersEnd" : 19,
            "sslEnd" : -1,
            "connectEnd" : 14,
            "connectStart" : 0,
            "id" : "download_66",
            "receivedTime" : "1568.99500009604",
            "sslStart" : -1,
            "dnsStart" : -1,
            "receiveLast" : 1549.99500009604,
            "s_time" : 1391.31700003054,
            "sendEnd" : 14,
            "sendStart" : 14,
            "type" : "image/jpeg"
         }
      },
      {
         "when_comp_start" : -1,
         "url" : "http://modified.testbed.localhost/img.buzzfeed.com/buzzfeed-static/static/2016-05/6/11/campaign_images/webdr04/18-very-nsfw-photos-of-tits-and-boobies-2-30777-1462546996-4_wide.jpg",
         "id" : "r87",
         "comps" : [],
         "download" : {
            "receiveFirst" : 8,
            "len" : 16938,
            "dns" : 0,
            "dnsEnd" : -1,
            "receiveHeadersEnd" : 21,
            "sslEnd" : -1,
            "connectEnd" : 13,
            "connectStart" : 0,
            "id" : "download_67",
            "receivedTime" : "1570.66300010774",
            "sslStart" : -1,
            "dnsStart" : -1,
            "receiveLast" : 1549.66300010774,
            "s_time" : 1392.7520000143,
            "sendEnd" : 13,
            "sendStart" : 13,
            "type" : "image/jpeg"
         }
      },
      {
         "when_comp_start" : -1,
         "url" : "http://modified.testbed.localhost/img.buzzfeed.com/buzzfeed-static/static/2016-04/enhanced/webdr13/badge_images/surprise.png%3Fv=1462559564",
         "id" : "r86",
         "comps" : [],
         "download" : {
            "receiveFirst" : 6,
            "len" : 5366,
            "dns" : 0,
            "dnsEnd" : -1,
            "receiveHeadersEnd" : 20,
            "sslEnd" : -1,
            "connectEnd" : 14,
            "connectStart" : 0,
            "id" : "download_68",
            "receivedTime" : "1570.1410000911",
            "sslStart" : -1,
            "dnsStart" : -1,
            "receiveLast" : 1550.1410000911,
            "s_time" : 1392.11900008377,
            "sendEnd" : 14,
            "sendStart" : 14,
            "type" : "image/png"
         }
      },
      {
         "when_comp_start" : -1,
         "url" : "http://modified.testbed.localhost/img.buzzfeed.com/buzzfeed-static/static/2016-05/5/17/campaign_images/webdr05/people-are-obsessed-with-this-womans-response-to--2-22989-1462482922-9_wide.jpg",
         "id" : "r88",
         "comps" : [],
         "download" : {
            "receiveFirst" : 7,
            "len" : 12997,
            "dns" : 0,
            "dnsEnd" : -1,
            "receiveHeadersEnd" : 15,
            "sslEnd" : -1,
            "connectEnd" : 8,
            "connectStart" : 0,
            "id" : "download_69",
            "receivedTime" : "1571.10900001135",
            "sslStart" : -1,
            "dnsStart" : -1,
            "receiveLast" : 1556.10900001135,
            "s_time" : 1399.38100008294,
            "sendEnd" : 8,
            "sendStart" : 8,
            "type" : "image/jpeg"
         }
      },
      {
         "when_comp_start" : -1,
         "url" : "http://modified.testbed.localhost/img.buzzfeed.com/buzzfeed-static/static/2016-04/29/19/campaign_images/webdr06/19-people-who-are-definitely-slytherins-2-6797-1461972744-1_wide.jpg",
         "id" : "r89",
         "comps" : [],
         "download" : {
            "receiveFirst" : 6,
            "len" : 17937,
            "dns" : 0,
            "dnsEnd" : -1,
            "receiveHeadersEnd" : 17,
            "sslEnd" : -1,
            "connectEnd" : 11,
            "connectStart" : 0,
            "id" : "download_70",
            "receivedTime" : "1572.21600005869",
            "sslStart" : -1,
            "dnsStart" : -1,
            "receiveLast" : 1555.21600005869,
            "s_time" : 1401.87100006733,
            "sendEnd" : 11,
            "sendStart" : 11,
            "type" : "image/jpeg"
         }
      },
      {
         "when_comp_start" : -1,
         "url" : "http://modified.testbed.localhost/img.buzzfeed.com/buzzfeed-static/static/2016-05/5/9/campaign_images/webdr06/can-you-pick-the-guy-with-the-biggest-dick-2-32343-1462453914-1_wide.jpg",
         "id" : "r90",
         "comps" : [],
         "download" : {
            "receiveFirst" : 6,
            "len" : 9910,
            "dns" : 0,
            "dnsEnd" : -1,
            "receiveHeadersEnd" : 16,
            "sslEnd" : -1,
            "connectEnd" : 10,
            "connectStart" : 0,
            "id" : "download_71",
            "receivedTime" : "1572.6400000276",
            "sslStart" : -1,
            "dnsStart" : -1,
            "receiveLast" : 1556.6400000276,
            "s_time" : 1404.37200001907,
            "sendEnd" : 10,
            "sendStart" : 10,
            "type" : "image/jpeg"
         }
      },
      {
         "when_comp_start" : -1,
         "url" : "http://modified.testbed.localhost/img.buzzfeed.com/buzzfeed-static/static/badge_images/in/viral.png%3Fv=1462559564",
         "id" : "r91",
         "comps" : [],
         "download" : {
            "receiveFirst" : 5,
            "len" : 1828,
            "dns" : 0,
            "dnsEnd" : -1,
            "receiveHeadersEnd" : 16,
            "sslEnd" : -1,
            "connectEnd" : 11,
            "connectStart" : 0,
            "id" : "download_72",
            "receivedTime" : "1573.14700004645",
            "sslStart" : -1,
            "dnsStart" : -1,
            "receiveLast" : 1557.14700004645,
            "s_time" : 1405.05700011272,
            "sendEnd" : 11,
            "sendStart" : 11,
            "type" : "image/png"
         }
      },
      {
         "when_comp_start" : -1,
         "url" : "http://modified.testbed.localhost/img.buzzfeed.com/buzzfeed-static/static/2016-05/5/9/campaign_images/webdr11/this-friends-themed-bridal-shower-will-make-you-w-2-12459-1462456500-0_wide.jpg",
         "id" : "r92",
         "comps" : [],
         "download" : {
            "receiveFirst" : 5,
            "len" : 21070,
            "dns" : 0,
            "dnsEnd" : -1,
            "receiveHeadersEnd" : 16,
            "sslEnd" : -1,
            "connectEnd" : 10,
            "connectStart" : 0,
            "id" : "download_73",
            "receivedTime" : "1574.39700001851",
            "sslStart" : -1,
            "dnsStart" : -1,
            "receiveLast" : 1558.39700001851,
            "s_time" : 1406.92300000228,
            "sendEnd" : 11,
            "sendStart" : 10,
            "type" : "image/jpeg"
         }
      },
      {
         "when_comp_start" : -1,
         "url" : "http://modified.testbed.localhost/img.buzzfeed.com/buzzfeed-static/static/2016-05/4/9/campaign_images/webdr14/ted-cruz-elbowed-his-wife-in-the-face-after-he-qu-2-32722-1462370300-0_wide.jpg",
         "id" : "r93",
         "comps" : [],
         "download" : {
            "receiveFirst" : 6,
            "len" : 15016,
            "dns" : 0,
            "dnsEnd" : -1,
            "receiveHeadersEnd" : 12,
            "sslEnd" : -1,
            "connectEnd" : 6,
            "connectStart" : 0,
            "id" : "download_74",
            "receivedTime" : "1574.66800010297",
            "sslStart" : -1,
            "dnsStart" : -1,
            "receiveLast" : 1562.66800010297,
            "s_time" : 1411.43600002397,
            "sendEnd" : 6,
            "sendStart" : 6,
            "type" : "image/jpeg"
         }
      },
      {
         "when_comp_start" : -1,
         "url" : "http://modified.testbed.localhost/img.buzzfeed.com/buzzfeed-static/static/2016-05/4/12/campaign_images/webdr06/we-tried-to-take-a-middle-school-sex-education-qu-2-4735-1462379087-4_wide.jpg",
         "id" : "r94",
         "comps" : [],
         "download" : {
            "receiveFirst" : 5,
            "len" : 19020,
            "dns" : 0,
            "dnsEnd" : -1,
            "receiveHeadersEnd" : 13,
            "sslEnd" : -1,
            "connectEnd" : 8,
            "connectStart" : 0,
            "id" : "download_75",
            "receivedTime" : "1575.34100010525",
            "sslStart" : -1,
            "dnsStart" : -1,
            "receiveLast" : 1562.34100010525,
            "s_time" : 1413.54100010358,
            "sendEnd" : 8,
            "sendStart" : 8,
            "type" : "image/jpeg"
         }
      },
      {
         "when_comp_start" : -1,
         "url" : "http://modified.testbed.localhost/webappstatic.buzzfeed.com/static/js/General_concat_footer.js%3Fv=1462559564",
         "id" : "r95",
         "comps" : [
            {
               "s_time" : 1581.56500000041,
               "time" : 132.18300009612,
               "type" : 1,
               "id" : "comp_264",
               "e_time" : 1713.74800009653
            }
         ],
         "download" : {
            "receiveFirst" : 7,
            "len" : 267426,
            "dns" : 0,
            "dnsEnd" : -1,
            "receiveHeadersEnd" : 9,
            "sslEnd" : -1,
            "connectEnd" : 1,
            "connectStart" : 0,
            "id" : "download_76",
            "receivedTime" : "1581.3710000366",
            "sslStart" : -1,
            "dnsStart" : -1,
            "receiveLast" : 1572.3710000366,
            "s_time" : 1426.0620001005,
            "sendEnd" : 2,
            "sendStart" : 1,
            "type" : "text/plain"
         }
      },
      {
         "when_comp_start" : -1,
         "url" : "http://modified.testbed.localhost/platform.instagram.com/en_US/embeds.js",
         "id" : "r98",
         "comps" : [
            {
               "s_time" : 2358.46200003289,
               "time" : 45.6300000660099,
               "type" : null,
               "id" : "comp_316",
               "e_time" : 2404.0920000989
            }
         ],
         "download" : {
            "receiveFirst" : 6,
            "len" : 45301,
            "dns" : 0,
            "dnsEnd" : -1,
            "receiveHeadersEnd" : 9,
            "sslEnd" : -1,
            "connectEnd" : 3,
            "connectStart" : 0,
            "id" : "download_77",
            "receivedTime" : "1579.90900008008",
            "sslStart" : -1,
            "dnsStart" : -1,
            "receiveLast" : 1570.90900008008,
            "s_time" : 1433.39500005823,
            "sendEnd" : 3,
            "sendStart" : 3,
            "type" : "application/javascript"
         }
      },
      {
         "when_comp_start" : -1,
         "url" : "http://modified.testbed.localhost/t.co/i/adsct%3Ftxn_id=l5xur&p_id=Twitter&tw_sale_amount=0&tw_order_quantity=0",
         "id" : "r97",
         "comps" : [],
         "download" : {
            "receiveFirst" : 5,
            "len" : 43,
            "dns" : 0,
            "dnsEnd" : -1,
            "receiveHeadersEnd" : 8,
            "sslEnd" : -1,
            "connectEnd" : 3,
            "connectStart" : 0,
            "id" : "download_78",
            "receivedTime" : "1578.44100007787",
            "sslStart" : -1,
            "dnsStart" : -1,
            "receiveLast" : 1570.44100007787,
            "s_time" : 1433.14800004009,
            "sendEnd" : 3,
            "sendStart" : 3,
            "type" : "image/gif"
         }
      },
      {
         "when_comp_start" : -1,
         "url" : "http://modified.testbed.localhost/analytics.twitter.com/i/adsct%3Ftxn_id=l5xur&p_id=Twitter&tw_sale_amount=0&tw_order_quantity=0",
         "id" : "r96",
         "comps" : [],
         "download" : {
            "receiveFirst" : 6,
            "len" : 43,
            "dns" : 0,
            "dnsEnd" : -1,
            "receiveHeadersEnd" : 9,
            "sslEnd" : -1,
            "connectEnd" : 3,
            "connectStart" : 0,
            "id" : "download_79",
            "receivedTime" : "1578.94800009672",
            "sslStart" : -1,
            "dnsStart" : -1,
            "receiveLast" : 1569.94800009672,
            "s_time" : 1432.78100003954,
            "sendEnd" : 3,
            "sendStart" : 3,
            "type" : "image/gif"
         }
      },
      {
         "when_comp_start" : -1,
         "url" : "http://modified.testbed.localhost/webappstatic.buzzfeed.com/static/images/desktop/icons/play_icon.png%3Fv=1462559564",
         "id" : "r100",
         "comps" : [],
         "download" : {
            "receiveFirst" : 4,
            "len" : 1048,
            "dns" : 0,
            "dnsEnd" : -1,
            "receiveHeadersEnd" : 4,
            "sslEnd" : -1,
            "connectEnd" : 0,
            "connectStart" : 0,
            "id" : "download_80",
            "receivedTime" : "2335.02800005954",
            "sslStart" : -1,
            "dnsStart" : -1,
            "receiveLast" : 2331.02800005954,
            "s_time" : 1464.50700005516,
            "sendEnd" : 0,
            "sendStart" : 0,
            "type" : "image/png"
         }
      },
      {
         "when_comp_start" : -1,
         "url" : "http://modified.testbed.localhost/webappstatic.buzzfeed.com/static/images/public/sidebars/vertical_promo_headers.png%3Fv=1462559564",
         "id" : "r101",
         "comps" : [],
         "download" : {
            "receiveFirst" : 3,
            "len" : 104260,
            "dns" : 0,
            "dnsEnd" : -1,
            "receiveHeadersEnd" : 4,
            "sslEnd" : -1,
            "connectEnd" : 0,
            "connectStart" : 0,
            "id" : "download_81",
            "receivedTime" : "2341.5920000989",
            "sslStart" : -1,
            "dnsStart" : -1,
            "receiveLast" : 2337.5920000989,
            "s_time" : 1466.4810000686,
            "sendEnd" : 1,
            "sendStart" : 0,
            "type" : "image/png"
         }
      },
      {
         "when_comp_start" : -1,
         "url" : "http://modified.testbed.localhost/webappstatic.buzzfeed.com/static/images/public/homepage/homepage-sprite.png%3Fv=1462559564",
         "id" : "r102",
         "comps" : [],
         "download" : {
            "receiveFirst" : 3,
            "len" : 77809,
            "dns" : 0,
            "dnsEnd" : -1,
            "receiveHeadersEnd" : 4,
            "sslEnd" : -1,
            "connectEnd" : 1,
            "connectStart" : 0,
            "id" : "download_82",
            "receivedTime" : "2340.3770000441",
            "sslStart" : -1,
            "dnsStart" : -1,
            "receiveLast" : 2336.3770000441,
            "s_time" : 1468.04800000973,
            "sendEnd" : 1,
            "sendStart" : 1,
            "type" : "image/png"
         }
      },
      {
         "when_comp_start" : -1,
         "url" : "http://modified.testbed.localhost/webappstatic.buzzfeed.com/static/images/global/made-ny-logo.png%3Fv=1462559564",
         "id" : "r103",
         "comps" : [],
         "download" : {
            "receiveFirst" : 8,
            "len" : 2867,
            "dns" : 0,
            "dnsEnd" : -1,
            "receiveHeadersEnd" : 9,
            "sslEnd" : -1,
            "connectEnd" : 1,
            "connectStart" : 0,
            "id" : "download_83",
            "receivedTime" : "2342.72600000259",
            "sslStart" : -1,
            "dnsStart" : -1,
            "receiveLast" : 2333.72600000259,
            "s_time" : 1475.93000007328,
            "sendEnd" : 1,
            "sendStart" : 1,
            "type" : "image/png"
         }
      },
      {
         "when_comp_start" : -1,
         "url" : "http://modified.testbed.localhost/webappstatic.buzzfeed.com/static/images/global/legacy-tests/legacy-test--home.png%3Fv=1462559564",
         "id" : "r104",
         "comps" : [],
         "download" : {
            "receiveFirst" : 8,
            "len" : 930,
            "dns" : 0,
            "dnsEnd" : -1,
            "receiveHeadersEnd" : 9,
            "sslEnd" : -1,
            "connectEnd" : 1,
            "connectStart" : 0,
            "id" : "download_84",
            "receivedTime" : "2342.31800003909",
            "sslStart" : -1,
            "dnsStart" : -1,
            "receiveLast" : 2333.31800003909,
            "s_time" : 1476.4950000681,
            "sendEnd" : 1,
            "sendStart" : 1,
            "type" : "image/png"
         }
      },
      {
         "when_comp_start" : -1,
         "url" : "http://modified.testbed.localhost/webappstatic.buzzfeed.com/static/fonts/fontawesome-webfont.woff%3Fv=4.2.0",
         "id" : "r25",
         "comps" : [],
         "download" : {
            "receiveFirst" : 3,
            "len" : 83760,
            "dns" : 0,
            "dnsEnd" : -1,
            "receiveHeadersEnd" : 4,
            "sslEnd" : -1,
            "connectEnd" : 1,
            "connectStart" : 0,
            "id" : "download_85",
            "receivedTime" : "2561.57000001986",
            "sslStart" : -1,
            "dnsStart" : -1,
            "receiveLast" : 2557.57000001986,
            "s_time" : 2405.35000001546,
            "sendEnd" : 1,
            "sendStart" : 1,
            "type" : "application/octet-stream"
         }
      }
   ],
   "deps" : [
      {
         "a2" : "r1_c2",
         "time" : -1,
         "id" : "dep1",
         "a1" : "comp_8"
      },
      {
         "a2" : "r1_c3",
         "time" : -1,
         "id" : "dep2",
         "a1" : "comp_12"
      },
      {
         "a2" : "r1_c4",
         "time" : -1,
         "id" : "dep3",
         "a1" : "comp_14"
      },
      {
         "a2" : "r1_c5",
         "time" : -1,
         "id" : "dep4",
         "a1" : "comp_19"
      },
      {
         "a2" : "r1_c6",
         "time" : -1,
         "id" : "dep5",
         "a1" : "comp_27"
      },
      {
         "a2" : "r1_c7",
         "time" : -1,
         "id" : "dep6",
         "a1" : "comp_38"
      },
      {
         "a2" : "r1_c8",
         "time" : -1,
         "id" : "dep7",
         "a1" : "comp_264"
      },
      {
         "a2" : "comp_12",
         "time" : -1,
         "id" : "dep8",
         "a1" : "comp_8"
      },
      {
         "a2" : "comp_14",
         "time" : -1,
         "id" : "dep9",
         "a1" : "comp_12"
      },
      {
         "a2" : "comp_38",
         "time" : -1,
         "id" : "dep10",
         "a1" : "comp_36"
      },
      {
         "a2" : "comp_38",
         "time" : -1,
         "id" : "dep11",
         "a1" : "comp_33"
      },
      {
         "a2" : "comp_38",
         "time" : -1,
         "id" : "dep12",
         "a1" : "comp_37"
      },
      {
         "a2" : "comp_38",
         "time" : -1,
         "id" : "dep13",
         "a1" : "comp_35"
      },
      {
         "a2" : "comp_38",
         "time" : -1,
         "id" : "dep14",
         "a1" : "comp_34"
      },
      {
         "a2" : "download_85",
         "time" : -1,
         "id" : "dep15",
         "a1" : "r1_c8"
      },
      {
         "a2" : "download_84",
         "time" : -1,
         "id" : "dep16",
         "a1" : "r1_c7"
      },
      {
         "a2" : "download_83",
         "time" : 753.237999975685,
         "id" : "dep17",
         "a1" : "r1_c7"
      },
      {
         "a2" : "download_82",
         "time" : 745.355999912135,
         "id" : "dep18",
         "a1" : "r1_c7"
      },
      {
         "a2" : "download_81",
         "time" : 743.788999971005,
         "id" : "dep19",
         "a1" : "r1_c7"
      },
      {
         "a2" : "download_80",
         "time" : 741.814999957565,
         "id" : "dep20",
         "a1" : "r1_c7"
      },
      {
         "a2" : "download_79",
         "time" : 710.088999941945,
         "id" : "dep21",
         "a1" : "r1_c7"
      },
      {
         "a2" : "download_79",
         "time" : 710.088999941945,
         "id" : "dep22",
         "a1" : "r1_c7"
      },
      {
         "a2" : "download_78",
         "time" : 710.455999942495,
         "id" : "dep23",
         "a1" : "r1_c7"
      },
      {
         "a2" : "download_78",
         "time" : 710.455999942495,
         "id" : "dep24",
         "a1" : "r1_c7"
      },
      {
         "a2" : "download_77",
         "time" : 710.702999960635,
         "id" : "dep25",
         "a1" : "r1_c7"
      },
      {
         "a2" : "download_77",
         "time" : 710.702999960635,
         "id" : "dep26",
         "a1" : "r1_c7"
      },
      {
         "a2" : "download_76",
         "time" : 703.370000002905,
         "id" : "dep27",
         "a1" : "r1_c7"
      },
      {
         "a2" : "download_75",
         "time" : 690.849000005985,
         "id" : "dep28",
         "a1" : "r1_c7"
      },
      {
         "a2" : "download_74",
         "time" : 688.743999926375,
         "id" : "dep29",
         "a1" : "r1_c7"
      },
      {
         "a2" : "download_73",
         "time" : 684.230999904685,
         "id" : "dep30",
         "a1" : "r1_c7"
      },
      {
         "a2" : "download_72",
         "time" : 682.365000015125,
         "id" : "dep31",
         "a1" : "r1_c7"
      },
      {
         "a2" : "download_71",
         "time" : 681.679999921475,
         "id" : "dep32",
         "a1" : "r1_c7"
      },
      {
         "a2" : "download_70",
         "time" : 679.178999969735,
         "id" : "dep33",
         "a1" : "r1_c7"
      },
      {
         "a2" : "download_69",
         "time" : 676.688999985345,
         "id" : "dep34",
         "a1" : "r1_c7"
      },
      {
         "a2" : "download_68",
         "time" : 669.426999986175,
         "id" : "dep35",
         "a1" : "r1_c7"
      },
      {
         "a2" : "download_67",
         "time" : 670.059999916705,
         "id" : "dep36",
         "a1" : "r1_c7"
      },
      {
         "a2" : "download_66",
         "time" : 668.624999932945,
         "id" : "dep37",
         "a1" : "r1_c7"
      },
      {
         "a2" : "download_65",
         "time" : 667.895999969915,
         "id" : "dep38",
         "a1" : "r1_c7"
      },
      {
         "a2" : "download_64",
         "time" : 667.177999974225,
         "id" : "dep39",
         "a1" : "r1_c7"
      },
      {
         "a2" : "download_63",
         "time" : 666.272999951615,
         "id" : "dep40",
         "a1" : "r1_c7"
      },
      {
         "a2" : "download_62",
         "time" : 665.517000015825,
         "id" : "dep41",
         "a1" : "r1_c7"
      },
      {
         "a2" : "download_61",
         "time" : 665.131999994625,
         "id" : "dep42",
         "a1" : "r1_c7"
      },
      {
         "a2" : "download_60",
         "time" : 664.413999998945,
         "id" : "dep43",
         "a1" : "r1_c7"
      },
      {
         "a2" : "download_59",
         "time" : 644.288999959825,
         "id" : "dep44",
         "a1" : "r1_c7"
      },
      {
         "a2" : "download_58",
         "time" : 643.217999953775,
         "id" : "dep45",
         "a1" : "r1_c7"
      },
      {
         "a2" : "download_57",
         "time" : 639.776999945755,
         "id" : "dep46",
         "a1" : "r1_c7"
      },
      {
         "a2" : "download_56",
         "time" : 638.930000015535,
         "id" : "dep47",
         "a1" : "r1_c7"
      },
      {
         "a2" : "download_55",
         "time" : 634.672999964095,
         "id" : "dep48",
         "a1" : "r1_c7"
      },
      {
         "a2" : "download_54",
         "time" : 633.740999968725,
         "id" : "dep49",
         "a1" : "r1_c7"
      },
      {
         "a2" : "download_53",
         "time" : 632.068999926555,
         "id" : "dep50",
         "a1" : "r1_c7"
      },
      {
         "a2" : "download_52",
         "time" : 630.009999964385,
         "id" : "dep51",
         "a1" : "r1_c7"
      },
      {
         "a2" : "download_51",
         "time" : 628.417999949305,
         "id" : "dep52",
         "a1" : "r1_c7"
      },
      {
         "a2" : "download_50",
         "time" : 623.612999916075,
         "id" : "dep53",
         "a1" : "r1_c7"
      },
      {
         "a2" : "download_49",
         "time" : 621.350999921565,
         "id" : "dep54",
         "a1" : "r1_c7"
      },
      {
         "a2" : "download_48",
         "time" : 620.430999901145,
         "id" : "dep55",
         "a1" : "r1_c7"
      },
      {
         "a2" : "download_47",
         "time" : 617.056999937635,
         "id" : "dep56",
         "a1" : "r1_c7"
      },
      {
         "a2" : "download_46",
         "time" : 616.366999922325,
         "id" : "dep57",
         "a1" : "r1_c7"
      },
      {
         "a2" : "download_45",
         "time" : 613.236999954095,
         "id" : "dep58",
         "a1" : "r1_c7"
      },
      {
         "a2" : "download_44",
         "time" : 609.609999926765,
         "id" : "dep59",
         "a1" : "r1_c7"
      },
      {
         "a2" : "download_43",
         "time" : 608.630999922755,
         "id" : "dep60",
         "a1" : "r1_c7"
      },
      {
         "a2" : "download_42",
         "time" : 604.240000015125,
         "id" : "dep61",
         "a1" : "r1_c7"
      },
      {
         "a2" : "download_41",
         "time" : 601.558999973345,
         "id" : "dep62",
         "a1" : "r1_c7"
      },
      {
         "a2" : "download_40",
         "time" : 599.578999914225,
         "id" : "dep63",
         "a1" : "r1_c7"
      },
      {
         "a2" : "download_39",
         "time" : 586.655999999495,
         "id" : "dep64",
         "a1" : "r1_c7"
      },
      {
         "a2" : "download_38",
         "time" : 585.860999999565,
         "id" : "dep65",
         "a1" : "r1_c7"
      },
      {
         "a2" : "download_37",
         "time" : 585.116999922325,
         "id" : "dep66",
         "a1" : "r1_c7"
      },
      {
         "a2" : "download_36",
         "time" : 582.411999930625,
         "id" : "dep67",
         "a1" : "r1_c7"
      },
      {
         "a2" : "download_35",
         "time" : 581.537999911235,
         "id" : "dep68",
         "a1" : "r1_c7"
      },
      {
         "a2" : "download_34",
         "time" : 580.567999975755,
         "id" : "dep69",
         "a1" : "r1_c7"
      },
      {
         "a2" : "download_33",
         "time" : 580.119999940505,
         "id" : "dep70",
         "a1" : "r1_c7"
      },
      {
         "a2" : "download_32",
         "time" : 578.527999925425,
         "id" : "dep71",
         "a1" : "r1_c7"
      },
      {
         "a2" : "download_31",
         "time" : 577.641999931075,
         "id" : "dep72",
         "a1" : "r1_c7"
      },
      {
         "a2" : "download_30",
         "time" : 539.344999939205,
         "id" : "dep73",
         "a1" : "r1_c7"
      },
      {
         "a2" : "download_29",
         "time" : 536.087999935265,
         "id" : "dep74",
         "a1" : "r1_c7"
      },
      {
         "a2" : "download_28",
         "time" : 292.550000012855,
         "id" : "dep75",
         "a1" : "r1_c7"
      },
      {
         "a2" : "download_27",
         "time" : 293.841999955475,
         "id" : "dep76",
         "a1" : "r1_c7"
      },
      {
         "a2" : "download_26",
         "time" : 291.517999954525,
         "id" : "dep77",
         "a1" : "r1_c7"
      },
      {
         "a2" : "download_25",
         "time" : 289.938999922015,
         "id" : "dep78",
         "a1" : "r1_c7"
      },
      {
         "a2" : "download_24",
         "time" : 176.136999973096,
         "id" : "dep79",
         "a1" : "r1_c7"
      },
      {
         "a2" : "download_23",
         "time" : 175.072000012733,
         "id" : "dep80",
         "a1" : "r1_c7"
      },
      {
         "a2" : "download_22",
         "time" : 173.982999986038,
         "id" : "dep81",
         "a1" : "r1_c7"
      },
      {
         "a2" : "download_21",
         "time" : 165.435999981128,
         "id" : "dep82",
         "a1" : "r1_c7"
      },
      {
         "a2" : "download_20",
         "time" : 161.870999960229,
         "id" : "dep83",
         "a1" : "r1_c7"
      },
      {
         "a2" : "download_19",
         "time" : 129.703999962658,
         "id" : "dep84",
         "a1" : "r1_c7"
      },
      {
         "a2" : "download_18",
         "time" : 127.884999965318,
         "id" : "dep85",
         "a1" : "r1_c7"
      },
      {
         "a2" : "download_17",
         "time" : 110.779999988154,
         "id" : "dep86",
         "a1" : "r1_c7"
      },
      {
         "a2" : "download_16",
         "time" : 106.49499995634,
         "id" : "dep87",
         "a1" : "r1_c7"
      },
      {
         "a2" : "download_15",
         "time" : 106.158999959007,
         "id" : "dep88",
         "a1" : "r1_c7"
      },
      {
         "a2" : "download_14",
         "time" : -1,
         "id" : "dep89",
         "a1" : "r1_c5"
      },
      {
         "a2" : "download_14",
         "time" : 146.230999962427,
         "id" : "dep90",
         "a1" : "r1_c5"
      },
      {
         "a2" : "download_13",
         "time" : 13.734999927692,
         "id" : "dep91",
         "a1" : "r1_c5"
      },
      {
         "a2" : "download_12",
         "time" : 13.38899997063,
         "id" : "dep92",
         "a1" : "r1_c5"
      },
      {
         "a2" : "download_11",
         "time" : 14.324999996461,
         "id" : "dep93",
         "a1" : "r1_c5"
      },
      {
         "a2" : "download_10",
         "time" : 13.088000006974,
         "id" : "dep94",
         "a1" : "r1_c5"
      },
      {
         "a2" : "download_9",
         "time" : 12.492000008934,
         "id" : "dep95",
         "a1" : "r1_c5"
      },
      {
         "a2" : "download_8",
         "time" : 12.784999911674,
         "id" : "dep96",
         "a1" : "r1_c5"
      },
      {
         "a2" : "download_7",
         "time" : -1,
         "id" : "dep97",
         "a1" : "r1_c1"
      },
      {
         "a2" : "download_6",
         "time" : 39.109000004828,
         "id" : "dep98",
         "a1" : "r1_c1"
      },
      {
         "a2" : "download_5",
         "time" : 38.6590000707656,
         "id" : "dep99",
         "a1" : "r1_c1"
      },
      {
         "a2" : "download_5",
         "time" : 38.6590000707656,
         "id" : "dep100",
         "a1" : "r1_c1"
      },
      {
         "a2" : "download_4",
         "time" : 38.2189999800175,
         "id" : "dep101",
         "a1" : "r1_c1"
      },
      {
         "a2" : "download_4",
         "time" : 38.2189999800175,
         "id" : "dep102",
         "a1" : "r1_c1"
      },
      {
         "a2" : "download_3",
         "time" : 34.3690000008792,
         "id" : "dep103",
         "a1" : "r1_c1"
      },
      {
         "a2" : "download_3",
         "time" : 34.3690000008792,
         "id" : "dep104",
         "a1" : "r1_c1"
      },
      {
         "a2" : "download_2",
         "time" : 34.6579999895766,
         "id" : "dep105",
         "a1" : "r1_c1"
      },
      {
         "a2" : "download_2",
         "time" : 34.6579999895766,
         "id" : "dep106",
         "a1" : "r1_c1"
      },
      {
         "a2" : "download_1",
         "time" : 33.9500000700354,
         "id" : "dep107",
         "a1" : "r1_c1"
      }
   ]
}
