{
   "n_download_no_trigger" : 1,
   "start_activity" : "download_0",
   "name" : "modified.testbed.localhost_www.examiner.com_",
   "load_activity" : -1,
   "objs" : [
      {
         "when_comp_start" : 1,
         "url" : "http://modified.testbed.localhost/www.examiner.com/",
         "id" : "r1",
         "comps" : [
            {
               "s_time" : 44.4140000035986,
               "time" : 41.298000025563,
               "id" : "r1_c1",
               "type" : "evalhtml",
               "e_time" : 85.7120000291616
            },
            {
               "s_time" : 120.512000052258,
               "time" : -701938784.72,
               "id" : "r1_c2",
               "type" : "evalhtml",
               "e_time" : -701938664.208
            },
            {
               "s_time" : 256.340000079945,
               "time" : 247.115999925881,
               "id" : "r1_c3",
               "type" : "evalhtml",
               "e_time" : 503.456000005826
            },
            {
               "s_time" : 568.605000036769,
               "time" : -701939232.813,
               "id" : "r1_c4",
               "type" : "evalhtml",
               "e_time" : -701938664.208
            },
            {
               "s_time" : 570.881000021473,
               "time" : -701939235.089,
               "id" : "r1_c5",
               "type" : "evalhtml",
               "e_time" : -701938664.208
            },
            {
               "s_time" : 629.030000069179,
               "time" : -701939293.238,
               "id" : "r1_c6",
               "type" : "evalhtml",
               "e_time" : -701938664.208
            },
            {
               "s_time" : 644.804000039585,
               "time" : 274.892000015825,
               "type" : "evalhtml",
               "id" : "r1_c7",
               "e_time" : 919.69600005541
            }
         ],
         "download" : {
            "receiveFirst" : 3,
            "len" : 97136,
            "dns" : 0,
            "dnsEnd" : -1,
            "receiveHeadersEnd" : 3,
            "sslEnd" : -1,
            "connectEnd" : 0,
            "connectStart" : 0,
            "id" : "download_0",
            "receivedTime" : "43.7530000926927",
            "sslStart" : -1,
            "dnsStart" : -1,
            "receiveLast" : 40.7530000926927,
            "s_time" : 0,
            "sendEnd" : 0,
            "sendStart" : 0,
            "type" : "text/html"
         }
      },
      {
         "when_comp_start" : -1,
         "url" : "http://modified.testbed.localhost/cdn2-b.examiner.com/sites/default/files/css/css_WVI5b0NR7PNdLQAufIMULGKRaPVj7ZWSixaaqpQ8iR4_452_1.css",
         "id" : "r2",
         "comps" : [
            {
               "s_time" : 64.1140000661835,
               "time" : 0.296000041998909,
               "type" : 4,
               "id" : "comp_1",
               "e_time" : 64.4100001081824
            }
         ],
         "download" : {
            "receiveFirst" : 3,
            "len" : 415,
            "dns" : 0,
            "dnsEnd" : -1,
            "receiveHeadersEnd" : 7,
            "sslEnd" : -1,
            "connectEnd" : 4,
            "connectStart" : 0,
            "id" : "download_1",
            "receivedTime" : "63.8860000763088",
            "sslStart" : -1,
            "dnsStart" : -1,
            "receiveLast" : 56.8860000763088,
            "s_time" : 54.649000056088,
            "sendEnd" : 4,
            "sendStart" : 4,
            "type" : "text/css"
         }
      },
      {
         "when_comp_start" : -1,
         "url" : "http://modified.testbed.localhost/cdn2-b.examiner.com/sites/default/files/css/css_iM0e58F9UuXz9n7_NutmG7vEipuH3IgrlP8vGiwo9oA_452_1.css",
         "id" : "r3",
         "comps" : [
            {
               "s_time" : 82.5040000490844,
               "time" : 52.1850000368436,
               "type" : 4,
               "id" : "comp_5",
               "e_time" : 134.689000085928
            }
         ],
         "download" : {
            "receiveFirst" : 5,
            "len" : 131062,
            "dns" : 0,
            "dnsEnd" : -1,
            "receiveHeadersEnd" : 9,
            "sslEnd" : -1,
            "connectEnd" : 4,
            "connectStart" : 0,
            "id" : "download_2",
            "receivedTime" : "82.2540000081062",
            "sslStart" : -1,
            "dnsStart" : -1,
            "receiveLast" : 73.2540000081062,
            "s_time" : 55.0770000554621,
            "sendEnd" : 4,
            "sendStart" : 4,
            "type" : "text/css"
         }
      },
      {
         "when_comp_start" : -1,
         "url" : "http://modified.testbed.localhost/cdn2-b.examiner.com/sites/default/files/css/css_-pOaQB6BsVmy1RffuEK02PxiDvG3CgnKQWUwLTx1FI8_452_1.css",
         "id" : "r4",
         "comps" : [
            {
               "s_time" : 71.3300000643358,
               "time" : 0.620999955572188,
               "type" : 4,
               "id" : "comp_3",
               "e_time" : 71.951000019908
            }
         ],
         "download" : {
            "receiveFirst" : 8,
            "len" : 4354,
            "dns" : 0,
            "dnsEnd" : -1,
            "receiveHeadersEnd" : 11,
            "sslEnd" : -1,
            "connectEnd" : 3,
            "connectStart" : 0,
            "id" : "download_3",
            "receivedTime" : "71.0650000255555",
            "sslStart" : -1,
            "dnsStart" : -1,
            "receiveLast" : 60.0650000255555,
            "s_time" : 55.4120000451803,
            "sendEnd" : 3,
            "sendStart" : 3,
            "type" : "text/css"
         }
      },
      {
         "when_comp_start" : -1,
         "url" : "http://modified.testbed.localhost/cdn2-b.examiner.com/sites/default/files/js/js_izMbklKled8Iz36tDzoCaxKTK2LGkVInrJgIP9SfR_g_453_1.js%3Fo6dj05",
         "id" : "r5",
         "comps" : [
            {
               "s_time" : 107.142000109889,
               "time" : 13.369999942369,
               "type" : 1,
               "id" : "comp_6",
               "e_time" : 120.512000052258
            }
         ],
         "download" : {
            "receiveFirst" : 8,
            "len" : 7899,
            "dns" : 0,
            "dnsEnd" : -1,
            "receiveHeadersEnd" : 11,
            "sslEnd" : -1,
            "connectEnd" : 3,
            "connectStart" : 0,
            "id" : "download_4",
            "receivedTime" : "72.5420000962913",
            "sslStart" : -1,
            "dnsStart" : -1,
            "receiveLast" : 61.5420000962913,
            "s_time" : 55.8030001120642,
            "sendEnd" : 3,
            "sendStart" : 3,
            "type" : "text/plain"
         }
      },
      {
         "when_comp_start" : -1,
         "url" : "http://modified.testbed.localhost/pshared.5min.com/Scripts/Thumbseed2.js%3FtextLocation=1&thumbnailSize=0&displayHeader=false&sid=1304&width=1000&height=200&headerTextColor=%23000000&textFGColor=%23000&textBGColor=%23eeeeee&textBGColor_MO=%23eeeeee&textFGColor_MO=%23000&videoGroupID=156083",
         "id" : "r9",
         "comps" : [
            {
               "s_time" : 135.741000063717,
               "time" : 120.599000016228,
               "type" : 1,
               "id" : "comp_17",
               "e_time" : 256.340000079945
            }
         ],
         "download" : {
            "receiveFirst" : 9,
            "len" : 126269,
            "dns" : 0,
            "dnsEnd" : -1,
            "receiveHeadersEnd" : 11,
            "sslEnd" : -1,
            "connectEnd" : 2,
            "connectStart" : 0,
            "id" : "download_5",
            "receivedTime" : "135.502000106499",
            "sslStart" : -1,
            "dnsStart" : -1,
            "receiveLast" : 124.502000106499,
            "s_time" : 56.8120001116768,
            "sendEnd" : 2,
            "sendStart" : 2,
            "type" : "text/plain"
         }
      },
      {
         "when_comp_start" : -1,
         "url" : "http://modified.testbed.localhost/cdn2-b.examiner.com/sites/all/themes/greyhound/assets/images/examiner-logo.png",
         "id" : "r6",
         "comps" : [],
         "download" : {
            "receiveFirst" : 9,
            "len" : 4826,
            "dns" : 0,
            "dnsEnd" : -1,
            "receiveHeadersEnd" : 13,
            "sslEnd" : -1,
            "connectEnd" : 3,
            "connectStart" : 0,
            "id" : "download_6",
            "receivedTime" : "256.596000050195",
            "sslStart" : -1,
            "dnsStart" : -1,
            "receiveLast" : 243.596000050195,
            "s_time" : 70.780000067316,
            "sendEnd" : 4,
            "sendStart" : 3,
            "type" : "image/png"
         }
      },
      {
         "when_comp_start" : -1,
         "url" : "http://modified.testbed.localhost/cdn2-b.examiner.com/sites/default/files/styles/hero_curated_large/hash/c4/f3/c4f37cae277f688eefd339b23701cddd.jpg%3Fitok=Hhv9ahid",
         "id" : "r7",
         "comps" : [],
         "download" : {
            "receiveFirst" : 3,
            "len" : 25987,
            "dns" : 0,
            "dnsEnd" : -1,
            "receiveHeadersEnd" : 5,
            "sslEnd" : -1,
            "connectEnd" : 2,
            "connectStart" : 0,
            "id" : "download_7",
            "receivedTime" : "258.270999998786",
            "sslStart" : -1,
            "dnsStart" : -1,
            "receiveLast" : 253.270999998786,
            "s_time" : 85.3540000971407,
            "sendEnd" : 2,
            "sendStart" : 2,
            "type" : "image/jpeg"
         }
      },
      {
         "when_comp_start" : -1,
         "url" : "http://modified.testbed.localhost/cdn2-b.examiner.com/sites/default/files/styles/hero_curated_large/hash/a0/6f/a06fd3c379dac2c4143ae134fc4d5430.jpg%3Fitok=yhOjwrbH",
         "id" : "r8",
         "comps" : [],
         "download" : {
            "receiveFirst" : 4,
            "len" : 22301,
            "dns" : 0,
            "dnsEnd" : -1,
            "receiveHeadersEnd" : 6,
            "sslEnd" : -1,
            "connectEnd" : 2,
            "connectStart" : 0,
            "id" : "download_8",
            "receivedTime" : "257.903000107035",
            "sslStart" : -1,
            "dnsStart" : -1,
            "receiveLast" : 251.903000107035,
            "s_time" : 85.7120000291616,
            "sendEnd" : 2,
            "sendStart" : 2,
            "type" : "image/jpeg"
         }
      },
      {
         "when_comp_start" : -1,
         "url" : "http://modified.testbed.localhost/cdn2-b.examiner.com/sites/default/files/styles/hero_curated_large/hash/6f/ec/6fecdacf65952b60a13255d4b492dfff.jpg%3Fitok=SXIZ9sws",
         "id" : "r33",
         "comps" : [],
         "download" : {
            "receiveFirst" : 7,
            "len" : 22808,
            "dns" : 0,
            "dnsEnd" : -1,
            "receiveHeadersEnd" : 19,
            "sslEnd" : -1,
            "connectEnd" : 12,
            "connectStart" : 0,
            "id" : "download_9",
            "receivedTime" : "504.144000005908",
            "sslStart" : -1,
            "dnsStart" : -1,
            "receiveLast" : 485.144000005908,
            "s_time" : 263.381000026129,
            "sendEnd" : 12,
            "sendStart" : 12,
            "type" : "image/jpeg"
         }
      },
      {
         "when_comp_start" : -1,
         "url" : "http://modified.testbed.localhost/cdn2-b.examiner.com/sites/default/files/styles/hero_curated_large/hash/85/1b/851bac6ad28bc45b4e632adfcb24c84d.jpg%3Fitok=SZAVtkwQ",
         "id" : "r32",
         "comps" : [],
         "download" : {
            "receiveFirst" : 8,
            "len" : 30257,
            "dns" : 0,
            "dnsEnd" : -1,
            "receiveHeadersEnd" : 20,
            "sslEnd" : -1,
            "connectEnd" : 12,
            "connectStart" : 0,
            "id" : "download_10",
            "receivedTime" : "506.298000109382",
            "sslStart" : -1,
            "dnsStart" : -1,
            "receiveLast" : 486.298000109382,
            "s_time" : 262.909000040963,
            "sendEnd" : 12,
            "sendStart" : 12,
            "type" : "image/jpeg"
         }
      },
      {
         "when_comp_start" : -1,
         "url" : "http://modified.testbed.localhost/cdn2-b.examiner.com/sites/default/files/styles/hero_curated_large/hash/51/e9/51e9c2494df7a6d58175be798e82b3be.jpg%3Fitok=A7DBAfOO",
         "id" : "r34",
         "comps" : [],
         "download" : {
            "receiveFirst" : 6,
            "len" : 33630,
            "dns" : 0,
            "dnsEnd" : -1,
            "receiveHeadersEnd" : 18,
            "sslEnd" : -1,
            "connectEnd" : 12,
            "connectStart" : 0,
            "id" : "download_11",
            "receivedTime" : "504.876000108197",
            "sslStart" : -1,
            "dnsStart" : -1,
            "receiveLast" : 486.876000108197,
            "s_time" : 265.146000077948,
            "sendEnd" : 12,
            "sendStart" : 12,
            "type" : "image/jpeg"
         }
      },
      {
         "when_comp_start" : -1,
         "url" : "http://modified.testbed.localhost/cdn2-b.examiner.com/sites/default/files/styles/hero_curated_large/hash/cc/09/cc09ad68e8e5a8f9c4e00ee3f3e9361c.jpg%3Fitok=vUNjBPww",
         "id" : "r35",
         "comps" : [],
         "download" : {
            "receiveFirst" : 8,
            "len" : 25158,
            "dns" : 0,
            "dnsEnd" : -1,
            "receiveHeadersEnd" : 20,
            "sslEnd" : -1,
            "connectEnd" : 12,
            "connectStart" : 0,
            "id" : "download_12",
            "receivedTime" : "506.619000108913",
            "sslStart" : -1,
            "dnsStart" : -1,
            "receiveLast" : 486.619000108913,
            "s_time" : 265.669000102207,
            "sendEnd" : 12,
            "sendStart" : 12,
            "type" : "image/jpeg"
         }
      },
      {
         "when_comp_start" : -1,
         "url" : "http://modified.testbed.localhost/cdn2-b.examiner.com/sites/default/files/styles/hero_curated_large/hash/97/5a/975a0f2e968527ab137106fb3204f7fb.jpg%3Fitok=pHMz6m9f",
         "id" : "r36",
         "comps" : [],
         "download" : {
            "receiveFirst" : 9,
            "len" : 32093,
            "dns" : 0,
            "dnsEnd" : -1,
            "receiveHeadersEnd" : 21,
            "sslEnd" : -1,
            "connectEnd" : 12,
            "connectStart" : 0,
            "id" : "download_13",
            "receivedTime" : "507.416000007652",
            "sslStart" : -1,
            "dnsStart" : -1,
            "receiveLast" : 486.416000007652,
            "s_time" : 266.390000004321,
            "sendEnd" : 12,
            "sendStart" : 12,
            "type" : "image/jpeg"
         }
      },
      {
         "when_comp_start" : -1,
         "url" : "http://modified.testbed.localhost/cdn2-b.examiner.com/sites/default/files/styles/hero_curated_large/hash/e4/93/e493e3cb91da304ec536e65ce56fdadf.jpg%3Fitok=Ec5rau9M",
         "id" : "r37",
         "comps" : [],
         "download" : {
            "receiveFirst" : 10,
            "len" : 30016,
            "dns" : 0,
            "dnsEnd" : -1,
            "receiveHeadersEnd" : 22,
            "sslEnd" : -1,
            "connectEnd" : 12,
            "connectStart" : 0,
            "id" : "download_14",
            "receivedTime" : "508.275000029244",
            "sslStart" : -1,
            "dnsStart" : -1,
            "receiveLast" : 486.275000029244,
            "s_time" : 266.841000062414,
            "sendEnd" : 12,
            "sendStart" : 12,
            "type" : "image/jpeg"
         }
      },
      {
         "when_comp_start" : -1,
         "url" : "http://modified.testbed.localhost/cdn2-b.examiner.com/sites/default/files/js/js_2cBQ1DfFkt8zrbf_MtJPF7di7jwslFByQwZU63t57EE_453_1.js%3Fo6dj05",
         "id" : "r46",
         "comps" : [
            {
               "s_time" : 510.349000105634,
               "time" : 58.255999931135,
               "type" : 1,
               "id" : "comp_32",
               "e_time" : 568.605000036769
            }
         ],
         "download" : {
            "receiveFirst" : 8,
            "len" : 104377,
            "dns" : 0,
            "dnsEnd" : -1,
            "receiveHeadersEnd" : 21,
            "sslEnd" : -1,
            "connectEnd" : 13,
            "connectStart" : 0,
            "id" : "download_15",
            "receivedTime" : "510.189000051469",
            "sslStart" : -1,
            "dnsStart" : -1,
            "receiveLast" : 489.189000051469,
            "s_time" : 272.471000091173,
            "sendEnd" : 13,
            "sendStart" : 13,
            "type" : "text/plain"
         }
      },
      {
         "when_comp_start" : -1,
         "url" : "http://modified.testbed.localhost/cdn2-b.examiner.com/sites/default/files/js/js_nCQ5nHRYiQ-6cTVFVyLSNp1fsTIBj2pbRuGiny4jTZs_453_1.js%3Fo6dj05",
         "id" : "r47",
         "comps" : [
            {
               "s_time" : 569.275000016205,
               "time" : 1.60600000526802,
               "type" : 1,
               "id" : "comp_36",
               "e_time" : 570.881000021473
            }
         ],
         "download" : {
            "receiveFirst" : 9,
            "len" : 5463,
            "dns" : 0,
            "dnsEnd" : -1,
            "receiveHeadersEnd" : 23,
            "sslEnd" : -1,
            "connectEnd" : 14,
            "connectStart" : 0,
            "id" : "download_16",
            "receivedTime" : "508.086000103503",
            "sslStart" : -1,
            "dnsStart" : -1,
            "receiveLast" : 485.086000103503,
            "s_time" : 273.112000082619,
            "sendEnd" : 14,
            "sendStart" : 14,
            "type" : "text/plain"
         }
      },
      {
         "when_comp_start" : -1,
         "url" : "http://modified.testbed.localhost/adg.bzgint.com/pub/adg/data.js",
         "id" : "r48",
         "comps" : [
            {
               "s_time" : 574.508000048809,
               "time" : 54.52200002037,
               "type" : 1,
               "id" : "comp_38",
               "e_time" : 629.030000069179
            }
         ],
         "download" : {
            "receiveFirst" : 8,
            "len" : 68244,
            "dns" : 0,
            "dnsEnd" : -1,
            "receiveHeadersEnd" : 26,
            "sslEnd" : -1,
            "connectEnd" : 18,
            "connectStart" : 0,
            "id" : "download_17",
            "receivedTime" : "574.375000083819",
            "sslStart" : -1,
            "dnsStart" : -1,
            "receiveLast" : 548.375000083819,
            "s_time" : 273.247000062838,
            "sendEnd" : 18,
            "sendStart" : 18,
            "type" : "application/javascript"
         }
      },
      {
         "when_comp_start" : -1,
         "url" : "http://modified.testbed.localhost/cdn2-b.examiner.com/sites/default/files/js/js_jd9MbK3K3XvvxdlsfYPlK6OAND4lK7SUM_KIBs2qENI_453_1.js%3Fo6dj05",
         "id" : "r49",
         "comps" : [
            {
               "s_time" : 629.180000047199,
               "time" : 15.6239999923861,
               "type" : 1,
               "id" : "comp_41",
               "e_time" : 644.804000039585
            }
         ],
         "download" : {
            "receiveFirst" : 9,
            "len" : 52336,
            "dns" : 0,
            "dnsEnd" : -1,
            "receiveHeadersEnd" : 28,
            "sslEnd" : -1,
            "connectEnd" : 19,
            "connectStart" : 0,
            "id" : "download_18",
            "receivedTime" : "572.789000114426",
            "sslStart" : -1,
            "dnsStart" : -1,
            "receiveLast" : 544.789000114426,
            "s_time" : 273.627000045963,
            "sendEnd" : 19,
            "sendStart" : 19,
            "type" : "text/plain"
         }
      },
      {
         "when_comp_start" : -1,
         "url" : "http://modified.testbed.localhost/cdn2-b.examiner.com/sites/default/files/styles/hero_curated_large/hash/d7/f8/d7f8f3bc321a70df505bcbd821c9649d.jpg%3Fitok=wqezssPy",
         "id" : "r38",
         "comps" : [],
         "download" : {
            "receiveFirst" : 10,
            "len" : 20932,
            "dns" : 0,
            "dnsEnd" : -1,
            "receiveHeadersEnd" : 38,
            "sslEnd" : -1,
            "connectEnd" : 28,
            "connectStart" : 0,
            "id" : "download_19",
            "receivedTime" : "509.913000045344",
            "sslStart" : -1,
            "dnsStart" : -1,
            "receiveLast" : 471.913000045344,
            "s_time" : 267.650000052527,
            "sendEnd" : 28,
            "sendStart" : 28,
            "type" : "image/jpeg"
         }
      },
      {
         "when_comp_start" : -1,
         "url" : "http://modified.testbed.localhost/cdn2-b.examiner.com/sites/default/files/styles/hero_curated_large/hash/c5/2f/c52f7db8732010d53774c423c580dfb0.jpg%3Fitok=HUCo2boK",
         "id" : "r39",
         "comps" : [],
         "download" : {
            "receiveFirst" : 12,
            "len" : 25376,
            "dns" : 0,
            "dnsEnd" : -1,
            "receiveHeadersEnd" : 42,
            "sslEnd" : -1,
            "connectEnd" : 30,
            "connectStart" : 0,
            "id" : "download_20",
            "receivedTime" : "571.759000071324",
            "sslStart" : -1,
            "dnsStart" : -1,
            "receiveLast" : 529.759000071324,
            "s_time" : 268.10700003989,
            "sendEnd" : 30,
            "sendStart" : 30,
            "type" : "image/jpeg"
         }
      },
      {
         "when_comp_start" : -1,
         "url" : "http://modified.testbed.localhost/cdn2-b.examiner.com/sites/default/files/styles/hero_curated_large/hash/22/e1/22e1e52560b5b459b2d245e3b0540167.jpg%3Fitok=kp4llvG8",
         "id" : "r40",
         "comps" : [],
         "download" : {
            "receiveFirst" : 14,
            "len" : 40596,
            "dns" : 0,
            "dnsEnd" : -1,
            "receiveHeadersEnd" : 44,
            "sslEnd" : -1,
            "connectEnd" : 30,
            "connectStart" : 0,
            "id" : "download_21",
            "receivedTime" : "645.134000107646",
            "sslStart" : -1,
            "dnsStart" : -1,
            "receiveLast" : 601.134000107646,
            "s_time" : 268.867000006139,
            "sendEnd" : 30,
            "sendStart" : 30,
            "type" : "image/jpeg"
         }
      },
      {
         "when_comp_start" : -1,
         "url" : "http://modified.testbed.localhost/cdn2-b.examiner.com/sites/default/files/styles/hero_curated_large/hash/8f/3e/8f3eb8987fd189c2e2d258a8ba99b479.jpg%3Fitok=TBxgCF21",
         "id" : "r41",
         "comps" : [],
         "download" : {
            "receiveFirst" : 12,
            "len" : 40662,
            "dns" : 0,
            "dnsEnd" : -1,
            "receiveHeadersEnd" : 50,
            "sslEnd" : -1,
            "connectEnd" : 38,
            "connectStart" : 0,
            "id" : "download_22",
            "receivedTime" : "645.844000042416",
            "sslStart" : -1,
            "dnsStart" : -1,
            "receiveLast" : 595.844000042416,
            "s_time" : 269.322000094689,
            "sendEnd" : 38,
            "sendStart" : 38,
            "type" : "image/jpeg"
         }
      },
      {
         "when_comp_start" : -1,
         "url" : "http://modified.testbed.localhost/cdn2-b.examiner.com/sites/default/files/styles/hero_curated_large/hash/48/e6/48e6fdfb5715f6f9a17186a2a8ded7b2.jpg%3Fitok=ZQN1CMS9",
         "id" : "r42",
         "comps" : [],
         "download" : {
            "receiveFirst" : 12,
            "len" : 34330,
            "dns" : 0,
            "dnsEnd" : -1,
            "receiveHeadersEnd" : 37,
            "sslEnd" : -1,
            "connectEnd" : 25,
            "connectStart" : 0,
            "id" : "download_23",
            "receivedTime" : "574.199000024237",
            "sslStart" : -1,
            "dnsStart" : -1,
            "receiveLast" : 537.199000024237,
            "s_time" : 284.196000080556,
            "sendEnd" : 25,
            "sendStart" : 25,
            "type" : "image/jpeg"
         }
      },
      {
         "when_comp_start" : -1,
         "url" : "http://modified.testbed.localhost/cdn2-b.examiner.com/sites/default/files/styles/hero_curated_large/hash/61/36/6136d166d826cbfa435ea8e78f949a07.jpg%3Fitok=MGZzln94",
         "id" : "r43",
         "comps" : [],
         "download" : {
            "receiveFirst" : 14,
            "len" : 15948,
            "dns" : 0,
            "dnsEnd" : -1,
            "receiveHeadersEnd" : 40,
            "sslEnd" : -1,
            "connectEnd" : 26,
            "connectStart" : 0,
            "id" : "download_24",
            "receivedTime" : "646.041000029072",
            "sslStart" : -1,
            "dnsStart" : -1,
            "receiveLast" : 606.041000029072,
            "s_time" : 286.251000012271,
            "sendEnd" : 26,
            "sendStart" : 26,
            "type" : "image/jpeg"
         }
      },
      {
         "when_comp_start" : -1,
         "url" : "http://modified.testbed.localhost/cdn2-b.examiner.com/sites/default/files/styles/hero_curated_large/hash/ba/73/ba736f2b11f1d7caf33641ebac6d3705.jpg%3Fitok=mUf7C_pL",
         "id" : "r44",
         "comps" : [],
         "download" : {
            "receiveFirst" : 11,
            "len" : 11331,
            "dns" : 0,
            "dnsEnd" : -1,
            "receiveHeadersEnd" : 38,
            "sslEnd" : -1,
            "connectEnd" : 27,
            "connectStart" : 0,
            "id" : "download_25",
            "receivedTime" : "658.7990000844",
            "sslStart" : -1,
            "dnsStart" : -1,
            "receiveLast" : 620.7990000844,
            "s_time" : 290.975000010803,
            "sendEnd" : 27,
            "sendStart" : 27,
            "type" : "image/jpeg"
         }
      },
      {
         "when_comp_start" : -1,
         "url" : "http://modified.testbed.localhost/cdn2-b.examiner.com/sites/default/files/styles/hero_curated_large/hash/4b/95/4b957dd8a13c24ea745c4f2709dd620b.jpg%3Fitok=e9_u0r72",
         "id" : "r45",
         "comps" : [],
         "download" : {
            "receiveFirst" : 4,
            "len" : 18826,
            "dns" : 0,
            "dnsEnd" : -1,
            "receiveHeadersEnd" : 37,
            "sslEnd" : -1,
            "connectEnd" : 33,
            "connectStart" : 0,
            "id" : "download_26",
            "receivedTime" : "658.990000025369",
            "sslStart" : -1,
            "dnsStart" : -1,
            "receiveLast" : 621.990000025369,
            "s_time" : 292.449000058696,
            "sendEnd" : 33,
            "sendStart" : 33,
            "type" : "image/jpeg"
         }
      },
      {
         "when_comp_start" : -1,
         "url" : "http://modified.testbed.localhost/cdn2-b.examiner.com/sites/default/files/js/js_4Jw9dzqoP-ppZQwODDGwFZiSQTIaIGbYrJwGLTf18-M_453_1.js%3Fo6dj05",
         "id" : "r51",
         "comps" : [],
         "download" : {
            "receiveFirst" : 3,
            "len" : 52783,
            "dns" : 0,
            "dnsEnd" : -1,
            "receiveHeadersEnd" : 4,
            "sslEnd" : -1,
            "connectEnd" : 1,
            "connectStart" : 0,
            "id" : "download_27",
            "receivedTime" : "736.020000069402",
            "sslStart" : -1,
            "dnsStart" : -1,
            "receiveLast" : 732.020000069402,
            "s_time" : 503.456000005826,
            "sendEnd" : 1,
            "sendStart" : 1,
            "type" : "text/plain"
         }
      },
      {
         "when_comp_start" : -1,
         "url" : "http://modified.testbed.localhost/cdn2-b.examiner.com/sites/all/themes/greyhound/assets/fonts/RobotoSlab-Bold-webfont.woff%3Fversion=452",
         "id" : "r10",
         "comps" : [],
         "download" : {
            "receiveFirst" : 4,
            "len" : 28628,
            "dns" : 0,
            "dnsEnd" : -1,
            "receiveHeadersEnd" : 6,
            "sslEnd" : -1,
            "connectEnd" : 2,
            "connectStart" : 0,
            "id" : "download_28",
            "receivedTime" : "1037.82600001432",
            "sslStart" : -1,
            "dnsStart" : -1,
            "receiveLast" : 1031.82600001432,
            "s_time" : 660.366000025533,
            "sendEnd" : 2,
            "sendStart" : 2,
            "type" : "application/octet-stream"
         }
      },
      {
         "when_comp_start" : -1,
         "url" : "http://modified.testbed.localhost/cdn2-b.examiner.com/sites/all/themes/greyhound/assets/fonts/proximanova-light-webfont.woff%3Fversion=452",
         "id" : "r13",
         "comps" : [],
         "download" : {
            "receiveFirst" : 4,
            "len" : 24356,
            "dns" : 0,
            "dnsEnd" : -1,
            "receiveHeadersEnd" : 7,
            "sslEnd" : -1,
            "connectEnd" : 3,
            "connectStart" : 0,
            "id" : "download_29",
            "receivedTime" : "1035.38400004618",
            "sslStart" : -1,
            "dnsStart" : -1,
            "receiveLast" : 1028.38400004618,
            "s_time" : 660.0220000837,
            "sendEnd" : 3,
            "sendStart" : 3,
            "type" : "application/octet-stream"
         }
      },
      {
         "when_comp_start" : -1,
         "url" : "http://modified.testbed.localhost/cdn2-b.examiner.com/sites/all/themes/greyhound/assets/fonts/ExSymbolset.woff%3Fversion=452",
         "id" : "r19",
         "comps" : [],
         "download" : {
            "receiveFirst" : 8,
            "len" : 12184,
            "dns" : 0,
            "dnsEnd" : -1,
            "receiveHeadersEnd" : 10,
            "sslEnd" : -1,
            "connectEnd" : 2,
            "connectStart" : 0,
            "id" : "download_30",
            "receivedTime" : "1037.46300004423",
            "sslStart" : -1,
            "dnsStart" : -1,
            "receiveLast" : 1027.46300004423,
            "s_time" : 660.665000090376,
            "sendEnd" : 2,
            "sendStart" : 2,
            "type" : "application/octet-stream"
         }
      },
      {
         "when_comp_start" : -1,
         "url" : "http://modified.testbed.localhost/cdn2-b.examiner.com/sites/all/themes/greyhound/assets/fonts/proximanova-sbold-webfont.woff%3Fversion=452",
         "id" : "r16",
         "comps" : [],
         "download" : {
            "receiveFirst" : 10,
            "len" : 24720,
            "dns" : 0,
            "dnsEnd" : -1,
            "receiveHeadersEnd" : 11,
            "sslEnd" : -1,
            "connectEnd" : 1,
            "connectStart" : 0,
            "id" : "download_31",
            "receivedTime" : "1039.73400010727",
            "sslStart" : -1,
            "dnsStart" : -1,
            "receiveLast" : 1028.73400010727,
            "s_time" : 660.955000086688,
            "sendEnd" : 1,
            "sendStart" : 1,
            "type" : "application/octet-stream"
         }
      },
      {
         "when_comp_start" : 1,
         "url" : "http://modified.testbed.localhost/misc/help.png",
         "id" : "r60",
         "comps" : [],
         "download" : {
            "receiveFirst" : 3,
            "len" : 303,
            "dns" : 0,
            "dnsEnd" : -1,
            "receiveHeadersEnd" : 4,
            "sslEnd" : -1,
            "connectEnd" : 1,
            "connectStart" : 0,
            "id" : "download_32",
            "receivedTime" : "1229.01000001002",
            "sslStart" : -1,
            "dnsStart" : -1,
            "receiveLast" : 1225.01000001002,
            "s_time" : 828.739000018686,
            "sendEnd" : 1,
            "sendStart" : 1,
            "type" : "text/html"
         }
      }
   ],
   "deps" : [
      {
         "a2" : "r1_c2",
         "time" : -1,
         "id" : "dep1",
         "a1" : "comp_6"
      },
      {
         "a2" : "r1_c3",
         "time" : -1,
         "id" : "dep2",
         "a1" : "comp_17"
      },
      {
         "a2" : "r1_c4",
         "time" : -1,
         "id" : "dep3",
         "a1" : "comp_32"
      },
      {
         "a2" : "r1_c5",
         "time" : -1,
         "id" : "dep4",
         "a1" : "comp_36"
      },
      {
         "a2" : "r1_c6",
         "time" : -1,
         "id" : "dep5",
         "a1" : "comp_38"
      },
      {
         "a2" : "r1_c7",
         "time" : -1,
         "id" : "dep6",
         "a1" : "comp_41"
      },
      {
         "a2" : "comp_6",
         "time" : -1,
         "id" : "dep7",
         "a1" : "comp_1"
      },
      {
         "a2" : "comp_6",
         "time" : -1,
         "id" : "dep8",
         "a1" : "comp_5"
      },
      {
         "a2" : "comp_6",
         "time" : -1,
         "id" : "dep9",
         "a1" : "comp_3"
      },
      {
         "a2" : "comp_38",
         "time" : -1,
         "id" : "dep10",
         "a1" : "comp_36"
      },
      {
         "a2" : "comp_41",
         "time" : -1,
         "id" : "dep11",
         "a1" : "comp_38"
      },
      {
         "a2" : "download_32",
         "time" : 183.934999979101,
         "id" : "dep12",
         "a1" : "r1_c7"
      },
      {
         "a2" : "download_31",
         "time" : 16.1510000471029,
         "id" : "dep13",
         "a1" : "r1_c7"
      },
      {
         "a2" : "download_30",
         "time" : 15.8610000507909,
         "id" : "dep14",
         "a1" : "r1_c7"
      },
      {
         "a2" : "download_29",
         "time" : 15.218000044115,
         "id" : "dep15",
         "a1" : "r1_c7"
      },
      {
         "a2" : "download_28",
         "time" : 15.561999985948,
         "id" : "dep16",
         "a1" : "r1_c7"
      },
      {
         "a2" : "download_27",
         "time" : -1,
         "id" : "dep17",
         "a1" : "r1_c3"
      },
      {
         "a2" : "download_27",
         "time" : 247.115999925881,
         "id" : "dep18",
         "a1" : "r1_c3"
      },
      {
         "a2" : "download_26",
         "time" : 36.108999978751,
         "id" : "dep19",
         "a1" : "r1_c3"
      },
      {
         "a2" : "download_25",
         "time" : 34.634999930858,
         "id" : "dep20",
         "a1" : "r1_c3"
      },
      {
         "a2" : "download_24",
         "time" : 29.910999932326,
         "id" : "dep21",
         "a1" : "r1_c3"
      },
      {
         "a2" : "download_23",
         "time" : 27.856000000611,
         "id" : "dep22",
         "a1" : "r1_c3"
      },
      {
         "a2" : "download_22",
         "time" : 12.982000014744,
         "id" : "dep23",
         "a1" : "r1_c3"
      },
      {
         "a2" : "download_21",
         "time" : 12.526999926194,
         "id" : "dep24",
         "a1" : "r1_c3"
      },
      {
         "a2" : "download_20",
         "time" : 11.766999959945,
         "id" : "dep25",
         "a1" : "r1_c3"
      },
      {
         "a2" : "download_19",
         "time" : 11.309999972582,
         "id" : "dep26",
         "a1" : "r1_c3"
      },
      {
         "a2" : "download_18",
         "time" : 17.286999966018,
         "id" : "dep27",
         "a1" : "r1_c3"
      },
      {
         "a2" : "download_18",
         "time" : 17.286999966018,
         "id" : "dep28",
         "a1" : "r1_c3"
      },
      {
         "a2" : "download_17",
         "time" : 16.906999982893,
         "id" : "dep29",
         "a1" : "r1_c3"
      },
      {
         "a2" : "download_17",
         "time" : 16.906999982893,
         "id" : "dep30",
         "a1" : "r1_c3"
      },
      {
         "a2" : "download_16",
         "time" : 16.772000002674,
         "id" : "dep31",
         "a1" : "r1_c3"
      },
      {
         "a2" : "download_16",
         "time" : 16.772000002674,
         "id" : "dep32",
         "a1" : "r1_c3"
      },
      {
         "a2" : "download_15",
         "time" : 16.131000011228,
         "id" : "dep33",
         "a1" : "r1_c3"
      },
      {
         "a2" : "download_15",
         "time" : 16.131000011228,
         "id" : "dep34",
         "a1" : "r1_c3"
      },
      {
         "a2" : "download_14",
         "time" : 10.500999982469,
         "id" : "dep35",
         "a1" : "r1_c3"
      },
      {
         "a2" : "download_13",
         "time" : 10.049999924376,
         "id" : "dep36",
         "a1" : "r1_c3"
      },
      {
         "a2" : "download_12",
         "time" : 9.32900002226199,
         "id" : "dep37",
         "a1" : "r1_c3"
      },
      {
         "a2" : "download_11",
         "time" : 8.80599999800296,
         "id" : "dep38",
         "a1" : "r1_c3"
      },
      {
         "a2" : "download_10",
         "time" : 6.56899996101799,
         "id" : "dep39",
         "a1" : "r1_c3"
      },
      {
         "a2" : "download_9",
         "time" : 7.040999946184,
         "id" : "dep40",
         "a1" : "r1_c3"
      },
      {
         "a2" : "download_8",
         "time" : -1,
         "id" : "dep41",
         "a1" : "r1_c1"
      },
      {
         "a2" : "download_7",
         "time" : 40.9400000935421,
         "id" : "dep42",
         "a1" : "r1_c1"
      },
      {
         "a2" : "download_6",
         "time" : 26.3660000637174,
         "id" : "dep43",
         "a1" : "r1_c1"
      },
      {
         "a2" : "download_5",
         "time" : 12.3980001080782,
         "id" : "dep44",
         "a1" : "r1_c1"
      },
      {
         "a2" : "download_5",
         "time" : 12.3980001080782,
         "id" : "dep45",
         "a1" : "r1_c1"
      },
      {
         "a2" : "download_4",
         "time" : 11.3890001084656,
         "id" : "dep46",
         "a1" : "r1_c1"
      },
      {
         "a2" : "download_3",
         "time" : 10.9980000415817,
         "id" : "dep47",
         "a1" : "r1_c1"
      },
      {
         "a2" : "download_2",
         "time" : 10.6630000518635,
         "id" : "dep48",
         "a1" : "r1_c1"
      },
      {
         "a2" : "download_1",
         "time" : 10.2350000524894,
         "id" : "dep49",
         "a1" : "r1_c1"
      }
   ]
}
