{
   "n_download_no_trigger" : 1,
   "start_activity" : "download_0",
   "name" : "modified.testbed.localhost_www.reddit.com_",
   "load_activity" : -1,
   "objs" : [
      {
         "when_comp_start" : 1,
         "url" : "http://modified.testbed.localhost/www.reddit.com/",
         "id" : "r1",
         "comps" : [
            {
               "s_time" : 44.6760000195354,
               "time" : 37.9010000033304,
               "id" : "r1_c1",
               "type" : "evalhtml",
               "e_time" : 82.5770000228658
            },
            {
               "s_time" : 317.834999994375,
               "time" : 168.429999961518,
               "id" : "r1_c2",
               "type" : "evalhtml",
               "e_time" : 486.264999955893
            },
            {
               "s_time" : 699.483999982476,
               "time" : 173.518999945373,
               "type" : "evalhtml",
               "id" : "r1_c3",
               "e_time" : 873.002999927849
            }
         ],
         "download" : {
            "receiveFirst" : 3,
            "len" : 133176,
            "dns" : 0,
            "dnsEnd" : -1,
            "receiveHeadersEnd" : 4,
            "sslEnd" : -1,
            "connectEnd" : 0,
            "connectStart" : 0,
            "id" : "download_0",
            "receivedTime" : "44.1410000203177",
            "sslStart" : -1,
            "dnsStart" : -1,
            "receiveLast" : 40.1410000203177,
            "s_time" : 0,
            "sendEnd" : 1,
            "sendStart" : 0,
            "type" : "text/html"
         }
      },
      {
         "when_comp_start" : -1,
         "url" : "http://modified.testbed.localhost/www.redditstatic.com/reddit.ooBJpEoO9vY.css",
         "id" : "r2",
         "comps" : [
            {
               "s_time" : 92.1930000185966,
               "time" : 54.2290000012144,
               "type" : 4,
               "id" : "comp_12",
               "e_time" : 146.422000019811
            }
         ],
         "download" : {
            "receiveFirst" : 4,
            "len" : 292601,
            "dns" : 0,
            "dnsEnd" : -1,
            "receiveHeadersEnd" : 6,
            "sslEnd" : -1,
            "connectEnd" : 2,
            "connectStart" : 0,
            "id" : "download_1",
            "receivedTime" : "91.7919999919832",
            "sslStart" : -1,
            "dnsStart" : -1,
            "receiveLast" : 85.7919999919832,
            "s_time" : 46.0449999663979,
            "sendEnd" : 2,
            "sendStart" : 2,
            "type" : "text/css"
         }
      },
      {
         "when_comp_start" : -1,
         "url" : "http://modified.testbed.localhost/www.redditstatic.com/subscribe-header.svg",
         "id" : "r4",
         "comps" : [],
         "download" : {
            "receiveFirst" : 6,
            "len" : 7716,
            "dns" : 0,
            "dnsEnd" : -1,
            "receiveHeadersEnd" : 8,
            "sslEnd" : -1,
            "connectEnd" : 2,
            "connectStart" : 0,
            "id" : "download_2",
            "receivedTime" : "58.4830000298098",
            "sslStart" : -1,
            "dnsStart" : -1,
            "receiveLast" : 50.4830000298098,
            "s_time" : 46.8399999663234,
            "sendEnd" : 2,
            "sendStart" : 2,
            "type" : "image/svg+xml"
         }
      },
      {
         "when_comp_start" : -1,
         "url" : "http://modified.testbed.localhost/www.redditstatic.com/reddit-init.en.qq9nT0inXvw.js",
         "id" : "r3",
         "comps" : [
            {
               "s_time" : 148.222999996506,
               "time" : 169.611999997869,
               "type" : 1,
               "id" : "comp_13",
               "e_time" : 317.834999994375
            }
         ],
         "download" : {
            "receiveFirst" : 8,
            "len" : 226927,
            "dns" : 0,
            "dnsEnd" : -1,
            "receiveHeadersEnd" : 10,
            "sslEnd" : -1,
            "connectEnd" : 2,
            "connectStart" : 0,
            "id" : "download_3",
            "receivedTime" : "147.959999972954",
            "sslStart" : -1,
            "dnsStart" : -1,
            "receiveLast" : 137.959999972954,
            "s_time" : 46.4040000224486,
            "sendEnd" : 2,
            "sendStart" : 2,
            "type" : "application/javascript"
         }
      },
      {
         "when_comp_start" : -1,
         "url" : "http://modified.testbed.localhost/www.redditstatic.com/subscribe-header-thanks.svg",
         "id" : "r5",
         "comps" : [],
         "download" : {
            "receiveFirst" : 8,
            "len" : 6679,
            "dns" : 0,
            "dnsEnd" : -1,
            "receiveHeadersEnd" : 11,
            "sslEnd" : -1,
            "connectEnd" : 3,
            "connectStart" : 0,
            "id" : "download_4",
            "receivedTime" : "74.5500000193715",
            "sslStart" : -1,
            "dnsStart" : -1,
            "receiveLast" : 63.5500000193715,
            "s_time" : 58.216999983415,
            "sendEnd" : 3,
            "sendStart" : 3,
            "type" : "image/svg+xml"
         }
      },
      {
         "when_comp_start" : -1,
         "url" : "http://modified.testbed.localhost/b.thumbs.redditmedia.com/j6qOlIV4NPl0-MTlY_o_qmvJaHTcDsqrXhoqlOyShnQ.jpg",
         "id" : "r6",
         "comps" : [],
         "download" : {
            "receiveFirst" : 6,
            "len" : 4765,
            "dns" : 0,
            "dnsEnd" : -1,
            "receiveHeadersEnd" : 9,
            "sslEnd" : -1,
            "connectEnd" : 3,
            "connectStart" : 0,
            "id" : "download_5",
            "receivedTime" : "84.4969999743626",
            "sslStart" : -1,
            "dnsStart" : -1,
            "receiveLast" : 75.4969999743626,
            "s_time" : 71.3309999555349,
            "sendEnd" : 3,
            "sendStart" : 3,
            "type" : "image/jpeg"
         }
      },
      {
         "when_comp_start" : -1,
         "url" : "http://modified.testbed.localhost/a.thumbs.redditmedia.com/OljzcW2G-Aim-yiB_kpW88WQrqduhT0xwhgviE3rlj8.jpg",
         "id" : "r7",
         "comps" : [],
         "download" : {
            "receiveFirst" : 7,
            "len" : 1801,
            "dns" : 0,
            "dnsEnd" : -1,
            "receiveHeadersEnd" : 10,
            "sslEnd" : -1,
            "connectEnd" : 2,
            "connectStart" : 0,
            "id" : "download_6",
            "receivedTime" : "146.869999938644",
            "sslStart" : -1,
            "dnsStart" : -1,
            "receiveLast" : 136.869999938644,
            "s_time" : 82.5770000228658,
            "sendEnd" : 3,
            "sendStart" : 2,
            "type" : "image/jpeg"
         }
      },
      {
         "when_comp_start" : -1,
         "url" : "http://modified.testbed.localhost/www.redditstatic.com/droparrowgray.gif",
         "id" : "r11",
         "comps" : [],
         "download" : {
            "receiveFirst" : 3,
            "len" : 67,
            "dns" : 0,
            "dnsEnd" : -1,
            "receiveHeadersEnd" : 4,
            "sslEnd" : -1,
            "connectEnd" : 0,
            "connectStart" : 0,
            "id" : "download_7",
            "receivedTime" : "581.629000022076",
            "sslStart" : -1,
            "dnsStart" : -1,
            "receiveLast" : 577.629000022076,
            "s_time" : 344.775000005029,
            "sendEnd" : 1,
            "sendStart" : 0,
            "type" : "image/gif"
         }
      },
      {
         "when_comp_start" : -1,
         "url" : "http://modified.testbed.localhost/www.redditstatic.com/sprite-reddit.ZDiVRxCXXWg.png",
         "id" : "r12",
         "comps" : [],
         "download" : {
            "receiveFirst" : 3,
            "len" : 40375,
            "dns" : 0,
            "dnsEnd" : -1,
            "receiveHeadersEnd" : 3,
            "sslEnd" : -1,
            "connectEnd" : 0,
            "connectStart" : 0,
            "id" : "download_8",
            "receivedTime" : "583.741999929771",
            "sslStart" : -1,
            "dnsStart" : -1,
            "receiveLast" : 580.741999929771,
            "s_time" : 359.062999952585,
            "sendEnd" : 0,
            "sendStart" : 0,
            "type" : "image/png"
         }
      },
      {
         "when_comp_start" : -1,
         "url" : "http://modified.testbed.localhost/www.redditstatic.com/throbber.gif",
         "id" : "r13",
         "comps" : [],
         "download" : {
            "receiveFirst" : 3,
            "len" : 1100,
            "dns" : 0,
            "dnsEnd" : -1,
            "receiveHeadersEnd" : 4,
            "sslEnd" : -1,
            "connectEnd" : 0,
            "connectStart" : 0,
            "id" : "download_9",
            "receivedTime" : "621.124999946915",
            "sslStart" : -1,
            "dnsStart" : -1,
            "receiveLast" : 617.124999946915,
            "s_time" : 372.863000025973,
            "sendEnd" : 1,
            "sendStart" : 0,
            "type" : "image/gif"
         }
      },
      {
         "when_comp_start" : -1,
         "url" : "http://modified.testbed.localhost/a.thumbs.redditmedia.com/-rVdffBeOVpLHBicEE9MwD8ZTpmA93deJsOF5XODsm4.jpg",
         "id" : "r14",
         "comps" : [],
         "download" : {
            "receiveFirst" : 3,
            "len" : 8565,
            "dns" : 0,
            "dnsEnd" : -1,
            "receiveHeadersEnd" : 4,
            "sslEnd" : -1,
            "connectEnd" : 1,
            "connectStart" : 0,
            "id" : "download_10",
            "receivedTime" : "621.69299996458",
            "sslStart" : -1,
            "dnsStart" : -1,
            "receiveLast" : 617.69299996458,
            "s_time" : 376.303000026383,
            "sendEnd" : 1,
            "sendStart" : 1,
            "type" : "image/jpeg"
         }
      },
      {
         "when_comp_start" : 1,
         "url" : "http://modified.testbed.localhost/api/request_promo",
         "id" : "r15",
         "comps" : [],
         "download" : {
            "receiveFirst" : 12,
            "len" : 307,
            "dns" : 0,
            "dnsEnd" : -1,
            "receiveHeadersEnd" : 12,
            "sslEnd" : -1,
            "connectEnd" : 0,
            "connectStart" : 0,
            "id" : "download_11",
            "receivedTime" : "622.016999986954",
            "sslStart" : -1,
            "dnsStart" : -1,
            "receiveLast" : 610.016999986954,
            "s_time" : 442.595000029542,
            "sendEnd" : 0,
            "sendStart" : 0,
            "type" : "text/html"
         }
      },
      {
         "when_comp_start" : -1,
         "url" : "http://modified.testbed.localhost/b.thumbs.redditmedia.com/5P_eeJp46v35litehU2fo_LAUWi7nH1QsdIuGZqhdxo.jpg",
         "id" : "r16",
         "comps" : [],
         "download" : {
            "receiveFirst" : 8,
            "len" : 2300,
            "dns" : 0,
            "dnsEnd" : -1,
            "receiveHeadersEnd" : 12,
            "sslEnd" : -1,
            "connectEnd" : 4,
            "connectStart" : 0,
            "id" : "download_12",
            "receivedTime" : "636.425000033341",
            "sslStart" : -1,
            "dnsStart" : -1,
            "receiveLast" : 624.425000033341,
            "s_time" : 449.391999980435,
            "sendEnd" : 4,
            "sendStart" : 4,
            "type" : "image/jpeg"
         }
      },
      {
         "when_comp_start" : -1,
         "url" : "http://modified.testbed.localhost/a.thumbs.redditmedia.com/-jPzyNxou_YPM7PfPoUmkOe1i4wRqQ5qmw2Lu8SFnq0.jpg",
         "id" : "r17",
         "comps" : [],
         "download" : {
            "receiveFirst" : 7,
            "len" : 3540,
            "dns" : 0,
            "dnsEnd" : -1,
            "receiveHeadersEnd" : 12,
            "sslEnd" : -1,
            "connectEnd" : 4,
            "connectStart" : 0,
            "id" : "download_13",
            "receivedTime" : "636.788000003435",
            "sslStart" : -1,
            "dnsStart" : -1,
            "receiveLast" : 624.788000003435,
            "s_time" : 450.150999939069,
            "sendEnd" : 5,
            "sendStart" : 4,
            "type" : "image/jpeg"
         }
      },
      {
         "when_comp_start" : -1,
         "url" : "http://modified.testbed.localhost/b.thumbs.redditmedia.com/2KF2UPp-F2gs_ScSbKFRQi9aP0M1KaxBaUz4IlFyVCM.jpg",
         "id" : "r18",
         "comps" : [],
         "download" : {
            "receiveFirst" : 12,
            "len" : 3930,
            "dns" : 0,
            "dnsEnd" : -1,
            "receiveHeadersEnd" : 20,
            "sslEnd" : -1,
            "connectEnd" : 8,
            "connectStart" : 0,
            "id" : "download_14",
            "receivedTime" : "638.162999995984",
            "sslStart" : -1,
            "dnsStart" : -1,
            "receiveLast" : 618.162999995984,
            "s_time" : 450.964999967255,
            "sendEnd" : 8,
            "sendStart" : 8,
            "type" : "image/jpeg"
         }
      },
      {
         "when_comp_start" : -1,
         "url" : "http://modified.testbed.localhost/b.thumbs.redditmedia.com/B25RrJzrnTCGERrhBVFhmDkj8N65UTCPXqeXLMADCXw.jpg",
         "id" : "r19",
         "comps" : [],
         "download" : {
            "receiveFirst" : 12,
            "len" : 4038,
            "dns" : 0,
            "dnsEnd" : -1,
            "receiveHeadersEnd" : 20,
            "sslEnd" : -1,
            "connectEnd" : 8,
            "connectStart" : 0,
            "id" : "download_15",
            "receivedTime" : "638.351999921724",
            "sslStart" : -1,
            "dnsStart" : -1,
            "receiveLast" : 618.351999921724,
            "s_time" : 451.879999949597,
            "sendEnd" : 8,
            "sendStart" : 8,
            "type" : "image/jpeg"
         }
      },
      {
         "when_comp_start" : -1,
         "url" : "http://modified.testbed.localhost/b.thumbs.redditmedia.com/oHYrcfY-Q9ac-yioHP7FELbaqghpSweI2l3JZxvCbfA.jpg",
         "id" : "r21",
         "comps" : [],
         "download" : {
            "receiveFirst" : 12,
            "len" : 5198,
            "dns" : 0,
            "dnsEnd" : -1,
            "receiveHeadersEnd" : 19,
            "sslEnd" : -1,
            "connectEnd" : 7,
            "connectStart" : 0,
            "id" : "download_16",
            "receivedTime" : "638.550999923609",
            "sslStart" : -1,
            "dnsStart" : -1,
            "receiveLast" : 619.550999923609,
            "s_time" : 453.780999989249,
            "sendEnd" : 7,
            "sendStart" : 7,
            "type" : "image/jpeg"
         }
      },
      {
         "when_comp_start" : -1,
         "url" : "http://modified.testbed.localhost/b.thumbs.redditmedia.com/Sin-sBNdfpsABJSPE9MY0hJtXBk8t933wYZ6YAB7qIo.jpg",
         "id" : "r20",
         "comps" : [],
         "download" : {
            "receiveFirst" : 13,
            "len" : 4686,
            "dns" : 0,
            "dnsEnd" : -1,
            "receiveHeadersEnd" : 21,
            "sslEnd" : -1,
            "connectEnd" : 8,
            "connectStart" : 0,
            "id" : "download_17",
            "receivedTime" : "638.747000019066",
            "sslStart" : -1,
            "dnsStart" : -1,
            "receiveLast" : 617.747000019066,
            "s_time" : 452.612999943085,
            "sendEnd" : 8,
            "sendStart" : 8,
            "type" : "image/jpeg"
         }
      },
      {
         "when_comp_start" : -1,
         "url" : "http://modified.testbed.localhost/a.thumbs.redditmedia.com/55Ox8ptKJiPH3RzHDek75s95jbHntxQvymLToRRF_A8.jpg",
         "id" : "r22",
         "comps" : [],
         "download" : {
            "receiveFirst" : 11,
            "len" : 3009,
            "dns" : 0,
            "dnsEnd" : -1,
            "receiveHeadersEnd" : 27,
            "sslEnd" : -1,
            "connectEnd" : 16,
            "connectStart" : 0,
            "id" : "download_18",
            "receivedTime" : "639.476999989711",
            "sslStart" : -1,
            "dnsStart" : -1,
            "receiveLast" : 612.476999989711,
            "s_time" : 454.44200001657,
            "sendEnd" : 16,
            "sendStart" : 16,
            "type" : "image/jpeg"
         }
      },
      {
         "when_comp_start" : -1,
         "url" : "http://modified.testbed.localhost/b.thumbs.redditmedia.com/EVwe-6Qr977twg_qz38_Nz0eEU7yi1kvEOWya5ae-Iw.jpg",
         "id" : "r23",
         "comps" : [],
         "download" : {
            "receiveFirst" : 10,
            "len" : 5996,
            "dns" : 0,
            "dnsEnd" : -1,
            "receiveHeadersEnd" : 25,
            "sslEnd" : -1,
            "connectEnd" : 14,
            "connectStart" : 0,
            "id" : "download_19",
            "receivedTime" : "639.658999978565",
            "sslStart" : -1,
            "dnsStart" : -1,
            "receiveLast" : 614.658999978565,
            "s_time" : 456.22299995739,
            "sendEnd" : 15,
            "sendStart" : 14,
            "type" : "image/jpeg"
         }
      },
      {
         "when_comp_start" : -1,
         "url" : "http://modified.testbed.localhost/www.redditstatic.com/reddit.en.xlHlxcJziiU.js",
         "id" : "r34",
         "comps" : [],
         "download" : {
            "receiveFirst" : 6,
            "len" : 143116,
            "dns" : 0,
            "dnsEnd" : -1,
            "receiveHeadersEnd" : 19,
            "sslEnd" : -1,
            "connectEnd" : 13,
            "connectStart" : 0,
            "id" : "download_20",
            "receivedTime" : "642.327999928966",
            "sslStart" : -1,
            "dnsStart" : -1,
            "receiveLast" : 623.327999928966,
            "s_time" : 469.320999924093,
            "sendEnd" : 13,
            "sendStart" : 13,
            "type" : "application/javascript"
         }
      },
      {
         "when_comp_start" : -1,
         "url" : "http://modified.testbed.localhost/www.redditstatic.com/expando-nsfw-flow.523m_EY1fww.js",
         "id" : "r35",
         "comps" : [
            {
               "s_time" : 696.686999988742,
               "time" : 2.79699999373406,
               "type" : 1,
               "id" : "comp_54",
               "e_time" : 699.483999982476
            }
         ],
         "download" : {
            "receiveFirst" : 6,
            "len" : 5496,
            "dns" : 0,
            "dnsEnd" : -1,
            "receiveHeadersEnd" : 19,
            "sslEnd" : -1,
            "connectEnd" : 12,
            "connectStart" : 0,
            "id" : "download_21",
            "receivedTime" : "641.024000011384",
            "sslStart" : -1,
            "dnsStart" : -1,
            "receiveLast" : 622.024000011384,
            "s_time" : 469.861999968998,
            "sendEnd" : 13,
            "sendStart" : 12,
            "type" : "application/javascript"
         }
      },
      {
         "when_comp_start" : -1,
         "url" : "http://modified.testbed.localhost/b.thumbs.redditmedia.com/4KqlXXV-uwGOtqj4p_VKBNMjT-UfID_-J2Baunb_pOM.jpg",
         "id" : "r24",
         "comps" : [],
         "download" : {
            "receiveFirst" : 7,
            "len" : 3017,
            "dns" : 0,
            "dnsEnd" : -1,
            "receiveHeadersEnd" : 33,
            "sslEnd" : -1,
            "connectEnd" : 26,
            "connectStart" : 0,
            "id" : "download_22",
            "receivedTime" : "640.477999928407",
            "sslStart" : -1,
            "dnsStart" : -1,
            "receiveLast" : 607.477999928407,
            "s_time" : 457.040000008419,
            "sendEnd" : 26,
            "sendStart" : 26,
            "type" : "image/jpeg"
         }
      },
      {
         "when_comp_start" : -1,
         "url" : "http://modified.testbed.localhost/b.thumbs.redditmedia.com/aB2lsZL2-a8lp4dQ5gcIc-xYIb_19o4lsV8p23-ydiU.jpg",
         "id" : "r25",
         "comps" : [],
         "download" : {
            "receiveFirst" : 7,
            "len" : 5237,
            "dns" : 0,
            "dnsEnd" : -1,
            "receiveHeadersEnd" : 32,
            "sslEnd" : -1,
            "connectEnd" : 24,
            "connectStart" : 0,
            "id" : "download_23",
            "receivedTime" : "641.150999930687",
            "sslStart" : -1,
            "dnsStart" : -1,
            "receiveLast" : 609.150999930687,
            "s_time" : 458.464000024833,
            "sendEnd" : 25,
            "sendStart" : 24,
            "type" : "image/jpeg"
         }
      },
      {
         "when_comp_start" : -1,
         "url" : "http://modified.testbed.localhost/b.thumbs.redditmedia.com/zfeUU_fhRUaj4tnN1UHuF4v3f27M2_9T4K-Dc4POxVs.jpg",
         "id" : "r26",
         "comps" : [],
         "download" : {
            "receiveFirst" : 8,
            "len" : 3466,
            "dns" : 0,
            "dnsEnd" : -1,
            "receiveHeadersEnd" : 30,
            "sslEnd" : -1,
            "connectEnd" : 22,
            "connectStart" : 0,
            "id" : "download_24",
            "receivedTime" : "641.840999945998",
            "sslStart" : -1,
            "dnsStart" : -1,
            "receiveLast" : 611.840999945998,
            "s_time" : 465.825999970548,
            "sendEnd" : 22,
            "sendStart" : 22,
            "type" : "image/jpeg"
         }
      },
      {
         "when_comp_start" : -1,
         "url" : "http://modified.testbed.localhost/b.thumbs.redditmedia.com/FRBS-sZwT8_eO42xX6-2AkyKlV5Iwzggqp3ShmKLu7M.jpg",
         "id" : "r27",
         "comps" : [],
         "download" : {
            "receiveFirst" : 9,
            "len" : 5038,
            "dns" : 0,
            "dnsEnd" : -1,
            "receiveHeadersEnd" : 30,
            "sslEnd" : -1,
            "connectEnd" : 21,
            "connectStart" : 0,
            "id" : "download_25",
            "receivedTime" : "908.11700001359",
            "sslStart" : -1,
            "dnsStart" : -1,
            "receiveLast" : 878.11700001359,
            "s_time" : 467.15799998492,
            "sendEnd" : 21,
            "sendStart" : 21,
            "type" : "image/jpeg"
         }
      },
      {
         "when_comp_start" : -1,
         "url" : "http://modified.testbed.localhost/b.thumbs.redditmedia.com/el8QDTquuEVweSy0PV6bKR9kSIWpoN-P9tZJrEr0Psk.jpg",
         "id" : "r28",
         "comps" : [],
         "download" : {
            "receiveFirst" : 5,
            "len" : 2921,
            "dns" : 0,
            "dnsEnd" : -1,
            "receiveHeadersEnd" : 24,
            "sslEnd" : -1,
            "connectEnd" : 19,
            "connectStart" : 0,
            "id" : "download_26",
            "receivedTime" : "909.36699998565",
            "sslStart" : -1,
            "dnsStart" : -1,
            "receiveLast" : 885.36699998565,
            "s_time" : 476.96499992162,
            "sendEnd" : 19,
            "sendStart" : 19,
            "type" : "image/jpeg"
         }
      },
      {
         "when_comp_start" : -1,
         "url" : "http://modified.testbed.localhost/a.thumbs.redditmedia.com/_7_P1zoJRFAYel368evZGixQ5_2cz3tpzylWki-_tq0.jpg",
         "id" : "r29",
         "comps" : [],
         "download" : {
            "receiveFirst" : 5,
            "len" : 6020,
            "dns" : 0,
            "dnsEnd" : -1,
            "receiveHeadersEnd" : 24,
            "sslEnd" : -1,
            "connectEnd" : 19,
            "connectStart" : 0,
            "id" : "download_27",
            "receivedTime" : "909.530999953859",
            "sslStart" : -1,
            "dnsStart" : -1,
            "receiveLast" : 885.530999953859,
            "s_time" : 478.151999996044,
            "sendEnd" : 19,
            "sendStart" : 19,
            "type" : "image/jpeg"
         }
      },
      {
         "when_comp_start" : -1,
         "url" : "http://modified.testbed.localhost/b.thumbs.redditmedia.com/O2rDQ-hunRi4WaIqeXGzV2zuKzPqd2kKcxti3ivng6w.jpg",
         "id" : "r30",
         "comps" : [],
         "download" : {
            "receiveFirst" : 5,
            "len" : 7722,
            "dns" : 0,
            "dnsEnd" : -1,
            "receiveHeadersEnd" : 24,
            "sslEnd" : -1,
            "connectEnd" : 18,
            "connectStart" : 0,
            "id" : "download_28",
            "receivedTime" : "909.679999924265",
            "sslStart" : -1,
            "dnsStart" : -1,
            "receiveLast" : 885.679999924265,
            "s_time" : 478.843000018969,
            "sendEnd" : 19,
            "sendStart" : 18,
            "type" : "image/jpeg"
         }
      },
      {
         "when_comp_start" : -1,
         "url" : "http://modified.testbed.localhost/a.thumbs.redditmedia.com/eWsdOU-9Cbn_TqYmdP_7qX1vksj8B99iP5OG4ZWGQT4.jpg",
         "id" : "r31",
         "comps" : [],
         "download" : {
            "receiveFirst" : 5,
            "len" : 6980,
            "dns" : 0,
            "dnsEnd" : -1,
            "receiveHeadersEnd" : 26,
            "sslEnd" : -1,
            "connectEnd" : 21,
            "connectStart" : 0,
            "id" : "download_29",
            "receivedTime" : "910.582999931648",
            "sslStart" : -1,
            "dnsStart" : -1,
            "receiveLast" : 884.582999931648,
            "s_time" : 479.205999989063,
            "sendEnd" : 21,
            "sendStart" : 21,
            "type" : "image/jpeg"
         }
      },
      {
         "when_comp_start" : -1,
         "url" : "http://modified.testbed.localhost/reddit.com/static/pixel.png",
         "id" : "r33",
         "comps" : [],
         "download" : {
            "receiveFirst" : 5,
            "len" : 67,
            "dns" : 0,
            "dnsEnd" : -1,
            "receiveHeadersEnd" : 20,
            "sslEnd" : -1,
            "connectEnd" : 15,
            "connectStart" : 0,
            "id" : "download_30",
            "receivedTime" : "910.275000031106",
            "sslStart" : -1,
            "dnsStart" : -1,
            "receiveLast" : 890.275000031106,
            "s_time" : 486.264999955893,
            "sendEnd" : 15,
            "sendStart" : 15,
            "type" : "image/png"
         }
      }
   ],
   "deps" : [
      {
         "a2" : "r1_c2",
         "time" : -1,
         "id" : "dep1",
         "a1" : "comp_13"
      },
      {
         "a2" : "r1_c3",
         "time" : -1,
         "id" : "dep2",
         "a1" : "comp_54"
      },
      {
         "a2" : "comp_13",
         "time" : -1,
         "id" : "dep3",
         "a1" : "comp_12"
      },
      {
         "a2" : "download_30",
         "time" : -1,
         "id" : "dep4",
         "a1" : "r1_c2"
      },
      {
         "a2" : "download_29",
         "time" : 161.370999994688,
         "id" : "dep5",
         "a1" : "r1_c2"
      },
      {
         "a2" : "download_28",
         "time" : 161.008000024594,
         "id" : "dep6",
         "a1" : "r1_c2"
      },
      {
         "a2" : "download_27",
         "time" : 160.317000001669,
         "id" : "dep7",
         "a1" : "r1_c2"
      },
      {
         "a2" : "download_26",
         "time" : 159.129999927245,
         "id" : "dep8",
         "a1" : "r1_c2"
      },
      {
         "a2" : "download_25",
         "time" : 149.322999990545,
         "id" : "dep9",
         "a1" : "r1_c2"
      },
      {
         "a2" : "download_24",
         "time" : 147.990999976173,
         "id" : "dep10",
         "a1" : "r1_c2"
      },
      {
         "a2" : "download_23",
         "time" : 140.629000030458,
         "id" : "dep11",
         "a1" : "r1_c2"
      },
      {
         "a2" : "download_22",
         "time" : 139.205000014044,
         "id" : "dep12",
         "a1" : "r1_c2"
      },
      {
         "a2" : "download_21",
         "time" : 152.026999974623,
         "id" : "dep13",
         "a1" : "r1_c2"
      },
      {
         "a2" : "download_21",
         "time" : 152.026999974623,
         "id" : "dep14",
         "a1" : "r1_c2"
      },
      {
         "a2" : "download_20",
         "time" : 151.485999929718,
         "id" : "dep15",
         "a1" : "r1_c2"
      },
      {
         "a2" : "download_19",
         "time" : 138.387999963015,
         "id" : "dep16",
         "a1" : "r1_c2"
      },
      {
         "a2" : "download_18",
         "time" : 136.607000022195,
         "id" : "dep17",
         "a1" : "r1_c2"
      },
      {
         "a2" : "download_17",
         "time" : 134.77799994871,
         "id" : "dep18",
         "a1" : "r1_c2"
      },
      {
         "a2" : "download_16",
         "time" : 135.945999994874,
         "id" : "dep19",
         "a1" : "r1_c2"
      },
      {
         "a2" : "download_15",
         "time" : 134.044999955222,
         "id" : "dep20",
         "a1" : "r1_c2"
      },
      {
         "a2" : "download_14",
         "time" : 133.12999997288,
         "id" : "dep21",
         "a1" : "r1_c2"
      },
      {
         "a2" : "download_13",
         "time" : 132.315999944694,
         "id" : "dep22",
         "a1" : "r1_c2"
      },
      {
         "a2" : "download_12",
         "time" : 131.55699998606,
         "id" : "dep23",
         "a1" : "r1_c2"
      },
      {
         "a2" : "download_11",
         "time" : 124.760000035167,
         "id" : "dep24",
         "a1" : "r1_c2"
      },
      {
         "a2" : "download_10",
         "time" : 58.468000032008,
         "id" : "dep25",
         "a1" : "r1_c2"
      },
      {
         "a2" : "download_9",
         "time" : 55.028000031598,
         "id" : "dep26",
         "a1" : "r1_c2"
      },
      {
         "a2" : "download_8",
         "time" : 41.22799995821,
         "id" : "dep27",
         "a1" : "r1_c2"
      },
      {
         "a2" : "download_7",
         "time" : 26.940000010654,
         "id" : "dep28",
         "a1" : "r1_c2"
      },
      {
         "a2" : "download_6",
         "time" : -1,
         "id" : "dep29",
         "a1" : "r1_c1"
      },
      {
         "a2" : "download_5",
         "time" : 26.6549999359995,
         "id" : "dep30",
         "a1" : "r1_c1"
      },
      {
         "a2" : "download_4",
         "time" : 13.5409999638796,
         "id" : "dep31",
         "a1" : "r1_c1"
      },
      {
         "a2" : "download_3",
         "time" : 1.7280000029132,
         "id" : "dep32",
         "a1" : "r1_c1"
      },
      {
         "a2" : "download_2",
         "time" : 2.163999946788,
         "id" : "dep33",
         "a1" : "r1_c1"
      },
      {
         "a2" : "download_2",
         "time" : 2.163999946788,
         "id" : "dep34",
         "a1" : "r1_c1"
      },
      {
         "a2" : "download_1",
         "time" : 1.3689999468625,
         "id" : "dep35",
         "a1" : "r1_c1"
      }
   ]
}
