{
   "n_download_no_trigger" : 1,
   "start_activity" : "download_0",
   "name" : "modified.testbed.localhost_dailycurrant.com_",
   "load_activity" : -1,
   "objs" : [
      {
         "when_comp_start" : 1,
         "url" : "http://modified.testbed.localhost/dailycurrant.com/",
         "id" : "r1",
         "comps" : [
            {
               "s_time" : 45.1370000373572,
               "time" : 93.8089999835938,
               "id" : "r1_c1",
               "type" : "evalhtml",
               "e_time" : 138.946000020951
            },
            {
               "s_time" : 183.532000053674,
               "time" : -879469305.515,
               "id" : "r1_c2",
               "type" : "evalhtml",
               "e_time" : -879469121.983
            },
            {
               "s_time" : 260.955000063404,
               "time" : -879469382.938,
               "id" : "r1_c3",
               "type" : "evalhtml",
               "e_time" : -879469121.983
            },
            {
               "s_time" : 289.317000075243,
               "time" : 94.788999995217,
               "id" : "r1_c4",
               "type" : "evalhtml",
               "e_time" : 384.10600007046
            },
            {
               "s_time" : 392.516000079922,
               "time" : 17.118999967352,
               "id" : "r1_c5",
               "type" : "evalhtml",
               "e_time" : 409.635000047274
            },
            {
               "s_time" : 415.254999999888,
               "time" : -879469537.238,
               "id" : "r1_c6",
               "type" : "evalhtml",
               "e_time" : -879469121.983
            },
            {
               "s_time" : 441.409000079148,
               "time" : -879469563.392,
               "id" : "r1_c7",
               "type" : "evalhtml",
               "e_time" : -879469121.983
            },
            {
               "s_time" : 442.211000015959,
               "time" : -879469564.194,
               "id" : "r1_c8",
               "type" : "evalhtml",
               "e_time" : -879469121.983
            },
            {
               "s_time" : 442.844000062905,
               "time" : -879469564.827,
               "id" : "r1_c9",
               "type" : "evalhtml",
               "e_time" : -879469121.983
            },
            {
               "s_time" : 443.483000039123,
               "time" : -879469565.466,
               "id" : "r1_c10",
               "type" : "evalhtml",
               "e_time" : -879469121.983
            },
            {
               "s_time" : 445.400000084192,
               "time" : -879469567.383,
               "id" : "r1_c11",
               "type" : "evalhtml",
               "e_time" : -879469121.983
            },
            {
               "s_time" : 485.80700007733,
               "time" : 0.0649999128650052,
               "type" : "evalhtml",
               "id" : "r1_c12",
               "e_time" : 485.871999990195
            }
         ],
         "download" : {
            "receiveFirst" : 4,
            "len" : 47769,
            "dns" : 0,
            "dnsEnd" : -1,
            "receiveHeadersEnd" : 5,
            "sslEnd" : -1,
            "connectEnd" : 1,
            "connectStart" : 0,
            "id" : "download_0",
            "receivedTime" : "44.5630000904202",
            "sslStart" : -1,
            "dnsStart" : -1,
            "receiveLast" : 39.5630000904202,
            "s_time" : 0,
            "sendEnd" : 1,
            "sendStart" : 1,
            "type" : "text/html"
         }
      },
      {
         "when_comp_start" : -1,
         "url" : "http://modified.testbed.localhost/dailycurrant.com/wp-content/plugins/wp-pro-quiz/css/wpProQuiz_front.min.css%3Fver=0.37.css",
         "id" : "r3",
         "comps" : [
            {
               "s_time" : 88.893000036478,
               "time" : 2.0449999719859,
               "type" : 4,
               "id" : "comp_2",
               "e_time" : 90.9380000084639
            }
         ],
         "download" : {
            "receiveFirst" : 4,
            "len" : 10932,
            "dns" : 0,
            "dnsEnd" : -1,
            "receiveHeadersEnd" : 13,
            "sslEnd" : -1,
            "connectEnd" : 9,
            "connectStart" : 0,
            "id" : "download_1",
            "receivedTime" : "88.5809999890625",
            "sslStart" : -1,
            "dnsStart" : -1,
            "receiveLast" : 75.5809999890625,
            "s_time" : 72.4920000648126,
            "sendEnd" : 9,
            "sendStart" : 9,
            "type" : "text/css"
         }
      },
      {
         "when_comp_start" : -1,
         "url" : "http://modified.testbed.localhost/dailycurrant.com/wp-content/plugins/wp-to-twitter/css/twitter-feed.css%3Fver=4.2.4.css",
         "id" : "r4",
         "comps" : [
            {
               "s_time" : 92.4390000291169,
               "time" : 0.706000020727501,
               "type" : 4,
               "id" : "comp_6",
               "e_time" : 93.1450000498444
            }
         ],
         "download" : {
            "receiveFirst" : 5,
            "len" : 1181,
            "dns" : 0,
            "dnsEnd" : -1,
            "receiveHeadersEnd" : 14,
            "sslEnd" : -1,
            "connectEnd" : 9,
            "connectStart" : 0,
            "id" : "download_2",
            "receivedTime" : "92.1500000404194",
            "sslStart" : -1,
            "dnsStart" : -1,
            "receiveLast" : 78.1500000404194,
            "s_time" : 72.8130000643432,
            "sendEnd" : 9,
            "sendStart" : 9,
            "type" : "text/css"
         }
      },
      {
         "when_comp_start" : -1,
         "url" : "http://modified.testbed.localhost/dailycurrant.com/wp-content/plugins/wordpress-popular-posts/style/wpp.css%3Fver=3.3.1.css",
         "id" : "r5",
         "comps" : [
            {
               "s_time" : 91.4869999978691,
               "time" : 0.148000079207193,
               "type" : 4,
               "id" : "comp_4",
               "e_time" : 91.6350000770763
            }
         ],
         "download" : {
            "receiveFirst" : 6,
            "len" : 316,
            "dns" : 0,
            "dnsEnd" : -1,
            "receiveHeadersEnd" : 15,
            "sslEnd" : -1,
            "connectEnd" : 9,
            "connectStart" : 0,
            "id" : "download_3",
            "receivedTime" : "91.3160000927746",
            "sslStart" : -1,
            "dnsStart" : -1,
            "receiveLast" : 76.3160000927746,
            "s_time" : 73.2440000865608,
            "sendEnd" : 9,
            "sendStart" : 9,
            "type" : "text/css"
         }
      },
      {
         "when_comp_start" : -1,
         "url" : "http://modified.testbed.localhost/ajax.googleapis.com/ajax/libs/jquery/1.6.2/jquery.min.js%3Fver=4.2.4",
         "id" : "r6",
         "comps" : [
            {
               "s_time" : 102.186999982223,
               "time" : 81.345000071451,
               "type" : 1,
               "id" : "comp_9",
               "e_time" : 183.532000053674
            }
         ],
         "download" : {
            "receiveFirst" : 8,
            "len" : 91556,
            "dns" : 0,
            "dnsEnd" : -1,
            "receiveHeadersEnd" : 17,
            "sslEnd" : -1,
            "connectEnd" : 9,
            "connectStart" : 0,
            "id" : "download_4",
            "receivedTime" : "101.863000076264",
            "sslStart" : -1,
            "dnsStart" : -1,
            "receiveLast" : 84.8630000762641,
            "s_time" : 73.6260000849143,
            "sendEnd" : 9,
            "sendStart" : 9,
            "type" : "text/plain"
         }
      },
      {
         "when_comp_start" : -1,
         "url" : "http://modified.testbed.localhost/fonts.googleapis.com/css%3Ffamily=PT+Serif+Caption:400,400italic.css",
         "id" : "r8",
         "comps" : [
            {
               "s_time" : 98.0080000590533,
               "time" : 0.00899995211510429,
               "type" : 4,
               "id" : "comp_8",
               "e_time" : 98.0170000111684
            }
         ],
         "download" : {
            "receiveFirst" : 11,
            "len" : 545,
            "dns" : 0,
            "dnsEnd" : -1,
            "receiveHeadersEnd" : 20,
            "sslEnd" : -1,
            "connectEnd" : 9,
            "connectStart" : 0,
            "id" : "download_5",
            "receivedTime" : "97.063000081107",
            "sslStart" : -1,
            "dnsStart" : -1,
            "receiveLast" : 77.063000081107,
            "s_time" : 74.3510000174865,
            "sendEnd" : 9,
            "sendStart" : 9,
            "type" : "text/css"
         }
      },
      {
         "when_comp_start" : -1,
         "url" : "http://modified.testbed.localhost/ajax.googleapis.com/ajax/libs/jqueryui/1.8.16/jquery-ui.min.js%3Fver=4.2.4",
         "id" : "r7",
         "comps" : [
            {
               "s_time" : 187.211000011303,
               "time" : 73.744000052101,
               "type" : 1,
               "id" : "comp_19",
               "e_time" : 260.955000063404
            }
         ],
         "download" : {
            "receiveFirst" : 10,
            "len" : 201875,
            "dns" : 0,
            "dnsEnd" : -1,
            "receiveHeadersEnd" : 19,
            "sslEnd" : -1,
            "connectEnd" : 9,
            "connectStart" : 0,
            "id" : "download_6",
            "receivedTime" : "187.068000086583",
            "sslStart" : -1,
            "dnsStart" : -1,
            "receiveLast" : 168.068000086583,
            "s_time" : 73.9310000790283,
            "sendEnd" : 9,
            "sendStart" : 9,
            "type" : "text/plain"
         }
      },
      {
         "when_comp_start" : -1,
         "url" : "http://modified.testbed.localhost/fonts.googleapis.com/css%3Ffamily=Istok+Web.css",
         "id" : "r9",
         "comps" : [
            {
               "s_time" : 184.067000052892,
               "time" : 0.0089999521149764,
               "type" : 4,
               "id" : "comp_15",
               "e_time" : 184.076000005007
            }
         ],
         "download" : {
            "receiveFirst" : 8,
            "len" : 256,
            "dns" : 0,
            "dnsEnd" : -1,
            "receiveHeadersEnd" : 25,
            "sslEnd" : -1,
            "connectEnd" : 17,
            "connectStart" : 0,
            "id" : "download_7",
            "receivedTime" : "183.938000001945",
            "sslStart" : -1,
            "dnsStart" : -1,
            "receiveLast" : 158.938000001945,
            "s_time" : 74.6280000312254,
            "sendEnd" : 17,
            "sendStart" : 17,
            "type" : "text/css"
         }
      },
      {
         "when_comp_start" : -1,
         "url" : "http://modified.testbed.localhost/dailycurrant.com/wp-content/themes/themefit_hybrid/themefit-hybrid/style.css%3Fv=1.2.0083.css",
         "id" : "r10",
         "comps" : [
            {
               "s_time" : 185.498000006191,
               "time" : 0.195000087842999,
               "type" : 4,
               "id" : "comp_18",
               "e_time" : 185.693000094034
            }
         ],
         "download" : {
            "receiveFirst" : 9,
            "len" : 43890,
            "dns" : 0,
            "dnsEnd" : -1,
            "receiveHeadersEnd" : 28,
            "sslEnd" : -1,
            "connectEnd" : 19,
            "connectStart" : 0,
            "id" : "download_8",
            "receivedTime" : "185.400000074878",
            "sslStart" : -1,
            "dnsStart" : -1,
            "receiveLast" : 157.400000074878,
            "s_time" : 74.9320000177249,
            "sendEnd" : 19,
            "sendStart" : 19,
            "type" : "text/css"
         }
      },
      {
         "when_comp_start" : -1,
         "url" : "http://modified.testbed.localhost/dailycurrant.com/wp-content/themes/themefit_hybrid/themefit-hybrid/css/themefit.mobilemenu.css%3Fv=1.2.0083.css",
         "id" : "r11",
         "comps" : [
            {
               "s_time" : 185.338000068441,
               "time" : 0.00999995972998136,
               "type" : 4,
               "id" : "comp_17",
               "e_time" : 185.348000028171
            }
         ],
         "download" : {
            "receiveFirst" : 10,
            "len" : 3817,
            "dns" : 0,
            "dnsEnd" : -1,
            "receiveHeadersEnd" : 29,
            "sslEnd" : -1,
            "connectEnd" : 19,
            "connectStart" : 0,
            "id" : "download_9",
            "receivedTime" : "185.248000081629",
            "sslStart" : -1,
            "dnsStart" : -1,
            "receiveLast" : 156.248000081629,
            "s_time" : 75.3390000900254,
            "sendEnd" : 19,
            "sendStart" : 19,
            "type" : "text/css"
         }
      },
      {
         "when_comp_start" : 1,
         "url" : "http://modified.testbed.localhost/dailycurrant.com/wp-content/themes/themefit_hybrid/themefit-hybrid/css/themefit.slideshow.css%3Fv=1.2.0083.html",
         "id" : "r12",
         "comps" : [
            {
               "s_time" : 185.177000006661,
               "time" : 0.00700005330099884,
               "type" : 4,
               "id" : "comp_16",
               "e_time" : 185.184000059962
            }
         ],
         "download" : {
            "receiveFirst" : 9,
            "len" : 851,
            "dns" : 0,
            "dnsEnd" : -1,
            "receiveHeadersEnd" : 31,
            "sslEnd" : -1,
            "connectEnd" : 22,
            "connectStart" : 0,
            "id" : "download_10",
            "receivedTime" : "185.06500008516",
            "sslStart" : -1,
            "dnsStart" : -1,
            "receiveLast" : 154.06500008516,
            "s_time" : 75.6919999839738,
            "sendEnd" : 22,
            "sendStart" : 22,
            "type" : "text/html"
         }
      },
      {
         "when_comp_start" : -1,
         "url" : "http://modified.testbed.localhost/dailycurrant.com/wp-content/uploads/2013/12/littlelogo1.jpg",
         "id" : "r13",
         "comps" : [],
         "download" : {
            "receiveFirst" : 8,
            "len" : 4854,
            "dns" : 0,
            "dnsEnd" : -1,
            "receiveHeadersEnd" : 36,
            "sslEnd" : -1,
            "connectEnd" : 28,
            "connectStart" : 0,
            "id" : "download_11",
            "receivedTime" : "186.756000039168",
            "sslStart" : -1,
            "dnsStart" : -1,
            "receiveLast" : 150.756000039168,
            "s_time" : 76.0000000009313,
            "sendEnd" : 28,
            "sendStart" : 28,
            "type" : "image/jpeg"
         }
      },
      {
         "when_comp_start" : -1,
         "url" : "http://modified.testbed.localhost/ap.lijit.com/www/delivery/fpi.js%3Fz=298021&u=dailycurrant&width=728&height=90",
         "id" : "r15",
         "comps" : [
            {
               "s_time" : 282.80500008259,
               "time" : 6.51199999265299,
               "type" : 1,
               "id" : "comp_28",
               "e_time" : 289.317000075243
            }
         ],
         "download" : {
            "receiveFirst" : 8,
            "len" : 5418,
            "dns" : 0,
            "dnsEnd" : -1,
            "receiveHeadersEnd" : 35,
            "sslEnd" : -1,
            "connectEnd" : 27,
            "connectStart" : 0,
            "id" : "download_12",
            "receivedTime" : "186.633000033908",
            "sslStart" : -1,
            "dnsStart" : -1,
            "receiveLast" : 151.633000033908,
            "s_time" : 76.4150000177324,
            "sendEnd" : 27,
            "sendStart" : 27,
            "type" : "text/plain"
         }
      },
      {
         "when_comp_start" : -1,
         "url" : "http://modified.testbed.localhost/dailycurrant.com/wp-content/uploads/img/Logo55.jpg",
         "id" : "r14",
         "comps" : [],
         "download" : {
            "receiveFirst" : 10,
            "len" : 9323,
            "dns" : 0,
            "dnsEnd" : -1,
            "receiveHeadersEnd" : 11,
            "sslEnd" : -1,
            "connectEnd" : 1,
            "connectStart" : 0,
            "id" : "download_13",
            "receivedTime" : "356.174000073224",
            "sslStart" : -1,
            "dnsStart" : -1,
            "receiveLast" : 345.174000073224,
            "s_time" : 115.281000034884,
            "sendEnd" : 1,
            "sendStart" : 1,
            "type" : "image/jpeg"
         }
      },
      {
         "when_comp_start" : -1,
         "url" : "http://modified.testbed.localhost/dailycurrant.com/wp-content/uploads/2016/03/trump_muslim_sacrifice1-257x147.jpg",
         "id" : "r16",
         "comps" : [],
         "download" : {
            "receiveFirst" : 4,
            "len" : 12894,
            "dns" : 0,
            "dnsEnd" : -1,
            "receiveHeadersEnd" : 9,
            "sslEnd" : -1,
            "connectEnd" : 5,
            "connectStart" : 0,
            "id" : "download_14",
            "receivedTime" : "356.614000047557",
            "sslStart" : -1,
            "dnsStart" : -1,
            "receiveLast" : 347.614000047557,
            "s_time" : 118.038000073284,
            "sendEnd" : 5,
            "sendStart" : 5,
            "type" : "image/jpeg"
         }
      },
      {
         "when_comp_start" : -1,
         "url" : "http://modified.testbed.localhost/dailycurrant.com/wp-content/uploads/2016/03/Screen-Shot-2016-03-04-at-10.32.54-257x142.png",
         "id" : "r17",
         "comps" : [],
         "download" : {
            "receiveFirst" : 7,
            "len" : 66292,
            "dns" : 0,
            "dnsEnd" : -1,
            "receiveHeadersEnd" : 12,
            "sslEnd" : -1,
            "connectEnd" : 5,
            "connectStart" : 0,
            "id" : "download_15",
            "receivedTime" : "357.47899999842",
            "sslStart" : -1,
            "dnsStart" : -1,
            "receiveLast" : 345.47899999842,
            "s_time" : 118.466000072658,
            "sendEnd" : 5,
            "sendStart" : 5,
            "type" : "image/png"
         }
      },
      {
         "when_comp_start" : -1,
         "url" : "http://modified.testbed.localhost/dailycurrant.com/wp-content/uploads/2016/01/150616121401-donald-trump-cnn-full-169-e1452120788445-257x163.jpg",
         "id" : "r23",
         "comps" : [],
         "download" : {
            "receiveFirst" : 6,
            "len" : 18472,
            "dns" : 0,
            "dnsEnd" : -1,
            "receiveHeadersEnd" : 25,
            "sslEnd" : -1,
            "connectEnd" : 19,
            "connectStart" : 0,
            "id" : "download_16",
            "receivedTime" : "376.297000097111",
            "sslStart" : -1,
            "dnsStart" : -1,
            "receiveLast" : 351.297000097111,
            "s_time" : 120.115000056103,
            "sendEnd" : 19,
            "sendStart" : 19,
            "type" : "image/jpeg"
         }
      },
      {
         "when_comp_start" : -1,
         "url" : "http://modified.testbed.localhost/dailycurrant.com/wp-content/uploads/2016/02/trump-257x160.jpg",
         "id" : "r18",
         "comps" : [],
         "download" : {
            "receiveFirst" : 11,
            "len" : 10717,
            "dns" : 0,
            "dnsEnd" : -1,
            "receiveHeadersEnd" : 16,
            "sslEnd" : -1,
            "connectEnd" : 5,
            "connectStart" : 0,
            "id" : "download_17",
            "receivedTime" : "376.540000084788",
            "sslStart" : -1,
            "dnsStart" : -1,
            "receiveLast" : 360.540000084788,
            "s_time" : 118.770000059158,
            "sendEnd" : 5,
            "sendStart" : 5,
            "type" : "image/jpeg"
         }
      },
      {
         "when_comp_start" : -1,
         "url" : "http://modified.testbed.localhost/dailycurrant.com/wp-content/uploads/2016/01/ThinkstockPhotos-83338006-257x171.jpg",
         "id" : "r20",
         "comps" : [],
         "download" : {
            "receiveFirst" : 11,
            "len" : 14614,
            "dns" : 0,
            "dnsEnd" : -1,
            "receiveHeadersEnd" : 16,
            "sslEnd" : -1,
            "connectEnd" : 5,
            "connectStart" : 0,
            "id" : "download_18",
            "receivedTime" : "376.740000094287",
            "sslStart" : -1,
            "dnsStart" : -1,
            "receiveLast" : 360.740000094287,
            "s_time" : 119.305000058375,
            "sendEnd" : 5,
            "sendStart" : 5,
            "type" : "image/jpeg"
         }
      },
      {
         "when_comp_start" : -1,
         "url" : "http://modified.testbed.localhost/dailycurrant.com/wp-content/uploads/2016/02/ThinkstockPhotos-504852952-1-257x171.jpg",
         "id" : "r19",
         "comps" : [],
         "download" : {
            "receiveFirst" : 11,
            "len" : 15104,
            "dns" : 0,
            "dnsEnd" : -1,
            "receiveHeadersEnd" : 16,
            "sslEnd" : -1,
            "connectEnd" : 5,
            "connectStart" : 0,
            "id" : "download_19",
            "receivedTime" : "376.985000097193",
            "sslStart" : -1,
            "dnsStart" : -1,
            "receiveLast" : 360.985000097193,
            "s_time" : 119.072000030428,
            "sendEnd" : 5,
            "sendStart" : 5,
            "type" : "image/jpeg"
         }
      },
      {
         "when_comp_start" : -1,
         "url" : "http://modified.testbed.localhost/dailycurrant.com/wp-content/uploads/2016/01/bet-logo-pink-transparentbackground-257x145.jpg",
         "id" : "r21",
         "comps" : [],
         "download" : {
            "receiveFirst" : 7,
            "len" : 6457,
            "dns" : 0,
            "dnsEnd" : -1,
            "receiveHeadersEnd" : 17,
            "sslEnd" : -1,
            "connectEnd" : 10,
            "connectStart" : 0,
            "id" : "download_20",
            "receivedTime" : "377.179000061005",
            "sslStart" : -1,
            "dnsStart" : -1,
            "receiveLast" : 360.179000061005,
            "s_time" : 119.591000024229,
            "sendEnd" : 10,
            "sendStart" : 10,
            "type" : "image/jpeg"
         }
      },
      {
         "when_comp_start" : -1,
         "url" : "http://modified.testbed.localhost/dailycurrant.com/wp-content/uploads/2016/01/ThinkstockPhotos-151340233-1-e1453083275332-257x162.jpg",
         "id" : "r22",
         "comps" : [],
         "download" : {
            "receiveFirst" : 5,
            "len" : 8160,
            "dns" : 0,
            "dnsEnd" : -1,
            "receiveHeadersEnd" : 19,
            "sslEnd" : -1,
            "connectEnd" : 13,
            "connectStart" : 0,
            "id" : "download_21",
            "receivedTime" : "377.386000007391",
            "sslStart" : -1,
            "dnsStart" : -1,
            "receiveLast" : 358.386000007391,
            "s_time" : 119.819000014104,
            "sendEnd" : 14,
            "sendStart" : 13,
            "type" : "image/jpeg"
         }
      },
      {
         "when_comp_start" : -1,
         "url" : "http://modified.testbed.localhost/dailycurrant.com/wp-content/uploads/2015/10/america-celebrates-fourth-day-257x168.jpg",
         "id" : "r27",
         "comps" : [],
         "download" : {
            "receiveFirst" : 5,
            "len" : 20295,
            "dns" : 0,
            "dnsEnd" : -1,
            "receiveHeadersEnd" : 19,
            "sslEnd" : -1,
            "connectEnd" : 14,
            "connectStart" : 0,
            "id" : "download_22",
            "receivedTime" : "378.0610000249",
            "sslStart" : -1,
            "dnsStart" : -1,
            "receiveLast" : 359.0610000249,
            "s_time" : 138.946000020951,
            "sendEnd" : 14,
            "sendStart" : 14,
            "type" : "image/jpeg"
         }
      },
      {
         "when_comp_start" : -1,
         "url" : "http://modified.testbed.localhost/dailycurrant.com/wp-content/uploads/2015/10/cher-melt-257x167.jpg",
         "id" : "r25",
         "comps" : [],
         "download" : {
            "receiveFirst" : 6,
            "len" : 12967,
            "dns" : 0,
            "dnsEnd" : -1,
            "receiveHeadersEnd" : 31,
            "sslEnd" : -1,
            "connectEnd" : 25,
            "connectStart" : 0,
            "id" : "download_23",
            "receivedTime" : "378.458000021055",
            "sslStart" : -1,
            "dnsStart" : -1,
            "receiveLast" : 347.458000021055,
            "s_time" : 128.401000052691,
            "sendEnd" : 25,
            "sendStart" : 25,
            "type" : "image/jpeg"
         }
      },
      {
         "when_comp_start" : -1,
         "url" : "http://modified.testbed.localhost/dailycurrant.com/wp-content/uploads/2015/10/netanyahu-dinosaurs-257x150.jpg",
         "id" : "r26",
         "comps" : [],
         "download" : {
            "receiveFirst" : 7,
            "len" : 14645,
            "dns" : 0,
            "dnsEnd" : -1,
            "receiveHeadersEnd" : 31,
            "sslEnd" : -1,
            "connectEnd" : 24,
            "connectStart" : 0,
            "id" : "download_24",
            "receivedTime" : "379.13200003095",
            "sslStart" : -1,
            "dnsStart" : -1,
            "receiveLast" : 348.13200003095,
            "s_time" : 130.2109999815,
            "sendEnd" : 24,
            "sendStart" : 24,
            "type" : "image/jpeg"
         }
      },
      {
         "when_comp_start" : -1,
         "url" : "http://modified.testbed.localhost/dailycurrant.com/wp-content/uploads/2014/04/softballstright-257x170.jpg",
         "id" : "r24",
         "comps" : [],
         "download" : {
            "receiveFirst" : 8,
            "len" : 16602,
            "dns" : 0,
            "dnsEnd" : -1,
            "receiveHeadersEnd" : 41,
            "sslEnd" : -1,
            "connectEnd" : 33,
            "connectStart" : 0,
            "id" : "download_25",
            "receivedTime" : "379.518000059761",
            "sslStart" : -1,
            "dnsStart" : -1,
            "receiveLast" : 338.518000059761,
            "s_time" : 120.403000037186,
            "sendEnd" : 33,
            "sendStart" : 33,
            "type" : "image/jpeg"
         }
      },
      {
         "when_comp_start" : -1,
         "url" : "http://modified.testbed.localhost/dailycurrant.com/wp-content/uploads/wordpress-popular-posts/37555-first_image-300x170.jpg",
         "id" : "r54",
         "comps" : [],
         "download" : {
            "receiveFirst" : 18,
            "len" : 16128,
            "dns" : 0,
            "dnsEnd" : -1,
            "receiveHeadersEnd" : 24,
            "sslEnd" : -1,
            "connectEnd" : 6,
            "connectStart" : 0,
            "id" : "download_26",
            "receivedTime" : "416.36999999173",
            "sslStart" : -1,
            "dnsStart" : -1,
            "receiveLast" : 392.36999999173,
            "s_time" : 380.313000059687,
            "sendEnd" : 6,
            "sendStart" : 6,
            "type" : "image/jpeg"
         }
      },
      {
         "when_comp_start" : -1,
         "url" : "http://modified.testbed.localhost/dailycurrant.com/wp-content/uploads/wordpress-popular-posts/40848-first_image-300x170.png",
         "id" : "r55",
         "comps" : [],
         "download" : {
            "receiveFirst" : 18,
            "len" : 87353,
            "dns" : 0,
            "dnsEnd" : -1,
            "receiveHeadersEnd" : 24,
            "sslEnd" : -1,
            "connectEnd" : 6,
            "connectStart" : 0,
            "id" : "download_27",
            "receivedTime" : "436.977000092156",
            "sslStart" : -1,
            "dnsStart" : -1,
            "receiveLast" : 412.977000092156,
            "s_time" : 380.68599998951,
            "sendEnd" : 6,
            "sendStart" : 6,
            "type" : "image/png"
         }
      },
      {
         "when_comp_start" : -1,
         "url" : "http://modified.testbed.localhost/dailycurrant.com/wp-content/uploads/wordpress-popular-posts/40971-first_image-300x170.jpg",
         "id" : "r56",
         "comps" : [],
         "download" : {
            "receiveFirst" : 18,
            "len" : 12169,
            "dns" : 0,
            "dnsEnd" : -1,
            "receiveHeadersEnd" : 24,
            "sslEnd" : -1,
            "connectEnd" : 6,
            "connectStart" : 0,
            "id" : "download_28",
            "receivedTime" : "436.143000028096",
            "sslStart" : -1,
            "dnsStart" : -1,
            "receiveLast" : 412.143000028096,
            "s_time" : 381.00699998904,
            "sendEnd" : 6,
            "sendStart" : 6,
            "type" : "image/jpeg"
         }
      },
      {
         "when_comp_start" : 1,
         "url" : "http://modified.testbed.localhost/adserver.adtechus.com/addyn%7C3.0%7C10173.1%7C3614317%7C0%7C225%7CADTECH%3Bloc=100%3Btarget=_blank%3Bmisc=[TIMESTAMP]%3Brdclick=.html",
         "id" : "r59",
         "comps" : [
            {
               "s_time" : 415.084999985993,
               "time" : 0.170000013894992,
               "type" : 1,
               "id" : "comp_59",
               "e_time" : 415.254999999888
            }
         ],
         "download" : {
            "receiveFirst" : 18,
            "len" : 1,
            "dns" : 0,
            "dnsEnd" : -1,
            "receiveHeadersEnd" : 23,
            "sslEnd" : -1,
            "connectEnd" : 5,
            "connectStart" : 0,
            "id" : "download_29",
            "receivedTime" : "414.984000031836",
            "sslStart" : -1,
            "dnsStart" : -1,
            "receiveLast" : 391.984000031836,
            "s_time" : 382.052000029944,
            "sendEnd" : 5,
            "sendStart" : 5,
            "type" : "text/html"
         }
      },
      {
         "when_comp_start" : -1,
         "url" : "http://modified.testbed.localhost/dailycurrant.com/wp-content/uploads/wordpress-popular-posts/27954-first_image-300x170.jpg",
         "id" : "r58",
         "comps" : [],
         "download" : {
            "receiveFirst" : 19,
            "len" : 17168,
            "dns" : 0,
            "dnsEnd" : -1,
            "receiveHeadersEnd" : 24,
            "sslEnd" : -1,
            "connectEnd" : 5,
            "connectStart" : 0,
            "id" : "download_30",
            "receivedTime" : "436.390000046231",
            "sslStart" : -1,
            "dnsStart" : -1,
            "receiveLast" : 412.390000046231,
            "s_time" : 381.69900001958,
            "sendEnd" : 5,
            "sendStart" : 5,
            "type" : "image/jpeg"
         }
      },
      {
         "when_comp_start" : -1,
         "url" : "http://modified.testbed.localhost/dailycurrant.com/wp-content/uploads/wordpress-popular-posts/41055-first_image-300x170.jpg",
         "id" : "r57",
         "comps" : [],
         "download" : {
            "receiveFirst" : 19,
            "len" : 15751,
            "dns" : 0,
            "dnsEnd" : -1,
            "receiveHeadersEnd" : 25,
            "sslEnd" : -1,
            "connectEnd" : 6,
            "connectStart" : 0,
            "id" : "download_31",
            "receivedTime" : "436.610999982804",
            "sslStart" : -1,
            "dnsStart" : -1,
            "receiveLast" : 411.610999982804,
            "s_time" : 381.340000079945,
            "sendEnd" : 6,
            "sendStart" : 6,
            "type" : "image/jpeg"
         }
      },
      {
         "when_comp_start" : -1,
         "url" : "http://modified.testbed.localhost/dailycurrant.com/fonts/proximanovacond-semibold-webfont.woff",
         "id" : "r35",
         "comps" : [],
         "download" : {
            "receiveFirst" : 3,
            "len" : 27428,
            "dns" : 0,
            "dnsEnd" : -1,
            "receiveHeadersEnd" : 31,
            "sslEnd" : -1,
            "connectEnd" : 28,
            "connectStart" : 0,
            "id" : "download_32",
            "receivedTime" : "437.643000041135",
            "sslStart" : -1,
            "dnsStart" : -1,
            "receiveLast" : 406.643000041135,
            "s_time" : 382.411000085995,
            "sendEnd" : 28,
            "sendStart" : 28,
            "type" : "application/octet-stream"
         }
      },
      {
         "when_comp_start" : 1,
         "url" : "http://modified.testbed.localhost/dailycurrant.com/wp-content/themes/themefit_hybrid/themefit-hybrid/js/themefit.mobilemenu.jQuery.js%3Fv=1.2.0083.html",
         "id" : "r61",
         "comps" : [
            {
               "s_time" : 440.629000077024,
               "time" : 0.780000002123984,
               "type" : 1,
               "id" : "comp_63",
               "e_time" : 441.409000079148
            }
         ],
         "download" : {
            "receiveFirst" : 6,
            "len" : 849,
            "dns" : 0,
            "dnsEnd" : -1,
            "receiveHeadersEnd" : 33,
            "sslEnd" : -1,
            "connectEnd" : 27,
            "connectStart" : 0,
            "id" : "download_33",
            "receivedTime" : "440.521000069566",
            "sslStart" : -1,
            "dnsStart" : -1,
            "receiveLast" : 407.521000069566,
            "s_time" : 384.10600007046,
            "sendEnd" : 27,
            "sendStart" : 27,
            "type" : "text/html"
         }
      },
      {
         "when_comp_start" : 1,
         "url" : "http://modified.testbed.localhost/dailycurrant.com/wp-content/themes/themefit_hybrid/themefit-hybrid/js/themefit.slideshow.jQuery.js%3Fv=1.2.0083.html",
         "id" : "r62",
         "comps" : [
            {
               "s_time" : 441.817000042647,
               "time" : 0.393999973311963,
               "type" : 1,
               "id" : "comp_65",
               "e_time" : 442.211000015959
            }
         ],
         "download" : {
            "receiveFirst" : 6,
            "len" : 849,
            "dns" : 0,
            "dnsEnd" : -1,
            "receiveHeadersEnd" : 23,
            "sslEnd" : -1,
            "connectEnd" : 17,
            "connectStart" : 0,
            "id" : "download_34",
            "receivedTime" : "441.701000090688",
            "sslStart" : -1,
            "dnsStart" : -1,
            "receiveLast" : 418.701000090688,
            "s_time" : 393.10700003989,
            "sendEnd" : 17,
            "sendStart" : 17,
            "type" : "text/html"
         }
      },
      {
         "when_comp_start" : 1,
         "url" : "http://modified.testbed.localhost/dailycurrant.com/wp-content/themes/themefit_hybrid/themefit-hybrid/js/themefit.showhide.jQuery.js%3Fv=1.2.0083.html",
         "id" : "r63",
         "comps" : [
            {
               "s_time" : 442.533000023104,
               "time" : 0.311000039801002,
               "type" : 1,
               "id" : "comp_67",
               "e_time" : 442.844000062905
            }
         ],
         "download" : {
            "receiveFirst" : 6,
            "len" : 849,
            "dns" : 0,
            "dnsEnd" : -1,
            "receiveHeadersEnd" : 23,
            "sslEnd" : -1,
            "connectEnd" : 17,
            "connectStart" : 0,
            "id" : "download_35",
            "receivedTime" : "442.412000033073",
            "sslStart" : -1,
            "dnsStart" : -1,
            "receiveLast" : 419.412000033073,
            "s_time" : 393.69500009343,
            "sendEnd" : 17,
            "sendStart" : 17,
            "type" : "text/html"
         }
      },
      {
         "when_comp_start" : 1,
         "url" : "http://modified.testbed.localhost/dailycurrant.com/wp-content/themes/themefit_hybrid/themefit-hybrid/js/themefit.init.jQuery.js%3Fv=1.2.0083.html",
         "id" : "r64",
         "comps" : [
            {
               "s_time" : 443.154000095092,
               "time" : 0.328999944031011,
               "type" : 1,
               "id" : "comp_69",
               "e_time" : 443.483000039123
            }
         ],
         "download" : {
            "receiveFirst" : 6,
            "len" : 849,
            "dns" : 0,
            "dnsEnd" : -1,
            "receiveHeadersEnd" : 22,
            "sslEnd" : -1,
            "connectEnd" : 16,
            "connectStart" : 0,
            "id" : "download_36",
            "receivedTime" : "443.038000026718",
            "sslStart" : -1,
            "dnsStart" : -1,
            "receiveLast" : 421.038000026718,
            "s_time" : 394.177000038326,
            "sendEnd" : 16,
            "sendStart" : 16,
            "type" : "text/html"
         }
      },
      {
         "when_comp_start" : -1,
         "url" : "http://modified.testbed.localhost/dailycurrant.com/wp-content/plugins/disqus-comment-system/media/js/count.js%3Fver=4.2.4",
         "id" : "r65",
         "comps" : [
            {
               "s_time" : 444.235000060871,
               "time" : 1.165000023321,
               "type" : 1,
               "id" : "comp_72",
               "e_time" : 445.400000084192
            }
         ],
         "download" : {
            "receiveFirst" : 6,
            "len" : 669,
            "dns" : 0,
            "dnsEnd" : -1,
            "receiveHeadersEnd" : 23,
            "sslEnd" : -1,
            "connectEnd" : 17,
            "connectStart" : 0,
            "id" : "download_37",
            "receivedTime" : "444.116000086069",
            "sslStart" : -1,
            "dnsStart" : -1,
            "receiveLast" : 421.116000086069,
            "s_time" : 394.741000025533,
            "sendEnd" : 17,
            "sendStart" : 17,
            "type" : "text/plain"
         }
      },
      {
         "when_comp_start" : -1,
         "url" : "http://modified.testbed.localhost/s7.addthis.com/js/300/addthis_widget.js#pubid=ra-54346b364ea20d24",
         "id" : "r66",
         "comps" : [],
         "download" : {
            "receiveFirst" : 5,
            "len" : 389946,
            "dns" : 0,
            "dnsEnd" : -1,
            "receiveHeadersEnd" : 25,
            "sslEnd" : -1,
            "connectEnd" : 20,
            "connectStart" : 0,
            "id" : "download_38",
            "receivedTime" : "493.816000060178",
            "sslStart" : -1,
            "dnsStart" : -1,
            "receiveLast" : 468.816000060178,
            "s_time" : 395.389000070281,
            "sendEnd" : 20,
            "sendStart" : 20,
            "type" : "application/javascript"
         }
      },
      {
         "when_comp_start" : -1,
         "url" : "http://modified.testbed.localhost/cdn.taboolasyndication.com/libtrc/dailycurrant/loader.js",
         "id" : "r67",
         "comps" : [
            {
               "s_time" : 466.526000062004,
               "time" : 19.281000015326,
               "type" : 1,
               "id" : "comp_82",
               "e_time" : 485.80700007733
            }
         ],
         "download" : {
            "receiveFirst" : 5,
            "len" : 144200,
            "dns" : 0,
            "dnsEnd" : -1,
            "receiveHeadersEnd" : 16,
            "sslEnd" : -1,
            "connectEnd" : 11,
            "connectStart" : 0,
            "id" : "download_39",
            "receivedTime" : "466.348999994807",
            "sslStart" : -1,
            "dnsStart" : -1,
            "receiveLast" : 450.348999994807,
            "s_time" : 409.635000047274,
            "sendEnd" : 11,
            "sendStart" : 11,
            "type" : "application/javascript"
         }
      },
      {
         "when_comp_start" : -1,
         "url" : "http://modified.testbed.localhost/dailycurrant.com/wp-content/uploads/2012/04/thelogo.png",
         "id" : "r60",
         "comps" : [],
         "download" : {
            "receiveFirst" : 7,
            "len" : 2731,
            "dns" : 0,
            "dnsEnd" : -1,
            "receiveHeadersEnd" : 44,
            "sslEnd" : -1,
            "connectEnd" : 37,
            "connectStart" : 0,
            "id" : "download_40",
            "receivedTime" : "448.047999991104",
            "sslStart" : -1,
            "dnsStart" : -1,
            "receiveLast" : 404.047999991104,
            "s_time" : 383.712000097148,
            "sendEnd" : 37,
            "sendStart" : 37,
            "type" : "image/png"
         }
      }
   ],
   "deps" : [
      {
         "a2" : "r1_c2",
         "time" : -1,
         "id" : "dep1",
         "a1" : "comp_9"
      },
      {
         "a2" : "r1_c3",
         "time" : -1,
         "id" : "dep2",
         "a1" : "comp_19"
      },
      {
         "a2" : "r1_c4",
         "time" : -1,
         "id" : "dep3",
         "a1" : "comp_28"
      },
      {
         "a2" : "r1_c5",
         "time" : -1,
         "id" : "dep4",
         "a1" : "comp_56"
      },
      {
         "a2" : "r1_c6",
         "time" : -1,
         "id" : "dep5",
         "a1" : "comp_59"
      },
      {
         "a2" : "r1_c7",
         "time" : -1,
         "id" : "dep6",
         "a1" : "comp_63"
      },
      {
         "a2" : "r1_c8",
         "time" : -1,
         "id" : "dep7",
         "a1" : "comp_65"
      },
      {
         "a2" : "r1_c9",
         "time" : -1,
         "id" : "dep8",
         "a1" : "comp_67"
      },
      {
         "a2" : "r1_c10",
         "time" : -1,
         "id" : "dep9",
         "a1" : "comp_69"
      },
      {
         "a2" : "r1_c11",
         "time" : -1,
         "id" : "dep10",
         "a1" : "comp_72"
      },
      {
         "a2" : "r1_c12",
         "time" : -1,
         "id" : "dep11",
         "a1" : "comp_82"
      },
      {
         "a2" : "comp_9",
         "time" : -1,
         "id" : "dep12",
         "a1" : "comp_2"
      },
      {
         "a2" : "comp_9",
         "time" : -1,
         "id" : "dep13",
         "a1" : "comp_6"
      },
      {
         "a2" : "comp_9",
         "time" : -1,
         "id" : "dep14",
         "a1" : "comp_4"
      },
      {
         "a2" : "comp_19",
         "time" : -1,
         "id" : "dep15",
         "a1" : "comp_9"
      },
      {
         "a2" : "comp_59",
         "time" : -1,
         "id" : "dep16",
         "a1" : "comp_56"
      },
      {
         "a2" : "comp_63",
         "time" : -1,
         "id" : "dep17",
         "a1" : "comp_59"
      },
      {
         "a2" : "comp_65",
         "time" : -1,
         "id" : "dep18",
         "a1" : "comp_63"
      },
      {
         "a2" : "comp_67",
         "time" : -1,
         "id" : "dep19",
         "a1" : "comp_65"
      },
      {
         "a2" : "comp_69",
         "time" : -1,
         "id" : "dep20",
         "a1" : "comp_67"
      },
      {
         "a2" : "download_40",
         "time" : -1,
         "id" : "dep21",
         "a1" : "r1_c4"
      },
      {
         "a2" : "download_40",
         "time" : 94.395000021905,
         "id" : "dep22",
         "a1" : "r1_c4"
      },
      {
         "a2" : "download_39",
         "time" : -1,
         "id" : "dep23",
         "a1" : "r1_c5"
      },
      {
         "a2" : "download_39",
         "time" : 17.118999967352,
         "id" : "dep24",
         "a1" : "r1_c5"
      },
      {
         "a2" : "download_38",
         "time" : 2.87299999035901,
         "id" : "dep25",
         "a1" : "r1_c5"
      },
      {
         "a2" : "download_37",
         "time" : 2.22499994561105,
         "id" : "dep26",
         "a1" : "r1_c5"
      },
      {
         "a2" : "download_36",
         "time" : 1.66099995840403,
         "id" : "dep27",
         "a1" : "r1_c5"
      },
      {
         "a2" : "download_35",
         "time" : 1.17900001350802,
         "id" : "dep28",
         "a1" : "r1_c5"
      },
      {
         "a2" : "download_34",
         "time" : 0.59099995996803,
         "id" : "dep29",
         "a1" : "r1_c5"
      },
      {
         "a2" : "download_33",
         "time" : -1,
         "id" : "dep30",
         "a1" : "r1_c4"
      },
      {
         "a2" : "download_33",
         "time" : 94.788999995217,
         "id" : "dep31",
         "a1" : "r1_c4"
      },
      {
         "a2" : "download_32",
         "time" : 93.094000010752,
         "id" : "dep32",
         "a1" : "r1_c4"
      },
      {
         "a2" : "download_31",
         "time" : 92.023000004702,
         "id" : "dep33",
         "a1" : "r1_c4"
      },
      {
         "a2" : "download_30",
         "time" : 92.381999944337,
         "id" : "dep34",
         "a1" : "r1_c4"
      },
      {
         "a2" : "download_29",
         "time" : 92.734999954701,
         "id" : "dep35",
         "a1" : "r1_c4"
      },
      {
         "a2" : "download_28",
         "time" : 91.689999913797,
         "id" : "dep36",
         "a1" : "r1_c4"
      },
      {
         "a2" : "download_28",
         "time" : 91.689999913797,
         "id" : "dep37",
         "a1" : "r1_c4"
      },
      {
         "a2" : "download_27",
         "time" : 91.368999914267,
         "id" : "dep38",
         "a1" : "r1_c4"
      },
      {
         "a2" : "download_27",
         "time" : 91.368999914267,
         "id" : "dep39",
         "a1" : "r1_c4"
      },
      {
         "a2" : "download_26",
         "time" : 90.995999984444,
         "id" : "dep40",
         "a1" : "r1_c4"
      },
      {
         "a2" : "download_26",
         "time" : 90.995999984444,
         "id" : "dep41",
         "a1" : "r1_c4"
      },
      {
         "a2" : "download_25",
         "time" : -1,
         "id" : "dep42",
         "a1" : "r1_c1"
      },
      {
         "a2" : "download_24",
         "time" : -1,
         "id" : "dep43",
         "a1" : "r1_c1"
      },
      {
         "a2" : "download_23",
         "time" : 83.2640000153338,
         "id" : "dep44",
         "a1" : "r1_c1"
      },
      {
         "a2" : "download_22",
         "time" : -1,
         "id" : "dep45",
         "a1" : "r1_c1"
      },
      {
         "a2" : "download_21",
         "time" : 74.6819999767468,
         "id" : "dep46",
         "a1" : "r1_c1"
      },
      {
         "a2" : "download_20",
         "time" : 74.4539999868718,
         "id" : "dep47",
         "a1" : "r1_c1"
      },
      {
         "a2" : "download_19",
         "time" : 73.9349999930708,
         "id" : "dep48",
         "a1" : "r1_c1"
      },
      {
         "a2" : "download_18",
         "time" : 74.1680000210178,
         "id" : "dep49",
         "a1" : "r1_c1"
      },
      {
         "a2" : "download_17",
         "time" : 73.6330000218008,
         "id" : "dep50",
         "a1" : "r1_c1"
      },
      {
         "a2" : "download_16",
         "time" : 74.9780000187458,
         "id" : "dep51",
         "a1" : "r1_c1"
      },
      {
         "a2" : "download_15",
         "time" : 73.3290000353008,
         "id" : "dep52",
         "a1" : "r1_c1"
      },
      {
         "a2" : "download_14",
         "time" : 72.9010000359268,
         "id" : "dep53",
         "a1" : "r1_c1"
      },
      {
         "a2" : "download_13",
         "time" : 70.1439999975268,
         "id" : "dep54",
         "a1" : "r1_c1"
      },
      {
         "a2" : "download_12",
         "time" : 31.2779999803752,
         "id" : "dep55",
         "a1" : "r1_c1"
      },
      {
         "a2" : "download_11",
         "time" : 30.8629999635741,
         "id" : "dep56",
         "a1" : "r1_c1"
      },
      {
         "a2" : "download_10",
         "time" : 30.5549999466166,
         "id" : "dep57",
         "a1" : "r1_c1"
      },
      {
         "a2" : "download_9",
         "time" : 30.2020000526682,
         "id" : "dep58",
         "a1" : "r1_c1"
      },
      {
         "a2" : "download_8",
         "time" : 29.7949999803677,
         "id" : "dep59",
         "a1" : "r1_c1"
      },
      {
         "a2" : "download_7",
         "time" : 29.4909999938682,
         "id" : "dep60",
         "a1" : "r1_c1"
      },
      {
         "a2" : "download_6",
         "time" : 28.7940000416711,
         "id" : "dep61",
         "a1" : "r1_c1"
      },
      {
         "a2" : "download_5",
         "time" : 29.2139999801293,
         "id" : "dep62",
         "a1" : "r1_c1"
      },
      {
         "a2" : "download_4",
         "time" : 28.4890000475571,
         "id" : "dep63",
         "a1" : "r1_c1"
      },
      {
         "a2" : "download_3",
         "time" : 28.1070000492036,
         "id" : "dep64",
         "a1" : "r1_c1"
      },
      {
         "a2" : "download_2",
         "time" : 27.676000026986,
         "id" : "dep65",
         "a1" : "r1_c1"
      },
      {
         "a2" : "download_1",
         "time" : 27.3550000274554,
         "id" : "dep66",
         "a1" : "r1_c1"
      }
   ]
}
