{
   "n_download_no_trigger" : 1,
   "start_activity" : "download_0",
   "name" : "modified.testbed.localhost_www.mediaite.com_",
   "load_activity" : -1,
   "objs" : [
      {
         "when_comp_start" : 1,
         "url" : "http://modified.testbed.localhost/www.mediaite.com/",
         "id" : "r1",
         "comps" : [
            {
               "s_time" : 43.6029999982566,
               "time" : 40.3510000323876,
               "id" : "r1_c1",
               "type" : "evalhtml",
               "e_time" : 83.9540000306442
            },
            {
               "s_time" : 163.875999976881,
               "time" : -950452481.479,
               "id" : "r1_c2",
               "type" : "evalhtml",
               "e_time" : -950452317.603
            },
            {
               "s_time" : 171.139999991283,
               "time" : -950452488.743,
               "id" : "r1_c3",
               "type" : "evalhtml",
               "e_time" : -950452317.603
            },
            {
               "s_time" : 171.870000078343,
               "time" : -950452489.473,
               "id" : "r1_c4",
               "type" : "evalhtml",
               "e_time" : -950452317.603
            },
            {
               "s_time" : 173.158999998122,
               "time" : -950452490.762,
               "id" : "r1_c5",
               "type" : "evalhtml",
               "e_time" : -950452317.603
            },
            {
               "s_time" : 192.292000050656,
               "time" : 488.656000001357,
               "id" : "r1_c6",
               "type" : "evalhtml",
               "e_time" : 680.948000052013
            },
            {
               "s_time" : 684.987000073306,
               "time" : -950453002.59,
               "id" : "r1_c7",
               "type" : "evalhtml",
               "e_time" : -950452317.603
            },
            {
               "s_time" : 701.001000008546,
               "time" : -950453018.604,
               "id" : "r1_c8",
               "type" : "evalhtml",
               "e_time" : -950452317.603
            },
            {
               "s_time" : 739.468000014313,
               "time" : 290.631000068967,
               "type" : "evalhtml",
               "id" : "r1_c9",
               "e_time" : 1030.09900008328
            }
         ],
         "download" : {
            "receiveFirst" : 4,
            "len" : 63723,
            "dns" : 0,
            "dnsEnd" : -1,
            "receiveHeadersEnd" : 4,
            "sslEnd" : -1,
            "connectEnd" : 0,
            "connectStart" : 0,
            "id" : "download_0",
            "receivedTime" : "43.0049999849871",
            "sslStart" : -1,
            "dnsStart" : -1,
            "receiveLast" : 39.0049999849871,
            "s_time" : 0,
            "sendEnd" : 0,
            "sendStart" : 0,
            "type" : "text/html"
         }
      },
      {
         "when_comp_start" : -1,
         "url" : "http://modified.testbed.localhost/static01.mediaite.com/med/wp-content/themes/m2015/style.css%3Fv=o6pnm8.css",
         "id" : "r2",
         "comps" : [
            {
               "s_time" : 63.2159999804571,
               "time" : 12.163000064902,
               "type" : 4,
               "id" : "comp_1",
               "e_time" : 75.3790000453591
            }
         ],
         "download" : {
            "receiveFirst" : 4,
            "len" : 57447,
            "dns" : 0,
            "dnsEnd" : -1,
            "receiveHeadersEnd" : 10,
            "sslEnd" : -1,
            "connectEnd" : 6,
            "connectStart" : 0,
            "id" : "download_1",
            "receivedTime" : "63.0440000677481",
            "sslStart" : -1,
            "dnsStart" : -1,
            "receiveLast" : 53.0440000677481,
            "s_time" : 44.6140000130981,
            "sendEnd" : 6,
            "sendStart" : 6,
            "type" : "text/css"
         }
      },
      {
         "when_comp_start" : -1,
         "url" : "http://modified.testbed.localhost/static01.mediaite.com/med/wp-content/themes/m2015/fancybox.1.1.css",
         "id" : "r3",
         "comps" : [
            {
               "s_time" : 61.1040000803769,
               "time" : 1.5419999836012,
               "type" : 4,
               "id" : "comp_0",
               "e_time" : 62.6460000639781
            }
         ],
         "download" : {
            "receiveFirst" : 6,
            "len" : 10174,
            "dns" : 0,
            "dnsEnd" : -1,
            "receiveHeadersEnd" : 12,
            "sslEnd" : -1,
            "connectEnd" : 6,
            "connectStart" : 0,
            "id" : "download_2",
            "receivedTime" : "60.806000023149",
            "sslStart" : -1,
            "dnsStart" : -1,
            "receiveLast" : 48.806000023149,
            "s_time" : 44.9329999973997,
            "sendEnd" : 6,
            "sendStart" : 6,
            "type" : "text/css"
         }
      },
      {
         "when_comp_start" : -1,
         "url" : "http://modified.testbed.localhost/static01.mediaite.com/med/wp-content/plugins/am-ngg-front-end/media/skin/skin.css%3Fver=4.4.3.css",
         "id" : "r4",
         "comps" : [
            {
               "s_time" : 75.9979999857023,
               "time" : 0.620000064373102,
               "type" : 4,
               "id" : "comp_3",
               "e_time" : 76.6180000500754
            }
         ],
         "download" : {
            "receiveFirst" : 8,
            "len" : 4584,
            "dns" : 0,
            "dnsEnd" : -1,
            "receiveHeadersEnd" : 14,
            "sslEnd" : -1,
            "connectEnd" : 6,
            "connectStart" : 0,
            "id" : "download_3",
            "receivedTime" : "75.8680000435561",
            "sslStart" : -1,
            "dnsStart" : -1,
            "receiveLast" : 61.8680000435561,
            "s_time" : 45.3909999923781,
            "sendEnd" : 6,
            "sendStart" : 6,
            "type" : "text/css"
         }
      },
      {
         "when_comp_start" : -1,
         "url" : "http://modified.testbed.localhost/static01.mediaite.com/med/wp-content/plugins/am-ngg-front-end/media/style.css%3Fver=4.4.3.css",
         "id" : "r5",
         "comps" : [
            {
               "s_time" : 77.6100000366569,
               "time" : 0.905000022612498,
               "type" : 4,
               "id" : "comp_5",
               "e_time" : 78.5150000592694
            }
         ],
         "download" : {
            "receiveFirst" : 9,
            "len" : 4995,
            "dns" : 0,
            "dnsEnd" : -1,
            "receiveHeadersEnd" : 15,
            "sslEnd" : -1,
            "connectEnd" : 6,
            "connectStart" : 0,
            "id" : "download_4",
            "receivedTime" : "77.532000024803",
            "sslStart" : -1,
            "dnsStart" : -1,
            "receiveLast" : 62.532000024803,
            "s_time" : 45.7360000582412,
            "sendEnd" : 6,
            "sendStart" : 6,
            "type" : "text/css"
         }
      },
      {
         "when_comp_start" : -1,
         "url" : "http://modified.testbed.localhost/static01.mediaite.com/med/wp-content/plugins/wp-polls/polls-css.css%3Fver=2.73.css",
         "id" : "r6",
         "comps" : [
            {
               "s_time" : 76.8950000638142,
               "time" : 0.447999918833403,
               "type" : 4,
               "id" : "comp_4",
               "e_time" : 77.3429999826476
            }
         ],
         "download" : {
            "receiveFirst" : 9,
            "len" : 2708,
            "dns" : 0,
            "dnsEnd" : -1,
            "receiveHeadersEnd" : 15,
            "sslEnd" : -1,
            "connectEnd" : 6,
            "connectStart" : 0,
            "id" : "download_5",
            "receivedTime" : "76.7970000160858",
            "sslStart" : -1,
            "dnsStart" : -1,
            "receiveLast" : 61.7970000160858,
            "s_time" : 46.083000022918,
            "sendEnd" : 6,
            "sendStart" : 6,
            "type" : "text/css"
         }
      },
      {
         "when_comp_start" : -1,
         "url" : "http://modified.testbed.localhost/static01.mediaite.com/med/wp-content/plugins/nextgen-gallery/css/nggallery.css%3Fver=1.0.0.css",
         "id" : "r7",
         "comps" : [
            {
               "s_time" : 78.7000000709668,
               "time" : 0.949000008404212,
               "type" : 4,
               "id" : "comp_6",
               "e_time" : 79.649000079371
            }
         ],
         "download" : {
            "receiveFirst" : 9,
            "len" : 6324,
            "dns" : 0,
            "dnsEnd" : -1,
            "receiveHeadersEnd" : 15,
            "sslEnd" : -1,
            "connectEnd" : 6,
            "connectStart" : 0,
            "id" : "download_6",
            "receivedTime" : "78.5790000809357",
            "sslStart" : -1,
            "dnsStart" : -1,
            "receiveLast" : 63.5790000809357,
            "s_time" : 46.4080000529066,
            "sendEnd" : 6,
            "sendStart" : 6,
            "type" : "text/css"
         }
      },
      {
         "when_comp_start" : -1,
         "url" : "http://modified.testbed.localhost/static01.mediaite.com/med/wp-content/plugins/nextgen-gallery/shutter/shutter-reloaded.css%3Fver=1.3.0.css",
         "id" : "r8",
         "comps" : [
            {
               "s_time" : 80.0339999841526,
               "time" : 1.05600000824779,
               "type" : 4,
               "id" : "comp_7",
               "e_time" : 81.0899999924004
            }
         ],
         "download" : {
            "receiveFirst" : 3,
            "len" : 1503,
            "dns" : 0,
            "dnsEnd" : -1,
            "receiveHeadersEnd" : 19,
            "sslEnd" : -1,
            "connectEnd" : 16,
            "connectStart" : 0,
            "id" : "download_7",
            "receivedTime" : "79.9200000474229",
            "sslStart" : -1,
            "dnsStart" : -1,
            "receiveLast" : 60.9200000474229,
            "s_time" : 46.7290000524372,
            "sendEnd" : 16,
            "sendStart" : 16,
            "type" : "text/css"
         }
      },
      {
         "when_comp_start" : -1,
         "url" : "http://modified.testbed.localhost/ajax.googleapis.com/ajax/libs/jquery/1.8.2/jquery.min.js",
         "id" : "r9",
         "comps" : [
            {
               "s_time" : 85.0680000148714,
               "time" : 78.8079999620096,
               "type" : 1,
               "id" : "comp_8",
               "e_time" : 163.875999976881
            }
         ],
         "download" : {
            "receiveFirst" : 4,
            "len" : 93435,
            "dns" : 0,
            "dnsEnd" : -1,
            "receiveHeadersEnd" : 20,
            "sslEnd" : -1,
            "connectEnd" : 16,
            "connectStart" : 0,
            "id" : "download_8",
            "receivedTime" : "84.9409999791533",
            "sslStart" : -1,
            "dnsStart" : -1,
            "receiveLast" : 64.9409999791533,
            "s_time" : 47.0510000595823,
            "sendEnd" : 16,
            "sendStart" : 16,
            "type" : "application/javascript"
         }
      },
      {
         "when_comp_start" : -1,
         "url" : "http://modified.testbed.localhost/static01.mediaite.com/med/wp-content/plugins/am-ngg-front-end/js/jquery.jcarousel.min.js%3Fver=4.4.3",
         "id" : "r10",
         "comps" : [
            {
               "s_time" : 164.051000028849,
               "time" : 7.088999962434,
               "type" : 1,
               "id" : "comp_10",
               "e_time" : 171.139999991283
            }
         ],
         "download" : {
            "receiveFirst" : 6,
            "len" : 15650,
            "dns" : 0,
            "dnsEnd" : -1,
            "receiveHeadersEnd" : 22,
            "sslEnd" : -1,
            "connectEnd" : 16,
            "connectStart" : 0,
            "id" : "download_9",
            "receivedTime" : "83.7090000277385",
            "sslStart" : -1,
            "dnsStart" : -1,
            "receiveLast" : 61.7090000277385,
            "s_time" : 47.3550000460818,
            "sendEnd" : 16,
            "sendStart" : 16,
            "type" : "text/plain"
         }
      },
      {
         "when_comp_start" : -1,
         "url" : "http://modified.testbed.localhost/static01.mediaite.com/med/wp-content/plugins/nextgen-gallery/shutter/shutter-reloaded.js%3Fver=1.3.0",
         "id" : "r12",
         "comps" : [
            {
               "s_time" : 172.259000013582,
               "time" : 0.899999984539988,
               "type" : 1,
               "id" : "comp_15",
               "e_time" : 173.158999998122
            }
         ],
         "download" : {
            "receiveFirst" : 7,
            "len" : 8785,
            "dns" : 0,
            "dnsEnd" : -1,
            "receiveHeadersEnd" : 23,
            "sslEnd" : -1,
            "connectEnd" : 16,
            "connectStart" : 0,
            "id" : "download_10",
            "receivedTime" : "82.4420000426471",
            "sslStart" : -1,
            "dnsStart" : -1,
            "receiveLast" : 59.4420000426471,
            "s_time" : 47.9879999766126,
            "sendEnd" : 16,
            "sendStart" : 16,
            "type" : "text/plain"
         }
      },
      {
         "when_comp_start" : -1,
         "url" : "http://modified.testbed.localhost/static01.mediaite.com/med/wp-content/themes/m2015/js/am.min.js%3Fv=o4jp40",
         "id" : "r13",
         "comps" : [
            {
               "s_time" : 173.944000038318,
               "time" : 18.348000012338,
               "type" : 1,
               "id" : "comp_17",
               "e_time" : 192.292000050656
            }
         ],
         "download" : {
            "receiveFirst" : 7,
            "len" : 31070,
            "dns" : 0,
            "dnsEnd" : -1,
            "receiveHeadersEnd" : 23,
            "sslEnd" : -1,
            "connectEnd" : 16,
            "connectStart" : 0,
            "id" : "download_11",
            "receivedTime" : "84.1740000760183",
            "sslStart" : -1,
            "dnsStart" : -1,
            "receiveLast" : 61.1740000760183,
            "s_time" : 48.3220000751317,
            "sendEnd" : 16,
            "sendStart" : 16,
            "type" : "text/plain"
         }
      },
      {
         "when_comp_start" : -1,
         "url" : "http://modified.testbed.localhost/www.mediaite.com/wp-content/plugins/wp-buzz-quizz/modules/js/front.js%3Fver=1.0",
         "id" : "r11",
         "comps" : [
            {
               "s_time" : 171.286000055261,
               "time" : 0.584000023081984,
               "type" : 1,
               "id" : "comp_12",
               "e_time" : 171.870000078343
            }
         ],
         "download" : {
            "receiveFirst" : 11,
            "len" : 5361,
            "dns" : 0,
            "dnsEnd" : -1,
            "receiveHeadersEnd" : 28,
            "sslEnd" : -1,
            "connectEnd" : 17,
            "connectStart" : 0,
            "id" : "download_12",
            "receivedTime" : "84.6829999936745",
            "sslStart" : -1,
            "dnsStart" : -1,
            "receiveLast" : 56.6829999936745,
            "s_time" : 47.6320000598207,
            "sendEnd" : 17,
            "sendStart" : 17,
            "type" : "text/plain"
         }
      },
      {
         "when_comp_start" : -1,
         "url" : "http://modified.testbed.localhost/fonts.googleapis.com/css%3Ffamily=Roboto+Condensed:400,700,700italic,400italic.css",
         "id" : "r14",
         "comps" : [
            {
               "s_time" : 195.538999978453,
               "time" : 0.260000000708004,
               "type" : 4,
               "id" : "comp_27",
               "e_time" : 195.798999979161
            }
         ],
         "download" : {
            "receiveFirst" : 3,
            "len" : 1127,
            "dns" : 0,
            "dnsEnd" : -1,
            "receiveHeadersEnd" : 6,
            "sslEnd" : -1,
            "connectEnd" : 2,
            "connectStart" : 0,
            "id" : "download_13",
            "receivedTime" : "195.399000076577",
            "sslStart" : -1,
            "dnsStart" : -1,
            "receiveLast" : 189.399000076577,
            "s_time" : 83.0110000679269,
            "sendEnd" : 3,
            "sendStart" : 2,
            "type" : "text/css"
         }
      },
      {
         "when_comp_start" : -1,
         "url" : "http://modified.testbed.localhost/fonts.googleapis.com/css%3Ffamily=Roboto+Slab:400,300,700.css",
         "id" : "r15",
         "comps" : [
            {
               "s_time" : 196.388000040315,
               "time" : 0.141000025905981,
               "type" : 4,
               "id" : "comp_28",
               "e_time" : 196.529000066221
            }
         ],
         "download" : {
            "receiveFirst" : 4,
            "len" : 779,
            "dns" : 0,
            "dnsEnd" : -1,
            "receiveHeadersEnd" : 7,
            "sslEnd" : -1,
            "connectEnd" : 3,
            "connectStart" : 0,
            "id" : "download_14",
            "receivedTime" : "196.29300001543",
            "sslStart" : -1,
            "dnsStart" : -1,
            "receiveLast" : 189.29300001543,
            "s_time" : 83.3320000674576,
            "sendEnd" : 3,
            "sendStart" : 3,
            "type" : "text/css"
         }
      },
      {
         "when_comp_start" : -1,
         "url" : "http://modified.testbed.localhost/fonts.googleapis.com/css%3Ffamily=Open+Sans+Condensed:700,300italic,300.css",
         "id" : "r16",
         "comps" : [
            {
               "s_time" : 196.736000012606,
               "time" : 0.136999995447979,
               "type" : 4,
               "id" : "comp_29",
               "e_time" : 196.873000008054
            }
         ],
         "download" : {
            "receiveFirst" : 4,
            "len" : 892,
            "dns" : 0,
            "dnsEnd" : -1,
            "receiveHeadersEnd" : 7,
            "sslEnd" : -1,
            "connectEnd" : 3,
            "connectStart" : 0,
            "id" : "download_15",
            "receivedTime" : "196.619000053033",
            "sslStart" : -1,
            "dnsStart" : -1,
            "receiveLast" : 189.619000053033,
            "s_time" : 83.6550000822172,
            "sendEnd" : 3,
            "sendStart" : 3,
            "type" : "text/css"
         }
      },
      {
         "when_comp_start" : -1,
         "url" : "http://modified.testbed.localhost/fonts.googleapis.com/css%3Ffamily=Open+Sans:700italic.css",
         "id" : "r17",
         "comps" : [
            {
               "s_time" : 197.064000065438,
               "time" : 1.647999975831,
               "type" : 4,
               "id" : "comp_30",
               "e_time" : 198.712000041269
            }
         ],
         "download" : {
            "receiveFirst" : 5,
            "len" : 263,
            "dns" : 0,
            "dnsEnd" : -1,
            "receiveHeadersEnd" : 7,
            "sslEnd" : -1,
            "connectEnd" : 2,
            "connectStart" : 0,
            "id" : "download_16",
            "receivedTime" : "196.961999987252",
            "sslStart" : -1,
            "dnsStart" : -1,
            "receiveLast" : 189.961999987252,
            "s_time" : 83.9540000306442,
            "sendEnd" : 2,
            "sendStart" : 2,
            "type" : "text/css"
         }
      },
      {
         "when_comp_start" : -1,
         "url" : "http://modified.testbed.localhost/static01.mediaite.com/med/wp-content/themes/m2015/images/logo.png",
         "id" : "r35",
         "comps" : [],
         "download" : {
            "receiveFirst" : 3,
            "len" : 11366,
            "dns" : 0,
            "dnsEnd" : -1,
            "receiveHeadersEnd" : 4,
            "sslEnd" : -1,
            "connectEnd" : 1,
            "connectStart" : 0,
            "id" : "download_17",
            "receivedTime" : "439.651999971829",
            "sslStart" : -1,
            "dnsStart" : -1,
            "receiveLast" : 435.651999971829,
            "s_time" : 211.449000053108,
            "sendEnd" : 1,
            "sendStart" : 1,
            "type" : "image/png"
         }
      },
      {
         "when_comp_start" : -1,
         "url" : "http://modified.testbed.localhost/static01.mediaite.com/med/wp-content/themes/m2015/images/header-bg.jpg",
         "id" : "r36",
         "comps" : [],
         "download" : {
            "receiveFirst" : 2,
            "len" : 11876,
            "dns" : 0,
            "dnsEnd" : -1,
            "receiveHeadersEnd" : 3,
            "sslEnd" : -1,
            "connectEnd" : 0,
            "connectStart" : 0,
            "id" : "download_18",
            "receivedTime" : "440.318000037223",
            "sslStart" : -1,
            "dnsStart" : -1,
            "receiveLast" : 437.318000037223,
            "s_time" : 221.54599998612,
            "sendEnd" : 1,
            "sendStart" : 0,
            "type" : "image/jpeg"
         }
      },
      {
         "when_comp_start" : -1,
         "url" : "http://modified.testbed.localhost/static01.mediaite.com/med/wp-content/uploads/2016/05/trump-5.jpg",
         "id" : "r38",
         "comps" : [],
         "download" : {
            "receiveFirst" : 6,
            "len" : 59068,
            "dns" : 0,
            "dnsEnd" : -1,
            "receiveHeadersEnd" : 11,
            "sslEnd" : -1,
            "connectEnd" : 5,
            "connectStart" : 0,
            "id" : "download_19",
            "receivedTime" : "447.596000041813",
            "sslStart" : -1,
            "dnsStart" : -1,
            "receiveLast" : 436.596000041813,
            "s_time" : 262.722000014037,
            "sendEnd" : 5,
            "sendStart" : 5,
            "type" : "image/jpeg"
         }
      },
      {
         "when_comp_start" : -1,
         "url" : "http://modified.testbed.localhost/static01.mediaite.com/med/wp-content/uploads/2016/04/gbh.NEW_.TrumpChalk.3.30.16.036-e1459522486659.jpg",
         "id" : "r39",
         "comps" : [],
         "download" : {
            "receiveFirst" : 25,
            "len" : 46806,
            "dns" : 0,
            "dnsEnd" : -1,
            "receiveHeadersEnd" : 31,
            "sslEnd" : -1,
            "connectEnd" : 6,
            "connectStart" : 0,
            "id" : "download_20",
            "receivedTime" : "452.901000040583",
            "sslStart" : -1,
            "dnsStart" : -1,
            "receiveLast" : 421.901000040583,
            "s_time" : 264.740000013262,
            "sendEnd" : 6,
            "sendStart" : 6,
            "type" : "image/jpeg"
         }
      },
      {
         "when_comp_start" : -1,
         "url" : "http://modified.testbed.localhost/static01.mediaite.com/med/wp-content/uploads/2016/05/Screen-Shot-2016-05-12-at-10.52.34-AM.png",
         "id" : "r41",
         "comps" : [],
         "download" : {
            "receiveFirst" : 26,
            "len" : 1261124,
            "dns" : 0,
            "dnsEnd" : -1,
            "receiveHeadersEnd" : 31,
            "sslEnd" : -1,
            "connectEnd" : 5,
            "connectStart" : 0,
            "id" : "download_21",
            "receivedTime" : "1028.16200000234",
            "sslStart" : -1,
            "dnsStart" : -1,
            "receiveLast" : 997.162000002339,
            "s_time" : 265.778000000864,
            "sendEnd" : 5,
            "sendStart" : 5,
            "type" : "image/png"
         }
      },
      {
         "when_comp_start" : -1,
         "url" : "http://modified.testbed.localhost/static01.mediaite.com/med/wp-content/uploads/2016/05/Screen-Shot-2016-05-12-at-11.50.55-AM.jpg",
         "id" : "r40",
         "comps" : [],
         "download" : {
            "receiveFirst" : 27,
            "len" : 116458,
            "dns" : 0,
            "dnsEnd" : -1,
            "receiveHeadersEnd" : 33,
            "sslEnd" : -1,
            "connectEnd" : 6,
            "connectStart" : 0,
            "id" : "download_22",
            "receivedTime" : "454.340000054799",
            "sslStart" : -1,
            "dnsStart" : -1,
            "receiveLast" : 421.340000054799,
            "s_time" : 265.235000057146,
            "sendEnd" : 6,
            "sendStart" : 6,
            "type" : "image/jpeg"
         }
      },
      {
         "when_comp_start" : -1,
         "url" : "http://modified.testbed.localhost/static01.mediaite.com/med/wp-content/uploads/2016/05/facebook-e1462803926896.jpg",
         "id" : "r42",
         "comps" : [],
         "download" : {
            "receiveFirst" : 26,
            "len" : 10259,
            "dns" : 0,
            "dnsEnd" : -1,
            "receiveHeadersEnd" : 31,
            "sslEnd" : -1,
            "connectEnd" : 4,
            "connectStart" : 0,
            "id" : "download_23",
            "receivedTime" : "452.555000083521",
            "sslStart" : -1,
            "dnsStart" : -1,
            "receiveLast" : 421.555000083521,
            "s_time" : 268.749000038952,
            "sendEnd" : 5,
            "sendStart" : 4,
            "type" : "image/jpeg"
         }
      },
      {
         "when_comp_start" : -1,
         "url" : "http://modified.testbed.localhost/static01.mediaite.com/med/wp-content/uploads/2016/05/HIll-e1463065376143.jpg",
         "id" : "r43",
         "comps" : [],
         "download" : {
            "receiveFirst" : 26,
            "len" : 58436,
            "dns" : 0,
            "dnsEnd" : -1,
            "receiveHeadersEnd" : 30,
            "sslEnd" : -1,
            "connectEnd" : 3,
            "connectStart" : 0,
            "id" : "download_24",
            "receivedTime" : "453.4289999865",
            "sslStart" : -1,
            "dnsStart" : -1,
            "receiveLast" : 423.4289999865,
            "s_time" : 270.09700005874,
            "sendEnd" : 4,
            "sendStart" : 3,
            "type" : "image/jpeg"
         }
      },
      {
         "when_comp_start" : -1,
         "url" : "http://modified.testbed.localhost/static01.mediaite.com/med/wp-content/uploads/2015/02/george-zimmerman.png",
         "id" : "r44",
         "comps" : [],
         "download" : {
            "receiveFirst" : 10,
            "len" : 75197,
            "dns" : 0,
            "dnsEnd" : -1,
            "receiveHeadersEnd" : 42,
            "sslEnd" : -1,
            "connectEnd" : 32,
            "connectStart" : 0,
            "id" : "download_25",
            "receivedTime" : "458.675000001676",
            "sslStart" : -1,
            "dnsStart" : -1,
            "receiveLast" : 416.675000001676,
            "s_time" : 271.024000016041,
            "sendEnd" : 32,
            "sendStart" : 32,
            "type" : "image/png"
         }
      },
      {
         "when_comp_start" : -1,
         "url" : "http://modified.testbed.localhost/static01.mediaite.com/med/wp-content/uploads/2016/05/ZsLBU0Oz_400x400-300x300.jpg",
         "id" : "r45",
         "comps" : [],
         "download" : {
            "receiveFirst" : 9,
            "len" : 18389,
            "dns" : 0,
            "dnsEnd" : -1,
            "receiveHeadersEnd" : 36,
            "sslEnd" : -1,
            "connectEnd" : 27,
            "connectStart" : 0,
            "id" : "download_26",
            "receivedTime" : "458.38399999775",
            "sslStart" : -1,
            "dnsStart" : -1,
            "receiveLast" : 422.38399999775,
            "s_time" : 277.558000059798,
            "sendEnd" : 27,
            "sendStart" : 27,
            "type" : "image/jpeg"
         }
      },
      {
         "when_comp_start" : -1,
         "url" : "http://modified.testbed.localhost/static01.mediaite.com/med/wp-content/uploads/2016/05/Screen-Shot-2016-05-12-at-11.50.55-AM-300x203.jpg",
         "id" : "r46",
         "comps" : [],
         "download" : {
            "receiveFirst" : 9,
            "len" : 23711,
            "dns" : 0,
            "dnsEnd" : -1,
            "receiveHeadersEnd" : 37,
            "sslEnd" : -1,
            "connectEnd" : 28,
            "connectStart" : 0,
            "id" : "download_27",
            "receivedTime" : "456.87800005544",
            "sslStart" : -1,
            "dnsStart" : -1,
            "receiveLast" : 419.87800005544,
            "s_time" : 279.330000048503,
            "sendEnd" : 28,
            "sendStart" : 28,
            "type" : "image/jpeg"
         }
      },
      {
         "when_comp_start" : -1,
         "url" : "http://modified.testbed.localhost/static01.mediaite.com/med/wp-content/uploads/2016/05/Screen-Shot-2016-05-12-at-10.52.34-AM-300x232.png",
         "id" : "r47",
         "comps" : [],
         "download" : {
            "receiveFirst" : 11,
            "len" : 107967,
            "dns" : 0,
            "dnsEnd" : -1,
            "receiveHeadersEnd" : 40,
            "sslEnd" : -1,
            "connectEnd" : 29,
            "connectStart" : 0,
            "id" : "download_28",
            "receivedTime" : "464.539000065997",
            "sslStart" : -1,
            "dnsStart" : -1,
            "receiveLast" : 424.539000065997,
            "s_time" : 279.978999984451,
            "sendEnd" : 29,
            "sendStart" : 29,
            "type" : "image/png"
         }
      },
      {
         "when_comp_start" : -1,
         "url" : "http://modified.testbed.localhost/static01.mediaite.com/med/wp-content/uploads/2016/04/gbh.NEW_.TrumpChalk.3.30.16.036-e1459522486659-300x197.jpg",
         "id" : "r48",
         "comps" : [],
         "download" : {
            "receiveFirst" : 12,
            "len" : 17957,
            "dns" : 0,
            "dnsEnd" : -1,
            "receiveHeadersEnd" : 31,
            "sslEnd" : -1,
            "connectEnd" : 19,
            "connectStart" : 0,
            "id" : "download_29",
            "receivedTime" : "458.177000051364",
            "sslStart" : -1,
            "dnsStart" : -1,
            "receiveLast" : 427.177000051364,
            "s_time" : 291.791000054218,
            "sendEnd" : 19,
            "sendStart" : 19,
            "type" : "image/jpeg"
         }
      },
      {
         "when_comp_start" : -1,
         "url" : "http://modified.testbed.localhost/static01.mediaite.com/med/wp-content/uploads/2016/05/trevor-3-1-300x197.jpg",
         "id" : "r49",
         "comps" : [],
         "download" : {
            "receiveFirst" : 10,
            "len" : 19597,
            "dns" : 0,
            "dnsEnd" : -1,
            "receiveHeadersEnd" : 27,
            "sslEnd" : -1,
            "connectEnd" : 17,
            "connectStart" : 0,
            "id" : "download_30",
            "receivedTime" : "459.596000029705",
            "sslStart" : -1,
            "dnsStart" : -1,
            "receiveLast" : 432.596000029705,
            "s_time" : 302.364000002854,
            "sendEnd" : 17,
            "sendStart" : 17,
            "type" : "image/jpeg"
         }
      },
      {
         "when_comp_start" : -1,
         "url" : "http://modified.testbed.localhost/static01.mediaite.com/med/wp-content/uploads/2016/05/TrumpandButler-300x197.jpg",
         "id" : "r50",
         "comps" : [],
         "download" : {
            "receiveFirst" : 9,
            "len" : 15882,
            "dns" : 0,
            "dnsEnd" : -1,
            "receiveHeadersEnd" : 31,
            "sslEnd" : -1,
            "connectEnd" : 22,
            "connectStart" : 0,
            "id" : "download_31",
            "receivedTime" : "460.355999995954",
            "sslStart" : -1,
            "dnsStart" : -1,
            "receiveLast" : 429.355999995954,
            "s_time" : 303.867000038736,
            "sendEnd" : 22,
            "sendStart" : 22,
            "type" : "image/jpeg"
         }
      },
      {
         "when_comp_start" : -1,
         "url" : "http://modified.testbed.localhost/static01.mediaite.com/med/wp-content/uploads/2016/05/Screen-Shot-2016-05-12-at-2.15.20-PM-300x193.png",
         "id" : "r51",
         "comps" : [],
         "download" : {
            "receiveFirst" : 10,
            "len" : 120275,
            "dns" : 0,
            "dnsEnd" : -1,
            "receiveHeadersEnd" : 31,
            "sslEnd" : -1,
            "connectEnd" : 21,
            "connectStart" : 0,
            "id" : "download_32",
            "receivedTime" : "469.531000009738",
            "sslStart" : -1,
            "dnsStart" : -1,
            "receiveLast" : 438.531000009738,
            "s_time" : 306.711000041105,
            "sendEnd" : 21,
            "sendStart" : 21,
            "type" : "image/png"
         }
      },
      {
         "when_comp_start" : -1,
         "url" : "http://modified.testbed.localhost/static01.mediaite.com/med/wp-content/uploads/2016/05/Screen-Shot-2016-05-12-at-2.02.26-PM-300x198.png",
         "id" : "r52",
         "comps" : [],
         "download" : {
            "receiveFirst" : 12,
            "len" : 102288,
            "dns" : 0,
            "dnsEnd" : -1,
            "receiveHeadersEnd" : 30,
            "sslEnd" : -1,
            "connectEnd" : 18,
            "connectStart" : 0,
            "id" : "download_33",
            "receivedTime" : "468.601000029594",
            "sslStart" : -1,
            "dnsStart" : -1,
            "receiveLast" : 438.601000029594,
            "s_time" : 311.397999990731,
            "sendEnd" : 18,
            "sendStart" : 18,
            "type" : "image/png"
         }
      },
      {
         "when_comp_start" : -1,
         "url" : "http://modified.testbed.localhost/static01.mediaite.com/med/wp-content/uploads/2016/05/Screen-Shot-2016-05-12-at-10.48.24-AM-331x234-300x212.png",
         "id" : "r53",
         "comps" : [],
         "download" : {
            "receiveFirst" : 10,
            "len" : 103816,
            "dns" : 0,
            "dnsEnd" : -1,
            "receiveHeadersEnd" : 25,
            "sslEnd" : -1,
            "connectEnd" : 15,
            "connectStart" : 0,
            "id" : "download_34",
            "receivedTime" : "469.158000079915",
            "sslStart" : -1,
            "dnsStart" : -1,
            "receiveLast" : 444.158000079915,
            "s_time" : 319.467000081204,
            "sendEnd" : 15,
            "sendStart" : 15,
            "type" : "image/png"
         }
      },
      {
         "when_comp_start" : -1,
         "url" : "http://modified.testbed.localhost/static01.mediaite.com/med/wp-content/uploads/2016/05/Screen-Shot-2016-05-12-at-1.27.27-PM-300x194.png",
         "id" : "r54",
         "comps" : [],
         "download" : {
            "receiveFirst" : 12,
            "len" : 97153,
            "dns" : 0,
            "dnsEnd" : -1,
            "receiveHeadersEnd" : 24,
            "sslEnd" : -1,
            "connectEnd" : 12,
            "connectStart" : 0,
            "id" : "download_35",
            "receivedTime" : "470.004000002518",
            "sslStart" : -1,
            "dnsStart" : -1,
            "receiveLast" : 446.004000002518,
            "s_time" : 326.474000001326,
            "sendEnd" : 12,
            "sendStart" : 12,
            "type" : "image/png"
         }
      },
      {
         "when_comp_start" : -1,
         "url" : "http://modified.testbed.localhost/static01.mediaite.com/med/wp-content/uploads/2016/05/2thumb-9-300x202.jpg",
         "id" : "r55",
         "comps" : [],
         "download" : {
            "receiveFirst" : 11,
            "len" : 20413,
            "dns" : 0,
            "dnsEnd" : -1,
            "receiveHeadersEnd" : 41,
            "sslEnd" : -1,
            "connectEnd" : 29,
            "connectStart" : 0,
            "id" : "download_36",
            "receivedTime" : "467.318000039086",
            "sslStart" : -1,
            "dnsStart" : -1,
            "receiveLast" : 426.318000039086,
            "s_time" : 328.093999996781,
            "sendEnd" : 30,
            "sendStart" : 29,
            "type" : "image/jpeg"
         }
      },
      {
         "when_comp_start" : -1,
         "url" : "http://modified.testbed.localhost/static01.mediaite.com/med/wp-content/uploads/2015/02/susan-rice-300x196.jpg",
         "id" : "r56",
         "comps" : [],
         "download" : {
            "receiveFirst" : 16,
            "len" : 11893,
            "dns" : 0,
            "dnsEnd" : -1,
            "receiveHeadersEnd" : 58,
            "sslEnd" : -1,
            "connectEnd" : 42,
            "connectStart" : 0,
            "id" : "download_37",
            "receivedTime" : "470.598999992944",
            "sslStart" : -1,
            "dnsStart" : -1,
            "receiveLast" : 412.598999992944,
            "s_time" : 330.119000049308,
            "sendEnd" : 42,
            "sendStart" : 42,
            "type" : "image/jpeg"
         }
      },
      {
         "when_comp_start" : -1,
         "url" : "http://modified.testbed.localhost/static01.mediaite.com/med/wp-content/uploads/2016/05/Screen-Shot-2016-05-12-at-12.01.10-PM-300x197.png",
         "id" : "r57",
         "comps" : [],
         "download" : {
            "receiveFirst" : 14,
            "len" : 140371,
            "dns" : 0,
            "dnsEnd" : -1,
            "receiveHeadersEnd" : 60,
            "sslEnd" : -1,
            "connectEnd" : 46,
            "connectStart" : 0,
            "id" : "download_38",
            "receivedTime" : "474.301000009291",
            "sslStart" : -1,
            "dnsStart" : -1,
            "receiveLast" : 414.301000009291,
            "s_time" : 335.136000066996,
            "sendEnd" : 46,
            "sendStart" : 46,
            "type" : "image/png"
         }
      },
      {
         "when_comp_start" : -1,
         "url" : "http://modified.testbed.localhost/static01.mediaite.com/med/wp-content/uploads/2016/05/Trump-Ryan-300x197.jpg",
         "id" : "r58",
         "comps" : [],
         "download" : {
            "receiveFirst" : 10,
            "len" : 15335,
            "dns" : 0,
            "dnsEnd" : -1,
            "receiveHeadersEnd" : 59,
            "sslEnd" : -1,
            "connectEnd" : 49,
            "connectStart" : 0,
            "id" : "download_39",
            "receivedTime" : "472.138000070117",
            "sslStart" : -1,
            "dnsStart" : -1,
            "receiveLast" : 413.138000070117,
            "s_time" : 338.110000011511,
            "sendEnd" : 49,
            "sendStart" : 49,
            "type" : "image/jpeg"
         }
      },
      {
         "when_comp_start" : -1,
         "url" : "http://modified.testbed.localhost/static01.mediaite.com/med/wp-content/uploads/2016/05/shutterstock_405351559-300x200.jpg",
         "id" : "r59",
         "comps" : [],
         "download" : {
            "receiveFirst" : 10,
            "len" : 12346,
            "dns" : 0,
            "dnsEnd" : -1,
            "receiveHeadersEnd" : 43,
            "sslEnd" : -1,
            "connectEnd" : 33,
            "connectStart" : 0,
            "id" : "download_40",
            "receivedTime" : "472.981999977492",
            "sslStart" : -1,
            "dnsStart" : -1,
            "receiveLast" : 429.981999977492,
            "s_time" : 357.388000003994,
            "sendEnd" : 33,
            "sendStart" : 33,
            "type" : "image/jpeg"
         }
      },
      {
         "when_comp_start" : -1,
         "url" : "http://modified.testbed.localhost/static01.mediaite.com/med/wp-content/uploads/2016/05/Screen-Shot-2016-05-12-at-10.12.13-AM-300x195.png",
         "id" : "r60",
         "comps" : [],
         "download" : {
            "receiveFirst" : 10,
            "len" : 104757,
            "dns" : 0,
            "dnsEnd" : -1,
            "receiveHeadersEnd" : 32,
            "sslEnd" : -1,
            "connectEnd" : 22,
            "connectStart" : 0,
            "id" : "download_41",
            "receivedTime" : "479.548000032082",
            "sslStart" : -1,
            "dnsStart" : -1,
            "receiveLast" : 447.548000032082,
            "s_time" : 372.08100000862,
            "sendEnd" : 22,
            "sendStart" : 22,
            "type" : "image/png"
         }
      },
      {
         "when_comp_start" : -1,
         "url" : "http://modified.testbed.localhost/static01.mediaite.com/med/wp-content/uploads/2016/03/hillary-bernie-2-300x197.jpg",
         "id" : "r61",
         "comps" : [],
         "download" : {
            "receiveFirst" : 11,
            "len" : 16791,
            "dns" : 0,
            "dnsEnd" : -1,
            "receiveHeadersEnd" : 27,
            "sslEnd" : -1,
            "connectEnd" : 16,
            "connectStart" : 0,
            "id" : "download_42",
            "receivedTime" : "474.687000038102",
            "sslStart" : -1,
            "dnsStart" : -1,
            "receiveLast" : 447.687000038102,
            "s_time" : 380.277000018395,
            "sendEnd" : 16,
            "sendStart" : 16,
            "type" : "image/jpeg"
         }
      },
      {
         "when_comp_start" : -1,
         "url" : "http://modified.testbed.localhost/static01.mediaite.com/med/wp-content/uploads/2015/01/woody-allen-300x196.jpg",
         "id" : "r62",
         "comps" : [],
         "download" : {
            "receiveFirst" : 10,
            "len" : 13343,
            "dns" : 0,
            "dnsEnd" : -1,
            "receiveHeadersEnd" : 27,
            "sslEnd" : -1,
            "connectEnd" : 17,
            "connectStart" : 0,
            "id" : "download_43",
            "receivedTime" : "475.519999978133",
            "sslStart" : -1,
            "dnsStart" : -1,
            "receiveLast" : 448.519999978133,
            "s_time" : 384.336000075564,
            "sendEnd" : 17,
            "sendStart" : 17,
            "type" : "image/jpeg"
         }
      },
      {
         "when_comp_start" : -1,
         "url" : "http://modified.testbed.localhost/static01.mediaite.com/med/wp-content/uploads/2016/05/Screen-Shot-2016-05-12-at-9.21.10-AM-300x179.png",
         "id" : "r63",
         "comps" : [],
         "download" : {
            "receiveFirst" : 10,
            "len" : 100230,
            "dns" : 0,
            "dnsEnd" : -1,
            "receiveHeadersEnd" : 28,
            "sslEnd" : -1,
            "connectEnd" : 18,
            "connectStart" : 0,
            "id" : "download_44",
            "receivedTime" : "660.027000005357",
            "sslStart" : -1,
            "dnsStart" : -1,
            "receiveLast" : 632.027000005357,
            "s_time" : 386.869000038132,
            "sendEnd" : 18,
            "sendStart" : 18,
            "type" : "image/png"
         }
      },
      {
         "when_comp_start" : -1,
         "url" : "http://modified.testbed.localhost/static01.mediaite.com/med/wp-content/uploads/2016/05/1thumb-6-300x202.jpg",
         "id" : "r64",
         "comps" : [],
         "download" : {
            "receiveFirst" : 9,
            "len" : 14388,
            "dns" : 0,
            "dnsEnd" : -1,
            "receiveHeadersEnd" : 29,
            "sslEnd" : -1,
            "connectEnd" : 20,
            "connectStart" : 0,
            "id" : "download_45",
            "receivedTime" : "477.393000037409",
            "sslStart" : -1,
            "dnsStart" : -1,
            "receiveLast" : 448.393000037409,
            "s_time" : 390.399000025354,
            "sendEnd" : 20,
            "sendStart" : 20,
            "type" : "image/jpeg"
         }
      },
      {
         "when_comp_start" : -1,
         "url" : "http://modified.testbed.localhost/static01.mediaite.com/med/wp-content/uploads/2016/05/Screen-Shot-2016-05-12-at-9.20.26-AM-300x177.png",
         "id" : "r65",
         "comps" : [],
         "download" : {
            "receiveFirst" : 9,
            "len" : 98042,
            "dns" : 0,
            "dnsEnd" : -1,
            "receiveHeadersEnd" : 27,
            "sslEnd" : -1,
            "connectEnd" : 18,
            "connectStart" : 0,
            "id" : "download_46",
            "receivedTime" : "660.282999975607",
            "sslStart" : -1,
            "dnsStart" : -1,
            "receiveLast" : 633.282999975607,
            "s_time" : 393.405999988317,
            "sendEnd" : 18,
            "sendStart" : 18,
            "type" : "image/png"
         }
      },
      {
         "when_comp_start" : -1,
         "url" : "http://modified.testbed.localhost/static01.mediaite.com/med/wp-content/uploads/2016/05/trump-5-300x197.jpg",
         "id" : "r66",
         "comps" : [],
         "download" : {
            "receiveFirst" : 12,
            "len" : 21293,
            "dns" : 0,
            "dnsEnd" : -1,
            "receiveHeadersEnd" : 26,
            "sslEnd" : -1,
            "connectEnd" : 14,
            "connectStart" : 0,
            "id" : "download_47",
            "receivedTime" : "478.939000051469",
            "sslStart" : -1,
            "dnsStart" : -1,
            "receiveLast" : 452.939000051469,
            "s_time" : 400.201000040397,
            "sendEnd" : 14,
            "sendStart" : 14,
            "type" : "image/jpeg"
         }
      },
      {
         "when_comp_start" : -1,
         "url" : "http://modified.testbed.localhost/static01.mediaite.com/med/wp-content/uploads/2015/09/PicMonkey-Collage-Jenner-2-300x197.jpg",
         "id" : "r67",
         "comps" : [],
         "download" : {
            "receiveFirst" : 12,
            "len" : 18936,
            "dns" : 0,
            "dnsEnd" : -1,
            "receiveHeadersEnd" : 29,
            "sslEnd" : -1,
            "connectEnd" : 17,
            "connectStart" : 0,
            "id" : "download_48",
            "receivedTime" : "480.301000061445",
            "sslStart" : -1,
            "dnsStart" : -1,
            "receiveLast" : 451.301000061445,
            "s_time" : 402.926000067964,
            "sendEnd" : 17,
            "sendStart" : 17,
            "type" : "image/jpeg"
         }
      },
      {
         "when_comp_start" : -1,
         "url" : "http://modified.testbed.localhost/static01.mediaite.com/med/wp-content/uploads/2016/05/trump-7-300x197.jpg",
         "id" : "r68",
         "comps" : [],
         "download" : {
            "receiveFirst" : 10,
            "len" : 19458,
            "dns" : 0,
            "dnsEnd" : -1,
            "receiveHeadersEnd" : 30,
            "sslEnd" : -1,
            "connectEnd" : 19,
            "connectStart" : 0,
            "id" : "download_49",
            "receivedTime" : "659.551999997348",
            "sslStart" : -1,
            "dnsStart" : -1,
            "receiveLast" : 629.551999997348,
            "s_time" : 409.365999978036,
            "sendEnd" : 20,
            "sendStart" : 19,
            "type" : "image/jpeg"
         }
      },
      {
         "when_comp_start" : -1,
         "url" : "http://modified.testbed.localhost/static01.mediaite.com/med/wp-content/uploads/2016/05/police-beating-300x197.jpg",
         "id" : "r69",
         "comps" : [],
         "download" : {
            "receiveFirst" : 24,
            "len" : 13573,
            "dns" : 0,
            "dnsEnd" : -1,
            "receiveHeadersEnd" : 45,
            "sslEnd" : -1,
            "connectEnd" : 21,
            "connectStart" : 0,
            "id" : "download_50",
            "receivedTime" : "661.422000033781",
            "sslStart" : -1,
            "dnsStart" : -1,
            "receiveLast" : 616.422000033781,
            "s_time" : 410.467999987304,
            "sendEnd" : 21,
            "sendStart" : 21,
            "type" : "image/jpeg"
         }
      },
      {
         "when_comp_start" : -1,
         "url" : "http://modified.testbed.localhost/static01.mediaite.com/med/wp-content/uploads/2016/05/screen_shot_2016-05-11_at_12.27.59_pm-650x424.png",
         "id" : "r70",
         "comps" : [],
         "download" : {
            "receiveFirst" : 21,
            "len" : 347302,
            "dns" : 0,
            "dnsEnd" : -1,
            "receiveHeadersEnd" : 42,
            "sslEnd" : -1,
            "connectEnd" : 21,
            "connectStart" : 0,
            "id" : "download_51",
            "receivedTime" : "668.794000055641",
            "sslStart" : -1,
            "dnsStart" : -1,
            "receiveLast" : 626.794000055641,
            "s_time" : 413.141999975778,
            "sendEnd" : 21,
            "sendStart" : 21,
            "type" : "image/png"
         }
      },
      {
         "when_comp_start" : -1,
         "url" : "http://modified.testbed.localhost/fonts.gstatic.com/s/robotoslab/v6/y7lebkjgREBJK96VQi37Zp0EAVxt0G0biEntp43Qt6E.ttf",
         "id" : "r26",
         "comps" : [],
         "download" : {
            "receiveFirst" : 16,
            "len" : 36276,
            "dns" : 0,
            "dnsEnd" : -1,
            "receiveHeadersEnd" : 27,
            "sslEnd" : -1,
            "connectEnd" : 11,
            "connectStart" : 0,
            "id" : "download_52",
            "receivedTime" : "663.088000030257",
            "sslStart" : -1,
            "dnsStart" : -1,
            "receiveLast" : 636.088000030257,
            "s_time" : 441.134000080638,
            "sendEnd" : 11,
            "sendStart" : 11,
            "type" : "application/octet-stream"
         }
      },
      {
         "when_comp_start" : -1,
         "url" : "http://modified.testbed.localhost/fonts.gstatic.com/s/opensanscondensed/v10/gk5FxslNkTTHtojXrkp-xJhsE6jcpsD2oq89kgohWx0.ttf",
         "id" : "r29",
         "comps" : [],
         "download" : {
            "receiveFirst" : 17,
            "len" : 37608,
            "dns" : 0,
            "dnsEnd" : -1,
            "receiveHeadersEnd" : 28,
            "sslEnd" : -1,
            "connectEnd" : 11,
            "connectStart" : 0,
            "id" : "download_53",
            "receivedTime" : "664.709000033326",
            "sslStart" : -1,
            "dnsStart" : -1,
            "receiveLast" : 636.709000033326,
            "s_time" : 441.572000039741,
            "sendEnd" : 11,
            "sendStart" : 11,
            "type" : "application/octet-stream"
         }
      },
      {
         "when_comp_start" : -1,
         "url" : "http://modified.testbed.localhost/fonts.gstatic.com/s/opensans/v13/PRmiXeptR36kaC0GEAetxp_TkvowlIOtbR7ePgFOpF4.ttf",
         "id" : "r31",
         "comps" : [],
         "download" : {
            "receiveFirst" : 22,
            "len" : 33108,
            "dns" : 0,
            "dnsEnd" : -1,
            "receiveHeadersEnd" : 32,
            "sslEnd" : -1,
            "connectEnd" : 10,
            "connectStart" : 0,
            "id" : "download_54",
            "receivedTime" : "665.58300005272",
            "sslStart" : -1,
            "dnsStart" : -1,
            "receiveLast" : 633.58300005272,
            "s_time" : 442.02000007499,
            "sendEnd" : 10,
            "sendStart" : 10,
            "type" : "application/octet-stream"
         }
      },
      {
         "when_comp_start" : -1,
         "url" : "http://modified.testbed.localhost/fonts.gstatic.com/s/robotoslab/v6/dazS1PrQQuCxC3iOAJFEJbfB31yxOzP-czbf6AAKCVo.ttf",
         "id" : "r25",
         "comps" : [],
         "download" : {
            "receiveFirst" : 23,
            "len" : 37860,
            "dns" : 0,
            "dnsEnd" : -1,
            "receiveHeadersEnd" : 46,
            "sslEnd" : -1,
            "connectEnd" : 23,
            "connectStart" : 0,
            "id" : "download_55",
            "receivedTime" : "667.766000027768",
            "sslStart" : -1,
            "dnsStart" : -1,
            "receiveLast" : 621.766000027768,
            "s_time" : 442.611000034958,
            "sendEnd" : 23,
            "sendStart" : 23,
            "type" : "application/octet-stream"
         }
      },
      {
         "when_comp_start" : -1,
         "url" : "http://modified.testbed.localhost/static01.mediaite.com/med/wp-content/themes/m2015/images/promo-gossip.jpg",
         "id" : "r71",
         "comps" : [],
         "download" : {
            "receiveFirst" : 12,
            "len" : 3659,
            "dns" : 0,
            "dnsEnd" : -1,
            "receiveHeadersEnd" : 56,
            "sslEnd" : -1,
            "connectEnd" : 44,
            "connectStart" : 0,
            "id" : "download_56",
            "receivedTime" : "669.375000055879",
            "sslStart" : -1,
            "dnsStart" : -1,
            "receiveLast" : 613.375000055879,
            "s_time" : 443.900000071153,
            "sendEnd" : 44,
            "sendStart" : 44,
            "type" : "image/jpeg"
         }
      },
      {
         "when_comp_start" : -1,
         "url" : "http://modified.testbed.localhost/static01.mediaite.com/med/wp-content/uploads/2016/03/loesch-100x100.jpg",
         "id" : "r74",
         "comps" : [],
         "download" : {
            "receiveFirst" : 9,
            "len" : 3792,
            "dns" : 0,
            "dnsEnd" : -1,
            "receiveHeadersEnd" : 21,
            "sslEnd" : -1,
            "connectEnd" : 12,
            "connectStart" : 0,
            "id" : "download_57",
            "receivedTime" : "680.921999970451",
            "sslStart" : -1,
            "dnsStart" : -1,
            "receiveLast" : 659.921999970451,
            "s_time" : 483.649000059813,
            "sendEnd" : 12,
            "sendStart" : 12,
            "type" : "image/jpeg"
         }
      },
      {
         "when_comp_start" : -1,
         "url" : "http://modified.testbed.localhost/static01.mediaite.com/med/wp-content/uploads/2016/05/1thumb-5-100x100.jpg",
         "id" : "r75",
         "comps" : [],
         "download" : {
            "receiveFirst" : 13,
            "len" : 4726,
            "dns" : 0,
            "dnsEnd" : -1,
            "receiveHeadersEnd" : 24,
            "sslEnd" : -1,
            "connectEnd" : 11,
            "connectStart" : 0,
            "id" : "download_58",
            "receivedTime" : "681.608000071719",
            "sslStart" : -1,
            "dnsStart" : -1,
            "receiveLast" : 657.608000071719,
            "s_time" : 484.271000023,
            "sendEnd" : 11,
            "sendStart" : 11,
            "type" : "image/jpeg"
         }
      },
      {
         "when_comp_start" : -1,
         "url" : "http://modified.testbed.localhost/static01.mediaite.com/med/wp-content/uploads/2016/05/3thum-7-100x100.jpg",
         "id" : "r76",
         "comps" : [],
         "download" : {
            "receiveFirst" : 12,
            "len" : 3888,
            "dns" : 0,
            "dnsEnd" : -1,
            "receiveHeadersEnd" : 25,
            "sslEnd" : -1,
            "connectEnd" : 13,
            "connectStart" : 0,
            "id" : "download_59",
            "receivedTime" : "682.481999974698",
            "sslStart" : -1,
            "dnsStart" : -1,
            "receiveLast" : 657.481999974698,
            "s_time" : 484.822000027634,
            "sendEnd" : 13,
            "sendStart" : 13,
            "type" : "image/jpeg"
         }
      },
      {
         "when_comp_start" : -1,
         "url" : "http://modified.testbed.localhost/static01.mediaite.com/med/wp-content/uploads/2016/05/Screen-Shot-2016-05-10-at-1.19.58-PM-100x100.png",
         "id" : "r77",
         "comps" : [],
         "download" : {
            "receiveFirst" : 9,
            "len" : 19147,
            "dns" : 0,
            "dnsEnd" : -1,
            "receiveHeadersEnd" : 27,
            "sslEnd" : -1,
            "connectEnd" : 18,
            "connectStart" : 0,
            "id" : "download_60",
            "receivedTime" : "683.090000064112",
            "sslStart" : -1,
            "dnsStart" : -1,
            "receiveLast" : 656.090000064112,
            "s_time" : 485.403000027873,
            "sendEnd" : 18,
            "sendStart" : 18,
            "type" : "image/png"
         }
      },
      {
         "when_comp_start" : -1,
         "url" : "http://modified.testbed.localhost/static01.mediaite.com/med/wp-content/uploads/2015/08/ed-henry.jpg",
         "id" : "r78",
         "comps" : [],
         "download" : {
            "receiveFirst" : 10,
            "len" : 11649,
            "dns" : 0,
            "dnsEnd" : -1,
            "receiveHeadersEnd" : 27,
            "sslEnd" : -1,
            "connectEnd" : 17,
            "connectStart" : 0,
            "id" : "download_61",
            "receivedTime" : "683.320000069216",
            "sslStart" : -1,
            "dnsStart" : -1,
            "receiveLast" : 656.320000069216,
            "s_time" : 486.053999979049,
            "sendEnd" : 17,
            "sendStart" : 17,
            "type" : "image/jpeg"
         }
      },
      {
         "when_comp_start" : -1,
         "url" : "http://modified.testbed.localhost/as.ebz.io/api/choixPubJS.htm%3Fpid=1133405&screenLayer=1&mode=NONE&home=http:%252F%252Fwww.mediaite.com%252F",
         "id" : "r79",
         "comps" : [
            {
               "s_time" : 684.187000035308,
               "time" : 0.800000037998075,
               "type" : 1,
               "id" : "comp_77",
               "e_time" : 684.987000073306
            }
         ],
         "download" : {
            "receiveFirst" : 5,
            "len" : 3373,
            "dns" : 0,
            "dnsEnd" : -1,
            "receiveHeadersEnd" : 12,
            "sslEnd" : -1,
            "connectEnd" : 7,
            "connectStart" : 0,
            "id" : "download_62",
            "receivedTime" : "684.100000071339",
            "sslStart" : -1,
            "dnsStart" : -1,
            "receiveLast" : 672.100000071339,
            "s_time" : 506.362000014633,
            "sendEnd" : 7,
            "sendStart" : 7,
            "type" : "text/plain"
         }
      },
      {
         "when_comp_start" : -1,
         "url" : "http://modified.testbed.localhost/edge.quantserve.com/quant.js",
         "id" : "r80",
         "comps" : [
            {
               "s_time" : 687.378000002354,
               "time" : 13.623000006192,
               "type" : 1,
               "id" : "comp_81",
               "e_time" : 701.001000008546
            }
         ],
         "download" : {
            "receiveFirst" : 5,
            "len" : 7874,
            "dns" : 0,
            "dnsEnd" : -1,
            "receiveHeadersEnd" : 14,
            "sslEnd" : -1,
            "connectEnd" : 9,
            "connectStart" : 0,
            "id" : "download_63",
            "receivedTime" : "687.291000038385",
            "sslStart" : -1,
            "dnsStart" : -1,
            "receiveLast" : 673.291000038385,
            "s_time" : 506.857000058517,
            "sendEnd" : 9,
            "sendStart" : 9,
            "type" : "application/javascript"
         }
      },
      {
         "when_comp_start" : -1,
         "url" : "http://modified.testbed.localhost/s.skimresources.com/js/35941X1022475.skimlinks.js",
         "id" : "r81",
         "comps" : [
            {
               "s_time" : 701.491000014357,
               "time" : 37.976999999956,
               "type" : 1,
               "id" : "comp_84",
               "e_time" : 739.468000014313
            }
         ],
         "download" : {
            "receiveFirst" : 4,
            "len" : 57175,
            "dns" : 0,
            "dnsEnd" : -1,
            "receiveHeadersEnd" : 14,
            "sslEnd" : -1,
            "connectEnd" : 10,
            "connectStart" : 0,
            "id" : "download_64",
            "receivedTime" : "686.96900003124",
            "sslStart" : -1,
            "dnsStart" : -1,
            "receiveLast" : 672.96900003124,
            "s_time" : 507.38199998159,
            "sendEnd" : 10,
            "sendStart" : 10,
            "type" : "application/javascript"
         }
      },
      {
         "when_comp_start" : -1,
         "url" : "http://modified.testbed.localhost/static01.mediaite.com/med/wp-content/themes/m2015/images/rss.png",
         "id" : "r82",
         "comps" : [],
         "download" : {
            "receiveFirst" : 3,
            "len" : 789,
            "dns" : 0,
            "dnsEnd" : -1,
            "receiveHeadersEnd" : 4,
            "sslEnd" : -1,
            "connectEnd" : 1,
            "connectStart" : 0,
            "id" : "download_65",
            "receivedTime" : "974.861000082456",
            "sslStart" : -1,
            "dnsStart" : -1,
            "receiveLast" : 970.861000082456,
            "s_time" : 680.948000052013,
            "sendEnd" : 1,
            "sendStart" : 1,
            "type" : "image/png"
         }
      },
      {
         "when_comp_start" : 1,
         "url" : "http://modified.testbed.localhost/static01.mediaite.com/med/wp-content/themes/m2015/js/am.min.js.map",
         "id" : "r90",
         "comps" : [],
         "download" : {
            "receiveFirst" : 3,
            "len" : 356,
            "dns" : 0,
            "dnsEnd" : -1,
            "receiveHeadersEnd" : 5,
            "sslEnd" : -1,
            "connectEnd" : 2,
            "connectStart" : 0,
            "id" : "download_66",
            "receivedTime" : "1083.61400000285",
            "sslStart" : -1,
            "dnsStart" : -1,
            "receiveLast" : 1078.61400000285,
            "s_time" : 1029.45300005376,
            "sendEnd" : 2,
            "sendStart" : 2,
            "type" : "text/html"
         }
      },
      {
         "when_comp_start" : 1,
         "url" : "http://modified.testbed.localhost/static01.mediaite.com/med/wp-content/themes/m2015/style.css.map",
         "id" : "r91",
         "comps" : [],
         "download" : {
            "receiveFirst" : 2,
            "len" : 353,
            "dns" : 0,
            "dnsEnd" : -1,
            "receiveHeadersEnd" : 4,
            "sslEnd" : -1,
            "connectEnd" : 1,
            "connectStart" : 0,
            "id" : "download_67",
            "receivedTime" : "1083.84099998511",
            "sslStart" : -1,
            "dnsStart" : -1,
            "receiveLast" : 1079.84099998511,
            "s_time" : 1030.09900008328,
            "sendEnd" : 2,
            "sendStart" : 1,
            "type" : "text/html"
         }
      }
   ],
   "deps" : [
      {
         "a2" : "r1_c2",
         "time" : -1,
         "id" : "dep1",
         "a1" : "comp_8"
      },
      {
         "a2" : "r1_c3",
         "time" : -1,
         "id" : "dep2",
         "a1" : "comp_10"
      },
      {
         "a2" : "r1_c4",
         "time" : -1,
         "id" : "dep3",
         "a1" : "comp_12"
      },
      {
         "a2" : "r1_c5",
         "time" : -1,
         "id" : "dep4",
         "a1" : "comp_15"
      },
      {
         "a2" : "r1_c6",
         "time" : -1,
         "id" : "dep5",
         "a1" : "comp_17"
      },
      {
         "a2" : "r1_c7",
         "time" : -1,
         "id" : "dep6",
         "a1" : "comp_77"
      },
      {
         "a2" : "r1_c8",
         "time" : -1,
         "id" : "dep7",
         "a1" : "comp_81"
      },
      {
         "a2" : "r1_c9",
         "time" : -1,
         "id" : "dep8",
         "a1" : "comp_84"
      },
      {
         "a2" : "comp_8",
         "time" : -1,
         "id" : "dep9",
         "a1" : "comp_3"
      },
      {
         "a2" : "comp_8",
         "time" : -1,
         "id" : "dep10",
         "a1" : "comp_5"
      },
      {
         "a2" : "comp_8",
         "time" : -1,
         "id" : "dep11",
         "a1" : "comp_4"
      },
      {
         "a2" : "comp_8",
         "time" : -1,
         "id" : "dep12",
         "a1" : "comp_6"
      },
      {
         "a2" : "comp_8",
         "time" : -1,
         "id" : "dep13",
         "a1" : "comp_7"
      },
      {
         "a2" : "comp_10",
         "time" : -1,
         "id" : "dep14",
         "a1" : "comp_8"
      },
      {
         "a2" : "comp_12",
         "time" : -1,
         "id" : "dep15",
         "a1" : "comp_10"
      },
      {
         "a2" : "comp_17",
         "time" : -1,
         "id" : "dep16",
         "a1" : "comp_15"
      },
      {
         "a2" : "download_67",
         "time" : -1,
         "id" : "dep17",
         "a1" : "r1_c9"
      },
      {
         "a2" : "download_66",
         "time" : 289.985000039447,
         "id" : "dep18",
         "a1" : "r1_c9"
      },
      {
         "a2" : "download_65",
         "time" : -1,
         "id" : "dep19",
         "a1" : "r1_c6"
      },
      {
         "a2" : "download_65",
         "time" : 488.656000001357,
         "id" : "dep20",
         "a1" : "r1_c6"
      },
      {
         "a2" : "download_64",
         "time" : 315.089999930934,
         "id" : "dep21",
         "a1" : "r1_c6"
      },
      {
         "a2" : "download_63",
         "time" : 314.565000007861,
         "id" : "dep22",
         "a1" : "r1_c6"
      },
      {
         "a2" : "download_63",
         "time" : 314.565000007861,
         "id" : "dep23",
         "a1" : "r1_c6"
      },
      {
         "a2" : "download_62",
         "time" : 314.069999963977,
         "id" : "dep24",
         "a1" : "r1_c6"
      },
      {
         "a2" : "download_61",
         "time" : 293.761999928393,
         "id" : "dep25",
         "a1" : "r1_c6"
      },
      {
         "a2" : "download_60",
         "time" : 293.110999977217,
         "id" : "dep26",
         "a1" : "r1_c6"
      },
      {
         "a2" : "download_59",
         "time" : 292.529999976978,
         "id" : "dep27",
         "a1" : "r1_c6"
      },
      {
         "a2" : "download_58",
         "time" : 291.978999972344,
         "id" : "dep28",
         "a1" : "r1_c6"
      },
      {
         "a2" : "download_57",
         "time" : 291.357000009157,
         "id" : "dep29",
         "a1" : "r1_c6"
      },
      {
         "a2" : "download_56",
         "time" : 251.608000020497,
         "id" : "dep30",
         "a1" : "r1_c6"
      },
      {
         "a2" : "download_55",
         "time" : 250.318999984302,
         "id" : "dep31",
         "a1" : "r1_c6"
      },
      {
         "a2" : "download_54",
         "time" : 249.728000024334,
         "id" : "dep32",
         "a1" : "r1_c6"
      },
      {
         "a2" : "download_53",
         "time" : 249.279999989085,
         "id" : "dep33",
         "a1" : "r1_c6"
      },
      {
         "a2" : "download_52",
         "time" : 248.842000029982,
         "id" : "dep34",
         "a1" : "r1_c6"
      },
      {
         "a2" : "download_51",
         "time" : 220.849999925122,
         "id" : "dep35",
         "a1" : "r1_c6"
      },
      {
         "a2" : "download_50",
         "time" : 218.175999936648,
         "id" : "dep36",
         "a1" : "r1_c6"
      },
      {
         "a2" : "download_49",
         "time" : 217.07399992738,
         "id" : "dep37",
         "a1" : "r1_c6"
      },
      {
         "a2" : "download_48",
         "time" : 210.634000017308,
         "id" : "dep38",
         "a1" : "r1_c6"
      },
      {
         "a2" : "download_47",
         "time" : 207.908999989741,
         "id" : "dep39",
         "a1" : "r1_c6"
      },
      {
         "a2" : "download_46",
         "time" : 201.113999937661,
         "id" : "dep40",
         "a1" : "r1_c6"
      },
      {
         "a2" : "download_45",
         "time" : 198.106999974698,
         "id" : "dep41",
         "a1" : "r1_c6"
      },
      {
         "a2" : "download_44",
         "time" : 194.576999987476,
         "id" : "dep42",
         "a1" : "r1_c6"
      },
      {
         "a2" : "download_43",
         "time" : 192.044000024908,
         "id" : "dep43",
         "a1" : "r1_c6"
      },
      {
         "a2" : "download_42",
         "time" : 187.984999967739,
         "id" : "dep44",
         "a1" : "r1_c6"
      },
      {
         "a2" : "download_41",
         "time" : 179.788999957964,
         "id" : "dep45",
         "a1" : "r1_c6"
      },
      {
         "a2" : "download_40",
         "time" : 165.095999953338,
         "id" : "dep46",
         "a1" : "r1_c6"
      },
      {
         "a2" : "download_39",
         "time" : 145.817999960855,
         "id" : "dep47",
         "a1" : "r1_c6"
      },
      {
         "a2" : "download_38",
         "time" : 142.84400001634,
         "id" : "dep48",
         "a1" : "r1_c6"
      },
      {
         "a2" : "download_37",
         "time" : 137.826999998652,
         "id" : "dep49",
         "a1" : "r1_c6"
      },
      {
         "a2" : "download_36",
         "time" : 135.801999946125,
         "id" : "dep50",
         "a1" : "r1_c6"
      },
      {
         "a2" : "download_35",
         "time" : 134.18199995067,
         "id" : "dep51",
         "a1" : "r1_c6"
      },
      {
         "a2" : "download_34",
         "time" : 127.175000030548,
         "id" : "dep52",
         "a1" : "r1_c6"
      },
      {
         "a2" : "download_33",
         "time" : 119.105999940075,
         "id" : "dep53",
         "a1" : "r1_c6"
      },
      {
         "a2" : "download_32",
         "time" : 114.418999990449,
         "id" : "dep54",
         "a1" : "r1_c6"
      },
      {
         "a2" : "download_31",
         "time" : 111.57499998808,
         "id" : "dep55",
         "a1" : "r1_c6"
      },
      {
         "a2" : "download_30",
         "time" : 110.071999952198,
         "id" : "dep56",
         "a1" : "r1_c6"
      },
      {
         "a2" : "download_29",
         "time" : 99.499000003562,
         "id" : "dep57",
         "a1" : "r1_c6"
      },
      {
         "a2" : "download_28",
         "time" : 87.686999933795,
         "id" : "dep58",
         "a1" : "r1_c6"
      },
      {
         "a2" : "download_27",
         "time" : 87.037999997847,
         "id" : "dep59",
         "a1" : "r1_c6"
      },
      {
         "a2" : "download_26",
         "time" : 85.266000009142,
         "id" : "dep60",
         "a1" : "r1_c6"
      },
      {
         "a2" : "download_25",
         "time" : 78.731999965385,
         "id" : "dep61",
         "a1" : "r1_c6"
      },
      {
         "a2" : "download_24",
         "time" : 77.805000008084,
         "id" : "dep62",
         "a1" : "r1_c6"
      },
      {
         "a2" : "download_23",
         "time" : 76.456999988296,
         "id" : "dep63",
         "a1" : "r1_c6"
      },
      {
         "a2" : "download_22",
         "time" : 72.94300000649,
         "id" : "dep64",
         "a1" : "r1_c6"
      },
      {
         "a2" : "download_21",
         "time" : 73.485999950208,
         "id" : "dep65",
         "a1" : "r1_c6"
      },
      {
         "a2" : "download_20",
         "time" : 72.447999962606,
         "id" : "dep66",
         "a1" : "r1_c6"
      },
      {
         "a2" : "download_19",
         "time" : 70.429999963381,
         "id" : "dep67",
         "a1" : "r1_c6"
      },
      {
         "a2" : "download_18",
         "time" : 29.253999935464,
         "id" : "dep68",
         "a1" : "r1_c6"
      },
      {
         "a2" : "download_17",
         "time" : 19.157000002452,
         "id" : "dep69",
         "a1" : "r1_c6"
      },
      {
         "a2" : "download_16",
         "time" : -1,
         "id" : "dep70",
         "a1" : "r1_c1"
      },
      {
         "a2" : "download_16",
         "time" : 40.3510000323876,
         "id" : "dep71",
         "a1" : "r1_c1"
      },
      {
         "a2" : "download_15",
         "time" : 40.0520000839606,
         "id" : "dep72",
         "a1" : "r1_c1"
      },
      {
         "a2" : "download_15",
         "time" : 40.0520000839606,
         "id" : "dep73",
         "a1" : "r1_c1"
      },
      {
         "a2" : "download_14",
         "time" : 39.729000069201,
         "id" : "dep74",
         "a1" : "r1_c1"
      },
      {
         "a2" : "download_14",
         "time" : 39.729000069201,
         "id" : "dep75",
         "a1" : "r1_c1"
      },
      {
         "a2" : "download_13",
         "time" : 39.4080000696703,
         "id" : "dep76",
         "a1" : "r1_c1"
      },
      {
         "a2" : "download_13",
         "time" : 39.4080000696703,
         "id" : "dep77",
         "a1" : "r1_c1"
      },
      {
         "a2" : "download_12",
         "time" : 4.0290000615641,
         "id" : "dep78",
         "a1" : "r1_c1"
      },
      {
         "a2" : "download_11",
         "time" : 4.7190000768751,
         "id" : "dep79",
         "a1" : "r1_c1"
      },
      {
         "a2" : "download_10",
         "time" : 4.384999978356,
         "id" : "dep80",
         "a1" : "r1_c1"
      },
      {
         "a2" : "download_9",
         "time" : 3.7520000478252,
         "id" : "dep81",
         "a1" : "r1_c1"
      },
      {
         "a2" : "download_8",
         "time" : 3.4480000613257,
         "id" : "dep82",
         "a1" : "r1_c1"
      },
      {
         "a2" : "download_7",
         "time" : 3.1260000541806,
         "id" : "dep83",
         "a1" : "r1_c1"
      },
      {
         "a2" : "download_6",
         "time" : 2.80500005465,
         "id" : "dep84",
         "a1" : "r1_c1"
      },
      {
         "a2" : "download_6",
         "time" : 2.80500005465,
         "id" : "dep85",
         "a1" : "r1_c1"
      },
      {
         "a2" : "download_5",
         "time" : 2.4800000246614,
         "id" : "dep86",
         "a1" : "r1_c1"
      },
      {
         "a2" : "download_5",
         "time" : 2.4800000246614,
         "id" : "dep87",
         "a1" : "r1_c1"
      },
      {
         "a2" : "download_4",
         "time" : 2.1330000599846,
         "id" : "dep88",
         "a1" : "r1_c1"
      },
      {
         "a2" : "download_4",
         "time" : 2.1330000599846,
         "id" : "dep89",
         "a1" : "r1_c1"
      },
      {
         "a2" : "download_3",
         "time" : 1.7879999941215,
         "id" : "dep90",
         "a1" : "r1_c1"
      },
      {
         "a2" : "download_3",
         "time" : 1.7879999941215,
         "id" : "dep91",
         "a1" : "r1_c1"
      },
      {
         "a2" : "download_2",
         "time" : 1.3299999991431,
         "id" : "dep92",
         "a1" : "r1_c1"
      },
      {
         "a2" : "download_1",
         "time" : 1.0110000148415,
         "id" : "dep93",
         "a1" : "r1_c1"
      }
   ]
}
