{
   "n_download_no_trigger" : 1,
   "start_activity" : "download_0",
   "name" : "modified.testbed.localhost_heritage.com_",
   "load_activity" : -1,
   "objs" : [
      {
         "when_comp_start" : 1,
         "url" : "http://modified.testbed.localhost/heritage.com/",
         "id" : "r1",
         "comps" : [
            {
               "s_time" : 43.5800000559539,
               "time" : 15.2900000102818,
               "id" : "r1_c1",
               "type" : "evalhtml",
               "e_time" : 58.8700000662357
            },
            {
               "s_time" : 91.8000000528991,
               "time" : -856329744.392,
               "id" : "r1_c2",
               "type" : "evalhtml",
               "e_time" : -856329652.592
            },
            {
               "s_time" : 92.9120000218973,
               "time" : -856329745.504,
               "id" : "r1_c3",
               "type" : "evalhtml",
               "e_time" : -856329652.592
            },
            {
               "s_time" : 169.124000007287,
               "time" : -856329821.716,
               "id" : "r1_c4",
               "type" : "evalhtml",
               "e_time" : -856329652.592
            },
            {
               "s_time" : 243.040000088513,
               "time" : -856329895.632,
               "id" : "r1_c5",
               "type" : "evalhtml",
               "e_time" : -856329652.592
            },
            {
               "s_time" : 252.552999998443,
               "time" : -856329905.145,
               "id" : "r1_c6",
               "type" : "evalhtml",
               "e_time" : -856329652.592
            },
            {
               "s_time" : 253.664000076242,
               "time" : -856329906.256,
               "id" : "r1_c7",
               "type" : "evalhtml",
               "e_time" : -856329652.592
            },
            {
               "s_time" : 257.639000075869,
               "time" : 5.91800000984205,
               "id" : "r1_c8",
               "type" : "evalhtml",
               "e_time" : 263.557000085711
            },
            {
               "s_time" : 273.290000041015,
               "time" : 11.029999936,
               "id" : "r1_c9",
               "type" : "evalhtml",
               "e_time" : 284.319999977015
            },
            {
               "s_time" : 285.531000001356,
               "time" : -856329938.123,
               "id" : "r1_c10",
               "type" : "evalhtml",
               "e_time" : -856329652.592
            },
            {
               "s_time" : 287.77799999807,
               "time" : -856329940.37,
               "id" : "r1_c11",
               "type" : "evalhtml",
               "e_time" : -856329652.592
            },
            {
               "s_time" : 294.249000027776,
               "time" : -856329946.841,
               "id" : "r1_c12",
               "type" : "evalhtml",
               "e_time" : -856329652.592
            },
            {
               "s_time" : 297.1789999865,
               "time" : 58.516000048257,
               "id" : "r1_c13",
               "type" : "evalhtml",
               "e_time" : 355.695000034757
            },
            {
               "s_time" : 445.852000033483,
               "time" : -856330098.444,
               "id" : "r1_c14",
               "type" : "evalhtml",
               "e_time" : -856329652.592
            },
            {
               "s_time" : 449.201000039466,
               "time" : 0.788999954237966,
               "id" : "r1_c15",
               "type" : "evalhtml",
               "e_time" : 449.989999993704
            },
            {
               "s_time" : 452.753000077792,
               "time" : 0.96699991263398,
               "id" : "r1_c16",
               "type" : "evalhtml",
               "e_time" : 453.719999990426
            },
            {
               "s_time" : 454.477000050247,
               "time" : 199.537000036798,
               "id" : "r1_c17",
               "type" : "evalhtml",
               "e_time" : 654.014000087045
            },
            {
               "s_time" : 671.635000035167,
               "time" : -856330324.227,
               "id" : "r1_c18",
               "type" : "evalhtml",
               "e_time" : -856329652.592
            },
            {
               "s_time" : 677.355000050738,
               "time" : -856330329.947,
               "id" : "r1_c19",
               "type" : "evalhtml",
               "e_time" : -856329652.592
            },
            {
               "s_time" : 690.375000005588,
               "time" : -856330342.967,
               "id" : "r1_c20",
               "type" : "evalhtml",
               "e_time" : -856329652.592
            },
            {
               "s_time" : 802.92000004556,
               "time" : -856330455.512,
               "id" : "r1_c21",
               "type" : "evalhtml",
               "e_time" : -856329652.592
            },
            {
               "s_time" : 804.609999991953,
               "time" : 433.290000073617,
               "id" : "r1_c22",
               "type" : "evalhtml",
               "e_time" : 1237.90000006557
            },
            {
               "s_time" : 1329.34300007764,
               "time" : -856330981.935,
               "id" : "r1_c23",
               "type" : "evalhtml",
               "e_time" : -856329652.592
            },
            {
               "s_time" : 1336.89600008074,
               "time" : 57.1939999936201,
               "type" : "evalhtml",
               "id" : "r1_c24",
               "e_time" : 1394.09000007436
            }
         ],
         "download" : {
            "receiveFirst" : 3,
            "len" : 90315,
            "dns" : 0,
            "dnsEnd" : -1,
            "receiveHeadersEnd" : 3,
            "sslEnd" : -1,
            "connectEnd" : 0,
            "connectStart" : 0,
            "id" : "download_0",
            "receivedTime" : "42.795000015758",
            "sslStart" : -1,
            "dnsStart" : -1,
            "receiveLast" : 39.795000015758,
            "s_time" : 0,
            "sendEnd" : 0,
            "sendStart" : 0,
            "type" : "text/html"
         }
      },
      {
         "when_comp_start" : -1,
         "url" : "http://modified.testbed.localhost/www.thenewsherald.com/css/screen_home.css",
         "id" : "r2",
         "comps" : [
            {
               "s_time" : 56.4460000023246,
               "time" : 1.2850000057369,
               "type" : 4,
               "id" : "comp_1",
               "e_time" : 57.7310000080615
            }
         ],
         "download" : {
            "receiveFirst" : 3,
            "len" : 909,
            "dns" : 0,
            "dnsEnd" : -1,
            "receiveHeadersEnd" : 9,
            "sslEnd" : -1,
            "connectEnd" : 6,
            "connectStart" : 0,
            "id" : "download_1",
            "receivedTime" : "56.2480000080541",
            "sslStart" : -1,
            "dnsStart" : -1,
            "receiveLast" : 47.2480000080541,
            "s_time" : 45.4570000292733,
            "sendEnd" : 6,
            "sendStart" : 6,
            "type" : "text/css"
         }
      },
      {
         "when_comp_start" : -1,
         "url" : "http://modified.testbed.localhost/www.thenewsherald.com/css/print.css",
         "id" : "r3",
         "comps" : [
            {
               "s_time" : 64.5350000122562,
               "time" : 0.494000036269398,
               "type" : 4,
               "id" : "comp_2",
               "e_time" : 65.0290000485256
            }
         ],
         "download" : {
            "receiveFirst" : 8,
            "len" : 1687,
            "dns" : 0,
            "dnsEnd" : -1,
            "receiveHeadersEnd" : 14,
            "sslEnd" : -1,
            "connectEnd" : 6,
            "connectStart" : 0,
            "id" : "download_2",
            "receivedTime" : "64.2610000213608",
            "sslStart" : -1,
            "dnsStart" : -1,
            "receiveLast" : 50.2610000213608,
            "s_time" : 45.8179999841377,
            "sendEnd" : 6,
            "sendStart" : 6,
            "type" : "text/css"
         }
      },
      {
         "when_comp_start" : -1,
         "url" : "http://modified.testbed.localhost/www.thenewsherald.com/js/tabber-minimized.js",
         "id" : "r5",
         "comps" : [
            {
               "s_time" : 90.5400000046939,
               "time" : 1.2600000482052,
               "type" : 1,
               "id" : "comp_10",
               "e_time" : 91.8000000528991
            }
         ],
         "download" : {
            "receiveFirst" : 9,
            "len" : 4904,
            "dns" : 0,
            "dnsEnd" : -1,
            "receiveHeadersEnd" : 15,
            "sslEnd" : -1,
            "connectEnd" : 6,
            "connectStart" : 0,
            "id" : "download_3",
            "receivedTime" : "68.0799999972805",
            "sslStart" : -1,
            "dnsStart" : -1,
            "receiveLast" : 53.0799999972805,
            "s_time" : 46.6220000525936,
            "sendEnd" : 6,
            "sendStart" : 6,
            "type" : "application/javascript"
         }
      },
      {
         "when_comp_start" : -1,
         "url" : "http://modified.testbed.localhost/www.thenewsherald.com/css/newsletter_popup.css",
         "id" : "r4",
         "comps" : [
            {
               "s_time" : 69.0170000307262,
               "time" : 1.12200004514311,
               "type" : 4,
               "id" : "comp_3",
               "e_time" : 70.1390000758693
            }
         ],
         "download" : {
            "receiveFirst" : 10,
            "len" : 5826,
            "dns" : 0,
            "dnsEnd" : -1,
            "receiveHeadersEnd" : 16,
            "sslEnd" : -1,
            "connectEnd" : 6,
            "connectStart" : 0,
            "id" : "download_4",
            "receivedTime" : "68.7369999941438",
            "sslStart" : -1,
            "dnsStart" : -1,
            "receiveLast" : 52.7369999941438,
            "s_time" : 46.172000002116,
            "sendEnd" : 6,
            "sendStart" : 6,
            "type" : "text/css"
         }
      },
      {
         "when_comp_start" : -1,
         "url" : "http://modified.testbed.localhost/ajax.googleapis.com/ajax/libs/swfobject/2.1/swfobject.js",
         "id" : "r7",
         "comps" : [
            {
               "s_time" : 93.0330000119284,
               "time" : 76.0909999953586,
               "type" : 1,
               "id" : "comp_13",
               "e_time" : 169.124000007287
            }
         ],
         "download" : {
            "receiveFirst" : 10,
            "len" : 9759,
            "dns" : 0,
            "dnsEnd" : -1,
            "receiveHeadersEnd" : 16,
            "sslEnd" : -1,
            "connectEnd" : 6,
            "connectStart" : 0,
            "id" : "download_5",
            "receivedTime" : "70.2000000746921",
            "sslStart" : -1,
            "dnsStart" : -1,
            "receiveLast" : 54.2000000746921,
            "s_time" : 47.2130000125617,
            "sendEnd" : 6,
            "sendStart" : 6,
            "type" : "application/javascript"
         }
      },
      {
         "when_comp_start" : -1,
         "url" : "http://modified.testbed.localhost/www.thenewsherald.com/js/zwtabber-min.js",
         "id" : "r6",
         "comps" : [
            {
               "s_time" : 92.6609999733046,
               "time" : 0.251000048592701,
               "type" : 1,
               "id" : "comp_12",
               "e_time" : 92.9120000218973
            }
         ],
         "download" : {
            "receiveFirst" : 11,
            "len" : 1250,
            "dns" : 0,
            "dnsEnd" : -1,
            "receiveHeadersEnd" : 17,
            "sslEnd" : -1,
            "connectEnd" : 6,
            "connectStart" : 0,
            "id" : "download_6",
            "receivedTime" : "67.3919999971986",
            "sslStart" : -1,
            "dnsStart" : -1,
            "receiveLast" : 50.3919999971986,
            "s_time" : 46.8899999978021,
            "sendEnd" : 6,
            "sendStart" : 6,
            "type" : "application/javascript"
         }
      },
      {
         "when_comp_start" : -1,
         "url" : "http://modified.testbed.localhost/ajax.googleapis.com/ajax/libs/jquery/1.8.3/jquery.min.js",
         "id" : "r8",
         "comps" : [
            {
               "s_time" : 169.386000023223,
               "time" : 73.65400006529,
               "type" : 1,
               "id" : "comp_15",
               "e_time" : 243.040000088513
            },
            {
               "s_time" : 677.900000009686,
               "time" : 12.4749999959021,
               "type" : 1,
               "id" : "comp_116",
               "e_time" : 690.375000005588
            }
         ],
         "download" : {
            "receiveFirst" : 9,
            "len" : 93636,
            "dns" : 0,
            "dnsEnd" : -1,
            "receiveHeadersEnd" : 21,
            "sslEnd" : -1,
            "connectEnd" : 12,
            "connectStart" : 0,
            "id" : "download_7",
            "receivedTime" : "73.3040000777692",
            "sslStart" : -1,
            "dnsStart" : -1,
            "receiveLast" : 52.3040000777692,
            "s_time" : 47.497000079602,
            "sendEnd" : 12,
            "sendStart" : 12,
            "type" : "application/javascript"
         }
      },
      {
         "when_comp_start" : -1,
         "url" : "http://modified.testbed.localhost/www.thenewsherald.com/css/reset.css",
         "id" : "r13",
         "comps" : [
            {
               "s_time" : 74.5599999791011,
               "time" : 0.257000094279704,
               "type" : 2,
               "id" : "comp_4",
               "e_time" : 74.8170000733808
            }
         ],
         "download" : {
            "receiveFirst" : 4,
            "len" : 1650,
            "dns" : 0,
            "dnsEnd" : -1,
            "receiveHeadersEnd" : 16,
            "sslEnd" : -1,
            "connectEnd" : 11,
            "connectStart" : 0,
            "id" : "download_8",
            "receivedTime" : "74.4560000021011",
            "sslStart" : -1,
            "dnsStart" : -1,
            "receiveLast" : 58.4560000021011,
            "s_time" : 57.0800000568852,
            "sendEnd" : 12,
            "sendStart" : 11,
            "type" : "text/css"
         }
      },
      {
         "when_comp_start" : -1,
         "url" : "http://modified.testbed.localhost/www.thenewsherald.com/css/base.css",
         "id" : "r14",
         "comps" : [
            {
               "s_time" : 77.9869999969378,
               "time" : 2.63700005598371,
               "type" : 2,
               "id" : "comp_5",
               "e_time" : 80.6240000529215
            }
         ],
         "download" : {
            "receiveFirst" : 5,
            "len" : 17560,
            "dns" : 0,
            "dnsEnd" : -1,
            "receiveHeadersEnd" : 18,
            "sslEnd" : -1,
            "connectEnd" : 13,
            "connectStart" : 0,
            "id" : "download_9",
            "receivedTime" : "77.7729999972507",
            "sslStart" : -1,
            "dnsStart" : -1,
            "receiveLast" : 59.7729999972507,
            "s_time" : 57.6740000396967,
            "sendEnd" : 13,
            "sendStart" : 13,
            "type" : "text/css"
         }
      },
      {
         "when_comp_start" : -1,
         "url" : "http://modified.testbed.localhost/www.thenewsherald.com/css/content.css",
         "id" : "r15",
         "comps" : [
            {
               "s_time" : 81.9370000390336,
               "time" : 5.9419999597594,
               "type" : 2,
               "id" : "comp_7",
               "e_time" : 87.878999998793
            }
         ],
         "download" : {
            "receiveFirst" : 6,
            "len" : 37937,
            "dns" : 0,
            "dnsEnd" : -1,
            "receiveHeadersEnd" : 18,
            "sslEnd" : -1,
            "connectEnd" : 12,
            "connectStart" : 0,
            "id" : "download_10",
            "receivedTime" : "81.8030000664294",
            "sslStart" : -1,
            "dnsStart" : -1,
            "receiveLast" : 63.8030000664294,
            "s_time" : 57.9129999969155,
            "sendEnd" : 12,
            "sendStart" : 12,
            "type" : "text/css"
         }
      },
      {
         "when_comp_start" : -1,
         "url" : "http://modified.testbed.localhost/www.thenewsherald.com/css/colors_home.css",
         "id" : "r16",
         "comps" : [
            {
               "s_time" : 81.3479999778792,
               "time" : 0.2490000333637,
               "type" : 2,
               "id" : "comp_6",
               "e_time" : 81.5970000112429
            }
         ],
         "download" : {
            "receiveFirst" : 7,
            "len" : 1996,
            "dns" : 0,
            "dnsEnd" : -1,
            "receiveHeadersEnd" : 19,
            "sslEnd" : -1,
            "connectEnd" : 12,
            "connectStart" : 0,
            "id" : "download_11",
            "receivedTime" : "81.2670000595972",
            "sslStart" : -1,
            "dnsStart" : -1,
            "receiveLast" : 62.2670000595972,
            "s_time" : 58.24600008782,
            "sendEnd" : 12,
            "sendStart" : 12,
            "type" : "text/css"
         }
      },
      {
         "when_comp_start" : -1,
         "url" : "http://modified.testbed.localhost/www.thenewsherald.com/css/seeclickfix.css",
         "id" : "r17",
         "comps" : [
            {
               "s_time" : 88.0700000561774,
               "time" : 0.400000018998995,
               "type" : 2,
               "id" : "comp_8",
               "e_time" : 88.4700000751764
            }
         ],
         "download" : {
            "receiveFirst" : 8,
            "len" : 2452,
            "dns" : 0,
            "dnsEnd" : -1,
            "receiveHeadersEnd" : 19,
            "sslEnd" : -1,
            "connectEnd" : 11,
            "connectStart" : 0,
            "id" : "download_12",
            "receivedTime" : "87.9580000182614",
            "sslStart" : -1,
            "dnsStart" : -1,
            "receiveLast" : 68.9580000182614,
            "s_time" : 58.5829999763519,
            "sendEnd" : 11,
            "sendStart" : 11,
            "type" : "text/css"
         }
      },
      {
         "when_comp_start" : -1,
         "url" : "http://modified.testbed.localhost/www.thenewsherald.com/css/mthotdeal.css",
         "id" : "r18",
         "comps" : [
            {
               "s_time" : 88.7440000660717,
               "time" : 154.50599999167,
               "type" : 2,
               "id" : "comp_9",
               "e_time" : 243.250000057742
            }
         ],
         "download" : {
            "receiveFirst" : 6,
            "len" : 1050,
            "dns" : 0,
            "dnsEnd" : -1,
            "receiveHeadersEnd" : 20,
            "sslEnd" : -1,
            "connectEnd" : 14,
            "connectStart" : 0,
            "id" : "download_13",
            "receivedTime" : "88.6460000183433",
            "sslStart" : -1,
            "dnsStart" : -1,
            "receiveLast" : 68.6460000183433,
            "s_time" : 58.8700000662357,
            "sendEnd" : 14,
            "sendStart" : 14,
            "type" : "text/css"
         }
      },
      {
         "when_comp_start" : -1,
         "url" : "http://modified.testbed.localhost/www.thenewsherald.com/js/jquery.jcarousel.pack.js",
         "id" : "r9",
         "comps" : [
            {
               "s_time" : 243.950000032783,
               "time" : 8.60299996565999,
               "type" : 1,
               "id" : "comp_17",
               "e_time" : 252.552999998443
            }
         ],
         "download" : {
            "receiveFirst" : 7,
            "len" : 8882,
            "dns" : 0,
            "dnsEnd" : -1,
            "receiveHeadersEnd" : 33,
            "sslEnd" : -1,
            "connectEnd" : 26,
            "connectStart" : 0,
            "id" : "download_14",
            "receivedTime" : "243.75600006897",
            "sslStart" : -1,
            "dnsStart" : -1,
            "receiveLast" : 210.75600006897,
            "s_time" : 47.8030000813305,
            "sendEnd" : 26,
            "sendStart" : 26,
            "type" : "application/javascript"
         }
      },
      {
         "when_comp_start" : -1,
         "url" : "http://modified.testbed.localhost/www.thenewsherald.com/js/artslider.js",
         "id" : "r10",
         "comps" : [
            {
               "s_time" : 253.191999974661,
               "time" : 0.472000101580988,
               "type" : 1,
               "id" : "comp_19",
               "e_time" : 253.664000076242
            }
         ],
         "download" : {
            "receiveFirst" : 5,
            "len" : 1682,
            "dns" : 0,
            "dnsEnd" : -1,
            "receiveHeadersEnd" : 34,
            "sslEnd" : -1,
            "connectEnd" : 29,
            "connectStart" : 0,
            "id" : "download_15",
            "receivedTime" : "253.015000023879",
            "sslStart" : -1,
            "dnsStart" : -1,
            "receiveLast" : 219.015000023879,
            "s_time" : 48.0850000167266,
            "sendEnd" : 29,
            "sendStart" : 29,
            "type" : "application/javascript"
         }
      },
      {
         "when_comp_start" : -1,
         "url" : "http://modified.testbed.localhost/cdn-static.liverail.com/js/companions.js",
         "id" : "r11",
         "comps" : [
            {
               "s_time" : 255.356000037864,
               "time" : 2.28300003800499,
               "type" : 1,
               "id" : "comp_22",
               "e_time" : 257.639000075869
            }
         ],
         "download" : {
            "receiveFirst" : 4,
            "len" : 16949,
            "dns" : 0,
            "dnsEnd" : -1,
            "receiveHeadersEnd" : 35,
            "sslEnd" : -1,
            "connectEnd" : 31,
            "connectStart" : 0,
            "id" : "download_16",
            "receivedTime" : "255.212999996729",
            "sslStart" : -1,
            "dnsStart" : -1,
            "receiveLast" : 220.212999996729,
            "s_time" : 48.369999974966,
            "sendEnd" : 31,
            "sendStart" : 31,
            "type" : "application/javascript"
         }
      },
      {
         "when_comp_start" : -1,
         "url" : "http://modified.testbed.localhost/rt.legolas-media.com/lgrt%3Fci=2&ti=11263&pbi=10888",
         "id" : "r12",
         "comps" : [],
         "download" : {
            "receiveFirst" : 4,
            "len" : 1458,
            "dns" : 0,
            "dnsEnd" : -1,
            "receiveHeadersEnd" : 36,
            "sslEnd" : -1,
            "connectEnd" : 32,
            "connectStart" : 0,
            "id" : "download_17",
            "receivedTime" : "258.054999983869",
            "sslStart" : -1,
            "dnsStart" : -1,
            "receiveLast" : 222.054999983869,
            "s_time" : 48.7940000602975,
            "sendEnd" : 32,
            "sendStart" : 32,
            "type" : "text/plain"
         }
      },
      {
         "when_comp_start" : -1,
         "url" : "http://modified.testbed.localhost/www.googletagservices.com/tag/js/gpt.js",
         "id" : "r28",
         "comps" : [],
         "download" : {
            "receiveFirst" : 6,
            "len" : 3268,
            "dns" : 0,
            "dnsEnd" : -1,
            "receiveHeadersEnd" : 11,
            "sslEnd" : -1,
            "connectEnd" : 5,
            "connectStart" : 0,
            "id" : "download_18",
            "receivedTime" : "278.368000057526",
            "sslStart" : -1,
            "dnsStart" : -1,
            "receiveLast" : 267.368000057526,
            "s_time" : 262.364000082016,
            "sendEnd" : 5,
            "sendStart" : 5,
            "type" : "application/javascript"
         }
      },
      {
         "when_comp_start" : -1,
         "url" : "http://modified.testbed.localhost/local.21st-centurymedia.com/common/dfm/assets/js/dfm-core-level1.min.js",
         "id" : "r29",
         "comps" : [
            {
               "s_time" : 286.887000082061,
               "time" : 0.890999916009036,
               "type" : 1,
               "id" : "comp_36",
               "e_time" : 287.77799999807
            }
         ],
         "download" : {
            "receiveFirst" : 7,
            "len" : 1572,
            "dns" : 0,
            "dnsEnd" : -1,
            "receiveHeadersEnd" : 11,
            "sslEnd" : -1,
            "connectEnd" : 4,
            "connectStart" : 0,
            "id" : "download_19",
            "receivedTime" : "283.109000069089",
            "sslStart" : -1,
            "dnsStart" : -1,
            "receiveLast" : 272.109000069089,
            "s_time" : 262.962999986485,
            "sendEnd" : 4,
            "sendStart" : 4,
            "type" : "application/javascript"
         }
      },
      {
         "when_comp_start" : -1,
         "url" : "http://modified.testbed.localhost/local.21st-centurymedia.com/common/dfm/assets/js/dfm-core-level2.min.js",
         "id" : "r30",
         "comps" : [
            {
               "s_time" : 287.905000033788,
               "time" : 6.34399999398801,
               "type" : 1,
               "id" : "comp_38",
               "e_time" : 294.249000027776
            }
         ],
         "download" : {
            "receiveFirst" : 7,
            "len" : 3800,
            "dns" : 0,
            "dnsEnd" : -1,
            "receiveHeadersEnd" : 11,
            "sslEnd" : -1,
            "connectEnd" : 4,
            "connectStart" : 0,
            "id" : "download_20",
            "receivedTime" : "283.519000047818",
            "sslStart" : -1,
            "dnsStart" : -1,
            "receiveLast" : 272.519000047818,
            "s_time" : 263.229000032879,
            "sendEnd" : 4,
            "sendStart" : 4,
            "type" : "application/javascript"
         }
      },
      {
         "when_comp_start" : -1,
         "url" : "http://modified.testbed.localhost/stats.townnews.com/shared-content/stats/common/tracker.js",
         "id" : "r31",
         "comps" : [
            {
               "s_time" : 296.062999987043,
               "time" : 1.11599999945702,
               "type" : 1,
               "id" : "comp_42",
               "e_time" : 297.1789999865
            }
         ],
         "download" : {
            "receiveFirst" : 7,
            "len" : 11201,
            "dns" : 0,
            "dnsEnd" : -1,
            "receiveHeadersEnd" : 11,
            "sslEnd" : -1,
            "connectEnd" : 4,
            "connectStart" : 0,
            "id" : "download_21",
            "receivedTime" : "283.900000038557",
            "sslStart" : -1,
            "dnsStart" : -1,
            "receiveLast" : 272.900000038557,
            "s_time" : 263.557000085711,
            "sendEnd" : 4,
            "sendStart" : 4,
            "type" : "application/javascript"
         }
      },
      {
         "when_comp_start" : -1,
         "url" : "http://modified.testbed.localhost/images.townnews.com/thenewsherald.com/images/rss.png",
         "id" : "r33",
         "comps" : [],
         "download" : {
            "receiveFirst" : 3,
            "len" : 552,
            "dns" : 0,
            "dnsEnd" : -1,
            "receiveHeadersEnd" : 4,
            "sslEnd" : -1,
            "connectEnd" : 0,
            "connectStart" : 0,
            "id" : "download_22",
            "receivedTime" : "325.75600000564",
            "sslStart" : -1,
            "dnsStart" : -1,
            "receiveLast" : 321.75600000564,
            "s_time" : 284.319999977015,
            "sendEnd" : 1,
            "sendStart" : 0,
            "type" : "image/png"
         }
      },
      {
         "when_comp_start" : 1,
         "url" : "http://modified.testbed.localhost/heritage.com/index.html",
         "id" : "r37",
         "comps" : [],
         "download" : {
            "receiveFirst" : 3,
            "len" : 90315,
            "dns" : 0,
            "dnsEnd" : -1,
            "receiveHeadersEnd" : 4,
            "sslEnd" : -1,
            "connectEnd" : 1,
            "connectStart" : 0,
            "id" : "download_23",
            "receivedTime" : "330.289000063203",
            "sslStart" : -1,
            "dnsStart" : -1,
            "receiveLast" : 326.289000063203,
            "s_time" : 306.342000025325,
            "sendEnd" : 1,
            "sendStart" : 1,
            "type" : "text/html"
         }
      },
      {
         "when_comp_start" : -1,
         "url" : "http://modified.testbed.localhost/images.townnews.com/thenewsherald.com/images/newsherald_mi.png",
         "id" : "r40",
         "comps" : [],
         "download" : {
            "receiveFirst" : 5,
            "len" : 6875,
            "dns" : 0,
            "dnsEnd" : -1,
            "receiveHeadersEnd" : 14,
            "sslEnd" : -1,
            "connectEnd" : 9,
            "connectStart" : 0,
            "id" : "download_24",
            "receivedTime" : "398.511999985203",
            "sslStart" : -1,
            "dnsStart" : -1,
            "receiveLast" : 384.511999985203,
            "s_time" : 325.798999983817,
            "sendEnd" : 9,
            "sendStart" : 9,
            "type" : "image/png"
         }
      },
      {
         "when_comp_start" : -1,
         "url" : "http://modified.testbed.localhost/images.townnews.com/thenewsherald.com/art/yahoo_search.gif",
         "id" : "r41",
         "comps" : [],
         "download" : {
            "receiveFirst" : 5,
            "len" : 2027,
            "dns" : 0,
            "dnsEnd" : -1,
            "receiveHeadersEnd" : 14,
            "sslEnd" : -1,
            "connectEnd" : 9,
            "connectStart" : 0,
            "id" : "download_25",
            "receivedTime" : "398.71800004039",
            "sslStart" : -1,
            "dnsStart" : -1,
            "receiveLast" : 384.71800004039,
            "s_time" : 326.151999994181,
            "sendEnd" : 9,
            "sendStart" : 9,
            "type" : "image/gif"
         }
      },
      {
         "when_comp_start" : -1,
         "url" : "http://modified.testbed.localhost/netweather.accuweather.com/adcbin/netweather_v2/netweatherV2.asp%3Fpartner=netweather&tStyle=whteYell&logo=0&zipcode=48195&lang=eng&size=7&theme=silver&metric=0&target=_self",
         "id" : "r39",
         "comps" : [],
         "download" : {
            "receiveFirst" : 5,
            "len" : 8309,
            "dns" : 0,
            "dnsEnd" : -1,
            "receiveHeadersEnd" : 14,
            "sslEnd" : -1,
            "connectEnd" : 9,
            "connectStart" : 0,
            "id" : "download_26",
            "receivedTime" : "388.114000088535",
            "sslStart" : -1,
            "dnsStart" : -1,
            "receiveLast" : 374.114000088535,
            "s_time" : 325.466000009328,
            "sendEnd" : 9,
            "sendStart" : 9,
            "type" : "text/plain"
         }
      },
      {
         "when_comp_start" : -1,
         "url" : "http://modified.testbed.localhost/images.townnews.com/thenewsherald.com/content/articles/2016/05/11/news/doc57322830cf30a129228939.jpg",
         "id" : "r42",
         "comps" : [],
         "download" : {
            "receiveFirst" : 7,
            "len" : 1315012,
            "dns" : 0,
            "dnsEnd" : -1,
            "receiveHeadersEnd" : 17,
            "sslEnd" : -1,
            "connectEnd" : 10,
            "connectStart" : 0,
            "id" : "download_27",
            "receivedTime" : "1028.86800002307",
            "sslStart" : -1,
            "dnsStart" : -1,
            "receiveLast" : 1011.86800002307,
            "s_time" : 326.751000015065,
            "sendEnd" : 10,
            "sendStart" : 10,
            "type" : "image/jpeg"
         }
      },
      {
         "when_comp_start" : -1,
         "url" : "http://modified.testbed.localhost/images.townnews.com/thenewsherald.com/content/articles/2016/05/11/news/doc573204eea6cda509176270.jpg",
         "id" : "r44",
         "comps" : [],
         "download" : {
            "receiveFirst" : 8,
            "len" : 214846,
            "dns" : 0,
            "dnsEnd" : -1,
            "receiveHeadersEnd" : 18,
            "sslEnd" : -1,
            "connectEnd" : 10,
            "connectStart" : 0,
            "id" : "download_28",
            "receivedTime" : "461.247000028379",
            "sslStart" : -1,
            "dnsStart" : -1,
            "receiveLast" : 443.247000028379,
            "s_time" : 327.35799998045,
            "sendEnd" : 10,
            "sendStart" : 10,
            "type" : "image/jpeg"
         }
      },
      {
         "when_comp_start" : -1,
         "url" : "http://modified.testbed.localhost/images.townnews.com/thenewsherald.com/content/articles/2016/05/11/news/doc57312e3e986b7447069130.jpg",
         "id" : "r43",
         "comps" : [],
         "download" : {
            "receiveFirst" : 9,
            "len" : 30726,
            "dns" : 0,
            "dnsEnd" : -1,
            "receiveHeadersEnd" : 19,
            "sslEnd" : -1,
            "connectEnd" : 10,
            "connectStart" : 0,
            "id" : "download_29",
            "receivedTime" : "400.553000043146",
            "sslStart" : -1,
            "dnsStart" : -1,
            "receiveLast" : 381.553000043146,
            "s_time" : 327.014000038616,
            "sendEnd" : 10,
            "sendStart" : 10,
            "type" : "image/jpeg"
         }
      },
      {
         "when_comp_start" : -1,
         "url" : "http://modified.testbed.localhost/extras.mnginteractive.com/live/partners/MediaCenter/widget_large/mc_widget_large_min.js",
         "id" : "r47",
         "comps" : [
            {
               "s_time" : 442.786000086926,
               "time" : 3.06599994655704,
               "type" : 1,
               "id" : "comp_83",
               "e_time" : 445.852000033483
            }
         ],
         "download" : {
            "receiveFirst" : 20,
            "len" : 13674,
            "dns" : 0,
            "dnsEnd" : -1,
            "receiveHeadersEnd" : 35,
            "sslEnd" : -1,
            "connectEnd" : 15,
            "connectStart" : 0,
            "id" : "download_30",
            "receivedTime" : "401.803000015207",
            "sslStart" : -1,
            "dnsStart" : -1,
            "receiveLast" : 366.803000015207,
            "s_time" : 328.239000053145,
            "sendEnd" : 15,
            "sendStart" : 15,
            "type" : "application/javascript"
         }
      },
      {
         "when_comp_start" : -1,
         "url" : "http://modified.testbed.localhost/extras.mnginteractive.com/live/partners/MediaCenter/widget_large/mc_widget_large_min.css",
         "id" : "r46",
         "comps" : [
            {
               "s_time" : 405.985000077635,
               "time" : 46.782999997959,
               "type" : 4,
               "id" : "comp_80",
               "e_time" : 452.768000075594
            }
         ],
         "download" : {
            "receiveFirst" : 28,
            "len" : 8469,
            "dns" : 0,
            "dnsEnd" : -1,
            "receiveHeadersEnd" : 43,
            "sslEnd" : -1,
            "connectEnd" : 15,
            "connectStart" : 0,
            "id" : "download_31",
            "receivedTime" : "405.864000087604",
            "sslStart" : -1,
            "dnsStart" : -1,
            "receiveLast" : 362.864000087604,
            "s_time" : 327.963000047021,
            "sendEnd" : 15,
            "sendStart" : 15,
            "type" : "text/css"
         }
      },
      {
         "when_comp_start" : -1,
         "url" : "http://modified.testbed.localhost/www.thenewsherald.com/js/autoclear.js",
         "id" : "r53",
         "comps" : [
            {
               "s_time" : 448.871999979019,
               "time" : 0.329000060447015,
               "type" : 1,
               "id" : "comp_88",
               "e_time" : 449.201000039466
            },
            {
               "s_time" : 452.587999985553,
               "time" : 0.16500009223904,
               "type" : 1,
               "id" : "comp_91",
               "e_time" : 452.753000077792
            },
            {
               "s_time" : 454.364000004716,
               "time" : 0.11300004553101,
               "type" : 1,
               "id" : "comp_93",
               "e_time" : 454.477000050247
            }
         ],
         "download" : {
            "receiveFirst" : 32,
            "len" : 461,
            "dns" : 0,
            "dnsEnd" : -1,
            "receiveHeadersEnd" : 45,
            "sslEnd" : -1,
            "connectEnd" : 13,
            "connectStart" : 0,
            "id" : "download_32",
            "receivedTime" : "405.268999980763",
            "sslStart" : -1,
            "dnsStart" : -1,
            "receiveLast" : 360.268999980763,
            "s_time" : 329.857000033371,
            "sendEnd" : 13,
            "sendStart" : 13,
            "type" : "application/javascript"
         }
      },
      {
         "when_comp_start" : -1,
         "url" : "http://modified.testbed.localhost/vortex.accuweather.com/adcbin/netweather_v2/backgrounds/silver_120x60_bg.jpg",
         "id" : "r56",
         "comps" : [],
         "download" : {
            "receiveFirst" : 33,
            "len" : 734,
            "dns" : 0,
            "dnsEnd" : -1,
            "receiveHeadersEnd" : 61,
            "sslEnd" : -1,
            "connectEnd" : 28,
            "connectStart" : 0,
            "id" : "download_33",
            "receivedTime" : "559.780000010505",
            "sslStart" : -1,
            "dnsStart" : -1,
            "receiveLast" : 498.780000010505,
            "s_time" : 338.226000079885,
            "sendEnd" : 28,
            "sendStart" : 28,
            "type" : "image/jpeg"
         }
      },
      {
         "when_comp_start" : -1,
         "url" : "http://modified.testbed.localhost/images.townnews.com/thenewsherald.com/content/articles/2016/05/11/news/doc57320c5d4e4cb475898550.jpg",
         "id" : "r45",
         "comps" : [],
         "download" : {
            "receiveFirst" : 22,
            "len" : 85579,
            "dns" : 0,
            "dnsEnd" : -1,
            "receiveHeadersEnd" : 84,
            "sslEnd" : -1,
            "connectEnd" : 62,
            "connectStart" : 0,
            "id" : "download_34",
            "receivedTime" : "648.350000032224",
            "sslStart" : -1,
            "dnsStart" : -1,
            "receiveLast" : 564.350000032224,
            "s_time" : 327.673000050709,
            "sendEnd" : 62,
            "sendStart" : 62,
            "type" : "image/jpeg"
         }
      },
      {
         "when_comp_start" : -1,
         "url" : "http://modified.testbed.localhost/images.townnews.com/thenewsherald.com/images/stayconnected/rss1.png",
         "id" : "r48",
         "comps" : [],
         "download" : {
            "receiveFirst" : 18,
            "len" : 1633,
            "dns" : 0,
            "dnsEnd" : -1,
            "receiveHeadersEnd" : 87,
            "sslEnd" : -1,
            "connectEnd" : 68,
            "connectStart" : 0,
            "id" : "download_35",
            "receivedTime" : "646.610000054352",
            "sslStart" : -1,
            "dnsStart" : -1,
            "receiveLast" : 559.610000054352,
            "s_time" : 328.653000062332,
            "sendEnd" : 69,
            "sendStart" : 68,
            "type" : "image/png"
         }
      },
      {
         "when_comp_start" : -1,
         "url" : "http://modified.testbed.localhost/images.townnews.com/thenewsherald.com/images/stayconnected/facebook1.png",
         "id" : "r49",
         "comps" : [],
         "download" : {
            "receiveFirst" : 15,
            "len" : 1569,
            "dns" : 0,
            "dnsEnd" : -1,
            "receiveHeadersEnd" : 88,
            "sslEnd" : -1,
            "connectEnd" : 72,
            "connectStart" : 0,
            "id" : "download_36",
            "receivedTime" : "647.0589999808",
            "sslStart" : -1,
            "dnsStart" : -1,
            "receiveLast" : 559.0589999808,
            "s_time" : 328.898000065237,
            "sendEnd" : 73,
            "sendStart" : 72,
            "type" : "image/png"
         }
      },
      {
         "when_comp_start" : -1,
         "url" : "http://modified.testbed.localhost/images.townnews.com/thenewsherald.com/images/stayconnected/twitter1.png",
         "id" : "r50",
         "comps" : [],
         "download" : {
            "receiveFirst" : 19,
            "len" : 1639,
            "dns" : 0,
            "dnsEnd" : -1,
            "receiveHeadersEnd" : 100,
            "sslEnd" : -1,
            "connectEnd" : 80,
            "connectStart" : 0,
            "id" : "download_37",
            "receivedTime" : "649.148000054993",
            "sslStart" : -1,
            "dnsStart" : -1,
            "receiveLast" : 549.148000054993,
            "s_time" : 329.200000036508,
            "sendEnd" : 81,
            "sendStart" : 80,
            "type" : "image/png"
         }
      },
      {
         "when_comp_start" : -1,
         "url" : "http://modified.testbed.localhost/images.townnews.com/thenewsherald.com/images/stayconnected/blog1.png",
         "id" : "r51",
         "comps" : [],
         "download" : {
            "receiveFirst" : 19,
            "len" : 1265,
            "dns" : 0,
            "dnsEnd" : -1,
            "receiveHeadersEnd" : 90,
            "sslEnd" : -1,
            "connectEnd" : 71,
            "connectStart" : 0,
            "id" : "download_38",
            "receivedTime" : "648.919000057504",
            "sslStart" : -1,
            "dnsStart" : -1,
            "receiveLast" : 558.919000057504,
            "s_time" : 341.178999980912,
            "sendEnd" : 71,
            "sendStart" : 71,
            "type" : "image/png"
         }
      },
      {
         "when_comp_start" : -1,
         "url" : "http://modified.testbed.localhost/images.townnews.com/thenewsherald.com/images/stayconnected/video1.png",
         "id" : "r52",
         "comps" : [],
         "download" : {
            "receiveFirst" : 11,
            "len" : 2012,
            "dns" : 0,
            "dnsEnd" : -1,
            "receiveHeadersEnd" : 100,
            "sslEnd" : -1,
            "connectEnd" : 89,
            "connectStart" : 0,
            "id" : "download_39",
            "receivedTime" : "650.208999984898",
            "sslStart" : -1,
            "dnsStart" : -1,
            "receiveLast" : 550.208999984898,
            "s_time" : 341.951000038534,
            "sendEnd" : 89,
            "sendStart" : 89,
            "type" : "image/png"
         }
      },
      {
         "when_comp_start" : -1,
         "url" : "http://modified.testbed.localhost/images.townnews.com/thenewsherald.com/images/stayconnected/email1.png",
         "id" : "r54",
         "comps" : [],
         "download" : {
            "receiveFirst" : 10,
            "len" : 2000,
            "dns" : 0,
            "dnsEnd" : -1,
            "receiveHeadersEnd" : 87,
            "sslEnd" : -1,
            "connectEnd" : 77,
            "connectStart" : 0,
            "id" : "download_40",
            "receivedTime" : "650.558999972418",
            "sslStart" : -1,
            "dnsStart" : -1,
            "receiveLast" : 563.558999972418,
            "s_time" : 355.695000034757,
            "sendEnd" : 77,
            "sendStart" : 77,
            "type" : "image/png"
         }
      },
      {
         "when_comp_start" : 1,
         "url" : "http://modified.testbed.localhost/forms.jrcdev.net/promos/daily.asp%3Fnid=20.html",
         "id" : "r66",
         "comps" : [
            {
               "s_time" : 804.709000047296,
               "time" : 1.04100001044606,
               "type" : "evalhtml",
               "id" : "r66_c1",
               "e_time" : 805.750000057742
            }
         ],
         "download" : {
            "receiveFirst" : 6,
            "len" : 660,
            "dns" : 0,
            "dnsEnd" : -1,
            "receiveHeadersEnd" : 7,
            "sslEnd" : -1,
            "connectEnd" : 1,
            "connectStart" : 0,
            "id" : "download_41",
            "receivedTime" : "653.899000026286",
            "sslStart" : -1,
            "dnsStart" : -1,
            "receiveLast" : 646.899000026286,
            "s_time" : 449.989999993704,
            "sendEnd" : 1,
            "sendStart" : 1,
            "type" : "text/html"
         }
      },
      {
         "when_comp_start" : -1,
         "url" : "http://modified.testbed.localhost/images.townnews.com/thenewsherald.com/images/story_idea.png",
         "id" : "r67",
         "comps" : [],
         "download" : {
            "receiveFirst" : 14,
            "len" : 6335,
            "dns" : 0,
            "dnsEnd" : -1,
            "receiveHeadersEnd" : 17,
            "sslEnd" : -1,
            "connectEnd" : 3,
            "connectStart" : 0,
            "id" : "download_42",
            "receivedTime" : "668.828000081703",
            "sslStart" : -1,
            "dnsStart" : -1,
            "receiveLast" : 651.828000081703,
            "s_time" : 453.719999990426,
            "sendEnd" : 3,
            "sendStart" : 3,
            "type" : "image/png"
         }
      },
      {
         "when_comp_start" : -1,
         "url" : "http://modified.testbed.localhost/images.townnews.com/thenewsherald.com/images/factcheck.png",
         "id" : "r68",
         "comps" : [],
         "download" : {
            "receiveFirst" : 13,
            "len" : 1672,
            "dns" : 0,
            "dnsEnd" : -1,
            "receiveHeadersEnd" : 15,
            "sslEnd" : -1,
            "connectEnd" : 2,
            "connectStart" : 0,
            "id" : "download_43",
            "receivedTime" : "668.556999997236",
            "sslStart" : -1,
            "dnsStart" : -1,
            "receiveLast" : 653.556999997236,
            "s_time" : 455.869000055827,
            "sendEnd" : 2,
            "sendStart" : 2,
            "type" : "image/png"
         }
      },
      {
         "when_comp_start" : -1,
         "url" : "http://modified.testbed.localhost/www.tout.com/widgets/6rmjnd.js",
         "id" : "r71",
         "comps" : [
            {
               "s_time" : 676.091000088491,
               "time" : 1.263999962247,
               "type" : 1,
               "id" : "comp_111",
               "e_time" : 677.355000050738
            }
         ],
         "download" : {
            "receiveFirst" : 9,
            "len" : 202,
            "dns" : 0,
            "dnsEnd" : -1,
            "receiveHeadersEnd" : 18,
            "sslEnd" : -1,
            "connectEnd" : 9,
            "connectStart" : 0,
            "id" : "download_44",
            "receivedTime" : "675.973000004888",
            "sslStart" : -1,
            "dnsStart" : -1,
            "receiveLast" : 657.973000004888,
            "s_time" : 461.693000048399,
            "sendEnd" : 9,
            "sendStart" : 9,
            "type" : "application/javascript"
         }
      },
      {
         "when_comp_start" : -1,
         "url" : "http://modified.testbed.localhost/mithenewsherald.disqus.com/popular_threads_widget.js%3Fnum_items=5",
         "id" : "r70",
         "comps" : [
            {
               "s_time" : 669.84800004866,
               "time" : 1.786999986507,
               "type" : 1,
               "id" : "comp_107",
               "e_time" : 671.635000035167
            }
         ],
         "download" : {
            "receiveFirst" : 9,
            "len" : 2325,
            "dns" : 0,
            "dnsEnd" : -1,
            "receiveHeadersEnd" : 19,
            "sslEnd" : -1,
            "connectEnd" : 10,
            "connectStart" : 0,
            "id" : "download_45",
            "receivedTime" : "669.74400007166",
            "sslStart" : -1,
            "dnsStart" : -1,
            "receiveLast" : 650.74400007166,
            "s_time" : 461.040999973193,
            "sendEnd" : 10,
            "sendStart" : 10,
            "type" : "text/plain"
         }
      },
      {
         "when_comp_start" : 1,
         "url" : "http://modified.testbed.localhost/widget.newsinc.com/_fw/thenewsherald/thumb_90734.html",
         "id" : "r69",
         "comps" : [
            {
               "s_time" : 970.430999994278,
               "time" : 267.469000071292,
               "id" : "r69_c1",
               "type" : "evalhtml",
               "e_time" : 1237.90000006557
            },
            {
               "s_time" : 1410.59200000018,
               "time" : -856331063.184,
               "id" : "r69_c2",
               "type" : "evalhtml",
               "e_time" : -856329652.592
            },
            {
               "s_time" : 1415.1520000305,
               "time" : -856331067.744,
               "id" : "r69_c3",
               "type" : "evalhtml",
               "e_time" : -856329652.592
            },
            {
               "s_time" : 1430.07800006308,
               "time" : 3.93200002144999,
               "type" : "evalhtml",
               "id" : "r69_c4",
               "e_time" : 1434.01000008453
            }
         ],
         "download" : {
            "receiveFirst" : 8,
            "len" : 4599,
            "dns" : 0,
            "dnsEnd" : -1,
            "receiveHeadersEnd" : 13,
            "sslEnd" : -1,
            "connectEnd" : 5,
            "connectStart" : 0,
            "id" : "download_46",
            "receivedTime" : "701.692000031471",
            "sslStart" : -1,
            "dnsStart" : -1,
            "receiveLast" : 688.692000031471,
            "s_time" : 467.947000055574,
            "sendEnd" : 5,
            "sendStart" : 5,
            "type" : "text/html"
         }
      },
      {
         "when_comp_start" : -1,
         "url" : "http://modified.testbed.localhost/widgets.twimg.com/j/2/widget.js",
         "id" : "r75",
         "comps" : [
            {
               "s_time" : 803.76400006935,
               "time" : 0.845999922603028,
               "type" : 1,
               "id" : "comp_139",
               "e_time" : 804.609999991953
            }
         ],
         "download" : {
            "receiveFirst" : 4,
            "len" : 1489,
            "dns" : 0,
            "dnsEnd" : -1,
            "receiveHeadersEnd" : 5,
            "sslEnd" : -1,
            "connectEnd" : 1,
            "connectStart" : 0,
            "id" : "download_47",
            "receivedTime" : "803.552999976091",
            "sslStart" : -1,
            "dnsStart" : -1,
            "receiveLast" : 798.552999976091,
            "s_time" : 654.014000087045,
            "sendEnd" : 1,
            "sendStart" : 1,
            "type" : "application/javascript"
         }
      },
      {
         "when_comp_start" : -1,
         "url" : "http://modified.testbed.localhost/widget.imshopping.com/widget.action%3FwId=12461",
         "id" : "r74",
         "comps" : [
            {
               "s_time" : 797.255999990739,
               "time" : 5.66400005482092,
               "type" : 1,
               "id" : "comp_136",
               "e_time" : 802.92000004556
            }
         ],
         "download" : {
            "receiveFirst" : 3,
            "len" : 15513,
            "dns" : 0,
            "dnsEnd" : -1,
            "receiveHeadersEnd" : 5,
            "sslEnd" : -1,
            "connectEnd" : 2,
            "connectStart" : 0,
            "id" : "download_48",
            "receivedTime" : "797.115999972448",
            "sslStart" : -1,
            "dnsStart" : -1,
            "receiveLast" : 792.115999972448,
            "s_time" : 653.580000041984,
            "sendEnd" : 2,
            "sendStart" : 2,
            "type" : "text/plain"
         }
      },
      {
         "when_comp_start" : -1,
         "url" : "http://modified.testbed.localhost/forms.jrcdev.net/promos/library/prepzone_nh290x40.jpg",
         "id" : "r77",
         "comps" : [],
         "download" : {
            "receiveFirst" : 3,
            "len" : 4897,
            "dns" : 0,
            "dnsEnd" : -1,
            "receiveHeadersEnd" : 4,
            "sslEnd" : -1,
            "connectEnd" : 1,
            "connectStart" : 0,
            "id" : "download_49",
            "receivedTime" : "1212.1460000053",
            "sslStart" : -1,
            "dnsStart" : -1,
            "receiveLast" : 1208.1460000053,
            "s_time" : 805.913000018336,
            "sendEnd" : 1,
            "sendStart" : 1,
            "type" : "image/jpeg"
         }
      },
      {
         "when_comp_start" : -1,
         "url" : "http://modified.testbed.localhost/images.townnews.com/thenewsherald.com/images/blog_andreablum.jpg",
         "id" : "r78",
         "comps" : [],
         "download" : {
            "receiveFirst" : 5,
            "len" : 2075,
            "dns" : 0,
            "dnsEnd" : -1,
            "receiveHeadersEnd" : 8,
            "sslEnd" : -1,
            "connectEnd" : 3,
            "connectStart" : 0,
            "id" : "download_50",
            "receivedTime" : "1238.21900004987",
            "sslStart" : -1,
            "dnsStart" : -1,
            "receiveLast" : 1230.21900004987,
            "s_time" : 907.098000054248,
            "sendEnd" : 3,
            "sendStart" : 3,
            "type" : "image/jpeg"
         }
      },
      {
         "when_comp_start" : -1,
         "url" : "http://modified.testbed.localhost/images.townnews.com/thenewsherald.com/images/blog_AmandaLee.jpg",
         "id" : "r79",
         "comps" : [],
         "download" : {
            "receiveFirst" : 5,
            "len" : 1738,
            "dns" : 0,
            "dnsEnd" : -1,
            "receiveHeadersEnd" : 7,
            "sslEnd" : -1,
            "connectEnd" : 2,
            "connectStart" : 0,
            "id" : "download_51",
            "receivedTime" : "1238.54100005701",
            "sslStart" : -1,
            "dnsStart" : -1,
            "receiveLast" : 1231.54100005701,
            "s_time" : 907.668000087142,
            "sendEnd" : 2,
            "sendStart" : 2,
            "type" : "image/jpeg"
         }
      },
      {
         "when_comp_start" : -1,
         "url" : "http://modified.testbed.localhost/images.townnews.com/thenewsherald.com/images/blog_downriver_outdoors.jpg",
         "id" : "r80",
         "comps" : [],
         "download" : {
            "receiveFirst" : 5,
            "len" : 2144,
            "dns" : 0,
            "dnsEnd" : -1,
            "receiveHeadersEnd" : 7,
            "sslEnd" : -1,
            "connectEnd" : 2,
            "connectStart" : 0,
            "id" : "download_52",
            "receivedTime" : "1238.83400007617",
            "sslStart" : -1,
            "dnsStart" : -1,
            "receiveLast" : 1231.83400007617,
            "s_time" : 908.224000013433,
            "sendEnd" : 2,
            "sendStart" : 2,
            "type" : "image/jpeg"
         }
      },
      {
         "when_comp_start" : -1,
         "url" : "http://modified.testbed.localhost/www.thenewsherald.com/scripts/s_code.js",
         "id" : "r82",
         "comps" : [],
         "download" : {
            "receiveFirst" : 3,
            "len" : 16299,
            "dns" : 0,
            "dnsEnd" : -1,
            "receiveHeadersEnd" : 9,
            "sslEnd" : -1,
            "connectEnd" : 6,
            "connectStart" : 0,
            "id" : "download_53",
            "receivedTime" : "1239.81900000945",
            "sslStart" : -1,
            "dnsStart" : -1,
            "receiveLast" : 1230.81900000945,
            "s_time" : 970.570000004955,
            "sendEnd" : 6,
            "sendStart" : 6,
            "type" : "application/javascript"
         }
      },
      {
         "when_comp_start" : -1,
         "url" : "http://modified.testbed.localhost/extras.mnginteractive.com/live/omniture/custom_scripts/jrccampaigncore.js",
         "id" : "r83",
         "comps" : [
            {
               "s_time" : 1294.34600006789,
               "time" : 2.45099992026007,
               "type" : 2,
               "id" : "comp_191",
               "e_time" : 1296.79699998815
            }
         ],
         "download" : {
            "receiveFirst" : 6,
            "len" : 3687,
            "dns" : 0,
            "dnsEnd" : -1,
            "receiveHeadersEnd" : 11,
            "sslEnd" : -1,
            "connectEnd" : 5,
            "connectStart" : 0,
            "id" : "download_54",
            "receivedTime" : "1294.23700005282",
            "sslStart" : -1,
            "dnsStart" : -1,
            "receiveLast" : 1283.23700005282,
            "s_time" : 971.234000055119,
            "sendEnd" : 5,
            "sendStart" : 5,
            "type" : "application/javascript"
         }
      },
      {
         "when_comp_start" : -1,
         "url" : "http://modified.testbed.localhost/assets.newsinc.com/ndn.2.js",
         "id" : "r84",
         "comps" : [],
         "download" : {
            "receiveFirst" : 6,
            "len" : 2937,
            "dns" : 0,
            "dnsEnd" : -1,
            "receiveHeadersEnd" : 11,
            "sslEnd" : -1,
            "connectEnd" : 5,
            "connectStart" : 0,
            "id" : "download_55",
            "receivedTime" : "1291.0260000499",
            "sslStart" : -1,
            "dnsStart" : -1,
            "receiveLast" : 1280.0260000499,
            "s_time" : 971.962000010535,
            "sendEnd" : 5,
            "sendStart" : 5,
            "type" : "application/javascript"
         }
      },
      {
         "when_comp_start" : -1,
         "url" : "http://modified.testbed.localhost/assets.newsinc.com/swfobject.js",
         "id" : "r85",
         "comps" : [
            {
               "s_time" : 1410.71299999021,
               "time" : 4.43900004029001,
               "type" : 1,
               "id" : "comp_238",
               "e_time" : 1415.1520000305
            }
         ],
         "download" : {
            "receiveFirst" : 7,
            "len" : 21219,
            "dns" : 0,
            "dnsEnd" : -1,
            "receiveHeadersEnd" : 11,
            "sslEnd" : -1,
            "connectEnd" : 4,
            "connectStart" : 0,
            "id" : "download_56",
            "receivedTime" : "1314.37899998855",
            "sslStart" : -1,
            "dnsStart" : -1,
            "receiveLast" : 1303.37899998855,
            "s_time" : 972.488000057638,
            "sendEnd" : 4,
            "sendStart" : 4,
            "type" : "application/javascript"
         }
      },
      {
         "when_comp_start" : -1,
         "url" : "http://modified.testbed.localhost/edge.quantserve.com/quant.js",
         "id" : "r86",
         "comps" : [
            {
               "s_time" : 1419.35199999716,
               "time" : 10.7260000659201,
               "type" : 1,
               "id" : "comp_242",
               "e_time" : 1430.07800006308
            }
         ],
         "download" : {
            "receiveFirst" : 7,
            "len" : 7874,
            "dns" : 0,
            "dnsEnd" : -1,
            "receiveHeadersEnd" : 11,
            "sslEnd" : -1,
            "connectEnd" : 3,
            "connectStart" : 0,
            "id" : "download_57",
            "receivedTime" : "1314.63100004476",
            "sslStart" : -1,
            "dnsStart" : -1,
            "receiveLast" : 1303.63100004476,
            "s_time" : 973.039000062272,
            "sendEnd" : 4,
            "sendStart" : 3,
            "type" : "application/javascript"
         }
      },
      {
         "when_comp_start" : -1,
         "url" : "http://modified.testbed.localhost/local.thenewsherald.com/common/21cm/assets/js/jBar/plugIns.js",
         "id" : "r87",
         "comps" : [
            {
               "s_time" : 1331.31899998989,
               "time" : 5.57700009084988,
               "type" : 1,
               "id" : "comp_210",
               "e_time" : 1336.89600008074
            }
         ],
         "download" : {
            "receiveFirst" : 4,
            "len" : 15012,
            "dns" : 0,
            "dnsEnd" : -1,
            "receiveHeadersEnd" : 5,
            "sslEnd" : -1,
            "connectEnd" : 1,
            "connectStart" : 0,
            "id" : "download_58",
            "receivedTime" : "1328.75600003172",
            "sslStart" : -1,
            "dnsStart" : -1,
            "receiveLast" : 1323.75600003172,
            "s_time" : 1237.90000006557,
            "sendEnd" : 1,
            "sendStart" : 1,
            "type" : "application/javascript"
         }
      }
   ],
   "deps" : [
      {
         "a2" : "r1_c2",
         "time" : -1,
         "id" : "dep1",
         "a1" : "comp_10"
      },
      {
         "a2" : "r1_c3",
         "time" : -1,
         "id" : "dep2",
         "a1" : "comp_12"
      },
      {
         "a2" : "r1_c4",
         "time" : -1,
         "id" : "dep3",
         "a1" : "comp_13"
      },
      {
         "a2" : "r1_c5",
         "time" : -1,
         "id" : "dep4",
         "a1" : "comp_15"
      },
      {
         "a2" : "r1_c6",
         "time" : -1,
         "id" : "dep5",
         "a1" : "comp_17"
      },
      {
         "a2" : "r1_c7",
         "time" : -1,
         "id" : "dep6",
         "a1" : "comp_19"
      },
      {
         "a2" : "r1_c8",
         "time" : -1,
         "id" : "dep7",
         "a1" : "comp_22"
      },
      {
         "a2" : "r1_c9",
         "time" : -1,
         "id" : "dep8",
         "a1" : "comp_29"
      },
      {
         "a2" : "r1_c10",
         "time" : -1,
         "id" : "dep9",
         "a1" : "comp_34"
      },
      {
         "a2" : "r1_c11",
         "time" : -1,
         "id" : "dep10",
         "a1" : "comp_36"
      },
      {
         "a2" : "r1_c12",
         "time" : -1,
         "id" : "dep11",
         "a1" : "comp_38"
      },
      {
         "a2" : "r1_c13",
         "time" : -1,
         "id" : "dep12",
         "a1" : "comp_42"
      },
      {
         "a2" : "r1_c14",
         "time" : -1,
         "id" : "dep13",
         "a1" : "comp_83"
      },
      {
         "a2" : "r1_c15",
         "time" : -1,
         "id" : "dep14",
         "a1" : "comp_88"
      },
      {
         "a2" : "r1_c16",
         "time" : -1,
         "id" : "dep15",
         "a1" : "comp_91"
      },
      {
         "a2" : "r1_c17",
         "time" : -1,
         "id" : "dep16",
         "a1" : "comp_93"
      },
      {
         "a2" : "r1_c18",
         "time" : -1,
         "id" : "dep17",
         "a1" : "comp_107"
      },
      {
         "a2" : "r1_c19",
         "time" : -1,
         "id" : "dep18",
         "a1" : "comp_111"
      },
      {
         "a2" : "r1_c20",
         "time" : -1,
         "id" : "dep19",
         "a1" : "comp_116"
      },
      {
         "a2" : "r1_c21",
         "time" : -1,
         "id" : "dep20",
         "a1" : "comp_136"
      },
      {
         "a2" : "r1_c22",
         "time" : -1,
         "id" : "dep21",
         "a1" : "comp_139"
      },
      {
         "a2" : "r1_c23",
         "time" : -1,
         "id" : "dep22",
         "a1" : "comp_207"
      },
      {
         "a2" : "r1_c24",
         "time" : -1,
         "id" : "dep23",
         "a1" : "comp_210"
      },
      {
         "a2" : "comp_10",
         "time" : -1,
         "id" : "dep24",
         "a1" : "comp_1"
      },
      {
         "a2" : "comp_10",
         "time" : -1,
         "id" : "dep25",
         "a1" : "comp_2"
      },
      {
         "a2" : "comp_10",
         "time" : -1,
         "id" : "dep26",
         "a1" : "comp_3"
      },
      {
         "a2" : "comp_13",
         "time" : -1,
         "id" : "dep27",
         "a1" : "comp_12"
      },
      {
         "a2" : "comp_15",
         "time" : -1,
         "id" : "dep28",
         "a1" : "comp_13"
      },
      {
         "a2" : "comp_17",
         "time" : -1,
         "id" : "dep29",
         "a1" : "comp_15"
      },
      {
         "a2" : "comp_19",
         "time" : -1,
         "id" : "dep30",
         "a1" : "comp_17"
      },
      {
         "a2" : "comp_38",
         "time" : -1,
         "id" : "dep31",
         "a1" : "comp_36"
      },
      {
         "a2" : "comp_83",
         "time" : -1,
         "id" : "dep32",
         "a1" : "comp_80"
      },
      {
         "a2" : "comp_107",
         "time" : -1,
         "id" : "dep33",
         "a1" : "comp_88"
      },
      {
         "a2" : "comp_116",
         "time" : -1,
         "id" : "dep34",
         "a1" : "comp_13"
      },
      {
         "a2" : "r69_c2",
         "time" : -1,
         "id" : "dep35",
         "a1" : "comp_237"
      },
      {
         "a2" : "r69_c3",
         "time" : -1,
         "id" : "dep36",
         "a1" : "comp_238"
      },
      {
         "a2" : "r69_c4",
         "time" : -1,
         "id" : "dep37",
         "a1" : "comp_242"
      },
      {
         "a2" : "comp_238",
         "time" : -1,
         "id" : "dep38",
         "a1" : "comp_237"
      },
      {
         "a2" : "download_58",
         "time" : -1,
         "id" : "dep39",
         "a1" : "r1_c22"
      },
      {
         "a2" : "download_58",
         "time" : -1,
         "id" : "dep40",
         "a1" : "r69_c1"
      },
      {
         "a2" : "download_58",
         "time" : 433.290000073617,
         "id" : "dep41",
         "a1" : "r1_c22"
      },
      {
         "a2" : "download_57",
         "time" : 2.608000067994,
         "id" : "dep42",
         "a1" : "r69_c1"
      },
      {
         "a2" : "download_57",
         "time" : 168.429000070319,
         "id" : "dep43",
         "a1" : "r1_c22"
      },
      {
         "a2" : "download_56",
         "time" : 2.05700006336008,
         "id" : "dep44",
         "a1" : "r69_c1"
      },
      {
         "a2" : "download_56",
         "time" : 167.878000065685,
         "id" : "dep45",
         "a1" : "r1_c22"
      },
      {
         "a2" : "download_55",
         "time" : 1.53100001625705,
         "id" : "dep46",
         "a1" : "r69_c1"
      },
      {
         "a2" : "download_55",
         "time" : 167.352000018582,
         "id" : "dep47",
         "a1" : "r1_c22"
      },
      {
         "a2" : "download_54",
         "time" : 0.8030000608411,
         "id" : "dep48",
         "a1" : "r69_c1"
      },
      {
         "a2" : "download_54",
         "time" : 166.624000063166,
         "id" : "dep49",
         "a1" : "r1_c22"
      },
      {
         "a2" : "download_53",
         "time" : 0.139000010677023,
         "id" : "dep50",
         "a1" : "r69_c1"
      },
      {
         "a2" : "download_53",
         "time" : 165.960000013002,
         "id" : "dep51",
         "a1" : "r1_c22"
      },
      {
         "a2" : "download_52",
         "time" : 103.61400002148,
         "id" : "dep52",
         "a1" : "r1_c22"
      },
      {
         "a2" : "download_51",
         "time" : 103.058000095189,
         "id" : "dep53",
         "a1" : "r1_c22"
      },
      {
         "a2" : "download_50",
         "time" : 102.488000062295,
         "id" : "dep54",
         "a1" : "r1_c22"
      },
      {
         "a2" : "download_49",
         "time" : 1.30300002638296,
         "id" : "dep55",
         "a1" : "r1_c22"
      },
      {
         "a2" : "download_48",
         "time" : -1,
         "id" : "dep56",
         "a1" : "r1_c17"
      },
      {
         "a2" : "download_48",
         "time" : 199.102999991737,
         "id" : "dep57",
         "a1" : "r1_c17"
      },
      {
         "a2" : "download_47",
         "time" : -1,
         "id" : "dep58",
         "a1" : "r1_c17"
      },
      {
         "a2" : "download_47",
         "time" : 199.537000036798,
         "id" : "dep59",
         "a1" : "r1_c17"
      },
      {
         "a2" : "download_46",
         "time" : 13.470000005327,
         "id" : "dep60",
         "a1" : "r1_c17"
      },
      {
         "a2" : "download_45",
         "time" : 6.56399992294598,
         "id" : "dep61",
         "a1" : "r1_c17"
      },
      {
         "a2" : "download_44",
         "time" : 7.21599999815197,
         "id" : "dep62",
         "a1" : "r1_c17"
      },
      {
         "a2" : "download_44",
         "time" : 7.21599999815197,
         "id" : "dep63",
         "a1" : "r1_c17"
      },
      {
         "a2" : "download_43",
         "time" : 1.39200000557997,
         "id" : "dep64",
         "a1" : "r1_c17"
      },
      {
         "a2" : "download_42",
         "time" : -1,
         "id" : "dep65",
         "a1" : "r1_c16"
      },
      {
         "a2" : "download_41",
         "time" : -1,
         "id" : "dep66",
         "a1" : "r1_c15"
      },
      {
         "a2" : "download_40",
         "time" : -1,
         "id" : "dep67",
         "a1" : "r1_c13"
      },
      {
         "a2" : "download_39",
         "time" : 44.772000052034,
         "id" : "dep68",
         "a1" : "r1_c13"
      },
      {
         "a2" : "download_38",
         "time" : 43.999999994412,
         "id" : "dep69",
         "a1" : "r1_c13"
      },
      {
         "a2" : "download_37",
         "time" : 32.021000050008,
         "id" : "dep70",
         "a1" : "r1_c13"
      },
      {
         "a2" : "download_36",
         "time" : 31.719000078737,
         "id" : "dep71",
         "a1" : "r1_c13"
      },
      {
         "a2" : "download_35",
         "time" : 31.474000075832,
         "id" : "dep72",
         "a1" : "r1_c13"
      },
      {
         "a2" : "download_34",
         "time" : 30.494000064209,
         "id" : "dep73",
         "a1" : "r1_c13"
      },
      {
         "a2" : "download_34",
         "time" : 30.494000064209,
         "id" : "dep74",
         "a1" : "r1_c13"
      },
      {
         "a2" : "download_33",
         "time" : 41.047000093385,
         "id" : "dep75",
         "a1" : "r1_c13"
      },
      {
         "a2" : "download_32",
         "time" : 32.678000046871,
         "id" : "dep76",
         "a1" : "r1_c13"
      },
      {
         "a2" : "download_31",
         "time" : 30.784000060521,
         "id" : "dep77",
         "a1" : "r1_c13"
      },
      {
         "a2" : "download_30",
         "time" : 31.060000066645,
         "id" : "dep78",
         "a1" : "r1_c13"
      },
      {
         "a2" : "download_29",
         "time" : 29.835000052116,
         "id" : "dep79",
         "a1" : "r1_c13"
      },
      {
         "a2" : "download_29",
         "time" : 29.835000052116,
         "id" : "dep80",
         "a1" : "r1_c13"
      },
      {
         "a2" : "download_28",
         "time" : 30.17899999395,
         "id" : "dep81",
         "a1" : "r1_c13"
      },
      {
         "a2" : "download_28",
         "time" : 30.17899999395,
         "id" : "dep82",
         "a1" : "r1_c13"
      },
      {
         "a2" : "download_27",
         "time" : 29.572000028565,
         "id" : "dep83",
         "a1" : "r1_c13"
      },
      {
         "a2" : "download_27",
         "time" : 29.572000028565,
         "id" : "dep84",
         "a1" : "r1_c13"
      },
      {
         "a2" : "download_26",
         "time" : 28.287000022828,
         "id" : "dep85",
         "a1" : "r1_c13"
      },
      {
         "a2" : "download_25",
         "time" : 28.973000007681,
         "id" : "dep86",
         "a1" : "r1_c13"
      },
      {
         "a2" : "download_25",
         "time" : 28.973000007681,
         "id" : "dep87",
         "a1" : "r1_c13"
      },
      {
         "a2" : "download_24",
         "time" : 28.619999997317,
         "id" : "dep88",
         "a1" : "r1_c13"
      },
      {
         "a2" : "download_24",
         "time" : 28.619999997317,
         "id" : "dep89",
         "a1" : "r1_c13"
      },
      {
         "a2" : "download_23",
         "time" : 9.16300003882498,
         "id" : "dep90",
         "a1" : "r1_c13"
      },
      {
         "a2" : "download_22",
         "time" : -1,
         "id" : "dep91",
         "a1" : "r1_c9"
      },
      {
         "a2" : "download_22",
         "time" : 11.029999936,
         "id" : "dep92",
         "a1" : "r1_c9"
      },
      {
         "a2" : "download_21",
         "time" : -1,
         "id" : "dep93",
         "a1" : "r1_c8"
      },
      {
         "a2" : "download_20",
         "time" : 5.58999995701004,
         "id" : "dep94",
         "a1" : "r1_c8"
      },
      {
         "a2" : "download_19",
         "time" : 5.32399991061601,
         "id" : "dep95",
         "a1" : "r1_c8"
      },
      {
         "a2" : "download_18",
         "time" : 4.72500000614701,
         "id" : "dep96",
         "a1" : "r1_c8"
      },
      {
         "a2" : "download_18",
         "time" : 4.72500000614701,
         "id" : "dep97",
         "a1" : "r1_c8"
      },
      {
         "a2" : "download_17",
         "time" : -1,
         "id" : "dep98",
         "a1" : "r1_c1"
      },
      {
         "a2" : "download_16",
         "time" : 4.7899999190121,
         "id" : "dep99",
         "a1" : "r1_c1"
      },
      {
         "a2" : "download_15",
         "time" : 4.5049999607727,
         "id" : "dep100",
         "a1" : "r1_c1"
      },
      {
         "a2" : "download_14",
         "time" : 4.2230000253766,
         "id" : "dep101",
         "a1" : "r1_c1"
      },
      {
         "a2" : "download_13",
         "time" : -1,
         "id" : "dep102",
         "a1" : "r1_c1"
      },
      {
         "a2" : "download_12",
         "time" : 15.002999920398,
         "id" : "dep103",
         "a1" : "r1_c1"
      },
      {
         "a2" : "download_11",
         "time" : 14.6660000318661,
         "id" : "dep104",
         "a1" : "r1_c1"
      },
      {
         "a2" : "download_10",
         "time" : 14.3329999409616,
         "id" : "dep105",
         "a1" : "r1_c1"
      },
      {
         "a2" : "download_9",
         "time" : 14.0939999837428,
         "id" : "dep106",
         "a1" : "r1_c1"
      },
      {
         "a2" : "download_8",
         "time" : 13.5000000009313,
         "id" : "dep107",
         "a1" : "r1_c1"
      },
      {
         "a2" : "download_7",
         "time" : 3.9170000236481,
         "id" : "dep108",
         "a1" : "r1_c1"
      },
      {
         "a2" : "download_6",
         "time" : 3.3099999418482,
         "id" : "dep109",
         "a1" : "r1_c1"
      },
      {
         "a2" : "download_6",
         "time" : 3.3099999418482,
         "id" : "dep110",
         "a1" : "r1_c1"
      },
      {
         "a2" : "download_5",
         "time" : 3.6329999566078,
         "id" : "dep111",
         "a1" : "r1_c1"
      },
      {
         "a2" : "download_4",
         "time" : 2.5919999461621,
         "id" : "dep112",
         "a1" : "r1_c1"
      },
      {
         "a2" : "download_3",
         "time" : 3.0419999966397,
         "id" : "dep113",
         "a1" : "r1_c1"
      },
      {
         "a2" : "download_2",
         "time" : 2.2379999281838,
         "id" : "dep114",
         "a1" : "r1_c1"
      },
      {
         "a2" : "download_1",
         "time" : 1.8769999733194,
         "id" : "dep115",
         "a1" : "r1_c1"
      }
   ]
}
