{
   "n_download_no_trigger" : 1,
   "start_activity" : "download_0",
   "name" : "modified.testbed.localhost_www.inquisitr.com_",
   "load_activity" : -1,
   "objs" : [
      {
         "when_comp_start" : 1,
         "url" : "http://modified.testbed.localhost/www.inquisitr.com/",
         "id" : "r1",
         "comps" : [
            {
               "s_time" : 45.572999981232,
               "time" : 5.4430000018328,
               "id" : "r1_c1",
               "type" : "evalhtml",
               "e_time" : 51.0159999830648
            },
            {
               "s_time" : 182.660000049509,
               "time" : -855822781.838,
               "id" : "r1_c2",
               "type" : "evalhtml",
               "e_time" : -855822599.178
            },
            {
               "s_time" : 287.025999976322,
               "time" : -855822886.204,
               "id" : "r1_c3",
               "type" : "evalhtml",
               "e_time" : -855822599.178
            },
            {
               "s_time" : 301.618000026792,
               "time" : 414.815999916755,
               "id" : "r1_c4",
               "type" : "evalhtml",
               "e_time" : 716.433999943547
            },
            {
               "s_time" : 873.282999964431,
               "time" : -855823472.461,
               "id" : "r1_c5",
               "type" : "evalhtml",
               "e_time" : -855822599.178
            },
            {
               "s_time" : 885.59299998451,
               "time" : -855823484.771,
               "id" : "r1_c6",
               "type" : "evalhtml",
               "e_time" : -855822599.178
            },
            {
               "s_time" : 1285.32200003974,
               "time" : -855823884.5,
               "id" : "r1_c7",
               "type" : "evalhtml",
               "e_time" : -855822599.178
            },
            {
               "s_time" : 1421.98999994434,
               "time" : -855824021.168,
               "id" : "r1_c8",
               "type" : "evalhtml",
               "e_time" : -855822599.178
            },
            {
               "s_time" : 1423.25800005347,
               "time" : -855824022.436,
               "id" : "r1_c9",
               "type" : "evalhtml",
               "e_time" : -855822599.178
            },
            {
               "s_time" : 1423.90000005253,
               "time" : -855824023.078,
               "id" : "r1_c10",
               "type" : "evalhtml",
               "e_time" : -855822599.178
            },
            {
               "s_time" : 1425.17900001258,
               "time" : 26.12399996724,
               "type" : "evalhtml",
               "id" : "r1_c11",
               "e_time" : 1451.30299997982
            }
         ],
         "download" : {
            "receiveFirst" : 4,
            "len" : 330581,
            "dns" : 0,
            "dnsEnd" : -1,
            "receiveHeadersEnd" : 4,
            "sslEnd" : -1,
            "connectEnd" : 0,
            "connectStart" : 0,
            "id" : "download_0",
            "receivedTime" : "45.0979999732226",
            "sslStart" : -1,
            "dnsStart" : -1,
            "receiveLast" : 41.0979999732226,
            "s_time" : 0,
            "sendEnd" : 0,
            "sendStart" : 0,
            "type" : "text/html"
         }
      },
      {
         "when_comp_start" : -1,
         "url" : "http://modified.testbed.localhost/cdn.inquisitr.com/assets/e95460/dist/css/style.css%3Fv=c04a78.css",
         "id" : "r3",
         "comps" : [
            {
               "s_time" : 78.9029999868944,
               "time" : 24.7629999648776,
               "type" : 4,
               "id" : "comp_1",
               "e_time" : 103.665999951772
            }
         ],
         "download" : {
            "receiveFirst" : 4,
            "len" : 126414,
            "dns" : 0,
            "dnsEnd" : -1,
            "receiveHeadersEnd" : 7,
            "sslEnd" : -1,
            "connectEnd" : 3,
            "connectStart" : 0,
            "id" : "download_1",
            "receivedTime" : "78.6150000058115",
            "sslStart" : -1,
            "dnsStart" : -1,
            "receiveLast" : 71.6150000058115,
            "s_time" : 49.875000026077,
            "sendEnd" : 3,
            "sendStart" : 3,
            "type" : "text/css"
         }
      },
      {
         "when_comp_start" : -1,
         "url" : "http://modified.testbed.localhost/inquisitr-d.openx.net/w/1.0/jstag%3Fnc=3945829-inquisitr",
         "id" : "r5",
         "comps" : [
            {
               "s_time" : 184.188000042923,
               "time" : 102.837999933399,
               "type" : 1,
               "id" : "comp_7",
               "e_time" : 287.025999976322
            }
         ],
         "download" : {
            "receiveFirst" : 6,
            "len" : 59054,
            "dns" : 0,
            "dnsEnd" : -1,
            "receiveHeadersEnd" : 9,
            "sslEnd" : -1,
            "connectEnd" : 3,
            "connectStart" : 0,
            "id" : "download_2",
            "receivedTime" : "76.143000042066",
            "sslStart" : -1,
            "dnsStart" : -1,
            "receiveLast" : 67.143000042066,
            "s_time" : 50.6039999891073,
            "sendEnd" : 3,
            "sendStart" : 3,
            "type" : "text/plain"
         }
      },
      {
         "when_comp_start" : -1,
         "url" : "http://modified.testbed.localhost/ajax.googleapis.com/ajax/libs/jquery/1.12.2/jquery.min.js%3Fv=03db1e",
         "id" : "r4",
         "comps" : [
            {
               "s_time" : 104.0600000415,
               "time" : 78.600000008009,
               "type" : 1,
               "id" : "comp_2",
               "e_time" : 182.660000049509
            }
         ],
         "download" : {
            "receiveFirst" : 7,
            "len" : 97244,
            "dns" : 0,
            "dnsEnd" : -1,
            "receiveHeadersEnd" : 11,
            "sslEnd" : -1,
            "connectEnd" : 4,
            "connectStart" : 0,
            "id" : "download_3",
            "receivedTime" : "103.917000000365",
            "sslStart" : -1,
            "dnsStart" : -1,
            "receiveLast" : 92.9170000003651,
            "s_time" : 50.2590000396594,
            "sendEnd" : 4,
            "sendStart" : 4,
            "type" : "text/plain"
         }
      },
      {
         "when_comp_start" : -1,
         "url" : "http://modified.testbed.localhost/cdn.komoona.com/scripts/kmn_sa_hb_c.js",
         "id" : "r6",
         "comps" : [
            {
               "s_time" : 288.779999944381,
               "time" : 12.838000082411,
               "type" : 1,
               "id" : "comp_12",
               "e_time" : 301.618000026792
            }
         ],
         "download" : {
            "receiveFirst" : 9,
            "len" : 20174,
            "dns" : 0,
            "dnsEnd" : -1,
            "receiveHeadersEnd" : 12,
            "sslEnd" : -1,
            "connectEnd" : 3,
            "connectStart" : 0,
            "id" : "download_4",
            "receivedTime" : "70.33599994611",
            "sslStart" : -1,
            "dnsStart" : -1,
            "receiveLast" : 58.33599994611,
            "s_time" : 51.0159999830648,
            "sendEnd" : 3,
            "sendStart" : 3,
            "type" : "application/javascript"
         }
      },
      {
         "when_comp_start" : -1,
         "url" : "http://modified.testbed.localhost/cdn.inquisitr.com/assets/e95460/dist/images/logos/logo.png",
         "id" : "r15",
         "comps" : [],
         "download" : {
            "receiveFirst" : 3,
            "len" : 9252,
            "dns" : 0,
            "dnsEnd" : -1,
            "receiveHeadersEnd" : 5,
            "sslEnd" : -1,
            "connectEnd" : 2,
            "connectStart" : 0,
            "id" : "download_5",
            "receivedTime" : "511.623000027612",
            "sslStart" : -1,
            "dnsStart" : -1,
            "receiveLast" : 506.623000027612,
            "s_time" : 305.79100002069,
            "sendEnd" : 2,
            "sendStart" : 2,
            "type" : "image/png"
         }
      },
      {
         "when_comp_start" : -1,
         "url" : "http://modified.testbed.localhost/cdn.inquisitr.com/assets/e95460/dist/images/design/ipad.png",
         "id" : "r16",
         "comps" : [],
         "download" : {
            "receiveFirst" : 8,
            "len" : 217723,
            "dns" : 0,
            "dnsEnd" : -1,
            "receiveHeadersEnd" : 9,
            "sslEnd" : -1,
            "connectEnd" : 1,
            "connectStart" : 0,
            "id" : "download_6",
            "receivedTime" : "520.120000001043",
            "sslStart" : -1,
            "dnsStart" : -1,
            "receiveLast" : 511.120000001043,
            "s_time" : 314.071999979205,
            "sendEnd" : 1,
            "sendStart" : 1,
            "type" : "image/png"
         }
      },
      {
         "when_comp_start" : -1,
         "url" : "http://modified.testbed.localhost/cdn.inquisitr.com/assets/e95460/dist/images/logos/logo_stripe.png",
         "id" : "r17",
         "comps" : [],
         "download" : {
            "receiveFirst" : 8,
            "len" : 9241,
            "dns" : 0,
            "dnsEnd" : -1,
            "receiveHeadersEnd" : 9,
            "sslEnd" : -1,
            "connectEnd" : 1,
            "connectStart" : 0,
            "id" : "download_7",
            "receivedTime" : "516.462999978103",
            "sslStart" : -1,
            "dnsStart" : -1,
            "receiveLast" : 507.462999978103,
            "s_time" : 314.317999989726,
            "sendEnd" : 1,
            "sendStart" : 1,
            "type" : "image/png"
         }
      },
      {
         "when_comp_start" : -1,
         "url" : "http://modified.testbed.localhost/cdn.inquisitr.com/wp-content/uploads/2016/05/Kelly-Ripa-Reveals-What-Really-Happened-Between-Her-Michael-Strahan-On-Live-260x150.jpg",
         "id" : "r18",
         "comps" : [],
         "download" : {
            "receiveFirst" : 7,
            "len" : 7810,
            "dns" : 0,
            "dnsEnd" : -1,
            "receiveHeadersEnd" : 12,
            "sslEnd" : -1,
            "connectEnd" : 5,
            "connectStart" : 0,
            "id" : "download_8",
            "receivedTime" : "517.607999965549",
            "sslStart" : -1,
            "dnsStart" : -1,
            "receiveLast" : 505.607999965549,
            "s_time" : 316.059999982826,
            "sendEnd" : 5,
            "sendStart" : 5,
            "type" : "image/jpeg"
         }
      },
      {
         "when_comp_start" : -1,
         "url" : "http://modified.testbed.localhost/cdn.inquisitr.com/wp-content/uploads/2016/05/Russell-Crowe-and-Ryan-Gosling-260x150.jpg",
         "id" : "r19",
         "comps" : [],
         "download" : {
            "receiveFirst" : 8,
            "len" : 19622,
            "dns" : 0,
            "dnsEnd" : -1,
            "receiveHeadersEnd" : 12,
            "sslEnd" : -1,
            "connectEnd" : 4,
            "connectStart" : 0,
            "id" : "download_9",
            "receivedTime" : "517.85199996084",
            "sslStart" : -1,
            "dnsStart" : -1,
            "receiveLast" : 505.85199996084,
            "s_time" : 316.862000036053,
            "sendEnd" : 4,
            "sendStart" : 4,
            "type" : "image/jpeg"
         }
      },
      {
         "when_comp_start" : -1,
         "url" : "http://modified.testbed.localhost/cdn.inquisitr.com/wp-content/uploads/2016/05/Blake-Lively-Ryan-Reynolds-1-260x150.jpg",
         "id" : "r20",
         "comps" : [],
         "download" : {
            "receiveFirst" : 7,
            "len" : 10692,
            "dns" : 0,
            "dnsEnd" : 3,
            "receiveHeadersEnd" : 16,
            "sslEnd" : -1,
            "connectEnd" : 9,
            "connectStart" : 0,
            "id" : "download_10",
            "receivedTime" : "518.914000014775",
            "sslStart" : -1,
            "dnsStart" : 3,
            "receiveLast" : 502.914000014775,
            "s_time" : 317.297999979928,
            "sendEnd" : 9,
            "sendStart" : 9,
            "type" : "image/jpeg"
         }
      },
      {
         "when_comp_start" : -1,
         "url" : "http://modified.testbed.localhost/cdn.inquisitr.com/wp-content/uploads/2016/05/taylor-swift-grunge-look-260x150.png",
         "id" : "r21",
         "comps" : [],
         "download" : {
            "receiveFirst" : 7,
            "len" : 81991,
            "dns" : 0,
            "dnsEnd" : 3,
            "receiveHeadersEnd" : 16,
            "sslEnd" : -1,
            "connectEnd" : 9,
            "connectStart" : 0,
            "id" : "download_11",
            "receivedTime" : "520.535000017844",
            "sslStart" : -1,
            "dnsStart" : 3,
            "receiveLast" : 504.535000017844,
            "s_time" : 317.918000044301,
            "sendEnd" : 9,
            "sendStart" : 9,
            "type" : "image/png"
         }
      },
      {
         "when_comp_start" : -1,
         "url" : "http://modified.testbed.localhost/cdn.inquisitr.com/wp-content/uploads/2016/05/Drew-Barrymore-Admits-She-Feels-Like-The-Biggest-Failure-Over-Her-Divorce-900x440.jpg",
         "id" : "r22",
         "comps" : [],
         "download" : {
            "receiveFirst" : 4,
            "len" : 60077,
            "dns" : 0,
            "dnsEnd" : -1,
            "receiveHeadersEnd" : 6,
            "sslEnd" : -1,
            "connectEnd" : 2,
            "connectStart" : 0,
            "id" : "download_12",
            "receivedTime" : "521.731000044383",
            "sslStart" : -1,
            "dnsStart" : -1,
            "receiveLast" : 515.731000044383,
            "s_time" : 344.826000044122,
            "sendEnd" : 2,
            "sendStart" : 2,
            "type" : "image/jpeg"
         }
      },
      {
         "when_comp_start" : -1,
         "url" : "http://modified.testbed.localhost/cdn.inquisitr.com/wp-content/uploads/2016/05/Starting-With-West-Virginia-Bernie-Sanders-Could-Win-8-Of-The-Next-9-Primaries-260x150.jpg",
         "id" : "r23",
         "comps" : [],
         "download" : {
            "receiveFirst" : 3,
            "len" : 14163,
            "dns" : 0,
            "dnsEnd" : -1,
            "receiveHeadersEnd" : 4,
            "sslEnd" : -1,
            "connectEnd" : 1,
            "connectStart" : 0,
            "id" : "download_13",
            "receivedTime" : "522.224999964237",
            "sslStart" : -1,
            "dnsStart" : -1,
            "receiveLast" : 518.224999964237,
            "s_time" : 366.336000035517,
            "sendEnd" : 1,
            "sendStart" : 1,
            "type" : "image/jpeg"
         }
      },
      {
         "when_comp_start" : -1,
         "url" : "http://modified.testbed.localhost/cdn.inquisitr.com/assets/e95460/dist/images/logos/logo_footer.png",
         "id" : "r25",
         "comps" : [],
         "download" : {
            "receiveFirst" : 4,
            "len" : 11705,
            "dns" : 0,
            "dnsEnd" : -1,
            "receiveHeadersEnd" : 5,
            "sslEnd" : -1,
            "connectEnd" : 0,
            "connectStart" : 0,
            "id" : "download_14",
            "receivedTime" : "716.522000031546",
            "sslStart" : -1,
            "dnsStart" : -1,
            "receiveLast" : 711.522000031546,
            "s_time" : 509.396999957971,
            "sendEnd" : 1,
            "sendStart" : 0,
            "type" : "image/png"
         }
      },
      {
         "when_comp_start" : -1,
         "url" : "http://modified.testbed.localhost/connect.facebook.net/en_US/sdk/xfbml.ad.js",
         "id" : "r28",
         "comps" : [
            {
               "s_time" : 723.875000025146,
               "time" : 149.407999939285,
               "type" : 1,
               "id" : "comp_67",
               "e_time" : 873.282999964431
            }
         ],
         "download" : {
            "receiveFirst" : 3,
            "len" : 218734,
            "dns" : 0,
            "dnsEnd" : -1,
            "receiveHeadersEnd" : 5,
            "sslEnd" : -1,
            "connectEnd" : 2,
            "connectStart" : 0,
            "id" : "download_15",
            "receivedTime" : "723.719000001438",
            "sslStart" : -1,
            "dnsStart" : -1,
            "receiveLast" : 718.719000001438,
            "s_time" : 515.672000008635,
            "sendEnd" : 2,
            "sendStart" : 2,
            "type" : "application/javascript"
         }
      },
      {
         "when_comp_start" : -1,
         "url" : "http://modified.testbed.localhost/cdn.inquisitr.com/wp/wp-includes/js/underscore.min.js%3Fv=205ae0",
         "id" : "r29",
         "comps" : [
            {
               "s_time" : 873.497999971732,
               "time" : 12.095000012778,
               "type" : 1,
               "id" : "comp_69",
               "e_time" : 885.59299998451
            }
         ],
         "download" : {
            "receiveFirst" : 7,
            "len" : 16410,
            "dns" : 0,
            "dnsEnd" : -1,
            "receiveHeadersEnd" : 9,
            "sslEnd" : -1,
            "connectEnd" : 2,
            "connectStart" : 0,
            "id" : "download_16",
            "receivedTime" : "717.621000017971",
            "sslStart" : -1,
            "dnsStart" : -1,
            "receiveLast" : 708.621000017971,
            "s_time" : 516.014999942854,
            "sendEnd" : 2,
            "sendStart" : 2,
            "type" : "text/plain"
         }
      },
      {
         "when_comp_start" : -1,
         "url" : "http://modified.testbed.localhost/cdn.inquisitr.com/assets/e95460/dist/fonts/iconFont/icons-ca00b5.woff",
         "id" : "r7",
         "comps" : [],
         "download" : {
            "receiveFirst" : 5,
            "len" : 62192,
            "dns" : 0,
            "dnsEnd" : -1,
            "receiveHeadersEnd" : 7,
            "sslEnd" : -1,
            "connectEnd" : 2,
            "connectStart" : 0,
            "id" : "download_17",
            "receivedTime" : "719.252999988385",
            "sslStart" : -1,
            "dnsStart" : -1,
            "receiveLast" : 712.252999988385,
            "s_time" : 522.982000024058,
            "sendEnd" : 2,
            "sendStart" : 2,
            "type" : "application/octet-stream"
         }
      },
      {
         "when_comp_start" : -1,
         "url" : "http://modified.testbed.localhost/cdn.inquisitr.com/assets/e95460/dist/js/scripts.libs.js%3Fv=03db1e",
         "id" : "r30",
         "comps" : [
            {
               "s_time" : 995.040999958292,
               "time" : 290.281000081448,
               "type" : 1,
               "id" : "comp_106",
               "e_time" : 1285.32200003974
            }
         ],
         "download" : {
            "receiveFirst" : 3,
            "len" : 80732,
            "dns" : 0,
            "dnsEnd" : -1,
            "receiveHeadersEnd" : 9,
            "sslEnd" : -1,
            "connectEnd" : 5,
            "connectStart" : 0,
            "id" : "download_18",
            "receivedTime" : "994.895000010729",
            "sslStart" : -1,
            "dnsStart" : -1,
            "receiveLast" : 985.895000010729,
            "s_time" : 595.642999978736,
            "sendEnd" : 6,
            "sendStart" : 5,
            "type" : "text/plain"
         }
      },
      {
         "when_comp_start" : -1,
         "url" : "http://modified.testbed.localhost/cdn.inquisitr.com/assets/e95460/dist/js/scripts.desktop.js%3Fv=03db1e",
         "id" : "r32",
         "comps" : [
            {
               "s_time" : 1422.10700002033,
               "time" : 1.15100003314001,
               "type" : 1,
               "id" : "comp_114",
               "e_time" : 1423.25800005347
            }
         ],
         "download" : {
            "receiveFirst" : 3,
            "len" : 1292,
            "dns" : 0,
            "dnsEnd" : -1,
            "receiveHeadersEnd" : 6,
            "sslEnd" : -1,
            "connectEnd" : 3,
            "connectStart" : 0,
            "id" : "download_19",
            "receivedTime" : "1395.43999999296",
            "sslStart" : -1,
            "dnsStart" : -1,
            "receiveLast" : 1389.43999999296,
            "s_time" : 715.670999954455,
            "sendEnd" : 3,
            "sendStart" : 3,
            "type" : "text/plain"
         }
      },
      {
         "when_comp_start" : -1,
         "url" : "http://modified.testbed.localhost/cdn.inquisitr.com/wp/wp-includes/js/wp-embed.min.js%3Fv=c04a78",
         "id" : "r33",
         "comps" : [
            {
               "s_time" : 1423.31500002183,
               "time" : 0.58500003070003,
               "type" : 1,
               "id" : "comp_116",
               "e_time" : 1423.90000005253
            }
         ],
         "download" : {
            "receiveFirst" : 4,
            "len" : 1403,
            "dns" : 0,
            "dnsEnd" : -1,
            "receiveHeadersEnd" : 6,
            "sslEnd" : -1,
            "connectEnd" : 2,
            "connectStart" : 0,
            "id" : "download_20",
            "receivedTime" : "1395.71599999908",
            "sslStart" : -1,
            "dnsStart" : -1,
            "receiveLast" : 1389.71599999908,
            "s_time" : 716.046000015922,
            "sendEnd" : 2,
            "sendStart" : 2,
            "type" : "text/plain"
         }
      },
      {
         "when_comp_start" : -1,
         "url" : "http://modified.testbed.localhost/cdn.inquisitr.com/wp-content/plugins/ad-manager/public/assets/insite.js%3Fv=c04a78",
         "id" : "r34",
         "comps" : [
            {
               "s_time" : 1424.75000000559,
               "time" : 0.429000006990009,
               "type" : 1,
               "id" : "comp_119",
               "e_time" : 1425.17900001258
            }
         ],
         "download" : {
            "receiveFirst" : 4,
            "len" : 2445,
            "dns" : 0,
            "dnsEnd" : -1,
            "receiveHeadersEnd" : 6,
            "sslEnd" : -1,
            "connectEnd" : 2,
            "connectStart" : 0,
            "id" : "download_21",
            "receivedTime" : "1395.96500003245",
            "sslStart" : -1,
            "dnsStart" : -1,
            "receiveLast" : 1389.96500003245,
            "s_time" : 716.433999943547,
            "sendEnd" : 2,
            "sendStart" : 2,
            "type" : "text/plain"
         }
      },
      {
         "when_comp_start" : -1,
         "url" : "http://modified.testbed.localhost/cdn.inquisitr.com/assets/e95460/dist/js/scripts.js%3Fv=03db1e",
         "id" : "r31",
         "comps" : [
            {
               "s_time" : 1396.28400001675,
               "time" : 25.70599992759,
               "type" : 1,
               "id" : "comp_112",
               "e_time" : 1421.98999994434
            }
         ],
         "download" : {
            "receiveFirst" : 6,
            "len" : 30514,
            "dns" : 0,
            "dnsEnd" : -1,
            "receiveHeadersEnd" : 9,
            "sslEnd" : -1,
            "connectEnd" : 3,
            "connectStart" : 0,
            "id" : "download_22",
            "receivedTime" : "1396.21299994178",
            "sslStart" : -1,
            "dnsStart" : -1,
            "receiveLast" : 1387.21299994178,
            "s_time" : 715.267000021413,
            "sendEnd" : 3,
            "sendStart" : 3,
            "type" : "text/plain"
         }
      }
   ],
   "deps" : [
      {
         "a2" : "r1_c2",
         "time" : -1,
         "id" : "dep1",
         "a1" : "comp_2"
      },
      {
         "a2" : "r1_c3",
         "time" : -1,
         "id" : "dep2",
         "a1" : "comp_7"
      },
      {
         "a2" : "r1_c4",
         "time" : -1,
         "id" : "dep3",
         "a1" : "comp_12"
      },
      {
         "a2" : "r1_c5",
         "time" : -1,
         "id" : "dep4",
         "a1" : "comp_67"
      },
      {
         "a2" : "r1_c6",
         "time" : -1,
         "id" : "dep5",
         "a1" : "comp_69"
      },
      {
         "a2" : "r1_c7",
         "time" : -1,
         "id" : "dep6",
         "a1" : "comp_106"
      },
      {
         "a2" : "r1_c8",
         "time" : -1,
         "id" : "dep7",
         "a1" : "comp_112"
      },
      {
         "a2" : "r1_c9",
         "time" : -1,
         "id" : "dep8",
         "a1" : "comp_114"
      },
      {
         "a2" : "r1_c10",
         "time" : -1,
         "id" : "dep9",
         "a1" : "comp_116"
      },
      {
         "a2" : "r1_c11",
         "time" : -1,
         "id" : "dep10",
         "a1" : "comp_119"
      },
      {
         "a2" : "comp_2",
         "time" : -1,
         "id" : "dep11",
         "a1" : "comp_1"
      },
      {
         "a2" : "comp_69",
         "time" : -1,
         "id" : "dep12",
         "a1" : "comp_67"
      },
      {
         "a2" : "comp_106",
         "time" : -1,
         "id" : "dep13",
         "a1" : "comp_69"
      },
      {
         "a2" : "comp_112",
         "time" : -1,
         "id" : "dep14",
         "a1" : "comp_106"
      },
      {
         "a2" : "comp_114",
         "time" : -1,
         "id" : "dep15",
         "a1" : "comp_112"
      },
      {
         "a2" : "comp_116",
         "time" : -1,
         "id" : "dep16",
         "a1" : "comp_114"
      },
      {
         "a2" : "download_22",
         "time" : -1,
         "id" : "dep17",
         "a1" : "r1_c4"
      },
      {
         "a2" : "download_22",
         "time" : 413.648999994621,
         "id" : "dep18",
         "a1" : "r1_c4"
      },
      {
         "a2" : "download_21",
         "time" : -1,
         "id" : "dep19",
         "a1" : "r1_c4"
      },
      {
         "a2" : "download_21",
         "time" : 414.815999916755,
         "id" : "dep20",
         "a1" : "r1_c4"
      },
      {
         "a2" : "download_20",
         "time" : 414.42799998913,
         "id" : "dep21",
         "a1" : "r1_c4"
      },
      {
         "a2" : "download_20",
         "time" : 414.42799998913,
         "id" : "dep22",
         "a1" : "r1_c4"
      },
      {
         "a2" : "download_19",
         "time" : 414.052999927663,
         "id" : "dep23",
         "a1" : "r1_c4"
      },
      {
         "a2" : "download_19",
         "time" : 414.052999927663,
         "id" : "dep24",
         "a1" : "r1_c4"
      },
      {
         "a2" : "download_18",
         "time" : 294.024999951944,
         "id" : "dep25",
         "a1" : "r1_c4"
      },
      {
         "a2" : "download_18",
         "time" : 294.024999951944,
         "id" : "dep26",
         "a1" : "r1_c4"
      },
      {
         "a2" : "download_17",
         "time" : 221.363999997266,
         "id" : "dep27",
         "a1" : "r1_c4"
      },
      {
         "a2" : "download_16",
         "time" : 214.396999916062,
         "id" : "dep28",
         "a1" : "r1_c4"
      },
      {
         "a2" : "download_16",
         "time" : 214.396999916062,
         "id" : "dep29",
         "a1" : "r1_c4"
      },
      {
         "a2" : "download_15",
         "time" : 214.053999981843,
         "id" : "dep30",
         "a1" : "r1_c4"
      },
      {
         "a2" : "download_14",
         "time" : 207.778999931179,
         "id" : "dep31",
         "a1" : "r1_c4"
      },
      {
         "a2" : "download_13",
         "time" : 64.718000008725,
         "id" : "dep32",
         "a1" : "r1_c4"
      },
      {
         "a2" : "download_12",
         "time" : 43.20800001733,
         "id" : "dep33",
         "a1" : "r1_c4"
      },
      {
         "a2" : "download_11",
         "time" : 16.300000017509,
         "id" : "dep34",
         "a1" : "r1_c4"
      },
      {
         "a2" : "download_10",
         "time" : 15.679999953136,
         "id" : "dep35",
         "a1" : "r1_c4"
      },
      {
         "a2" : "download_9",
         "time" : 15.244000009261,
         "id" : "dep36",
         "a1" : "r1_c4"
      },
      {
         "a2" : "download_8",
         "time" : 14.441999956034,
         "id" : "dep37",
         "a1" : "r1_c4"
      },
      {
         "a2" : "download_7",
         "time" : 12.699999962934,
         "id" : "dep38",
         "a1" : "r1_c4"
      },
      {
         "a2" : "download_6",
         "time" : 12.453999952413,
         "id" : "dep39",
         "a1" : "r1_c4"
      },
      {
         "a2" : "download_5",
         "time" : 4.17299999389797,
         "id" : "dep40",
         "a1" : "r1_c4"
      },
      {
         "a2" : "download_4",
         "time" : -1,
         "id" : "dep41",
         "a1" : "r1_c1"
      },
      {
         "a2" : "download_4",
         "time" : 5.4430000018328,
         "id" : "dep42",
         "a1" : "r1_c1"
      },
      {
         "a2" : "download_3",
         "time" : 4.6860000584274,
         "id" : "dep43",
         "a1" : "r1_c1"
      },
      {
         "a2" : "download_2",
         "time" : 5.0310000078753,
         "id" : "dep44",
         "a1" : "r1_c1"
      },
      {
         "a2" : "download_2",
         "time" : 5.0310000078753,
         "id" : "dep45",
         "a1" : "r1_c1"
      },
      {
         "a2" : "download_1",
         "time" : 4.30200004484499,
         "id" : "dep46",
         "a1" : "r1_c1"
      }
   ]
}
