{
   "n_download_no_trigger" : 1,
   "start_activity" : "download_0",
   "name" : "modified.testbed.localhost_washingtonexaminer.com_",
   "load_activity" : -1,
   "objs" : [
      {
         "when_comp_start" : 1,
         "url" : "http://modified.testbed.localhost/washingtonexaminer.com/",
         "id" : "r1",
         "comps" : [
            {
               "s_time" : 58.8680000510067,
               "time" : 73.1239999877293,
               "id" : "r1_c1",
               "type" : "evalhtml",
               "e_time" : 131.992000038736
            },
            {
               "s_time" : 152.996000018902,
               "time" : 42.206999962218,
               "id" : "r1_c2",
               "type" : "evalhtml",
               "e_time" : 195.20299998112
            },
            {
               "s_time" : 338.740000035614,
               "time" : -855956871.304,
               "id" : "r1_c3",
               "type" : "evalhtml",
               "e_time" : -855956532.564
            },
            {
               "s_time" : 459.211000008509,
               "time" : 281.848000013269,
               "type" : "evalhtml",
               "id" : "r1_c4",
               "e_time" : 741.059000021778
            }
         ],
         "download" : {
            "receiveFirst" : 3,
            "len" : 270597,
            "dns" : 0,
            "dnsEnd" : -1,
            "receiveHeadersEnd" : 3,
            "sslEnd" : -1,
            "connectEnd" : 0,
            "connectStart" : 0,
            "id" : "download_0",
            "receivedTime" : "87.9730000160635",
            "sslStart" : -1,
            "dnsStart" : -1,
            "receiveLast" : 84.9730000160635,
            "s_time" : 0,
            "sendEnd" : 0,
            "sendStart" : 0,
            "type" : "text/html"
         }
      },
      {
         "when_comp_start" : -1,
         "url" : "http://modified.testbed.localhost/maxcdn.bootstrapcdn.com/font-awesome/4.2.0/css/font-awesome.min.css",
         "id" : "r2",
         "comps" : [
            {
               "s_time" : 83.511000033468,
               "time" : 4.20899991877381,
               "type" : 4,
               "id" : "comp_0",
               "e_time" : 87.7199999522418
            }
         ],
         "download" : {
            "receiveFirst" : 6,
            "len" : 21958,
            "dns" : 0,
            "dnsEnd" : -1,
            "receiveHeadersEnd" : 17,
            "sslEnd" : -1,
            "connectEnd" : 11,
            "connectStart" : 0,
            "id" : "download_1",
            "receivedTime" : "82.7750000171363",
            "sslStart" : -1,
            "dnsStart" : -1,
            "receiveLast" : 65.7750000171363,
            "s_time" : 60.2580000413582,
            "sendEnd" : 11,
            "sendStart" : 11,
            "type" : "text/css"
         }
      },
      {
         "when_comp_start" : -1,
         "url" : "http://modified.testbed.localhost/ajax.googleapis.com/ajax/libs/jqueryui/1.10.4/themes/smoothness/jquery-ui.css",
         "id" : "r3",
         "comps" : [
            {
               "s_time" : 88.8020000420511,
               "time" : 4.5799999497831,
               "type" : 4,
               "id" : "comp_1",
               "e_time" : 93.3819999918342
            }
         ],
         "download" : {
            "receiveFirst" : 9,
            "len" : 32021,
            "dns" : 0,
            "dnsEnd" : -1,
            "receiveHeadersEnd" : 20,
            "sslEnd" : -1,
            "connectEnd" : 11,
            "connectStart" : 0,
            "id" : "download_2",
            "receivedTime" : "88.6210000608116",
            "sslStart" : -1,
            "dnsStart" : -1,
            "receiveLast" : 68.6210000608116,
            "s_time" : 60.7500000623986,
            "sendEnd" : 11,
            "sendStart" : 11,
            "type" : "text/css"
         }
      },
      {
         "when_comp_start" : -1,
         "url" : "http://modified.testbed.localhost/www.washingtonexaminer.com/s3/wex15/css/animate.css%3Fv=2016.05.05.01.css",
         "id" : "r4",
         "comps" : [
            {
               "s_time" : 97.8190000168979,
               "time" : 8.80299997516009,
               "type" : 4,
               "id" : "comp_4",
               "e_time" : 106.621999992058
            }
         ],
         "download" : {
            "receiveFirst" : 12,
            "len" : 78003,
            "dns" : 0,
            "dnsEnd" : -1,
            "receiveHeadersEnd" : 23,
            "sslEnd" : -1,
            "connectEnd" : 11,
            "connectStart" : 0,
            "id" : "download_3",
            "receivedTime" : "97.3600000143051",
            "sslStart" : -1,
            "dnsStart" : -1,
            "receiveLast" : 74.3600000143051,
            "s_time" : 61.2530000507832,
            "sendEnd" : 11,
            "sendStart" : 11,
            "type" : "text/css"
         }
      },
      {
         "when_comp_start" : -1,
         "url" : "http://modified.testbed.localhost/www.washingtonexaminer.com/s3/wex15/css/accordion.css%3Fv=2016.05.05.01.css",
         "id" : "r5",
         "comps" : [
            {
               "s_time" : 93.9289999660105,
               "time" : 0.792999984696507,
               "type" : 4,
               "id" : "comp_2",
               "e_time" : 94.721999950707
            }
         ],
         "download" : {
            "receiveFirst" : 13,
            "len" : 3342,
            "dns" : 0,
            "dnsEnd" : -1,
            "receiveHeadersEnd" : 24,
            "sslEnd" : -1,
            "connectEnd" : 11,
            "connectStart" : 0,
            "id" : "download_4",
            "receivedTime" : "93.8280000118539",
            "sslStart" : -1,
            "dnsStart" : -1,
            "receiveLast" : 69.8280000118539,
            "s_time" : 61.7459999630228,
            "sendEnd" : 11,
            "sendStart" : 11,
            "type" : "text/css"
         }
      },
      {
         "when_comp_start" : -1,
         "url" : "http://modified.testbed.localhost/www.washingtonexaminer.com/media/css/fonts.css%3Fv=2016.05.05.01.css",
         "id" : "r6",
         "comps" : [
            {
               "s_time" : 94.9249999830499,
               "time" : 0.112000037916005,
               "type" : 4,
               "id" : "comp_3",
               "e_time" : 95.0370000209659
            }
         ],
         "download" : {
            "receiveFirst" : 15,
            "len" : 191,
            "dns" : 0,
            "dnsEnd" : -1,
            "receiveHeadersEnd" : 25,
            "sslEnd" : -1,
            "connectEnd" : 10,
            "connectStart" : 0,
            "id" : "download_5",
            "receivedTime" : "94.8110000463203",
            "sslStart" : -1,
            "dnsStart" : -1,
            "receiveLast" : 69.8110000463203,
            "s_time" : 62.1540000429377,
            "sendEnd" : 10,
            "sendStart" : 10,
            "type" : "text/css"
         }
      },
      {
         "when_comp_start" : -1,
         "url" : "http://modified.testbed.localhost/www.washingtonexaminer.com/s3/wex15/css/site.css%3Fv=2016.05.05.01.css",
         "id" : "r7",
         "comps" : [
            {
               "s_time" : 111.037999973632,
               "time" : 24.99700000044,
               "type" : 4,
               "id" : "comp_8",
               "e_time" : 136.034999974072
            }
         ],
         "download" : {
            "receiveFirst" : 7,
            "len" : 104979,
            "dns" : 0,
            "dnsEnd" : -1,
            "receiveHeadersEnd" : 32,
            "sslEnd" : -1,
            "connectEnd" : 25,
            "connectStart" : 0,
            "id" : "download_6",
            "receivedTime" : "110.875000013039",
            "sslStart" : -1,
            "dnsStart" : -1,
            "receiveLast" : 78.8750000130385,
            "s_time" : 62.6309999497607,
            "sendEnd" : 25,
            "sendStart" : 25,
            "type" : "text/css"
         }
      },
      {
         "when_comp_start" : -1,
         "url" : "http://modified.testbed.localhost/www.washingtonexaminer.com/s3/wex15/css/narrow.css%3Fv=2016.05.05.01.css",
         "id" : "r8",
         "comps" : [
            {
               "s_time" : 107.058000052348,
               "time" : 0.264999922364993,
               "type" : 4,
               "id" : "comp_5",
               "e_time" : 107.322999974713
            }
         ],
         "download" : {
            "receiveFirst" : 9,
            "len" : 1239,
            "dns" : 0,
            "dnsEnd" : -1,
            "receiveHeadersEnd" : 34,
            "sslEnd" : -1,
            "connectEnd" : 25,
            "connectStart" : 0,
            "id" : "download_7",
            "receivedTime" : "106.962000019848",
            "sslStart" : -1,
            "dnsStart" : -1,
            "receiveLast" : 72.9620000198483,
            "s_time" : 63.1750000175089,
            "sendEnd" : 25,
            "sendStart" : 25,
            "type" : "text/css"
         }
      },
      {
         "when_comp_start" : -1,
         "url" : "http://modified.testbed.localhost/www.washingtonexaminer.com/s3/wex15/css/tablet.css%3Fv=2016.05.05.01.css",
         "id" : "r9",
         "comps" : [
            {
               "s_time" : 108.210999984294,
               "time" : 2.18900002073499,
               "type" : 4,
               "id" : "comp_6",
               "e_time" : 110.400000005029
            }
         ],
         "download" : {
            "receiveFirst" : 9,
            "len" : 14629,
            "dns" : 0,
            "dnsEnd" : -1,
            "receiveHeadersEnd" : 37,
            "sslEnd" : -1,
            "connectEnd" : 28,
            "connectStart" : 0,
            "id" : "download_8",
            "receivedTime" : "108.087999979034",
            "sslStart" : -1,
            "dnsStart" : -1,
            "receiveLast" : 71.0879999790341,
            "s_time" : 63.6279999744147,
            "sendEnd" : 28,
            "sendStart" : 28,
            "type" : "text/css"
         }
      },
      {
         "when_comp_start" : -1,
         "url" : "http://modified.testbed.localhost/fonts.googleapis.com/css%3Ffamily=Teko.css",
         "id" : "r13",
         "comps" : [
            {
               "s_time" : 110.72100000456,
               "time" : 0.00700005330099884,
               "type" : 4,
               "id" : "comp_7",
               "e_time" : 110.728000057861
            }
         ],
         "download" : {
            "receiveFirst" : 10,
            "len" : 216,
            "dns" : 0,
            "dnsEnd" : -1,
            "receiveHeadersEnd" : 37,
            "sslEnd" : -1,
            "connectEnd" : 26,
            "connectStart" : 0,
            "id" : "download_9",
            "receivedTime" : "110.621999949217",
            "sslStart" : -1,
            "dnsStart" : -1,
            "receiveLast" : 73.6219999492168,
            "s_time" : 65.7730000093579,
            "sendEnd" : 27,
            "sendStart" : 26,
            "type" : "text/css"
         }
      },
      {
         "when_comp_start" : -1,
         "url" : "http://modified.testbed.localhost/www.washingtonexaminer.com/s3/wex15/requirejs/require.min.js",
         "id" : "r12",
         "comps" : [
            {
               "s_time" : 136.272000032477,
               "time" : 16.723999986425,
               "type" : 1,
               "id" : "comp_10",
               "e_time" : 152.996000018902
            }
         ],
         "download" : {
            "receiveFirst" : 11,
            "len" : 15219,
            "dns" : 0,
            "dnsEnd" : -1,
            "receiveHeadersEnd" : 39,
            "sslEnd" : -1,
            "connectEnd" : 28,
            "connectStart" : 0,
            "id" : "download_10",
            "receivedTime" : "136.115000001155",
            "sslStart" : -1,
            "dnsStart" : -1,
            "receiveLast" : 97.1150000011548,
            "s_time" : 65.3229999588802,
            "sendEnd" : 28,
            "sendStart" : 28,
            "type" : "application/javascript"
         }
      },
      {
         "when_comp_start" : -1,
         "url" : "http://modified.testbed.localhost/native.sharethrough.com/assets/tag.js",
         "id" : "r15",
         "comps" : [
            {
               "s_time" : 338.954000035301,
               "time" : 120.256999973208,
               "type" : 1,
               "id" : "comp_22",
               "e_time" : 459.211000008509
            }
         ],
         "download" : {
            "receiveFirst" : 6,
            "len" : 197826,
            "dns" : 0,
            "dnsEnd" : -1,
            "receiveHeadersEnd" : 42,
            "sslEnd" : -1,
            "connectEnd" : 36,
            "connectStart" : 0,
            "id" : "download_11",
            "receivedTime" : "182.773999986239",
            "sslStart" : -1,
            "dnsStart" : -1,
            "receiveLast" : 140.773999986239,
            "s_time" : 66.6229999624193,
            "sendEnd" : 36,
            "sendStart" : 36,
            "type" : "application/javascript"
         }
      },
      {
         "when_comp_start" : -1,
         "url" : "http://modified.testbed.localhost/www.washingtonexaminer.com/s3/wex15/css/mobile.css%3Fv=2016.05.05.01.css",
         "id" : "r10",
         "comps" : [
            {
               "s_time" : 166.290999972261,
               "time" : 8.724000072107,
               "type" : 4,
               "id" : "comp_14",
               "e_time" : 175.015000044368
            }
         ],
         "download" : {
            "receiveFirst" : 3,
            "len" : 25642,
            "dns" : 0,
            "dnsEnd" : -1,
            "receiveHeadersEnd" : 47,
            "sslEnd" : -1,
            "connectEnd" : 44,
            "connectStart" : 0,
            "id" : "download_12",
            "receivedTime" : "166.180000058375",
            "sslStart" : -1,
            "dnsStart" : -1,
            "receiveLast" : 119.180000058375,
            "s_time" : 64.0640000347048,
            "sendEnd" : 44,
            "sendStart" : 44,
            "type" : "text/css"
         }
      },
      {
         "when_comp_start" : -1,
         "url" : "http://modified.testbed.localhost/www.washingtonexaminer.com/s3/wex15/css/print.css%3Fv=2016.05.05.01.css",
         "id" : "r11",
         "comps" : [
            {
               "s_time" : 175.591000006534,
               "time" : 4.48200001847002,
               "type" : 4,
               "id" : "comp_15",
               "e_time" : 180.073000025004
            }
         ],
         "download" : {
            "receiveFirst" : 4,
            "len" : 1050,
            "dns" : 0,
            "dnsEnd" : -1,
            "receiveHeadersEnd" : 5,
            "sslEnd" : -1,
            "connectEnd" : 1,
            "connectStart" : 0,
            "id" : "download_13",
            "receivedTime" : "175.491999951191",
            "sslStart" : -1,
            "dnsStart" : -1,
            "receiveLast" : 170.491999951191,
            "s_time" : 113.966000033543,
            "sendEnd" : 1,
            "sendStart" : 1,
            "type" : "text/css"
         }
      },
      {
         "when_comp_start" : -1,
         "url" : "http://modified.testbed.localhost/www.washingtonexaminer.com/s3/wex15/img/menu.png",
         "id" : "r16",
         "comps" : [],
         "download" : {
            "receiveFirst" : 3,
            "len" : 1130,
            "dns" : 0,
            "dnsEnd" : -1,
            "receiveHeadersEnd" : 4,
            "sslEnd" : -1,
            "connectEnd" : 1,
            "connectStart" : 0,
            "id" : "download_14",
            "receivedTime" : "180.667000007816",
            "sslStart" : -1,
            "dnsStart" : -1,
            "receiveLast" : 176.667000007816,
            "s_time" : 120.684999972582,
            "sendEnd" : 1,
            "sendStart" : 1,
            "type" : "image/png"
         }
      },
      {
         "when_comp_start" : -1,
         "url" : "http://modified.testbed.localhost/www.washingtonexaminer.com/s3/wex15/img/wex_logo_large.png",
         "id" : "r17",
         "comps" : [],
         "download" : {
            "receiveFirst" : 3,
            "len" : 9672,
            "dns" : 0,
            "dnsEnd" : -1,
            "receiveHeadersEnd" : 4,
            "sslEnd" : -1,
            "connectEnd" : 1,
            "connectStart" : 0,
            "id" : "download_15",
            "receivedTime" : "181.498000049032",
            "sslStart" : -1,
            "dnsStart" : -1,
            "receiveLast" : 177.498000049032,
            "s_time" : 125.89999998454,
            "sendEnd" : 1,
            "sendStart" : 1,
            "type" : "image/png"
         }
      },
      {
         "when_comp_start" : -1,
         "url" : "http://modified.testbed.localhost/www.washingtonexaminer.com/s3/wex15/img/wex_eagle_large.png",
         "id" : "r18",
         "comps" : [],
         "download" : {
            "receiveFirst" : 4,
            "len" : 16399,
            "dns" : 0,
            "dnsEnd" : -1,
            "receiveHeadersEnd" : 5,
            "sslEnd" : -1,
            "connectEnd" : 1,
            "connectStart" : 0,
            "id" : "download_16",
            "receivedTime" : "183.270000037737",
            "sslStart" : -1,
            "dnsStart" : -1,
            "receiveLast" : 178.270000037737,
            "s_time" : 131.992000038736,
            "sendEnd" : 1,
            "sendStart" : 1,
            "type" : "image/png"
         }
      },
      {
         "when_comp_start" : -1,
         "url" : "http://modified.testbed.localhost/s3.amazonaws.com/content.washingtonexaminer.biz/wex15/img/election_logo_hori.jpg",
         "id" : "r29",
         "comps" : [],
         "download" : {
            "receiveFirst" : 3,
            "len" : 64217,
            "dns" : 0,
            "dnsEnd" : -1,
            "receiveHeadersEnd" : 4,
            "sslEnd" : -1,
            "connectEnd" : 1,
            "connectStart" : 0,
            "id" : "download_17",
            "receivedTime" : "195.171999977902",
            "sslStart" : -1,
            "dnsStart" : -1,
            "receiveLast" : 191.171999977902,
            "s_time" : 182.511999970302,
            "sendEnd" : 1,
            "sendStart" : 1,
            "type" : "image/jpeg"
         }
      },
      {
         "when_comp_start" : -1,
         "url" : "http://modified.testbed.localhost/s3.amazonaws.com/content.washingtonexaminer.biz/wex15/img/ERA/era-sidebar.png",
         "id" : "r30",
         "comps" : [],
         "download" : {
            "receiveFirst" : 3,
            "len" : 36735,
            "dns" : 0,
            "dnsEnd" : -1,
            "receiveHeadersEnd" : 4,
            "sslEnd" : -1,
            "connectEnd" : 1,
            "connectStart" : 0,
            "id" : "download_18",
            "receivedTime" : "203.396999975666",
            "sslStart" : -1,
            "dnsStart" : -1,
            "receiveLast" : 199.396999975666,
            "s_time" : 195.20299998112,
            "sendEnd" : 1,
            "sendStart" : 1,
            "type" : "image/png"
         }
      },
      {
         "when_comp_start" : -1,
         "url" : "http://modified.testbed.localhost/static.chartbeat.com/js/chartbeat_mab.js",
         "id" : "r14",
         "comps" : [
            {
               "s_time" : 308.903999975882,
               "time" : 29.836000059732,
               "type" : 1,
               "id" : "comp_21",
               "e_time" : 338.740000035614
            }
         ],
         "download" : {
            "receiveFirst" : 204,
            "len" : 14171,
            "dns" : 0,
            "dnsEnd" : -1,
            "receiveHeadersEnd" : 239,
            "sslEnd" : -1,
            "connectEnd" : 35,
            "connectStart" : 0,
            "id" : "download_19",
            "receivedTime" : "308.63500002306",
            "sslStart" : -1,
            "dnsStart" : -1,
            "receiveLast" : 69.6350000230595,
            "s_time" : 66.0550000611693,
            "sendEnd" : 35,
            "sendStart" : 35,
            "type" : "application/javascript"
         }
      },
      {
         "when_comp_start" : -1,
         "url" : "http://modified.testbed.localhost/www.washingtonexaminer.com/s3/wex15/img/wex_eagle_bg_large.png",
         "id" : "r33",
         "comps" : [],
         "download" : {
            "receiveFirst" : 3,
            "len" : 29620,
            "dns" : 0,
            "dnsEnd" : -1,
            "receiveHeadersEnd" : 4,
            "sslEnd" : -1,
            "connectEnd" : 1,
            "connectStart" : 0,
            "id" : "download_20",
            "receivedTime" : "594.494999968447",
            "sslStart" : -1,
            "dnsStart" : -1,
            "receiveLast" : 590.494999968447,
            "s_time" : 503.767000045627,
            "sendEnd" : 1,
            "sendStart" : 1,
            "type" : "image/png"
         }
      },
      {
         "when_comp_start" : -1,
         "url" : "http://modified.testbed.localhost/www.washingtonexaminer.com/s3/wex15/img/loading.png",
         "id" : "r34",
         "comps" : [],
         "download" : {
            "receiveFirst" : 4,
            "len" : 55489,
            "dns" : 0,
            "dnsEnd" : -1,
            "receiveHeadersEnd" : 4,
            "sslEnd" : -1,
            "connectEnd" : 0,
            "connectStart" : 0,
            "id" : "download_21",
            "receivedTime" : "595.74000001885",
            "sslStart" : -1,
            "dnsStart" : -1,
            "receiveLast" : 591.74000001885,
            "s_time" : 512.929999968037,
            "sendEnd" : 0,
            "sendStart" : 0,
            "type" : "image/png"
         }
      },
      {
         "when_comp_start" : -1,
         "url" : "http://modified.testbed.localhost/www.washingtonexaminer.com/s3/images/static/video-play.png",
         "id" : "r35",
         "comps" : [],
         "download" : {
            "receiveFirst" : 3,
            "len" : 2774,
            "dns" : 0,
            "dnsEnd" : -1,
            "receiveHeadersEnd" : 3,
            "sslEnd" : -1,
            "connectEnd" : 0,
            "connectStart" : 0,
            "id" : "download_22",
            "receivedTime" : "596.271999995224",
            "sslStart" : -1,
            "dnsStart" : -1,
            "receiveLast" : 593.271999995224,
            "s_time" : 523.7930000294,
            "sendEnd" : 0,
            "sendStart" : 0,
            "type" : "image/png"
         }
      },
      {
         "when_comp_start" : -1,
         "url" : "http://modified.testbed.localhost/www.washingtonexaminer.com/s3/wex15/img/ad-block.png",
         "id" : "r39",
         "comps" : [],
         "download" : {
            "receiveFirst" : 3,
            "len" : 942,
            "dns" : 0,
            "dnsEnd" : -1,
            "receiveHeadersEnd" : 6,
            "sslEnd" : -1,
            "connectEnd" : 3,
            "connectStart" : 0,
            "id" : "download_23",
            "receivedTime" : "740.815000026487",
            "sslStart" : -1,
            "dnsStart" : -1,
            "receiveLast" : 734.815000026487,
            "s_time" : 564.508000039496,
            "sendEnd" : 3,
            "sendStart" : 3,
            "type" : "image/png"
         }
      },
      {
         "when_comp_start" : -1,
         "url" : "http://modified.testbed.localhost/www.washingtonexaminer.com/media/fonts/curator_bold.ttf",
         "id" : "r23",
         "comps" : [],
         "download" : {
            "receiveFirst" : 3,
            "len" : 65804,
            "dns" : 0,
            "dnsEnd" : -1,
            "receiveHeadersEnd" : 5,
            "sslEnd" : -1,
            "connectEnd" : 2,
            "connectStart" : 0,
            "id" : "download_24",
            "receivedTime" : "915.710999979638",
            "sslStart" : -1,
            "dnsStart" : -1,
            "receiveLast" : 910.710999979638,
            "s_time" : 740.431000012904,
            "sendEnd" : 2,
            "sendStart" : 2,
            "type" : "application/octet-stream"
         }
      },
      {
         "when_comp_start" : -1,
         "url" : "http://modified.testbed.localhost/www.washingtonexaminer.com/media/fonts/curator_regular.ttf",
         "id" : "r22",
         "comps" : [],
         "download" : {
            "receiveFirst" : 8,
            "len" : 61364,
            "dns" : 0,
            "dnsEnd" : -1,
            "receiveHeadersEnd" : 10,
            "sslEnd" : -1,
            "connectEnd" : 2,
            "connectStart" : 0,
            "id" : "download_25",
            "receivedTime" : "917.972999974154",
            "sslStart" : -1,
            "dnsStart" : -1,
            "receiveLast" : 907.972999974154,
            "s_time" : 740.77999999281,
            "sendEnd" : 2,
            "sendStart" : 2,
            "type" : "application/octet-stream"
         }
      },
      {
         "when_comp_start" : -1,
         "url" : "http://modified.testbed.localhost/maxcdn.bootstrapcdn.com/font-awesome/4.2.0/fonts/fontawesome-webfont.woff%3Fv=4.2.0",
         "id" : "r19",
         "comps" : [],
         "download" : {
            "receiveFirst" : 8,
            "len" : 65452,
            "dns" : 0,
            "dnsEnd" : -1,
            "receiveHeadersEnd" : 10,
            "sslEnd" : -1,
            "connectEnd" : 2,
            "connectStart" : 0,
            "id" : "download_26",
            "receivedTime" : "919.312000041828",
            "sslStart" : -1,
            "dnsStart" : -1,
            "receiveLast" : 909.312000041828,
            "s_time" : 741.059000021778,
            "sendEnd" : 2,
            "sendStart" : 2,
            "type" : "application/octet-stream"
         }
      }
   ],
   "deps" : [
      {
         "a2" : "r1_c2",
         "time" : -1,
         "id" : "dep1",
         "a1" : "comp_10"
      },
      {
         "a2" : "r1_c3",
         "time" : -1,
         "id" : "dep2",
         "a1" : "comp_21"
      },
      {
         "a2" : "r1_c4",
         "time" : -1,
         "id" : "dep3",
         "a1" : "comp_22"
      },
      {
         "a2" : "comp_22",
         "time" : -1,
         "id" : "dep4",
         "a1" : "comp_21"
      },
      {
         "a2" : "download_26",
         "time" : -1,
         "id" : "dep5",
         "a1" : "r1_c4"
      },
      {
         "a2" : "download_25",
         "time" : 281.568999984301,
         "id" : "dep6",
         "a1" : "r1_c4"
      },
      {
         "a2" : "download_24",
         "time" : 281.220000004395,
         "id" : "dep7",
         "a1" : "r1_c4"
      },
      {
         "a2" : "download_23",
         "time" : 105.297000030987,
         "id" : "dep8",
         "a1" : "r1_c4"
      },
      {
         "a2" : "download_22",
         "time" : 64.582000020891,
         "id" : "dep9",
         "a1" : "r1_c4"
      },
      {
         "a2" : "download_21",
         "time" : 53.718999959528,
         "id" : "dep10",
         "a1" : "r1_c4"
      },
      {
         "a2" : "download_20",
         "time" : 44.556000037118,
         "id" : "dep11",
         "a1" : "r1_c4"
      },
      {
         "a2" : "download_19",
         "time" : -1,
         "id" : "dep12",
         "a1" : "r1_c1"
      },
      {
         "a2" : "download_18",
         "time" : -1,
         "id" : "dep13",
         "a1" : "r1_c2"
      },
      {
         "a2" : "download_17",
         "time" : 29.5159999514,
         "id" : "dep14",
         "a1" : "r1_c2"
      },
      {
         "a2" : "download_17",
         "time" : 29.5159999514,
         "id" : "dep15",
         "a1" : "r1_c2"
      },
      {
         "a2" : "download_16",
         "time" : -1,
         "id" : "dep16",
         "a1" : "r1_c1"
      },
      {
         "a2" : "download_15",
         "time" : 67.0319999335333,
         "id" : "dep17",
         "a1" : "r1_c1"
      },
      {
         "a2" : "download_14",
         "time" : 61.8169999215753,
         "id" : "dep18",
         "a1" : "r1_c1"
      },
      {
         "a2" : "download_13",
         "time" : 55.0979999825363,
         "id" : "dep19",
         "a1" : "r1_c1"
      },
      {
         "a2" : "download_12",
         "time" : 5.1959999836981,
         "id" : "dep20",
         "a1" : "r1_c1"
      },
      {
         "a2" : "download_11",
         "time" : 7.7549999114126,
         "id" : "dep21",
         "a1" : "r1_c1"
      },
      {
         "a2" : "download_10",
         "time" : 6.4549999078735,
         "id" : "dep22",
         "a1" : "r1_c1"
      },
      {
         "a2" : "download_9",
         "time" : 6.9049999583512,
         "id" : "dep23",
         "a1" : "r1_c1"
      },
      {
         "a2" : "download_8",
         "time" : 4.759999923408,
         "id" : "dep24",
         "a1" : "r1_c1"
      },
      {
         "a2" : "download_7",
         "time" : 4.3069999665022,
         "id" : "dep25",
         "a1" : "r1_c1"
      },
      {
         "a2" : "download_6",
         "time" : 3.762999898754,
         "id" : "dep26",
         "a1" : "r1_c1"
      },
      {
         "a2" : "download_5",
         "time" : 3.285999991931,
         "id" : "dep27",
         "a1" : "r1_c1"
      },
      {
         "a2" : "download_4",
         "time" : 2.87799991201609,
         "id" : "dep28",
         "a1" : "r1_c1"
      },
      {
         "a2" : "download_3",
         "time" : 2.3849999997765,
         "id" : "dep29",
         "a1" : "r1_c1"
      },
      {
         "a2" : "download_2",
         "time" : 1.8820000113919,
         "id" : "dep30",
         "a1" : "r1_c1"
      },
      {
         "a2" : "download_1",
         "time" : 1.3899999903515,
         "id" : "dep31",
         "a1" : "r1_c1"
      }
   ]
}
